# Blender v3.2.1 OBJ File: 'Loft lift.blend'
# www.blender.org
mtllib Loft lift.mtl
o Lift_Carier_Cube.001
v -1.706248 6.284199 0.027993
v -1.821611 6.249535 0.121276
v -1.744346 6.281560 0.055955
v -1.779648 6.274046 0.083502
v -1.806780 6.262801 0.106440
v -1.706248 6.284199 -0.027993
v -1.821611 6.249535 -0.121276
v -1.744346 6.281560 -0.055955
v -1.779648 6.274046 -0.083502
v -1.806780 6.262801 -0.106440
v -1.208686 6.284199 0.027993
v -1.093323 6.249535 0.121276
v -1.170588 6.281560 0.055955
v -1.135286 6.274046 0.083502
v -1.108154 6.262801 0.106440
v -1.208686 6.284199 -0.027993
v -1.093323 6.249535 -0.121276
v -1.170588 6.281560 -0.055955
v -1.135286 6.274046 -0.083502
v -1.108154 6.262801 -0.106440
v -1.457467 6.284199 -0.027993
v -1.457467 6.281560 -0.055955
v -1.457467 6.274046 -0.083502
v -1.457467 6.262801 -0.106440
v -1.457467 6.249535 -0.121276
v -1.457467 6.284199 0.027993
v -1.457467 6.281560 0.055955
v -1.457467 6.274046 0.083502
v -1.457467 6.262801 0.106440
v -1.457467 6.249535 0.121276
v -1.510314 6.402718 0.005946
v -1.510314 6.402718 -0.005946
v -1.457467 6.402718 -0.005946
v -1.404620 6.402718 -0.005946
v -1.404620 6.402718 0.005946
v -1.457467 6.402718 0.005946
v -1.510314 6.529550 0.005946
v -1.510314 6.529550 -0.005946
v -1.457467 6.529550 -0.005946
v -1.404620 6.529550 -0.005946
v -1.404620 6.529550 0.005946
v -1.457467 6.529550 0.005946
v -0.882597 5.879375 0.268409
v -2.032337 5.879375 0.268409
v -2.032337 5.879375 -0.268409
v -0.882597 5.879375 -0.268409
v -1.457467 5.946327 0.268409
v -1.457467 5.946327 -0.268409
v -2.013712 5.829083 0.239620
v -2.037001 5.871184 0.271665
v -2.035479 5.832352 0.262710
v -2.044003 5.847762 0.274440
v -2.037001 5.871184 -0.271665
v -2.013712 5.829083 -0.239620
v -2.044003 5.847762 -0.274440
v -2.035479 5.832352 -0.262710
v -0.877933 5.871184 0.271665
v -0.901222 5.829083 0.239620
v -0.870930 5.847762 0.274440
v -0.879455 5.832352 0.262710
v -0.901222 5.829083 -0.239620
v -0.877933 5.871184 -0.271665
v -0.879455 5.832352 -0.262710
v -0.870930 5.847762 -0.274440
v -1.457467 5.944011 -0.269533
v -1.457467 5.921917 -0.273374
v -1.457467 5.905744 -0.262425
v -1.457467 5.944011 0.269533
v -1.457467 5.921917 0.273374
v -1.457467 5.905744 0.262425
v -1.289635 5.878479 -0.239620
v -1.625299 5.878479 -0.239620
v -1.457467 5.905738 -0.262404
v -1.338792 5.883276 -0.239620
v -1.396036 5.886292 -0.239620
v -1.457467 5.887321 -0.239620
v -1.518898 5.886292 -0.239620
v -1.576142 5.883276 -0.239620
v -1.625299 5.878479 0.239620
v -1.289635 5.878479 0.239620
v -1.457467 5.905738 0.262404
v -1.576142 5.883276 0.239620
v -1.518898 5.886292 0.239620
v -1.457467 5.887321 0.239620
v -1.396036 5.886292 0.239620
v -1.338792 5.883276 0.239620
vt 0.840292 0.588567
vt 0.840292 0.661433
vt 0.840292 0.661433
vt 0.840292 0.588567
vt 0.405748 0.500000
vt 0.606226 0.500000
vt 0.606226 0.750000
vt 0.405747 0.750000
vt 0.405748 0.000000
vt 0.606226 0.000000
vt 0.606226 0.250000
vt 0.405747 0.250000
vt 0.401311 0.750000
vt 0.405748 0.875000
vt 0.404216 0.875000
vt 0.405748 0.375000
vt 0.606226 0.375000
vt 0.854119 0.552174
vt 0.854119 0.697826
vt 0.875000 0.516321
vt 0.875000 0.733679
vt 0.625000 0.016321
vt 0.625000 0.233679
vt 0.613720 0.246002
vt 0.613720 0.003998
vt 0.750000 0.588567
vt 0.659708 0.588567
vt 0.645880 0.552174
vt 0.750000 0.552174
vt 0.633068 0.500000
vt 0.750000 0.500000
vt 0.625000 0.375000
vt 0.625000 0.491932
vt 0.613917 0.497933
vt 0.613917 0.375000
vt 0.659708 0.661433
vt 0.645880 0.697826
vt 0.625000 0.733679
vt 0.625000 0.516321
vt 0.613720 0.746002
vt 0.613720 0.503998
vt 0.750000 0.661433
vt 0.750000 0.697826
vt 0.866932 0.750000
vt 0.750000 0.750000
vt 0.625000 0.875000
vt 0.625000 0.991932
vt 0.613917 0.997933
vt 0.613917 0.875000
vt 0.606226 1.000000
vt 0.606226 0.875000
vt 0.405748 1.000000
vt 0.613917 0.752067
vt 0.625000 0.758068
vt 0.633068 0.750000
vt 0.613917 0.252067
vt 0.625000 0.258068
vt 0.866932 0.500000
vt 0.401311 0.250000
vt 0.404216 0.375000
vt 0.659708 0.661433
vt 0.750000 0.661433
vt 0.750000 0.661433
vt 0.840292 0.661433
vt 0.659708 0.661433
vt 0.750000 0.588567
vt 0.659708 0.588567
vt 0.750000 0.588567
vt 0.840292 0.588567
vt 0.659708 0.588567
vt 0.401311 0.500000
vt 0.135488 0.727938
vt 0.215449 0.727938
vt 0.250152 0.737726
vt 0.250153 0.737735
vt 0.131162 0.737858
vt 0.401311 1.000000
vt 0.135488 0.522062
vt 0.215449 0.522062
vt 0.125000 0.737858
vt 0.125000 0.512142
vt 0.375000 0.237858
vt 0.375000 0.012142
vt 0.390100 0.002409
vt 0.390100 0.247591
vt 0.401311 0.000000
vt 0.284551 0.522062
vt 0.364512 0.522062
vt 0.364512 0.727938
vt 0.284551 0.727938
vt 0.250153 0.512265
vt 0.131162 0.512142
vt 0.129832 0.500000
vt 0.250000 0.500000
vt 0.375000 0.375000
vt 0.375000 0.254832
vt 0.368838 0.512142
vt 0.368838 0.737858
vt 0.390100 0.502409
vt 0.390100 0.747591
vt 0.249848 0.737735
vt 0.370168 0.750000
vt 0.250000 0.750000
vt 0.375000 0.875000
vt 0.375000 0.754832
vt 0.250152 0.512274
vt 0.249848 0.512265
vt 0.370168 0.500000
vt 0.375000 0.495168
vt 0.249848 0.737726
vt 0.129832 0.750000
vt 0.375000 0.995168
vt 0.274469 0.522062
vt 0.262794 0.522062
vt 0.250322 0.522062
vt 0.237903 0.522062
vt 0.226384 0.522062
vt 0.216549 0.522062
vt 0.225531 0.727938
vt 0.237206 0.727938
vt 0.249678 0.727938
vt 0.262097 0.727938
vt 0.273616 0.727938
vt 0.283451 0.727938
vt 0.274469 0.727938
vt 0.262794 0.727938
vt 0.250000 0.727938
vt 0.250000 0.522062
vt 0.237206 0.522062
vt 0.225531 0.522062
vt 0.249848 0.512274
vn -0.5176 0.8556 0.0000
vn 0.8690 0.4947 0.0000
vn -0.8690 0.4947 0.0000
vn 0.0470 0.4020 0.9144
vn 0.0291 0.4079 -0.9126
vn -0.0691 0.9976 0.0000
vn -0.2082 0.9781 0.0000
vn -0.3829 0.9238 0.0000
vn -0.6667 0.7453 0.0000
vn 0.0000 0.9956 -0.0939
vn 0.0000 0.9647 -0.2632
vn 0.0000 0.8979 -0.4402
vn 0.0000 0.7455 -0.6665
vn 0.0691 0.9976 0.0000
vn 0.2082 0.9781 0.0000
vn 0.3829 0.9238 0.0000
vn 0.6667 0.7453 0.0000
vn 0.0000 0.9956 0.0939
vn 0.0000 0.9648 0.2632
vn 0.0000 0.8979 0.4402
vn 0.0000 0.7455 0.6665
vn -0.0291 0.4079 0.9126
vn 0.0291 0.4079 0.9126
vn 0.0000 0.9647 0.2632
vn 0.0000 0.9648 -0.2632
vn -0.0291 0.4079 -0.9126
vn -0.0470 0.4020 -0.9144
vn 0.0000 0.1829 0.9831
vn 0.0000 0.0000 1.0000
vn 0.0000 0.1829 -0.9831
vn 0.5176 0.8556 0.0000
vn 0.0000 1.0000 0.0000
vn 0.0000 0.0000 -1.0000
vn 1.0000 0.0000 0.0000
vn -1.0000 0.0000 0.0000
vn 0.0470 0.4020 -0.9144
vn 0.1221 -0.9604 0.2504
vn -0.0470 0.4020 0.9144
vn 0.1262 -0.9920 0.0000
vn -0.1485 -0.9889 0.0000
vn -0.8750 -0.4840 0.0000
vn -0.9581 0.2865 0.0000
vn -0.1262 -0.9920 0.0000
vn 0.0730 -0.5686 -0.8193
vn -0.0157 0.1462 -0.9891
vn 0.1485 -0.9889 0.0000
vn 0.8750 -0.4841 0.0000
vn 0.9581 0.2864 0.0000
vn -0.0730 -0.5686 0.8193
vn 0.0157 0.1462 0.9891
vn 0.1221 -0.9604 -0.2504
vn -0.0730 -0.5686 -0.8193
vn 0.0157 0.1462 -0.9891
vn -0.1221 -0.9604 0.2504
vn 0.0730 -0.5686 0.8193
vn -0.0157 0.1462 0.9891
vn -0.0877 -0.8989 -0.4293
vn -0.0429 -0.8141 -0.5792
vn -0.0130 -0.7776 -0.6286
vn 0.0130 -0.7776 -0.6286
vn 0.0429 -0.8141 -0.5792
vn 0.0877 -0.8989 -0.4293
vn 0.0877 -0.8989 0.4293
vn 0.0429 -0.8141 0.5792
vn 0.0130 -0.7776 0.6286
vn -0.0130 -0.7776 0.6286
vn -0.0429 -0.8141 0.5792
vn -0.0877 -0.8989 0.4293
vn -0.0971 -0.9953 0.0000
vn -0.0526 -0.9986 0.0000
vn -0.0167 -0.9999 0.0000
vn 0.0167 -0.9999 0.0000
vn 0.0526 -0.9986 0.0000
vn 0.0971 -0.9953 0.0000
vn -0.1221 -0.9604 -0.2504
usemtl Lift_carier_Material
s off
f 6/1/1 1/2/1 31/3/1 32/4/1
f 46/5/2 17/6/2 12/7/2 43/8/2
f 44/9/3 2/10/3 7/11/3 45/12/3
f 57/13/4 43/8/4 47/14/4 68/15/4
f 48/16/5 25/17/5 17/6/5 46/5/5
f 1/2/6 6/1/6 8/18/6 3/19/6
f 3/19/7 8/18/7 9/20/7 4/21/7
f 4/22/8 9/23/8 10/24/8 5/25/8
f 5/25/9 10/24/9 7/11/9 2/10/9
f 21/26/10 16/27/10 18/28/10 22/29/10
f 22/29/11 18/28/11 19/30/11 23/31/11
f 23/32/12 19/33/12 20/34/12 24/35/12
f 24/35/13 20/34/13 17/6/13 25/17/13
f 16/27/14 11/36/14 13/37/14 18/28/14
f 18/28/15 13/37/15 14/38/15 19/39/15
f 19/39/16 14/38/16 15/40/16 20/41/16
f 20/41/17 15/40/17 12/7/17 17/6/17
f 26/42/18 1/2/18 3/19/18 27/43/18
f 27/43/19 3/19/19 4/44/19 28/45/19
f 28/46/20 4/47/20 5/48/20 29/49/20
f 29/49/21 5/48/21 2/50/21 30/51/21
f 47/14/22 30/51/22 2/50/22 44/52/22
f 43/8/23 12/7/23 30/51/23 47/14/23
f 15/53/21 29/49/21 30/51/21 12/7/21
f 14/54/20 28/46/20 29/49/20 15/53/20
f 13/37/24 27/43/24 28/45/24 14/55/24
f 11/36/18 26/42/18 27/43/18 13/37/18
f 10/56/13 24/35/13 25/17/13 7/11/13
f 9/57/12 23/32/12 24/35/12 10/56/12
f 8/18/25 22/29/25 23/31/25 9/58/25
f 6/1/10 21/26/10 22/29/10 8/18/10
f 45/12/26 7/11/26 25/17/26 48/16/26
f 53/59/27 45/12/27 48/16/27 65/60/27
f 26/42/28 11/36/28 35/61/28 36/62/28
f 31/3/29 36/62/29 42/63/29 37/64/29
f 36/62/29 35/61/29 41/65/29 42/63/29
f 16/27/30 21/26/30 33/66/30 34/67/30
f 11/36/31 16/27/31 34/67/31 35/61/31
f 21/26/30 6/1/30 32/4/30 33/66/30
f 1/2/28 26/42/28 36/62/28 31/3/28
f 39/68/32 38/69/32 37/64/32 42/63/32
f 40/70/32 39/68/32 42/63/32 41/65/32
f 34/67/33 33/66/33 39/68/33 40/70/33
f 33/66/33 32/4/33 38/69/33 39/68/33
f 35/61/34 34/67/34 40/70/34 41/65/34
f 32/4/35 31/3/35 37/64/35 38/69/35
f 62/71/2 46/5/2 43/8/2 57/13/2
f 65/60/36 48/16/36 46/5/36 62/71/36
f 49/72/37 79/73/37 81/74/37 70/75/37 51/76/37
f 68/15/38 47/14/38 44/52/38 50/77/38
f 54/78/39 72/79/39 79/73/39 49/72/39
f 54/78/40 49/72/40 51/80/40 56/81/40
f 56/82/41 51/83/41 52/84/41 55/85/41
f 55/85/42 52/84/42 50/86/42 53/59/42
f 71/87/43 61/88/43 58/89/43 80/90/43
f 67/91/44 56/92/44 55/93/44 66/94/44
f 66/95/45 55/96/45 53/59/45 65/60/45
f 58/89/46 61/88/46 63/97/46 60/98/46
f 60/98/47 63/97/47 64/99/47 59/100/47
f 59/100/48 64/99/48 62/71/48 57/13/48
f 70/101/49 60/98/49 59/102/49 69/103/49
f 69/104/50 59/105/50 57/13/50 68/15/50
f 73/106/51 72/79/51 54/78/51 56/92/51 67/91/51
f 63/97/52 67/107/52 66/94/52 64/108/52
f 64/109/53 66/95/53 65/60/53 62/71/53
f 81/110/54 80/90/54 58/89/54 60/98/54 70/101/54
f 51/76/55 70/75/55 69/103/55 52/111/55
f 52/112/56 69/104/56 68/15/56 50/77/56
f 50/86/3 44/9/3 45/12/3 53/59/3
f 71/87/57 74/113/57 73/106/57
f 74/113/58 75/114/58 73/106/58
f 75/114/59 76/115/59 73/106/59
f 76/115/60 77/116/60 73/106/60
f 77/116/61 78/117/61 73/106/61
f 78/117/62 72/118/62 73/106/62
f 79/73/63 82/119/63 81/110/63
f 82/119/64 83/120/64 81/110/64
f 83/120/65 84/121/65 81/110/65
f 84/121/66 85/122/66 81/110/66
f 85/122/67 86/123/67 81/110/67
f 86/123/68 80/124/68 81/110/68
f 71/87/69 80/90/69 86/125/69 74/113/69
f 74/113/70 86/125/70 85/126/70 75/114/70
f 75/114/71 85/126/71 84/127/71 76/128/71
f 76/128/72 84/127/72 83/120/72 77/129/72
f 77/129/73 83/120/73 82/119/73 78/130/73
f 78/130/74 82/119/74 79/73/74 72/79/74
f 61/88/75 71/87/75 73/131/75 67/107/75 63/97/75
o Lift_frame_Cube.002
v -3.588809 6.496898 0.149772
v -3.588809 6.796442 0.149772
v -3.588809 6.496898 -0.149772
v -3.588809 6.796442 -0.149772
v -3.462159 6.555341 -0.091329
v -3.462159 6.737999 -0.091329
v -3.462159 6.555341 0.091329
v -3.462159 6.737999 0.091329
v -3.588809 6.796442 -1.325829
v -3.588809 6.496898 -1.325829
v -3.462159 6.496898 -1.325829
v -3.462159 6.796442 -1.325829
v -3.588809 6.496898 3.795985
v -3.588809 6.796442 3.795985
v -3.462159 6.796442 3.795985
v -3.462159 6.496898 3.795985
v -3.462159 6.796442 -0.149772
v -3.462159 6.796442 0.149772
v -3.462159 6.496898 -0.149772
v -3.462159 6.496898 0.149772
v 0.008744 6.555341 -0.091329
v 0.008744 6.737999 -0.091329
v 0.008744 6.555341 0.091329
v 0.008744 6.737999 0.091329
v 3.588809 6.496898 0.149772
v 3.588809 6.796442 0.149772
v 3.588809 6.496898 -0.149772
v 3.588809 6.796442 -0.149772
v 3.462159 6.555341 -0.091329
v 3.462159 6.737999 -0.091329
v 3.462159 6.555341 0.091329
v 3.462159 6.737999 0.091329
v 3.588809 6.796442 -1.325829
v 3.588809 6.496898 -1.325829
v 3.462159 6.496898 -1.325829
v 3.462159 6.796442 -1.325829
v 3.588809 6.496898 3.795985
v 3.588809 6.796442 3.795985
v 3.462159 6.796442 3.795985
v 3.462159 6.496898 3.795985
v 3.462159 6.796442 -0.149772
v 3.462159 6.796442 0.149772
v 3.462159 6.496898 -0.149772
v 3.462159 6.496898 0.149772
v -0.008744 6.555341 -0.091329
v -0.008744 6.737999 -0.091329
v -0.008744 6.555341 0.091329
v -0.008744 6.737999 0.091329
vt 0.375000 0.000000
vt 0.625000 0.000000
vt 0.625000 0.250000
vt 0.375000 0.250000
vt 0.564617 0.853109
vt 0.390500 0.874779
vt 0.390500 0.874779
vt 0.564617 0.853109
vt 0.855046 0.750000
vt 0.863826 0.750000
vt 0.863826 0.750000
vt 0.855046 0.750000
vt 0.855046 0.500000
vt 0.863826 0.500000
vt 0.136174 0.500000
vt 0.144954 0.500000
vt 0.144954 0.750000
vt 0.136174 0.750000
vt 0.136174 0.500000
vt 0.144954 0.500000
vt 0.375000 0.261174
vt 0.625000 0.261174
vt 0.625000 0.269954
vt 0.375000 0.269954
vt 0.855046 0.500000
vt 0.863826 0.500000
vt 0.625000 0.269954
vt 0.375000 0.269954
vt 0.375000 0.980046
vt 0.625000 0.980046
vt 0.625000 0.988826
vt 0.375000 0.988826
vt 0.375000 0.980046
vt 0.625000 0.980046
vt 0.144954 0.750000
vt 0.136174 0.750000
vt 0.375000 0.000000
vt 0.625000 0.000000
vt 0.542946 0.441775
vt 0.271891 0.560383
vt 0.271891 0.560383
vt 0.542946 0.441775
vt 0.375000 0.000000
vt 0.375000 0.250000
vt 0.625000 0.250000
vt 0.625000 0.000000
vt 0.564617 0.853109
vt 0.564617 0.853109
vt 0.390500 0.874779
vt 0.390500 0.874779
vt 0.855046 0.750000
vt 0.855046 0.750000
vt 0.863826 0.750000
vt 0.863826 0.750000
vt 0.855046 0.500000
vt 0.863826 0.500000
vt 0.136174 0.500000
vt 0.136174 0.750000
vt 0.144954 0.750000
vt 0.144954 0.500000
vt 0.144954 0.500000
vt 0.136174 0.500000
vt 0.375000 0.261174
vt 0.375000 0.269954
vt 0.625000 0.269954
vt 0.625000 0.261174
vt 0.863826 0.500000
vt 0.855046 0.500000
vt 0.625000 0.269954
vt 0.375000 0.269954
vt 0.375000 0.980046
vt 0.375000 0.988826
vt 0.625000 0.988826
vt 0.625000 0.980046
vt 0.375000 0.980046
vt 0.625000 0.980046
vt 0.136174 0.750000
vt 0.144954 0.750000
vt 0.625000 0.000000
vt 0.375000 0.000000
vt 0.542946 0.441775
vt 0.271891 0.560383
vt 0.542946 0.441775
vt 0.271891 0.560383
vn -1.0000 0.0000 0.0000
vn 0.0000 0.0000 1.0000
vn 0.0000 1.0000 0.0000
vn 0.0000 -1.0000 0.0000
vn 0.0000 0.0000 -1.0000
vn 1.0000 0.0000 0.0000
usemtl Lift_Frame_Material
s off
f 87/132/76 88/133/76 90/134/76 89/135/76
f 94/136/77 93/137/77 109/138/77 110/139/77
f 104/140/78 88/141/78 100/142/78 101/143/78
f 103/144/78 90/145/78 88/141/78 104/140/78
f 89/146/79 105/147/79 106/148/79 87/149/79
f 105/147/79 89/146/79 96/150/79 97/151/79
f 96/152/80 95/153/80 98/154/80 97/155/80
f 90/145/78 103/144/78 98/156/78 95/157/78
f 89/135/76 90/134/76 95/153/76 96/152/76
f 103/158/81 105/159/81 97/155/81 98/154/81
f 102/160/77 101/161/77 100/162/77 99/163/77
f 106/164/81 104/165/81 101/161/81 102/160/81
f 87/149/79 106/148/79 102/166/79 99/167/79
f 88/133/76 87/132/76 99/168/76 100/169/76
f 94/136/81 92/170/81 103/158/81 104/165/81
f 91/171/81 93/137/81 106/164/81 105/147/81
f 93/137/81 94/136/81 104/165/81 106/164/81
f 92/170/81 91/171/81 105/147/81 103/158/81
f 110/139/81 109/138/81 107/172/81 108/173/81
f 92/170/78 94/136/78 110/139/78 108/173/78
f 91/171/80 92/170/80 108/173/80 107/172/80
f 93/137/79 91/171/79 107/172/79 109/138/79
f 111/174/81 113/175/81 114/176/81 112/177/81
f 118/178/77 134/179/77 133/180/77 117/181/77
f 128/182/78 125/183/78 124/184/78 112/185/78
f 127/186/78 128/182/78 112/185/78 114/187/78
f 113/188/79 111/189/79 130/190/79 129/191/79
f 129/191/79 121/192/79 120/193/79 113/188/79
f 120/194/80 121/195/80 122/196/80 119/197/80
f 114/187/78 119/198/78 122/199/78 127/186/78
f 113/175/81 120/194/81 119/197/81 114/176/81
f 127/200/76 122/196/76 121/195/76 129/201/76
f 126/202/77 123/203/77 124/204/77 125/205/77
f 130/206/76 126/202/76 125/205/76 128/207/76
f 111/189/79 123/208/79 126/209/79 130/190/79
f 112/177/81 124/210/81 123/211/81 111/174/81
f 118/178/76 128/207/76 127/200/76 116/212/76
f 115/213/76 129/191/76 130/206/76 117/181/76
f 117/181/76 130/206/76 128/207/76 118/178/76
f 116/212/76 127/200/76 129/191/76 115/213/76
f 134/179/76 132/214/76 131/215/76 133/180/76
f 116/212/78 132/214/78 134/179/78 118/178/78
f 115/213/80 131/215/80 132/214/80 116/212/80
f 117/181/79 133/180/79 131/215/79 115/213/79
o Lift_rope_Cylinder
v -1.456732 3.315877 -0.024982
v -1.456732 5.880609 -0.024982
v -1.458533 3.315877 -0.024502
v -1.458533 5.880609 -0.024502
v -1.460267 3.315877 -0.023081
v -1.460267 5.880609 -0.023081
v -1.461865 3.315877 -0.020772
v -1.461865 5.880609 -0.020772
v -1.463265 3.315877 -0.017665
v -1.463265 5.880609 -0.017665
v -1.464414 3.315877 -0.013879
v -1.464414 5.880609 -0.013879
v -1.465268 3.315877 -0.009560
v -1.465268 5.880609 -0.009560
v -1.465794 3.315877 -0.004874
v -1.465794 5.880609 -0.004874
v -1.465972 3.315877 0.000000
v -1.465972 5.880609 0.000000
v -1.465794 3.315877 0.004874
v -1.465794 5.880609 0.004874
v -1.465268 3.315877 0.009560
v -1.465268 5.880609 0.009560
v -1.464414 3.315877 0.013879
v -1.464414 5.880609 0.013879
v -1.463265 3.315877 0.017665
v -1.463265 5.880609 0.017665
v -1.461865 3.315877 0.020772
v -1.461865 5.880609 0.020772
v -1.460267 3.315877 0.023081
v -1.460267 5.880609 0.023081
v -1.458533 3.315877 0.024502
v -1.458533 5.880609 0.024502
v -1.456732 3.315877 0.024982
v -1.456732 5.880609 0.024982
v -1.456732 3.390863 -0.024982
v -1.456732 3.465848 -0.024982
v -1.456732 3.540834 -0.024982
v -1.456732 3.615820 -0.024982
v -1.456732 3.690805 -0.024982
v -1.456732 3.765791 -0.024982
v -1.456732 3.840776 -0.024982
v -1.456732 3.915762 -0.024982
v -1.456732 3.990748 -0.024982
v -1.456732 4.065733 -0.024982
v -1.456732 4.140719 -0.024982
v -1.456732 4.215704 -0.024982
v -1.456732 4.290690 -0.024982
v -1.456732 4.365676 -0.024982
v -1.456732 4.440661 -0.024982
v -1.456732 4.515647 -0.024982
v -1.456732 4.590633 -0.024982
v -1.456732 4.665618 -0.024982
v -1.456732 4.740604 -0.024982
v -1.456732 4.815589 -0.024982
v -1.456732 4.890575 -0.024982
v -1.456732 4.965561 -0.024982
v -1.456732 5.040546 -0.024982
v -1.456732 5.115532 -0.024982
v -1.456732 5.190517 -0.024982
v -1.456732 5.265503 -0.024982
v -1.456732 5.340489 -0.024982
v -1.456732 5.415474 -0.024982
v -1.456732 5.490460 -0.024982
v -1.456732 5.565446 -0.024982
v -1.456732 5.640431 -0.024982
v -1.456732 5.715417 -0.024982
v -1.456732 5.790402 -0.024982
v -1.458533 5.790402 -0.024502
v -1.458533 5.715417 -0.024502
v -1.458533 5.640431 -0.024502
v -1.458533 5.565446 -0.024502
v -1.458533 5.490460 -0.024502
v -1.458533 5.415474 -0.024502
v -1.458533 5.340489 -0.024502
v -1.458533 5.265503 -0.024502
v -1.458533 5.190518 -0.024502
v -1.458533 5.115532 -0.024502
v -1.458533 5.040546 -0.024502
v -1.458533 4.965561 -0.024502
v -1.458533 4.890575 -0.024502
v -1.458533 4.815589 -0.024502
v -1.458533 4.740604 -0.024502
v -1.458533 4.665618 -0.024502
v -1.458533 4.590633 -0.024502
v -1.458533 4.515647 -0.024502
v -1.458533 4.440661 -0.024502
v -1.458533 4.365676 -0.024502
v -1.458533 4.290690 -0.024502
v -1.458533 4.215705 -0.024502
v -1.458533 4.140719 -0.024502
v -1.458533 4.065733 -0.024502
v -1.458533 3.990748 -0.024502
v -1.458533 3.915762 -0.024502
v -1.458533 3.840777 -0.024502
v -1.458533 3.765791 -0.024502
v -1.458533 3.690805 -0.024502
v -1.458533 3.615820 -0.024502
v -1.458533 3.540834 -0.024502
v -1.458533 3.465848 -0.024502
v -1.458533 3.390863 -0.024502
v -1.460267 5.790402 -0.023081
v -1.460267 5.715417 -0.023081
v -1.460267 5.640431 -0.023081
v -1.460267 5.565446 -0.023081
v -1.460267 5.490460 -0.023081
v -1.460267 5.415474 -0.023081
v -1.460267 5.340489 -0.023081
v -1.460267 5.265503 -0.023081
v -1.460267 5.190518 -0.023081
v -1.460267 5.115532 -0.023081
v -1.460267 5.040546 -0.023081
v -1.460267 4.965561 -0.023081
v -1.460267 4.890575 -0.023081
v -1.460267 4.815589 -0.023081
v -1.460267 4.740604 -0.023081
v -1.460267 4.665618 -0.023081
v -1.460267 4.590633 -0.023081
v -1.460267 4.515647 -0.023081
v -1.460267 4.440661 -0.023081
v -1.460267 4.365676 -0.023081
v -1.460267 4.290690 -0.023081
v -1.460267 4.215705 -0.023081
v -1.460267 4.140719 -0.023081
v -1.460267 4.065733 -0.023081
v -1.460267 3.990748 -0.023081
v -1.460267 3.915762 -0.023081
v -1.460267 3.840777 -0.023081
v -1.460267 3.765791 -0.023081
v -1.460267 3.690805 -0.023081
v -1.460267 3.615820 -0.023081
v -1.460267 3.540834 -0.023081
v -1.460267 3.465848 -0.023081
v -1.460267 3.390863 -0.023081
v -1.461865 5.790402 -0.020772
v -1.461865 5.715417 -0.020772
v -1.461865 5.640431 -0.020772
v -1.461865 5.565446 -0.020772
v -1.461865 5.490460 -0.020772
v -1.461865 5.415474 -0.020772
v -1.461865 5.340489 -0.020772
v -1.461865 5.265503 -0.020772
v -1.461865 5.190518 -0.020772
v -1.461865 5.115532 -0.020772
v -1.461865 5.040546 -0.020772
v -1.461865 4.965561 -0.020772
v -1.461865 4.890575 -0.020772
v -1.461865 4.815589 -0.020772
v -1.461865 4.740604 -0.020772
v -1.461865 4.665618 -0.020772
v -1.461865 4.590633 -0.020772
v -1.461865 4.515647 -0.020772
v -1.461865 4.440661 -0.020772
v -1.461865 4.365676 -0.020772
v -1.461865 4.290690 -0.020772
v -1.461865 4.215705 -0.020772
v -1.461865 4.140719 -0.020772
v -1.461865 4.065733 -0.020772
v -1.461865 3.990748 -0.020772
v -1.461865 3.915762 -0.020772
v -1.461865 3.840777 -0.020772
v -1.461865 3.765791 -0.020772
v -1.461865 3.690805 -0.020772
v -1.461865 3.615820 -0.020772
v -1.461865 3.540834 -0.020772
v -1.461865 3.465848 -0.020772
v -1.461865 3.390863 -0.020772
v -1.463265 5.790402 -0.017665
v -1.463265 5.715417 -0.017665
v -1.463265 5.640431 -0.017665
v -1.463265 5.565446 -0.017665
v -1.463265 5.490460 -0.017665
v -1.463265 5.415474 -0.017665
v -1.463265 5.340489 -0.017665
v -1.463265 5.265503 -0.017665
v -1.463265 5.190518 -0.017665
v -1.463265 5.115532 -0.017665
v -1.463265 5.040546 -0.017665
v -1.463265 4.965561 -0.017665
v -1.463265 4.890575 -0.017665
v -1.463265 4.815589 -0.017665
v -1.463265 4.740604 -0.017665
v -1.463265 4.665618 -0.017665
v -1.463265 4.590633 -0.017665
v -1.463265 4.515647 -0.017665
v -1.463265 4.440661 -0.017665
v -1.463265 4.365676 -0.017665
v -1.463265 4.290690 -0.017665
v -1.463265 4.215705 -0.017665
v -1.463265 4.140719 -0.017665
v -1.463265 4.065733 -0.017665
v -1.463265 3.990748 -0.017665
v -1.463265 3.915762 -0.017665
v -1.463265 3.840777 -0.017665
v -1.463265 3.765791 -0.017665
v -1.463265 3.690805 -0.017665
v -1.463265 3.615820 -0.017665
v -1.463265 3.540834 -0.017665
v -1.463265 3.465848 -0.017665
v -1.463265 3.390863 -0.017665
v -1.464414 5.790402 -0.013879
v -1.464414 5.715417 -0.013879
v -1.464414 5.640431 -0.013879
v -1.464414 5.565446 -0.013879
v -1.464414 5.490460 -0.013879
v -1.464414 5.415474 -0.013879
v -1.464414 5.340489 -0.013879
v -1.464414 5.265503 -0.013879
v -1.464414 5.190518 -0.013879
v -1.464414 5.115532 -0.013879
v -1.464414 5.040546 -0.013879
v -1.464414 4.965561 -0.013879
v -1.464414 4.890575 -0.013879
v -1.464414 4.815589 -0.013879
v -1.464414 4.740604 -0.013879
v -1.464414 4.665618 -0.013879
v -1.464414 4.590633 -0.013879
v -1.464414 4.515647 -0.013879
v -1.464414 4.440661 -0.013879
v -1.464414 4.365676 -0.013879
v -1.464414 4.290690 -0.013879
v -1.464414 4.215705 -0.013879
v -1.464414 4.140719 -0.013879
v -1.464414 4.065733 -0.013879
v -1.464414 3.990748 -0.013879
v -1.464414 3.915762 -0.013879
v -1.464414 3.840777 -0.013879
v -1.464414 3.765791 -0.013879
v -1.464414 3.690805 -0.013879
v -1.464414 3.615820 -0.013879
v -1.464414 3.540834 -0.013879
v -1.464414 3.465848 -0.013879
v -1.464414 3.390863 -0.013879
v -1.465268 5.790402 -0.009560
v -1.465268 5.715417 -0.009560
v -1.465268 5.640431 -0.009560
v -1.465268 5.565446 -0.009560
v -1.465268 5.490460 -0.009560
v -1.465268 5.415474 -0.009560
v -1.465268 5.340489 -0.009560
v -1.465268 5.265503 -0.009560
v -1.465268 5.190518 -0.009560
v -1.465268 5.115532 -0.009560
v -1.465268 5.040546 -0.009560
v -1.465268 4.965561 -0.009560
v -1.465268 4.890575 -0.009560
v -1.465268 4.815589 -0.009560
v -1.465268 4.740604 -0.009560
v -1.465268 4.665618 -0.009560
v -1.465268 4.590633 -0.009560
v -1.465268 4.515647 -0.009560
v -1.465268 4.440661 -0.009560
v -1.465268 4.365676 -0.009560
v -1.465268 4.290690 -0.009560
v -1.465268 4.215705 -0.009560
v -1.465268 4.140719 -0.009560
v -1.465268 4.065733 -0.009560
v -1.465268 3.990748 -0.009560
v -1.465268 3.915762 -0.009560
v -1.465268 3.840777 -0.009560
v -1.465268 3.765791 -0.009560
v -1.465268 3.690805 -0.009560
v -1.465268 3.615820 -0.009560
v -1.465268 3.540834 -0.009560
v -1.465268 3.465848 -0.009560
v -1.465268 3.390863 -0.009560
v -1.465794 5.790402 -0.004874
v -1.465794 5.715417 -0.004874
v -1.465794 5.640431 -0.004874
v -1.465794 5.565446 -0.004874
v -1.465794 5.490460 -0.004874
v -1.465794 5.415474 -0.004874
v -1.465794 5.340489 -0.004874
v -1.465794 5.265503 -0.004874
v -1.465794 5.190518 -0.004874
v -1.465794 5.115532 -0.004874
v -1.465794 5.040546 -0.004874
v -1.465794 4.965561 -0.004874
v -1.465794 4.890575 -0.004874
v -1.465794 4.815589 -0.004874
v -1.465794 4.740604 -0.004874
v -1.465794 4.665618 -0.004874
v -1.465794 4.590633 -0.004874
v -1.465794 4.515647 -0.004874
v -1.465794 4.440661 -0.004874
v -1.465794 4.365676 -0.004874
v -1.465794 4.290690 -0.004874
v -1.465794 4.215705 -0.004874
v -1.465794 4.140719 -0.004874
v -1.465794 4.065733 -0.004874
v -1.465794 3.990748 -0.004874
v -1.465794 3.915762 -0.004874
v -1.465794 3.840777 -0.004874
v -1.465794 3.765791 -0.004874
v -1.465794 3.690805 -0.004874
v -1.465794 3.615820 -0.004874
v -1.465794 3.540834 -0.004874
v -1.465794 3.465848 -0.004874
v -1.465794 3.390863 -0.004874
v -1.465972 5.790402 0.000000
v -1.465972 5.715417 0.000000
v -1.465972 5.640431 0.000000
v -1.465972 5.565446 0.000000
v -1.465972 5.490460 0.000000
v -1.465972 5.415474 0.000000
v -1.465972 5.340489 0.000000
v -1.465972 5.265503 0.000000
v -1.465972 5.190518 0.000000
v -1.465972 5.115532 0.000000
v -1.465972 5.040546 0.000000
v -1.465972 4.965561 0.000000
v -1.465972 4.890575 0.000000
v -1.465972 4.815589 0.000000
v -1.465972 4.740604 0.000000
v -1.465972 4.665618 0.000000
v -1.465972 4.590633 0.000000
v -1.465972 4.515647 0.000000
v -1.465972 4.440661 0.000000
v -1.465972 4.365676 0.000000
v -1.465972 4.290690 0.000000
v -1.465972 4.215705 0.000000
v -1.465972 4.140719 0.000000
v -1.465972 4.065733 0.000000
v -1.465972 3.990748 0.000000
v -1.465972 3.915762 0.000000
v -1.465972 3.840777 0.000000
v -1.465972 3.765791 0.000000
v -1.465972 3.690805 0.000000
v -1.465972 3.615820 0.000000
v -1.465972 3.540834 0.000000
v -1.465972 3.465848 0.000000
v -1.465972 3.390863 0.000000
v -1.465794 5.790402 0.004874
v -1.465794 5.715417 0.004874
v -1.465794 5.640431 0.004874
v -1.465794 5.565446 0.004874
v -1.465794 5.490460 0.004874
v -1.465794 5.415474 0.004874
v -1.465794 5.340489 0.004874
v -1.465794 5.265503 0.004874
v -1.465794 5.190518 0.004874
v -1.465794 5.115532 0.004874
v -1.465794 5.040546 0.004874
v -1.465794 4.965561 0.004874
v -1.465794 4.890575 0.004874
v -1.465794 4.815589 0.004874
v -1.465794 4.740604 0.004874
v -1.465794 4.665618 0.004874
v -1.465794 4.590633 0.004874
v -1.465794 4.515647 0.004874
v -1.465794 4.440661 0.004874
v -1.465794 4.365676 0.004874
v -1.465794 4.290690 0.004874
v -1.465794 4.215705 0.004874
v -1.465794 4.140719 0.004874
v -1.465794 4.065733 0.004874
v -1.465794 3.990748 0.004874
v -1.465794 3.915762 0.004874
v -1.465794 3.840777 0.004874
v -1.465794 3.765791 0.004874
v -1.465794 3.690805 0.004874
v -1.465794 3.615820 0.004874
v -1.465794 3.540834 0.004874
v -1.465794 3.465848 0.004874
v -1.465794 3.390863 0.004874
v -1.465268 5.790402 0.009560
v -1.465268 5.715417 0.009560
v -1.465268 5.640431 0.009560
v -1.465268 5.565446 0.009560
v -1.465268 5.490460 0.009560
v -1.465268 5.415474 0.009560
v -1.465268 5.340489 0.009560
v -1.465268 5.265503 0.009560
v -1.465268 5.190518 0.009560
v -1.465268 5.115532 0.009560
v -1.465268 5.040546 0.009560
v -1.465268 4.965561 0.009560
v -1.465268 4.890575 0.009560
v -1.465268 4.815589 0.009560
v -1.465268 4.740604 0.009560
v -1.465268 4.665618 0.009560
v -1.465268 4.590633 0.009560
v -1.465268 4.515647 0.009560
v -1.465268 4.440661 0.009560
v -1.465268 4.365676 0.009560
v -1.465268 4.290690 0.009560
v -1.465268 4.215705 0.009560
v -1.465268 4.140719 0.009560
v -1.465268 4.065733 0.009560
v -1.465268 3.990748 0.009560
v -1.465268 3.915762 0.009560
v -1.465268 3.840777 0.009560
v -1.465268 3.765791 0.009560
v -1.465268 3.690805 0.009560
v -1.465268 3.615820 0.009560
v -1.465268 3.540834 0.009560
v -1.465268 3.465848 0.009560
v -1.465268 3.390863 0.009560
v -1.464414 5.790402 0.013879
v -1.464414 5.715417 0.013879
v -1.464414 5.640431 0.013879
v -1.464414 5.565446 0.013879
v -1.464414 5.490460 0.013879
v -1.464414 5.415474 0.013879
v -1.464414 5.340489 0.013879
v -1.464414 5.265503 0.013879
v -1.464414 5.190518 0.013879
v -1.464414 5.115532 0.013879
v -1.464414 5.040546 0.013879
v -1.464414 4.965561 0.013879
v -1.464414 4.890575 0.013879
v -1.464414 4.815589 0.013879
v -1.464414 4.740604 0.013879
v -1.464414 4.665618 0.013879
v -1.464414 4.590633 0.013879
v -1.464414 4.515647 0.013879
v -1.464414 4.440661 0.013879
v -1.464414 4.365676 0.013879
v -1.464414 4.290690 0.013879
v -1.464414 4.215705 0.013879
v -1.464414 4.140719 0.013879
v -1.464414 4.065733 0.013879
v -1.464414 3.990748 0.013879
v -1.464414 3.915762 0.013879
v -1.464414 3.840777 0.013879
v -1.464414 3.765791 0.013879
v -1.464414 3.690805 0.013879
v -1.464414 3.615820 0.013879
v -1.464414 3.540834 0.013879
v -1.464414 3.465848 0.013879
v -1.464414 3.390863 0.013879
v -1.463265 5.790402 0.017665
v -1.463265 5.715417 0.017665
v -1.463265 5.640431 0.017665
v -1.463265 5.565446 0.017665
v -1.463265 5.490460 0.017665
v -1.463265 5.415474 0.017665
v -1.463265 5.340489 0.017665
v -1.463265 5.265503 0.017665
v -1.463265 5.190518 0.017665
v -1.463265 5.115532 0.017665
v -1.463265 5.040546 0.017665
v -1.463265 4.965561 0.017665
v -1.463265 4.890575 0.017665
v -1.463265 4.815589 0.017665
v -1.463265 4.740604 0.017665
v -1.463265 4.665618 0.017665
v -1.463265 4.590633 0.017665
v -1.463265 4.515647 0.017665
v -1.463265 4.440661 0.017665
v -1.463265 4.365676 0.017665
v -1.463265 4.290690 0.017665
v -1.463265 4.215705 0.017665
v -1.463265 4.140719 0.017665
v -1.463265 4.065733 0.017665
v -1.463265 3.990748 0.017665
v -1.463265 3.915762 0.017665
v -1.463265 3.840777 0.017665
v -1.463265 3.765791 0.017665
v -1.463265 3.690805 0.017665
v -1.463265 3.615820 0.017665
v -1.463265 3.540834 0.017665
v -1.463265 3.465848 0.017665
v -1.463265 3.390863 0.017665
v -1.461865 5.790402 0.020772
v -1.461865 5.715417 0.020772
v -1.461865 5.640431 0.020772
v -1.461865 5.565446 0.020772
v -1.461865 5.490460 0.020772
v -1.461865 5.415474 0.020772
v -1.461865 5.340489 0.020772
v -1.461865 5.265503 0.020772
v -1.461865 5.190518 0.020772
v -1.461865 5.115532 0.020772
v -1.461865 5.040546 0.020772
v -1.461865 4.965561 0.020772
v -1.461865 4.890575 0.020772
v -1.461865 4.815589 0.020772
v -1.461865 4.740604 0.020772
v -1.461865 4.665618 0.020772
v -1.461865 4.590633 0.020772
v -1.461865 4.515647 0.020772
v -1.461865 4.440661 0.020772
v -1.461865 4.365676 0.020772
v -1.461865 4.290690 0.020772
v -1.461865 4.215705 0.020772
v -1.461865 4.140719 0.020772
v -1.461865 4.065733 0.020772
v -1.461865 3.990748 0.020772
v -1.461865 3.915762 0.020772
v -1.461865 3.840777 0.020772
v -1.461865 3.765791 0.020772
v -1.461865 3.690805 0.020772
v -1.461865 3.615820 0.020772
v -1.461865 3.540834 0.020772
v -1.461865 3.465848 0.020772
v -1.461865 3.390863 0.020772
v -1.460267 5.790402 0.023081
v -1.460267 5.715417 0.023081
v -1.460267 5.640431 0.023081
v -1.460267 5.565446 0.023081
v -1.460267 5.490460 0.023081
v -1.460267 5.415474 0.023081
v -1.460267 5.340489 0.023081
v -1.460267 5.265503 0.023081
v -1.460267 5.190518 0.023081
v -1.460267 5.115532 0.023081
v -1.460267 5.040546 0.023081
v -1.460267 4.965561 0.023081
v -1.460267 4.890575 0.023081
v -1.460267 4.815589 0.023081
v -1.460267 4.740604 0.023081
v -1.460267 4.665618 0.023081
v -1.460267 4.590633 0.023081
v -1.460267 4.515647 0.023081
v -1.460267 4.440661 0.023081
v -1.460267 4.365676 0.023081
v -1.460267 4.290690 0.023081
v -1.460267 4.215705 0.023081
v -1.460267 4.140719 0.023081
v -1.460267 4.065733 0.023081
v -1.460267 3.990748 0.023081
v -1.460267 3.915762 0.023081
v -1.460267 3.840777 0.023081
v -1.460267 3.765791 0.023081
v -1.460267 3.690805 0.023081
v -1.460267 3.615820 0.023081
v -1.460267 3.540834 0.023081
v -1.460267 3.465848 0.023081
v -1.460267 3.390863 0.023081
v -1.458533 5.790402 0.024502
v -1.458533 5.715417 0.024502
v -1.458533 5.640431 0.024502
v -1.458533 5.565446 0.024502
v -1.458533 5.490460 0.024502
v -1.458533 5.415474 0.024502
v -1.458533 5.340489 0.024502
v -1.458533 5.265503 0.024502
v -1.458533 5.190518 0.024502
v -1.458533 5.115532 0.024502
v -1.458533 5.040546 0.024502
v -1.458533 4.965561 0.024502
v -1.458533 4.890575 0.024502
v -1.458533 4.815589 0.024502
v -1.458533 4.740604 0.024502
v -1.458533 4.665618 0.024502
v -1.458533 4.590633 0.024502
v -1.458533 4.515647 0.024502
v -1.458533 4.440661 0.024502
v -1.458533 4.365676 0.024502
v -1.458533 4.290690 0.024502
v -1.458533 4.215705 0.024502
v -1.458533 4.140719 0.024502
v -1.458533 4.065733 0.024502
v -1.458533 3.990748 0.024502
v -1.458533 3.915762 0.024502
v -1.458533 3.840777 0.024502
v -1.458533 3.765791 0.024502
v -1.458533 3.690805 0.024502
v -1.458533 3.615820 0.024502
v -1.458533 3.540834 0.024502
v -1.458533 3.465848 0.024502
v -1.458533 3.390863 0.024502
v -1.456732 5.790402 0.024982
v -1.456732 5.715417 0.024982
v -1.456732 5.640431 0.024982
v -1.456732 5.565446 0.024982
v -1.456732 5.490460 0.024982
v -1.456732 5.415474 0.024982
v -1.456732 5.340489 0.024982
v -1.456732 5.265503 0.024982
v -1.456732 5.190518 0.024982
v -1.456732 5.115532 0.024982
v -1.456732 5.040546 0.024982
v -1.456732 4.965561 0.024982
v -1.456732 4.890575 0.024982
v -1.456732 4.815589 0.024982
v -1.456732 4.740604 0.024982
v -1.456732 4.665618 0.024982
v -1.456732 4.590633 0.024982
v -1.456732 4.515647 0.024982
v -1.456732 4.440661 0.024982
v -1.456732 4.365676 0.024982
v -1.456732 4.290690 0.024982
v -1.456732 4.215705 0.024982
v -1.456732 4.140719 0.024982
v -1.456732 4.065733 0.024982
v -1.456732 3.990748 0.024982
v -1.456732 3.915762 0.024982
v -1.456732 3.840777 0.024982
v -1.456732 3.765791 0.024982
v -1.456732 3.690805 0.024982
v -1.456732 3.615820 0.024982
v -1.456732 3.540834 0.024982
v -1.456732 3.465848 0.024982
v -1.456732 3.390863 0.024982
v -1.454928 3.840777 0.024502
v -1.454928 3.840777 -0.024502
v -1.456732 3.228563 -0.025715
v -1.486862 3.228563 -0.025220
v -1.515835 3.228563 -0.023757
v -1.542538 3.228563 -0.021381
v -1.565942 3.228563 -0.018183
v -1.585151 3.228563 -0.014286
v -1.599424 3.228563 -0.009841
v -1.608212 3.228563 -0.005017
v -1.611180 3.228563 0.000000
v -1.608212 3.228563 0.005017
v -1.599424 3.228563 0.009841
v -1.585151 3.228563 0.014286
v -1.565942 3.228563 0.018183
v -1.542538 3.228563 0.021381
v -1.515835 3.228563 0.023757
v -1.486862 3.228563 0.025220
v -1.456732 3.228563 0.025715
v -1.623083 3.175270 -0.025715
v -1.653214 3.175270 -0.025220
v -1.682188 3.175270 -0.023757
v -1.708890 3.175270 -0.021381
v -1.732295 3.175270 -0.018183
v -1.751504 3.175270 -0.014286
v -1.765777 3.175270 -0.009841
v -1.774565 3.175270 -0.005017
v -1.777532 3.175270 0.000000
v -1.774565 3.175270 0.005017
v -1.765777 3.175270 0.009841
v -1.751504 3.175270 0.014286
v -1.732295 3.175270 0.018183
v -1.708890 3.175270 0.021381
v -1.682188 3.175270 0.023757
v -1.653214 3.175270 0.025220
v -1.623083 3.175270 0.025715
v -1.916250 3.082927 -0.025715
v -1.946381 3.082927 -0.025220
v -1.975355 3.082927 -0.023757
v -2.002057 3.082927 -0.021381
v -2.025461 3.082927 -0.018183
v -2.044671 3.082927 -0.014286
v -2.058944 3.082927 -0.009841
v -2.067731 3.082927 -0.005017
v -2.070699 3.082927 0.000000
v -2.067731 3.082927 0.005017
v -2.058944 3.082927 0.009841
v -2.044671 3.082927 0.014286
v -2.025461 3.082927 0.018183
v -2.002057 3.082927 0.021381
v -1.975355 3.082927 0.023757
v -1.946381 3.082927 0.025220
v -1.916250 3.082927 0.025715
v -2.071779 3.033669 -0.024295
v -2.071779 3.041540 -0.024250
v -2.071779 3.049167 -0.023219
v -2.071779 3.056256 -0.021244
v -2.071779 3.062534 -0.018400
v -2.071779 3.067761 -0.014796
v -2.071779 3.071735 -0.010571
v -2.071779 3.074304 -0.005886
v -2.071779 3.075369 -0.000924
v -2.071779 3.074889 0.004128
v -2.071779 3.072883 0.009073
v -2.071779 3.069427 0.013722
v -2.071779 3.064654 0.017896
v -2.071779 3.058749 0.021435
v -2.071779 3.051937 0.024203
v -2.071779 3.044481 0.026094
v -2.071779 3.036667 0.027035
v -2.156166 3.033669 -0.024295
v -2.156166 3.041540 -0.024250
v -2.156166 3.049167 -0.023219
v -2.156166 3.056256 -0.021244
v -2.156166 3.062534 -0.018400
v -2.156166 3.067761 -0.014796
v -2.156166 3.071735 -0.010571
v -2.156166 3.074304 -0.005886
v -2.156166 3.075369 -0.000924
v -2.156166 3.074889 0.004128
v -2.156166 3.072883 0.009073
v -2.156166 3.069427 0.013722
v -2.156166 3.064654 0.017896
v -2.156166 3.058749 0.021435
v -2.156166 3.051937 0.024203
v -2.156166 3.044481 0.026094
v -2.156166 3.036667 0.027035
v -2.197957 3.075259 -0.024295
v -2.196598 3.075259 -0.024250
v -2.188976 3.075259 -0.023219
v -2.181892 3.075259 -0.021244
v -2.175618 3.075259 -0.018400
v -2.170394 3.075259 -0.014796
v -2.166422 3.075259 -0.010571
v -2.163855 3.075259 -0.005886
v -2.162791 3.075259 -0.000924
v -2.163271 3.075259 0.004128
v -2.165276 3.075259 0.009073
v -2.168729 3.075259 0.013722
v -2.173499 3.075259 0.017896
v -2.179400 3.075259 0.021435
v -2.186207 3.075259 0.024203
v -2.193658 3.075259 0.026094
v -2.194960 3.075259 0.027035
v -2.189148 3.117643 -0.009699
v -2.186008 3.117643 -0.009680
v -2.182965 3.117643 -0.009269
v -2.180137 3.117643 -0.008481
v -2.177633 3.117643 -0.007345
v -2.175547 3.117643 -0.005906
v -2.173962 3.117643 -0.004220
v -2.172937 3.117643 -0.002350
v -2.172512 3.117643 -0.000369
v -2.172704 3.117643 0.001648
v -2.173504 3.117643 0.003622
v -2.174883 3.117643 0.005478
v -2.176787 3.117643 0.007144
v -2.179142 3.117643 0.008557
v -2.181860 3.117643 0.009662
v -2.184834 3.117643 0.010417
v -2.187952 3.117643 0.010792
v -1.456732 3.228563 0.000000
v -1.623083 3.175270 0.000000
v -1.916250 3.082927 0.000000
v -2.071779 3.035168 0.001370
v -2.156166 3.035168 0.001370
v -2.196458 3.075259 0.001370
v -2.188550 3.117643 0.000547
v -1.488051 3.272220 -0.023419
v -1.472697 3.272220 -0.024861
v -1.524783 3.272220 0.014083
v -1.532346 3.272220 0.009700
v -1.537003 3.272220 -0.004945
v -1.532346 3.272220 -0.009700
v -1.456732 3.272220 0.025348
v -1.472697 3.272220 0.024861
v -1.502201 3.272220 -0.021076
v -1.514603 3.272220 0.017924
v -1.538576 3.272220 0.000000
v -1.514603 3.272220 -0.017924
v -1.502201 3.272220 0.021076
v -1.537003 3.272220 0.004945
v -1.524783 3.272220 -0.014083
v -1.488051 3.272220 0.023419
v -1.456732 3.272220 -0.025348
v -1.454931 3.315877 -0.024502
v -1.454931 5.880609 -0.024502
v -1.453198 3.315877 -0.023081
v -1.453198 5.880609 -0.023081
v -1.451600 3.315877 -0.020772
v -1.451600 5.880609 -0.020772
v -1.450200 3.315877 -0.017665
v -1.450200 5.880609 -0.017665
v -1.449050 3.315877 -0.013879
v -1.449050 5.880609 -0.013879
v -1.448196 3.315877 -0.009560
v -1.448196 5.880609 -0.009560
v -1.447671 3.315877 -0.004874
v -1.447671 5.880609 -0.004874
v -1.447493 3.315877 0.000000
v -1.447493 5.880609 0.000000
v -1.447671 3.315877 0.004874
v -1.447671 5.880609 0.004874
v -1.448196 3.315877 0.009560
v -1.448196 5.880609 0.009560
v -1.449050 3.315877 0.013879
v -1.449050 5.880609 0.013879
v -1.450200 3.315877 0.017665
v -1.450200 5.880609 0.017665
v -1.451600 3.315877 0.020772
v -1.451600 5.880609 0.020772
v -1.453198 3.315877 0.023081
v -1.453198 5.880609 0.023081
v -1.454931 3.315877 0.024502
v -1.454931 5.880609 0.024502
v -1.454931 5.790402 -0.024502
v -1.454931 5.715417 -0.024502
v -1.454931 5.640431 -0.024502
v -1.454931 5.565446 -0.024502
v -1.454931 5.490460 -0.024502
v -1.454931 5.415474 -0.024502
v -1.454931 5.340489 -0.024502
v -1.454931 5.265503 -0.024502
v -1.454931 5.190518 -0.024502
v -1.454931 5.115532 -0.024502
v -1.454931 5.040546 -0.024502
v -1.454931 4.965561 -0.024502
v -1.454931 4.890575 -0.024502
v -1.454931 4.815589 -0.024502
v -1.454931 4.740604 -0.024502
v -1.454931 4.665618 -0.024502
v -1.454931 4.590633 -0.024502
v -1.454931 4.515647 -0.024502
v -1.454931 4.440661 -0.024502
v -1.454931 4.365676 -0.024502
v -1.454931 4.290690 -0.024502
v -1.454931 4.215705 -0.024502
v -1.454931 4.140719 -0.024502
v -1.454931 4.065733 -0.024502
v -1.454931 3.990748 -0.024502
v -1.454931 3.915762 -0.024502
v -1.454931 3.840777 -0.024502
v -1.454931 3.765791 -0.024502
v -1.454931 3.690805 -0.024502
v -1.454931 3.615820 -0.024502
v -1.454931 3.540834 -0.024502
v -1.454931 3.465848 -0.024502
v -1.454931 3.390863 -0.024502
v -1.453198 5.790402 -0.023081
v -1.453198 5.715417 -0.023081
v -1.453198 5.640431 -0.023081
v -1.453198 5.565446 -0.023081
v -1.453198 5.490460 -0.023081
v -1.453198 5.415474 -0.023081
v -1.453198 5.340489 -0.023081
v -1.453198 5.265503 -0.023081
v -1.453198 5.190518 -0.023081
v -1.453198 5.115532 -0.023081
v -1.453198 5.040546 -0.023081
v -1.453198 4.965561 -0.023081
v -1.453198 4.890575 -0.023081
v -1.453198 4.815589 -0.023081
v -1.453198 4.740604 -0.023081
v -1.453198 4.665618 -0.023081
v -1.453198 4.590633 -0.023081
v -1.453198 4.515647 -0.023081
v -1.453198 4.440661 -0.023081
v -1.453198 4.365676 -0.023081
v -1.453198 4.290690 -0.023081
v -1.453198 4.215705 -0.023081
v -1.453198 4.140719 -0.023081
v -1.453198 4.065733 -0.023081
v -1.453198 3.990748 -0.023081
v -1.453198 3.915762 -0.023081
v -1.453198 3.840777 -0.023081
v -1.453198 3.765791 -0.023081
v -1.453198 3.690805 -0.023081
v -1.453198 3.615820 -0.023081
v -1.453198 3.540834 -0.023081
v -1.453198 3.465848 -0.023081
v -1.453198 3.390863 -0.023081
v -1.451600 5.790402 -0.020772
v -1.451600 5.715417 -0.020772
v -1.451600 5.640431 -0.020772
v -1.451600 5.565446 -0.020772
v -1.451600 5.490460 -0.020772
v -1.451600 5.415474 -0.020772
v -1.451600 5.340489 -0.020772
v -1.451600 5.265503 -0.020772
v -1.451600 5.190518 -0.020772
v -1.451600 5.115532 -0.020772
v -1.451600 5.040546 -0.020772
v -1.451600 4.965561 -0.020772
v -1.451600 4.890575 -0.020772
v -1.451600 4.815589 -0.020772
v -1.451600 4.740604 -0.020772
v -1.451600 4.665618 -0.020772
v -1.451600 4.590633 -0.020772
v -1.451600 4.515647 -0.020772
v -1.451600 4.440661 -0.020772
v -1.451600 4.365676 -0.020772
v -1.451600 4.290690 -0.020772
v -1.451600 4.215705 -0.020772
v -1.451600 4.140719 -0.020772
v -1.451600 4.065733 -0.020772
v -1.451600 3.990748 -0.020772
v -1.451600 3.915762 -0.020772
v -1.451600 3.840777 -0.020772
v -1.451600 3.765791 -0.020772
v -1.451600 3.690805 -0.020772
v -1.451600 3.615820 -0.020772
v -1.451600 3.540834 -0.020772
v -1.451600 3.465848 -0.020772
v -1.451600 3.390863 -0.020772
v -1.450200 5.790402 -0.017665
v -1.450200 5.715417 -0.017665
v -1.450200 5.640431 -0.017665
v -1.450200 5.565446 -0.017665
v -1.450200 5.490460 -0.017665
v -1.450200 5.415474 -0.017665
v -1.450200 5.340489 -0.017665
v -1.450200 5.265503 -0.017665
v -1.450200 5.190518 -0.017665
v -1.450200 5.115532 -0.017665
v -1.450200 5.040546 -0.017665
v -1.450200 4.965561 -0.017665
v -1.450200 4.890575 -0.017665
v -1.450200 4.815589 -0.017665
v -1.450200 4.740604 -0.017665
v -1.450200 4.665618 -0.017665
v -1.450200 4.590633 -0.017665
v -1.450200 4.515647 -0.017665
v -1.450200 4.440661 -0.017665
v -1.450200 4.365676 -0.017665
v -1.450200 4.290690 -0.017665
v -1.450200 4.215705 -0.017665
v -1.450200 4.140719 -0.017665
v -1.450200 4.065733 -0.017665
v -1.450200 3.990748 -0.017665
v -1.450200 3.915762 -0.017665
v -1.450200 3.840777 -0.017665
v -1.450200 3.765791 -0.017665
v -1.450200 3.690805 -0.017665
v -1.450200 3.615820 -0.017665
v -1.450200 3.540834 -0.017665
v -1.450200 3.465848 -0.017665
v -1.450200 3.390863 -0.017665
v -1.449050 5.790402 -0.013879
v -1.449050 5.715417 -0.013879
v -1.449050 5.640431 -0.013879
v -1.449050 5.565446 -0.013879
v -1.449050 5.490460 -0.013879
v -1.449050 5.415474 -0.013879
v -1.449050 5.340489 -0.013879
v -1.449050 5.265503 -0.013879
v -1.449050 5.190518 -0.013879
v -1.449050 5.115532 -0.013879
v -1.449050 5.040546 -0.013879
v -1.449050 4.965561 -0.013879
v -1.449050 4.890575 -0.013879
v -1.449050 4.815589 -0.013879
v -1.449050 4.740604 -0.013879
v -1.449050 4.665618 -0.013879
v -1.449050 4.590633 -0.013879
v -1.449050 4.515647 -0.013879
v -1.449050 4.440661 -0.013879
v -1.449050 4.365676 -0.013879
v -1.449050 4.290690 -0.013879
v -1.449050 4.215705 -0.013879
v -1.449050 4.140719 -0.013879
v -1.449050 4.065733 -0.013879
v -1.449050 3.990748 -0.013879
v -1.449050 3.915762 -0.013879
v -1.449050 3.840777 -0.013879
v -1.449050 3.765791 -0.013879
v -1.449050 3.690805 -0.013879
v -1.449050 3.615820 -0.013879
v -1.449050 3.540834 -0.013879
v -1.449050 3.465848 -0.013879
v -1.449050 3.390863 -0.013879
v -1.448196 5.790402 -0.009560
v -1.448196 5.715417 -0.009560
v -1.448196 5.640431 -0.009560
v -1.448196 5.565446 -0.009560
v -1.448196 5.490460 -0.009560
v -1.448196 5.415474 -0.009560
v -1.448196 5.340489 -0.009560
v -1.448196 5.265503 -0.009560
v -1.448196 5.190518 -0.009560
v -1.448196 5.115532 -0.009560
v -1.448196 5.040546 -0.009560
v -1.448196 4.965561 -0.009560
v -1.448196 4.890575 -0.009560
v -1.448196 4.815589 -0.009560
v -1.448196 4.740604 -0.009560
v -1.448196 4.665618 -0.009560
v -1.448196 4.590633 -0.009560
v -1.448196 4.515647 -0.009560
v -1.448196 4.440661 -0.009560
v -1.448196 4.365676 -0.009560
v -1.448196 4.290690 -0.009560
v -1.448196 4.215705 -0.009560
v -1.448196 4.140719 -0.009560
v -1.448196 4.065733 -0.009560
v -1.448196 3.990748 -0.009560
v -1.448196 3.915762 -0.009560
v -1.448196 3.840777 -0.009560
v -1.448196 3.765791 -0.009560
v -1.448196 3.690805 -0.009560
v -1.448196 3.615820 -0.009560
v -1.448196 3.540834 -0.009560
v -1.448196 3.465848 -0.009560
v -1.448196 3.390863 -0.009560
v -1.447671 5.790402 -0.004874
v -1.447671 5.715417 -0.004874
v -1.447671 5.640431 -0.004874
v -1.447671 5.565446 -0.004874
v -1.447671 5.490460 -0.004874
v -1.447671 5.415474 -0.004874
v -1.447671 5.340489 -0.004874
v -1.447671 5.265503 -0.004874
v -1.447671 5.190518 -0.004874
v -1.447671 5.115532 -0.004874
v -1.447671 5.040546 -0.004874
v -1.447671 4.965561 -0.004874
v -1.447671 4.890575 -0.004874
v -1.447671 4.815589 -0.004874
v -1.447671 4.740604 -0.004874
v -1.447671 4.665618 -0.004874
v -1.447671 4.590633 -0.004874
v -1.447671 4.515647 -0.004874
v -1.447671 4.440661 -0.004874
v -1.447671 4.365676 -0.004874
v -1.447671 4.290690 -0.004874
v -1.447671 4.215705 -0.004874
v -1.447671 4.140719 -0.004874
v -1.447671 4.065733 -0.004874
v -1.447671 3.990748 -0.004874
v -1.447671 3.915762 -0.004874
v -1.447671 3.840777 -0.004874
v -1.447671 3.765791 -0.004874
v -1.447671 3.690805 -0.004874
v -1.447671 3.615820 -0.004874
v -1.447671 3.540834 -0.004874
v -1.447671 3.465848 -0.004874
v -1.447671 3.390863 -0.004874
v -1.447493 5.790402 0.000000
v -1.447493 5.715417 0.000000
v -1.447493 5.640431 0.000000
v -1.447493 5.565446 0.000000
v -1.447493 5.490460 0.000000
v -1.447493 5.415474 0.000000
v -1.447493 5.340489 0.000000
v -1.447493 5.265503 0.000000
v -1.447493 5.190518 0.000000
v -1.447493 5.115532 0.000000
v -1.447493 5.040546 0.000000
v -1.447493 4.965561 0.000000
v -1.447493 4.890575 0.000000
v -1.447493 4.815589 0.000000
v -1.447493 4.740604 0.000000
v -1.447493 4.665618 0.000000
v -1.447493 4.590633 0.000000
v -1.447493 4.515647 0.000000
v -1.447493 4.440661 0.000000
v -1.447493 4.365676 0.000000
v -1.447493 4.290690 0.000000
v -1.447493 4.215705 0.000000
v -1.447493 4.140719 0.000000
v -1.447493 4.065733 0.000000
v -1.447493 3.990748 0.000000
v -1.447493 3.915762 0.000000
v -1.447493 3.840777 0.000000
v -1.447493 3.765791 0.000000
v -1.447493 3.690805 0.000000
v -1.447493 3.615820 0.000000
v -1.447493 3.540834 0.000000
v -1.447493 3.465848 0.000000
v -1.447493 3.390863 0.000000
v -1.447671 5.790402 0.004874
v -1.447671 5.715417 0.004874
v -1.447671 5.640431 0.004874
v -1.447671 5.565446 0.004874
v -1.447671 5.490460 0.004874
v -1.447671 5.415474 0.004874
v -1.447671 5.340489 0.004874
v -1.447671 5.265503 0.004874
v -1.447671 5.190518 0.004874
v -1.447671 5.115532 0.004874
v -1.447671 5.040546 0.004874
v -1.447671 4.965561 0.004874
v -1.447671 4.890575 0.004874
v -1.447671 4.815589 0.004874
v -1.447671 4.740604 0.004874
v -1.447671 4.665618 0.004874
v -1.447671 4.590633 0.004874
v -1.447671 4.515647 0.004874
v -1.447671 4.440661 0.004874
v -1.447671 4.365676 0.004874
v -1.447671 4.290690 0.004874
v -1.447671 4.215705 0.004874
v -1.447671 4.140719 0.004874
v -1.447671 4.065733 0.004874
v -1.447671 3.990748 0.004874
v -1.447671 3.915762 0.004874
v -1.447671 3.840777 0.004874
v -1.447671 3.765791 0.004874
v -1.447671 3.690805 0.004874
v -1.447671 3.615820 0.004874
v -1.447671 3.540834 0.004874
v -1.447671 3.465848 0.004874
v -1.447671 3.390863 0.004874
v -1.448196 5.790402 0.009560
v -1.448196 5.715417 0.009560
v -1.448196 5.640431 0.009560
v -1.448196 5.565446 0.009560
v -1.448196 5.490460 0.009560
v -1.448196 5.415474 0.009560
v -1.448196 5.340489 0.009560
v -1.448196 5.265503 0.009560
v -1.448196 5.190518 0.009560
v -1.448196 5.115532 0.009560
v -1.448196 5.040546 0.009560
v -1.448196 4.965561 0.009560
v -1.448196 4.890575 0.009560
v -1.448196 4.815589 0.009560
v -1.448196 4.740604 0.009560
v -1.448196 4.665618 0.009560
v -1.448196 4.590633 0.009560
v -1.448196 4.515647 0.009560
v -1.448196 4.440661 0.009560
v -1.448196 4.365676 0.009560
v -1.448196 4.290690 0.009560
v -1.448196 4.215705 0.009560
v -1.448196 4.140719 0.009560
v -1.448196 4.065733 0.009560
v -1.448196 3.990748 0.009560
v -1.448196 3.915762 0.009560
v -1.448196 3.840777 0.009560
v -1.448196 3.765791 0.009560
v -1.448196 3.690805 0.009560
v -1.448196 3.615820 0.009560
v -1.448196 3.540834 0.009560
v -1.448196 3.465848 0.009560
v -1.448196 3.390863 0.009560
v -1.449050 5.790402 0.013879
v -1.449050 5.715417 0.013879
v -1.449050 5.640431 0.013879
v -1.449050 5.565446 0.013879
v -1.449050 5.490460 0.013879
v -1.449050 5.415474 0.013879
v -1.449050 5.340489 0.013879
v -1.449050 5.265503 0.013879
v -1.449050 5.190518 0.013879
v -1.449050 5.115532 0.013879
v -1.449050 5.040546 0.013879
v -1.449050 4.965561 0.013879
v -1.449050 4.890575 0.013879
v -1.449050 4.815589 0.013879
v -1.449050 4.740604 0.013879
v -1.449050 4.665618 0.013879
v -1.449050 4.590633 0.013879
v -1.449050 4.515647 0.013879
v -1.449050 4.440661 0.013879
v -1.449050 4.365676 0.013879
v -1.449050 4.290690 0.013879
v -1.449050 4.215705 0.013879
v -1.449050 4.140719 0.013879
v -1.449050 4.065733 0.013879
v -1.449050 3.990748 0.013879
v -1.449050 3.915762 0.013879
v -1.449050 3.840777 0.013879
v -1.449050 3.765791 0.013879
v -1.449050 3.690805 0.013879
v -1.449050 3.615820 0.013879
v -1.449050 3.540834 0.013879
v -1.449050 3.465848 0.013879
v -1.449050 3.390863 0.013879
v -1.450200 5.790402 0.017665
v -1.450200 5.715417 0.017665
v -1.450200 5.640431 0.017665
v -1.450200 5.565446 0.017665
v -1.450200 5.490460 0.017665
v -1.450200 5.415474 0.017665
v -1.450200 5.340489 0.017665
v -1.450200 5.265503 0.017665
v -1.450200 5.190518 0.017665
v -1.450200 5.115532 0.017665
v -1.450200 5.040546 0.017665
v -1.450200 4.965561 0.017665
v -1.450200 4.890575 0.017665
v -1.450200 4.815589 0.017665
v -1.450200 4.740604 0.017665
v -1.450200 4.665618 0.017665
v -1.450200 4.590633 0.017665
v -1.450200 4.515647 0.017665
v -1.450200 4.440661 0.017665
v -1.450200 4.365676 0.017665
v -1.450200 4.290690 0.017665
v -1.450200 4.215705 0.017665
v -1.450200 4.140719 0.017665
v -1.450200 4.065733 0.017665
v -1.450200 3.990748 0.017665
v -1.450200 3.915762 0.017665
v -1.450200 3.840777 0.017665
v -1.450200 3.765791 0.017665
v -1.450200 3.690805 0.017665
v -1.450200 3.615820 0.017665
v -1.450200 3.540834 0.017665
v -1.450200 3.465848 0.017665
v -1.450200 3.390863 0.017665
v -1.451600 5.790402 0.020772
v -1.451600 5.715417 0.020772
v -1.451600 5.640431 0.020772
v -1.451600 5.565446 0.020772
v -1.451600 5.490460 0.020772
v -1.451600 5.415474 0.020772
v -1.451600 5.340489 0.020772
v -1.451600 5.265503 0.020772
v -1.451600 5.190518 0.020772
v -1.451600 5.115532 0.020772
v -1.451600 5.040546 0.020772
v -1.451600 4.965561 0.020772
v -1.451600 4.890575 0.020772
v -1.451600 4.815589 0.020772
v -1.451600 4.740604 0.020772
v -1.451600 4.665618 0.020772
v -1.451600 4.590633 0.020772
v -1.451600 4.515647 0.020772
v -1.451600 4.440661 0.020772
v -1.451600 4.365676 0.020772
v -1.451600 4.290690 0.020772
v -1.451600 4.215705 0.020772
v -1.451600 4.140719 0.020772
v -1.451600 4.065733 0.020772
v -1.451600 3.990748 0.020772
v -1.451600 3.915762 0.020772
v -1.451600 3.840777 0.020772
v -1.451600 3.765791 0.020772
v -1.451600 3.690805 0.020772
v -1.451600 3.615820 0.020772
v -1.451600 3.540834 0.020772
v -1.451600 3.465848 0.020772
v -1.451600 3.390863 0.020772
v -1.453198 5.790402 0.023081
v -1.453198 5.715417 0.023081
v -1.453198 5.640431 0.023081
v -1.453198 5.565446 0.023081
v -1.453198 5.490460 0.023081
v -1.453198 5.415474 0.023081
v -1.453198 5.340489 0.023081
v -1.453198 5.265503 0.023081
v -1.453198 5.190518 0.023081
v -1.453198 5.115532 0.023081
v -1.453198 5.040546 0.023081
v -1.453198 4.965561 0.023081
v -1.453198 4.890575 0.023081
v -1.453198 4.815589 0.023081
v -1.453198 4.740604 0.023081
v -1.453198 4.665618 0.023081
v -1.453198 4.590633 0.023081
v -1.453198 4.515647 0.023081
v -1.453198 4.440661 0.023081
v -1.453198 4.365676 0.023081
v -1.453198 4.290690 0.023081
v -1.453198 4.215705 0.023081
v -1.453198 4.140719 0.023081
v -1.453198 4.065733 0.023081
v -1.453198 3.990748 0.023081
v -1.453198 3.915762 0.023081
v -1.453198 3.840777 0.023081
v -1.453198 3.765791 0.023081
v -1.453198 3.690805 0.023081
v -1.453198 3.615820 0.023081
v -1.453198 3.540834 0.023081
v -1.453198 3.465848 0.023081
v -1.453198 3.390863 0.023081
v -1.454931 5.790402 0.024502
v -1.454931 5.715417 0.024502
v -1.454931 5.640431 0.024502
v -1.454931 5.565446 0.024502
v -1.454931 5.490460 0.024502
v -1.454931 5.415474 0.024502
v -1.454931 5.340489 0.024502
v -1.454931 5.265503 0.024502
v -1.454931 5.190518 0.024502
v -1.454931 5.115532 0.024502
v -1.454931 5.040546 0.024502
v -1.454931 4.965561 0.024502
v -1.454931 4.890575 0.024502
v -1.454931 4.815589 0.024502
v -1.454931 4.740604 0.024502
v -1.454931 4.665618 0.024502
v -1.454931 4.590633 0.024502
v -1.454931 4.515647 0.024502
v -1.454931 4.440661 0.024502
v -1.454931 4.365676 0.024502
v -1.454931 4.290690 0.024502
v -1.454931 4.215705 0.024502
v -1.454931 4.140719 0.024502
v -1.454931 4.065733 0.024502
v -1.454931 3.990748 0.024502
v -1.454931 3.915762 0.024502
v -1.454931 3.840777 0.024502
v -1.454931 3.765791 0.024502
v -1.454931 3.690805 0.024502
v -1.454931 3.615820 0.024502
v -1.454931 3.540834 0.024502
v -1.454931 3.465848 0.024502
v -1.454931 3.390863 0.024502
v -1.458537 3.840777 0.024502
v -1.458537 3.840777 -0.024502
v -1.426603 3.228563 -0.025220
v -1.397629 3.228563 -0.023757
v -1.370927 3.228563 -0.021381
v -1.347523 3.228563 -0.018183
v -1.328314 3.228563 -0.014286
v -1.314041 3.228563 -0.009841
v -1.305253 3.228563 -0.005017
v -1.302285 3.228563 0.000000
v -1.305253 3.228563 0.005017
v -1.314041 3.228563 0.009841
v -1.328314 3.228563 0.014286
v -1.347523 3.228563 0.018183
v -1.370927 3.228563 0.021381
v -1.397629 3.228563 0.023757
v -1.426603 3.228563 0.025220
v -1.290382 3.175270 -0.025715
v -1.260251 3.175270 -0.025220
v -1.231277 3.175270 -0.023757
v -1.204574 3.175270 -0.021381
v -1.181170 3.175270 -0.018183
v -1.161961 3.175270 -0.014286
v -1.147688 3.175270 -0.009841
v -1.138900 3.175270 -0.005017
v -1.135933 3.175270 0.000000
v -1.138900 3.175270 0.005017
v -1.147688 3.175270 0.009841
v -1.161961 3.175270 0.014286
v -1.181170 3.175270 0.018183
v -1.204574 3.175270 0.021381
v -1.231277 3.175270 0.023757
v -1.260251 3.175270 0.025220
v -1.290382 3.175270 0.025715
v -0.997215 3.082927 -0.025715
v -0.967084 3.082927 -0.025220
v -0.938110 3.082927 -0.023757
v -0.911408 3.082927 -0.021381
v -0.888003 3.082927 -0.018183
v -0.868794 3.082927 -0.014286
v -0.854521 3.082927 -0.009841
v -0.845733 3.082927 -0.005017
v -0.842766 3.082927 0.000000
v -0.845733 3.082927 0.005017
v -0.854521 3.082927 0.009841
v -0.868794 3.082927 0.014286
v -0.888003 3.082927 0.018183
v -0.911408 3.082927 0.021381
v -0.938110 3.082927 0.023757
v -0.967084 3.082927 0.025220
v -0.997215 3.082927 0.025715
v -0.841685 3.033669 -0.024295
v -0.841685 3.041540 -0.024250
v -0.841685 3.049167 -0.023219
v -0.841685 3.056256 -0.021244
v -0.841685 3.062534 -0.018400
v -0.841685 3.067761 -0.014796
v -0.841685 3.071735 -0.010571
v -0.841685 3.074304 -0.005886
v -0.841685 3.075369 -0.000924
v -0.841685 3.074889 0.004128
v -0.841685 3.072883 0.009073
v -0.841685 3.069427 0.013722
v -0.841685 3.064654 0.017896
v -0.841685 3.058749 0.021435
v -0.841685 3.051937 0.024203
v -0.841685 3.044481 0.026094
v -0.841685 3.036667 0.027035
v -0.757299 3.033669 -0.024295
v -0.757299 3.041540 -0.024250
v -0.757299 3.049167 -0.023219
v -0.757299 3.056256 -0.021244
v -0.757299 3.062534 -0.018400
v -0.757299 3.067761 -0.014796
v -0.757299 3.071735 -0.010571
v -0.757299 3.074304 -0.005886
v -0.757299 3.075369 -0.000924
v -0.757299 3.074889 0.004128
v -0.757299 3.072883 0.009073
v -0.757299 3.069427 0.013722
v -0.757299 3.064654 0.017896
v -0.757299 3.058749 0.021435
v -0.757299 3.051937 0.024203
v -0.757299 3.044481 0.026094
v -0.757299 3.036667 0.027035
v -0.715508 3.075259 -0.024295
v -0.716867 3.075259 -0.024250
v -0.724489 3.075259 -0.023219
v -0.731573 3.075259 -0.021244
v -0.737847 3.075259 -0.018400
v -0.743071 3.075259 -0.014796
v -0.747042 3.075259 -0.010571
v -0.749609 3.075259 -0.005886
v -0.750674 3.075259 -0.000924
v -0.750194 3.075259 0.004128
v -0.748189 3.075259 0.009073
v -0.744736 3.075259 0.013722
v -0.739966 3.075259 0.017896
v -0.734065 3.075259 0.021435
v -0.727258 3.075259 0.024203
v -0.719806 3.075259 0.026094
v -0.718505 3.075259 0.027035
v -0.724317 3.117643 -0.009699
v -0.727457 3.117643 -0.009680
v -0.730500 3.117643 -0.009269
v -0.733328 3.117643 -0.008481
v -0.735832 3.117643 -0.007345
v -0.737917 3.117643 -0.005906
v -0.739503 3.117643 -0.004220
v -0.740528 3.117643 -0.002350
v -0.740952 3.117643 -0.000369
v -0.740761 3.117643 0.001648
v -0.739961 3.117643 0.003622
v -0.738582 3.117643 0.005478
v -0.736678 3.117643 0.007144
v -0.734322 3.117643 0.008557
v -0.731605 3.117643 0.009662
v -0.728630 3.117643 0.010417
v -0.725513 3.117643 0.010792
v -1.290382 3.175270 0.000000
v -0.997215 3.082927 0.000000
v -0.841685 3.035168 0.001370
v -0.757299 3.035168 0.001370
v -0.717007 3.075259 0.001370
v -0.724915 3.117643 0.000547
v -1.425414 3.272220 -0.023419
v -1.440767 3.272220 -0.024861
v -1.388682 3.272220 0.014083
v -1.381119 3.272220 0.009700
v -1.376462 3.272220 -0.004945
v -1.381119 3.272220 -0.009700
v -1.440767 3.272220 0.024861
v -1.411264 3.272220 -0.021076
v -1.398861 3.272220 0.017924
v -1.374889 3.272220 0.000000
v -1.398861 3.272220 -0.017924
v -1.411264 3.272220 0.021076
v -1.376462 3.272220 0.004945
v -1.388682 3.272220 -0.014083
v -1.425414 3.272220 0.023419
vt 1.000000 0.985294
vt 1.000000 1.000000
vt 0.968750 1.000000
vt 0.968750 0.985294
vt 0.937500 1.000000
vt 0.937500 0.985294
vt 0.906250 1.000000
vt 0.906250 0.985294
vt 0.875000 1.000000
vt 0.875000 0.985294
vt 0.843750 1.000000
vt 0.843750 0.985294
vt 0.812500 1.000000
vt 0.812500 0.985294
vt 0.781250 1.000000
vt 0.781250 0.985294
vt 0.750000 1.000000
vt 0.750000 0.985294
vt 0.718750 1.000000
vt 0.718750 0.985294
vt 0.687500 1.000000
vt 0.687500 0.985294
vt 0.656250 1.000000
vt 0.656250 0.985294
vt 0.625000 1.000000
vt 0.625000 0.985294
vt 0.593750 1.000000
vt 0.593750 0.985294
vt 0.562500 1.000000
vt 0.562500 0.985294
vt 0.531250 1.000000
vt 0.531250 0.985294
vt 0.500000 1.000000
vt 0.500000 0.985294
vt 0.968750 0.500000
vt 0.937500 0.500000
vt 0.937500 0.500000
vt 0.968750 0.500000
vt 0.531250 0.500000
vt 0.531250 0.514706
vt 0.500000 0.514706
vt 0.500000 0.500000
vt 0.531250 0.529412
vt 0.500000 0.529412
vt 0.531250 0.544118
vt 0.500000 0.544118
vt 0.531250 0.558824
vt 0.500000 0.558824
vt 0.531250 0.573529
vt 0.500000 0.573529
vt 0.531250 0.588235
vt 0.500000 0.588235
vt 0.531250 0.602941
vt 0.500000 0.602941
vt 0.531250 0.617647
vt 0.500000 0.617647
vt 0.531250 0.632353
vt 0.500000 0.632353
vt 0.531250 0.647059
vt 0.500000 0.647059
vt 0.531250 0.661765
vt 0.500000 0.661765
vt 0.531250 0.676471
vt 0.500000 0.676471
vt 0.531250 0.691176
vt 0.500000 0.691176
vt 0.531250 0.705882
vt 0.500000 0.705882
vt 0.531250 0.720588
vt 0.500000 0.720588
vt 0.531250 0.735294
vt 0.500000 0.735294
vt 0.531250 0.750000
vt 0.500000 0.750000
vt 0.531250 0.764706
vt 0.500000 0.764706
vt 0.531250 0.779412
vt 0.500000 0.779412
vt 0.531250 0.794118
vt 0.500000 0.794118
vt 0.531250 0.808823
vt 0.500000 0.808823
vt 0.531250 0.823529
vt 0.500000 0.823529
vt 0.531250 0.838235
vt 0.500000 0.838235
vt 0.531250 0.852941
vt 0.500000 0.852941
vt 0.531250 0.867647
vt 0.500000 0.867647
vt 0.531250 0.882353
vt 0.500000 0.882353
vt 0.531250 0.897059
vt 0.500000 0.897059
vt 0.531250 0.911765
vt 0.500000 0.911765
vt 0.531250 0.926471
vt 0.500000 0.926471
vt 0.531250 0.941176
vt 0.500000 0.941176
vt 0.531250 0.955882
vt 0.500000 0.955882
vt 0.531250 0.970588
vt 0.500000 0.970588
vt 0.562500 0.500000
vt 0.562500 0.514706
vt 0.562500 0.529412
vt 0.562500 0.544118
vt 0.562500 0.558824
vt 0.562500 0.573529
vt 0.562500 0.588235
vt 0.562500 0.602941
vt 0.562500 0.617647
vt 0.562500 0.632353
vt 0.562500 0.647059
vt 0.562500 0.661765
vt 0.562500 0.676471
vt 0.562500 0.691176
vt 0.562500 0.705882
vt 0.562500 0.720588
vt 0.562500 0.735294
vt 0.562500 0.750000
vt 0.562500 0.764706
vt 0.562500 0.779412
vt 0.562500 0.794118
vt 0.562500 0.808823
vt 0.562500 0.823529
vt 0.562500 0.838235
vt 0.562500 0.852941
vt 0.562500 0.867647
vt 0.562500 0.882353
vt 0.562500 0.897059
vt 0.562500 0.911765
vt 0.562500 0.926471
vt 0.562500 0.941176
vt 0.562500 0.955882
vt 0.562500 0.970588
vt 0.593750 0.500000
vt 0.593750 0.514706
vt 0.593750 0.529412
vt 0.593750 0.544118
vt 0.593750 0.558824
vt 0.593750 0.573529
vt 0.593750 0.588235
vt 0.593750 0.602941
vt 0.593750 0.617647
vt 0.593750 0.632353
vt 0.593750 0.647059
vt 0.593750 0.661765
vt 0.593750 0.676471
vt 0.593750 0.691176
vt 0.593750 0.705882
vt 0.593750 0.720588
vt 0.593750 0.735294
vt 0.593750 0.750000
vt 0.593750 0.764706
vt 0.593750 0.779412
vt 0.593750 0.794118
vt 0.593750 0.808823
vt 0.593750 0.823529
vt 0.593750 0.838235
vt 0.593750 0.852941
vt 0.593750 0.867647
vt 0.593750 0.882353
vt 0.593750 0.897059
vt 0.593750 0.911765
vt 0.593750 0.926471
vt 0.593750 0.941176
vt 0.593750 0.955882
vt 0.593750 0.970588
vt 0.625000 0.500000
vt 0.625000 0.514706
vt 0.625000 0.529412
vt 0.625000 0.544118
vt 0.625000 0.558824
vt 0.625000 0.573529
vt 0.625000 0.588235
vt 0.625000 0.602941
vt 0.625000 0.617647
vt 0.625000 0.632353
vt 0.625000 0.647059
vt 0.625000 0.661765
vt 0.625000 0.676471
vt 0.625000 0.691176
vt 0.625000 0.705882
vt 0.625000 0.720588
vt 0.625000 0.735294
vt 0.625000 0.750000
vt 0.625000 0.764706
vt 0.625000 0.779412
vt 0.625000 0.794118
vt 0.625000 0.808823
vt 0.625000 0.823529
vt 0.625000 0.838235
vt 0.625000 0.852941
vt 0.625000 0.867647
vt 0.625000 0.882353
vt 0.625000 0.897059
vt 0.625000 0.911765
vt 0.625000 0.926471
vt 0.625000 0.941176
vt 0.625000 0.955882
vt 0.625000 0.970588
vt 0.656250 0.500000
vt 0.656250 0.514706
vt 0.656250 0.529412
vt 0.656250 0.544118
vt 0.656250 0.558824
vt 0.656250 0.573529
vt 0.656250 0.588235
vt 0.656250 0.602941
vt 0.656250 0.617647
vt 0.656250 0.632353
vt 0.656250 0.647059
vt 0.656250 0.661765
vt 0.656250 0.676471
vt 0.656250 0.691176
vt 0.656250 0.705882
vt 0.656250 0.720588
vt 0.656250 0.735294
vt 0.656250 0.750000
vt 0.656250 0.764706
vt 0.656250 0.779412
vt 0.656250 0.794118
vt 0.656250 0.808823
vt 0.656250 0.823529
vt 0.656250 0.838235
vt 0.656250 0.852941
vt 0.656250 0.867647
vt 0.656250 0.882353
vt 0.656250 0.897059
vt 0.656250 0.911765
vt 0.656250 0.926471
vt 0.656250 0.941176
vt 0.656250 0.955882
vt 0.656250 0.970588
vt 0.687500 0.500000
vt 0.687500 0.514706
vt 0.687500 0.529412
vt 0.687500 0.544118
vt 0.687500 0.558824
vt 0.687500 0.573529
vt 0.687500 0.588235
vt 0.687500 0.602941
vt 0.687500 0.617647
vt 0.687500 0.632353
vt 0.687500 0.647059
vt 0.687500 0.661765
vt 0.687500 0.676471
vt 0.687500 0.691176
vt 0.687500 0.705882
vt 0.687500 0.720588
vt 0.687500 0.735294
vt 0.687500 0.750000
vt 0.687500 0.764706
vt 0.687500 0.779412
vt 0.687500 0.794118
vt 0.687500 0.808823
vt 0.687500 0.823529
vt 0.687500 0.838235
vt 0.687500 0.852941
vt 0.687500 0.867647
vt 0.687500 0.882353
vt 0.687500 0.897059
vt 0.687500 0.911765
vt 0.687500 0.926471
vt 0.687500 0.941176
vt 0.687500 0.955882
vt 0.687500 0.970588
vt 0.718750 0.500000
vt 0.718750 0.514706
vt 0.718750 0.529412
vt 0.718750 0.544118
vt 0.718750 0.558824
vt 0.718750 0.573529
vt 0.718750 0.588235
vt 0.718750 0.602941
vt 0.718750 0.617647
vt 0.718750 0.632353
vt 0.718750 0.647059
vt 0.718750 0.661765
vt 0.718750 0.676471
vt 0.718750 0.691176
vt 0.718750 0.705882
vt 0.718750 0.720588
vt 0.718750 0.735294
vt 0.718750 0.750000
vt 0.718750 0.764706
vt 0.718750 0.779412
vt 0.718750 0.794118
vt 0.718750 0.808823
vt 0.718750 0.823529
vt 0.718750 0.838235
vt 0.718750 0.852941
vt 0.718750 0.867647
vt 0.718750 0.882353
vt 0.718750 0.897059
vt 0.718750 0.911765
vt 0.718750 0.926471
vt 0.718750 0.941176
vt 0.718750 0.955882
vt 0.718750 0.970588
vt 0.750000 0.500000
vt 0.750000 0.514706
vt 0.750000 0.529412
vt 0.750000 0.544118
vt 0.750000 0.558824
vt 0.750000 0.573529
vt 0.750000 0.588235
vt 0.750000 0.602941
vt 0.750000 0.617647
vt 0.750000 0.632353
vt 0.750000 0.647059
vt 0.750000 0.661765
vt 0.750000 0.676471
vt 0.750000 0.691176
vt 0.750000 0.705882
vt 0.750000 0.720588
vt 0.750000 0.735294
vt 0.750000 0.750000
vt 0.750000 0.764706
vt 0.750000 0.779412
vt 0.750000 0.794118
vt 0.750000 0.808823
vt 0.750000 0.823529
vt 0.750000 0.838235
vt 0.750000 0.852941
vt 0.750000 0.867647
vt 0.750000 0.882353
vt 0.750000 0.897059
vt 0.750000 0.911765
vt 0.750000 0.926471
vt 0.750000 0.941176
vt 0.750000 0.955882
vt 0.750000 0.970588
vt 0.781250 0.500000
vt 0.781250 0.514706
vt 0.781250 0.529412
vt 0.781250 0.544118
vt 0.781250 0.558824
vt 0.781250 0.573529
vt 0.781250 0.588235
vt 0.781250 0.602941
vt 0.781250 0.617647
vt 0.781250 0.632353
vt 0.781250 0.647059
vt 0.781250 0.661765
vt 0.781250 0.676471
vt 0.781250 0.691176
vt 0.781250 0.705882
vt 0.781250 0.720588
vt 0.781250 0.735294
vt 0.781250 0.750000
vt 0.781250 0.764706
vt 0.781250 0.779412
vt 0.781250 0.794118
vt 0.781250 0.808823
vt 0.781250 0.823529
vt 0.781250 0.838235
vt 0.781250 0.852941
vt 0.781250 0.867647
vt 0.781250 0.882353
vt 0.781250 0.897059
vt 0.781250 0.911765
vt 0.781250 0.926471
vt 0.781250 0.941176
vt 0.781250 0.955882
vt 0.781250 0.970588
vt 0.812500 0.500000
vt 0.812500 0.514706
vt 0.812500 0.529412
vt 0.812500 0.544118
vt 0.812500 0.558824
vt 0.812500 0.573529
vt 0.812500 0.588235
vt 0.812500 0.602941
vt 0.812500 0.617647
vt 0.812500 0.632353
vt 0.812500 0.647059
vt 0.812500 0.661765
vt 0.812500 0.676471
vt 0.812500 0.691176
vt 0.812500 0.705882
vt 0.812500 0.720588
vt 0.812500 0.735294
vt 0.812500 0.750000
vt 0.812500 0.764706
vt 0.812500 0.779412
vt 0.812500 0.794118
vt 0.812500 0.808823
vt 0.812500 0.823529
vt 0.812500 0.838235
vt 0.812500 0.852941
vt 0.812500 0.867647
vt 0.812500 0.882353
vt 0.812500 0.897059
vt 0.812500 0.911765
vt 0.812500 0.926471
vt 0.812500 0.941176
vt 0.812500 0.955882
vt 0.812500 0.970588
vt 0.843750 0.500000
vt 0.843750 0.514706
vt 0.843750 0.529412
vt 0.843750 0.544118
vt 0.843750 0.558824
vt 0.843750 0.573529
vt 0.843750 0.588235
vt 0.843750 0.602941
vt 0.843750 0.617647
vt 0.843750 0.632353
vt 0.843750 0.647059
vt 0.843750 0.661765
vt 0.843750 0.676471
vt 0.843750 0.691176
vt 0.843750 0.705882
vt 0.843750 0.720588
vt 0.843750 0.735294
vt 0.843750 0.750000
vt 0.843750 0.764706
vt 0.843750 0.779412
vt 0.843750 0.794118
vt 0.843750 0.808823
vt 0.843750 0.823529
vt 0.843750 0.838235
vt 0.843750 0.852941
vt 0.843750 0.867647
vt 0.843750 0.882353
vt 0.843750 0.897059
vt 0.843750 0.911765
vt 0.843750 0.926471
vt 0.843750 0.941176
vt 0.843750 0.955882
vt 0.843750 0.970588
vt 0.875000 0.500000
vt 0.875000 0.514706
vt 0.875000 0.529412
vt 0.875000 0.544118
vt 0.875000 0.558824
vt 0.875000 0.573529
vt 0.875000 0.588235
vt 0.875000 0.602941
vt 0.875000 0.617647
vt 0.875000 0.632353
vt 0.875000 0.647059
vt 0.875000 0.661765
vt 0.875000 0.676471
vt 0.875000 0.691176
vt 0.875000 0.705882
vt 0.875000 0.720588
vt 0.875000 0.735294
vt 0.875000 0.750000
vt 0.875000 0.764706
vt 0.875000 0.779412
vt 0.875000 0.794118
vt 0.875000 0.808823
vt 0.875000 0.823529
vt 0.875000 0.838235
vt 0.875000 0.852941
vt 0.875000 0.867647
vt 0.875000 0.882353
vt 0.875000 0.897059
vt 0.875000 0.911765
vt 0.875000 0.926471
vt 0.875000 0.941176
vt 0.875000 0.955882
vt 0.875000 0.970588
vt 0.906250 0.500000
vt 0.906250 0.514706
vt 0.906250 0.529412
vt 0.906250 0.544118
vt 0.906250 0.558824
vt 0.906250 0.573529
vt 0.906250 0.588235
vt 0.906250 0.602941
vt 0.906250 0.617647
vt 0.906250 0.632353
vt 0.906250 0.647059
vt 0.906250 0.661765
vt 0.906250 0.676471
vt 0.906250 0.691176
vt 0.906250 0.705882
vt 0.906250 0.720588
vt 0.906250 0.735294
vt 0.906250 0.750000
vt 0.906250 0.764706
vt 0.906250 0.779412
vt 0.906250 0.794118
vt 0.906250 0.808823
vt 0.906250 0.823529
vt 0.906250 0.838235
vt 0.906250 0.852941
vt 0.906250 0.867647
vt 0.906250 0.882353
vt 0.906250 0.897059
vt 0.906250 0.911765
vt 0.906250 0.926471
vt 0.906250 0.941176
vt 0.906250 0.955882
vt 0.906250 0.970588
vt 0.937500 0.500000
vt 0.937500 0.514706
vt 0.937500 0.529412
vt 0.937500 0.544118
vt 0.937500 0.558824
vt 0.937500 0.573529
vt 0.937500 0.588235
vt 0.937500 0.602941
vt 0.937500 0.617647
vt 0.937500 0.632353
vt 0.937500 0.647059
vt 0.937500 0.661765
vt 0.937500 0.676471
vt 0.937500 0.691176
vt 0.937500 0.705882
vt 0.937500 0.720588
vt 0.937500 0.735294
vt 0.937500 0.750000
vt 0.937500 0.764706
vt 0.937500 0.779412
vt 0.937500 0.794118
vt 0.937500 0.808823
vt 0.937500 0.823529
vt 0.937500 0.838235
vt 0.937500 0.852941
vt 0.937500 0.867647
vt 0.937500 0.882353
vt 0.937500 0.897059
vt 0.937500 0.911765
vt 0.937500 0.926471
vt 0.937500 0.941176
vt 0.937500 0.955882
vt 0.937500 0.970588
vt 0.968750 0.500000
vt 0.968750 0.514706
vt 0.968750 0.529412
vt 0.968750 0.544118
vt 0.968750 0.558824
vt 0.968750 0.573529
vt 0.968750 0.588235
vt 0.968750 0.602941
vt 0.968750 0.617647
vt 0.968750 0.632353
vt 0.968750 0.647059
vt 0.968750 0.661765
vt 0.968750 0.676471
vt 0.968750 0.691176
vt 0.968750 0.705882
vt 0.968750 0.720588
vt 0.968750 0.735294
vt 0.968750 0.750000
vt 0.968750 0.764706
vt 0.968750 0.779412
vt 0.968750 0.794118
vt 0.968750 0.808823
vt 0.968750 0.823529
vt 0.968750 0.838235
vt 0.968750 0.852941
vt 0.968750 0.867647
vt 0.968750 0.882353
vt 0.968750 0.897059
vt 0.968750 0.911765
vt 0.968750 0.926471
vt 0.968750 0.941176
vt 0.968750 0.955882
vt 0.968750 0.970588
vt 1.000000 0.500000
vt 1.000000 0.514706
vt 1.000000 0.529412
vt 1.000000 0.544118
vt 1.000000 0.558824
vt 1.000000 0.573529
vt 1.000000 0.588235
vt 1.000000 0.602941
vt 1.000000 0.617647
vt 1.000000 0.632353
vt 1.000000 0.647059
vt 1.000000 0.661765
vt 1.000000 0.676471
vt 1.000000 0.691177
vt 1.000000 0.705883
vt 1.000000 0.720588
vt 1.000000 0.735294
vt 1.000000 0.750000
vt 1.000000 0.764706
vt 1.000000 0.779412
vt 1.000000 0.794118
vt 1.000000 0.808824
vt 1.000000 0.823530
vt 1.000000 0.838235
vt 1.000000 0.852941
vt 1.000000 0.867647
vt 1.000000 0.882353
vt 1.000000 0.897059
vt 1.000000 0.911765
vt 1.000000 0.926471
vt 1.000000 0.941177
vt 1.000000 0.955882
vt 1.000000 0.970588
vt 0.687500 0.500000
vt 0.656250 0.500000
vt 0.656250 0.500000
vt 0.687500 0.500000
vt 0.812500 0.500000
vt 0.781250 0.500000
vt 0.781250 0.500000
vt 0.812500 0.500000
vt 0.531250 0.500000
vt 0.500000 0.500000
vt 0.500000 0.500000
vt 0.531250 0.500000
vt 0.906250 0.500000
vt 0.906250 0.500000
vt 0.625000 0.500000
vt 0.625000 0.500000
vt 0.750000 0.500000
vt 0.750000 0.500000
vt 0.875000 0.500000
vt 0.875000 0.500000
vt 0.593750 0.500000
vt 0.593750 0.500000
vt 0.718750 0.500000
vt 0.718750 0.500000
vt 0.843750 0.500000
vt 0.843750 0.500000
vt 0.562500 0.500000
vt 0.562500 0.500000
vt 1.000000 0.500000
vt 1.000000 0.500000
vt 0.687500 0.500000
vt 0.656250 0.500000
vt 0.656250 0.500000
vt 0.687500 0.500000
vt 0.531250 0.500000
vt 0.562500 0.500000
vt 0.750000 0.500000
vt 0.781250 0.500000
vt 0.968750 0.500000
vt 1.000000 0.500000
vt 0.500000 0.500000
vt 0.718750 0.500000
vt 0.937500 0.500000
vt 0.906250 0.500000
vt 0.875000 0.500000
vt 0.625000 0.500000
vt 0.843750 0.500000
vt 0.593750 0.500000
vt 0.750000 0.250000
vt 0.750000 0.490000
vt 0.750000 0.490000
vt 0.750000 0.250000
vt 0.812500 0.500000
vt 0.593750 0.500000
vt 0.562500 0.500000
vt 0.562500 0.500000
vt 0.593750 0.500000
vt 0.875000 0.500000
vt 0.906250 0.500000
vt 0.625000 0.500000
vt 0.843750 0.500000
vt 0.812500 0.500000
vt 0.781250 0.500000
vt 0.531250 0.500000
vt 0.750000 0.500000
vt 0.968750 0.500000
vt 1.000000 0.500000
vt 0.500000 0.500000
vt 0.718750 0.500000
vt 0.937500 0.500000
vt 0.750000 0.490000
vt 0.750000 0.250000
vt 0.625000 0.500000
vt 0.593750 0.500000
vt 0.625000 0.500000
vt 0.781250 0.500000
vt 0.812500 0.500000
vt 0.531250 0.500000
vt 0.750000 0.500000
vt 0.968750 0.500000
vt 1.000000 0.500000
vt 0.500000 0.500000
vt 0.718750 0.500000
vt 0.937500 0.500000
vt 0.750000 0.490000
vt 0.750000 0.250000
vt 0.687500 0.500000
vt 0.906250 0.500000
vt 0.656250 0.500000
vt 0.875000 0.500000
vt 0.843750 0.500000
vt 1.000000 0.500000
vt 0.968750 0.500000
vt 0.968750 0.500000
vt 1.000000 0.500000
vt 0.812500 0.500000
vt 0.843750 0.500000
vt 0.562500 0.500000
vt 0.781250 0.500000
vt 0.531250 0.500000
vt 0.750000 0.500000
vt 0.500000 0.500000
vt 0.718750 0.500000
vt 0.937500 0.500000
vt 0.750000 0.490000
vt 0.750000 0.250000
vt 0.687500 0.500000
vt 0.906250 0.500000
vt 0.656250 0.500000
vt 0.875000 0.500000
vt 0.906250 0.500000
vt 0.875000 0.500000
vt 0.875000 0.500000
vt 0.906250 0.500000
vt 0.500000 0.500000
vt 0.531250 0.500000
vt 0.718750 0.500000
vt 0.750000 0.500000
vt 0.937500 0.500000
vt 0.750000 0.490000
vt 0.750000 0.250000
vt 0.687500 0.500000
vt 0.656250 0.500000
vt 0.625000 0.500000
vt 0.843750 0.500000
vt 0.593750 0.500000
vt 0.812500 0.500000
vt 0.562500 0.500000
vt 0.781250 0.500000
vt 0.750000 0.010000
vt 0.750000 0.250000
vt 0.750000 0.490000
vt 0.796822 0.485388
vt 0.841844 0.471731
vt 0.883337 0.449553
vt 0.919706 0.419706
vt 0.949553 0.383337
vt 0.971731 0.341844
vt 0.985388 0.296822
vt 0.990000 0.250000
vt 0.985388 0.203178
vt 0.971731 0.158156
vt 0.949553 0.116663
vt 0.919706 0.080294
vt 0.883337 0.050447
vt 0.841844 0.028269
vt 0.796822 0.014612
vt 0.625000 0.500000
vt 0.656250 0.500000
vt 0.843750 0.500000
vt 0.593750 0.500000
vt 0.812500 0.500000
vt 0.562500 0.500000
vt 0.781250 0.500000
vt 0.531250 0.500000
vt 0.750000 0.500000
vt 0.968750 0.500000
vt 1.000000 0.500000
vt 0.500000 0.500000
vt 0.718750 0.500000
vt 0.937500 0.500000
vt 0.687500 0.500000
vt 0.750000 0.010000
vt 0.750000 0.010000
vt 0.750000 0.010000
vt 0.750000 0.010000
vt 0.750000 0.010000
vt 0.750000 0.010000
vt 0.968750 0.985294
vt 0.968750 1.000000
vt 0.937500 0.985294
vt 0.937500 1.000000
vt 0.906250 0.985294
vt 0.906250 1.000000
vt 0.875000 0.985294
vt 0.875000 1.000000
vt 0.843750 0.985294
vt 0.843750 1.000000
vt 0.812500 0.985294
vt 0.812500 1.000000
vt 0.781250 0.985294
vt 0.781250 1.000000
vt 0.750000 0.985294
vt 0.750000 1.000000
vt 0.718750 0.985294
vt 0.718750 1.000000
vt 0.687500 0.985294
vt 0.687500 1.000000
vt 0.656250 0.985294
vt 0.656250 1.000000
vt 0.625000 0.985294
vt 0.625000 1.000000
vt 0.593750 0.985294
vt 0.593750 1.000000
vt 0.562500 0.985294
vt 0.562500 1.000000
vt 0.531250 0.985294
vt 0.531250 1.000000
vt 0.968750 0.500000
vt 0.968750 0.500000
vt 0.937500 0.500000
vt 0.937500 0.500000
vt 0.531250 0.500000
vt 0.531250 0.514706
vt 0.531250 0.529412
vt 0.531250 0.544118
vt 0.531250 0.558824
vt 0.531250 0.573529
vt 0.531250 0.588235
vt 0.531250 0.602941
vt 0.531250 0.617647
vt 0.531250 0.632353
vt 0.531250 0.647059
vt 0.531250 0.661765
vt 0.531250 0.676471
vt 0.531250 0.691176
vt 0.531250 0.705882
vt 0.531250 0.720588
vt 0.531250 0.735294
vt 0.531250 0.750000
vt 0.531250 0.764706
vt 0.531250 0.779412
vt 0.531250 0.794118
vt 0.531250 0.808823
vt 0.531250 0.823529
vt 0.531250 0.838235
vt 0.531250 0.852941
vt 0.531250 0.867647
vt 0.531250 0.882353
vt 0.531250 0.897059
vt 0.531250 0.911765
vt 0.531250 0.926471
vt 0.531250 0.941176
vt 0.531250 0.955882
vt 0.531250 0.970588
vt 0.562500 0.500000
vt 0.562500 0.514706
vt 0.562500 0.529412
vt 0.562500 0.544118
vt 0.562500 0.558824
vt 0.562500 0.573529
vt 0.562500 0.588235
vt 0.562500 0.602941
vt 0.562500 0.617647
vt 0.562500 0.632353
vt 0.562500 0.647059
vt 0.562500 0.661765
vt 0.562500 0.676471
vt 0.562500 0.691176
vt 0.562500 0.705882
vt 0.562500 0.720588
vt 0.562500 0.735294
vt 0.562500 0.750000
vt 0.562500 0.764706
vt 0.562500 0.779412
vt 0.562500 0.794118
vt 0.562500 0.808823
vt 0.562500 0.823529
vt 0.562500 0.838235
vt 0.562500 0.852941
vt 0.562500 0.867647
vt 0.562500 0.882353
vt 0.562500 0.897059
vt 0.562500 0.911765
vt 0.562500 0.926471
vt 0.562500 0.941176
vt 0.562500 0.955882
vt 0.562500 0.970588
vt 0.593750 0.500000
vt 0.593750 0.514706
vt 0.593750 0.529412
vt 0.593750 0.544118
vt 0.593750 0.558824
vt 0.593750 0.573529
vt 0.593750 0.588235
vt 0.593750 0.602941
vt 0.593750 0.617647
vt 0.593750 0.632353
vt 0.593750 0.647059
vt 0.593750 0.661765
vt 0.593750 0.676471
vt 0.593750 0.691176
vt 0.593750 0.705882
vt 0.593750 0.720588
vt 0.593750 0.735294
vt 0.593750 0.750000
vt 0.593750 0.764706
vt 0.593750 0.779412
vt 0.593750 0.794118
vt 0.593750 0.808823
vt 0.593750 0.823529
vt 0.593750 0.838235
vt 0.593750 0.852941
vt 0.593750 0.867647
vt 0.593750 0.882353
vt 0.593750 0.897059
vt 0.593750 0.911765
vt 0.593750 0.926471
vt 0.593750 0.941176
vt 0.593750 0.955882
vt 0.593750 0.970588
vt 0.625000 0.500000
vt 0.625000 0.514706
vt 0.625000 0.529412
vt 0.625000 0.544118
vt 0.625000 0.558824
vt 0.625000 0.573529
vt 0.625000 0.588235
vt 0.625000 0.602941
vt 0.625000 0.617647
vt 0.625000 0.632353
vt 0.625000 0.647059
vt 0.625000 0.661765
vt 0.625000 0.676471
vt 0.625000 0.691176
vt 0.625000 0.705882
vt 0.625000 0.720588
vt 0.625000 0.735294
vt 0.625000 0.750000
vt 0.625000 0.764706
vt 0.625000 0.779412
vt 0.625000 0.794118
vt 0.625000 0.808823
vt 0.625000 0.823529
vt 0.625000 0.838235
vt 0.625000 0.852941
vt 0.625000 0.867647
vt 0.625000 0.882353
vt 0.625000 0.897059
vt 0.625000 0.911765
vt 0.625000 0.926471
vt 0.625000 0.941176
vt 0.625000 0.955882
vt 0.625000 0.970588
vt 0.656250 0.500000
vt 0.656250 0.514706
vt 0.656250 0.529412
vt 0.656250 0.544118
vt 0.656250 0.558824
vt 0.656250 0.573529
vt 0.656250 0.588235
vt 0.656250 0.602941
vt 0.656250 0.617647
vt 0.656250 0.632353
vt 0.656250 0.647059
vt 0.656250 0.661765
vt 0.656250 0.676471
vt 0.656250 0.691176
vt 0.656250 0.705882
vt 0.656250 0.720588
vt 0.656250 0.735294
vt 0.656250 0.750000
vt 0.656250 0.764706
vt 0.656250 0.779412
vt 0.656250 0.794118
vt 0.656250 0.808823
vt 0.656250 0.823529
vt 0.656250 0.838235
vt 0.656250 0.852941
vt 0.656250 0.867647
vt 0.656250 0.882353
vt 0.656250 0.897059
vt 0.656250 0.911765
vt 0.656250 0.926471
vt 0.656250 0.941176
vt 0.656250 0.955882
vt 0.656250 0.970588
vt 0.687500 0.500000
vt 0.687500 0.514706
vt 0.687500 0.529412
vt 0.687500 0.544118
vt 0.687500 0.558824
vt 0.687500 0.573529
vt 0.687500 0.588235
vt 0.687500 0.602941
vt 0.687500 0.617647
vt 0.687500 0.632353
vt 0.687500 0.647059
vt 0.687500 0.661765
vt 0.687500 0.676471
vt 0.687500 0.691176
vt 0.687500 0.705882
vt 0.687500 0.720588
vt 0.687500 0.735294
vt 0.687500 0.750000
vt 0.687500 0.764706
vt 0.687500 0.779412
vt 0.687500 0.794118
vt 0.687500 0.808823
vt 0.687500 0.823529
vt 0.687500 0.838235
vt 0.687500 0.852941
vt 0.687500 0.867647
vt 0.687500 0.882353
vt 0.687500 0.897059
vt 0.687500 0.911765
vt 0.687500 0.926471
vt 0.687500 0.941176
vt 0.687500 0.955882
vt 0.687500 0.970588
vt 0.718750 0.500000
vt 0.718750 0.514706
vt 0.718750 0.529412
vt 0.718750 0.544118
vt 0.718750 0.558824
vt 0.718750 0.573529
vt 0.718750 0.588235
vt 0.718750 0.602941
vt 0.718750 0.617647
vt 0.718750 0.632353
vt 0.718750 0.647059
vt 0.718750 0.661765
vt 0.718750 0.676471
vt 0.718750 0.691176
vt 0.718750 0.705882
vt 0.718750 0.720588
vt 0.718750 0.735294
vt 0.718750 0.750000
vt 0.718750 0.764706
vt 0.718750 0.779412
vt 0.718750 0.794118
vt 0.718750 0.808823
vt 0.718750 0.823529
vt 0.718750 0.838235
vt 0.718750 0.852941
vt 0.718750 0.867647
vt 0.718750 0.882353
vt 0.718750 0.897059
vt 0.718750 0.911765
vt 0.718750 0.926471
vt 0.718750 0.941176
vt 0.718750 0.955882
vt 0.718750 0.970588
vt 0.750000 0.500000
vt 0.750000 0.514706
vt 0.750000 0.529412
vt 0.750000 0.544118
vt 0.750000 0.558824
vt 0.750000 0.573529
vt 0.750000 0.588235
vt 0.750000 0.602941
vt 0.750000 0.617647
vt 0.750000 0.632353
vt 0.750000 0.647059
vt 0.750000 0.661765
vt 0.750000 0.676471
vt 0.750000 0.691176
vt 0.750000 0.705882
vt 0.750000 0.720588
vt 0.750000 0.735294
vt 0.750000 0.750000
vt 0.750000 0.764706
vt 0.750000 0.779412
vt 0.750000 0.794118
vt 0.750000 0.808823
vt 0.750000 0.823529
vt 0.750000 0.838235
vt 0.750000 0.852941
vt 0.750000 0.867647
vt 0.750000 0.882353
vt 0.750000 0.897059
vt 0.750000 0.911765
vt 0.750000 0.926471
vt 0.750000 0.941176
vt 0.750000 0.955882
vt 0.750000 0.970588
vt 0.781250 0.500000
vt 0.781250 0.514706
vt 0.781250 0.529412
vt 0.781250 0.544118
vt 0.781250 0.558824
vt 0.781250 0.573529
vt 0.781250 0.588235
vt 0.781250 0.602941
vt 0.781250 0.617647
vt 0.781250 0.632353
vt 0.781250 0.647059
vt 0.781250 0.661765
vt 0.781250 0.676471
vt 0.781250 0.691176
vt 0.781250 0.705882
vt 0.781250 0.720588
vt 0.781250 0.735294
vt 0.781250 0.750000
vt 0.781250 0.764706
vt 0.781250 0.779412
vt 0.781250 0.794118
vt 0.781250 0.808823
vt 0.781250 0.823529
vt 0.781250 0.838235
vt 0.781250 0.852941
vt 0.781250 0.867647
vt 0.781250 0.882353
vt 0.781250 0.897059
vt 0.781250 0.911765
vt 0.781250 0.926471
vt 0.781250 0.941176
vt 0.781250 0.955882
vt 0.781250 0.970588
vt 0.812500 0.500000
vt 0.812500 0.514706
vt 0.812500 0.529412
vt 0.812500 0.544118
vt 0.812500 0.558824
vt 0.812500 0.573529
vt 0.812500 0.588235
vt 0.812500 0.602941
vt 0.812500 0.617647
vt 0.812500 0.632353
vt 0.812500 0.647059
vt 0.812500 0.661765
vt 0.812500 0.676471
vt 0.812500 0.691176
vt 0.812500 0.705882
vt 0.812500 0.720588
vt 0.812500 0.735294
vt 0.812500 0.750000
vt 0.812500 0.764706
vt 0.812500 0.779412
vt 0.812500 0.794118
vt 0.812500 0.808823
vt 0.812500 0.823529
vt 0.812500 0.838235
vt 0.812500 0.852941
vt 0.812500 0.867647
vt 0.812500 0.882353
vt 0.812500 0.897059
vt 0.812500 0.911765
vt 0.812500 0.926471
vt 0.812500 0.941176
vt 0.812500 0.955882
vt 0.812500 0.970588
vt 0.843750 0.500000
vt 0.843750 0.514706
vt 0.843750 0.529412
vt 0.843750 0.544118
vt 0.843750 0.558824
vt 0.843750 0.573529
vt 0.843750 0.588235
vt 0.843750 0.602941
vt 0.843750 0.617647
vt 0.843750 0.632353
vt 0.843750 0.647059
vt 0.843750 0.661765
vt 0.843750 0.676471
vt 0.843750 0.691176
vt 0.843750 0.705882
vt 0.843750 0.720588
vt 0.843750 0.735294
vt 0.843750 0.750000
vt 0.843750 0.764706
vt 0.843750 0.779412
vt 0.843750 0.794118
vt 0.843750 0.808823
vt 0.843750 0.823529
vt 0.843750 0.838235
vt 0.843750 0.852941
vt 0.843750 0.867647
vt 0.843750 0.882353
vt 0.843750 0.897059
vt 0.843750 0.911765
vt 0.843750 0.926471
vt 0.843750 0.941176
vt 0.843750 0.955882
vt 0.843750 0.970588
vt 0.875000 0.500000
vt 0.875000 0.514706
vt 0.875000 0.529412
vt 0.875000 0.544118
vt 0.875000 0.558824
vt 0.875000 0.573529
vt 0.875000 0.588235
vt 0.875000 0.602941
vt 0.875000 0.617647
vt 0.875000 0.632353
vt 0.875000 0.647059
vt 0.875000 0.661765
vt 0.875000 0.676471
vt 0.875000 0.691176
vt 0.875000 0.705882
vt 0.875000 0.720588
vt 0.875000 0.735294
vt 0.875000 0.750000
vt 0.875000 0.764706
vt 0.875000 0.779412
vt 0.875000 0.794118
vt 0.875000 0.808823
vt 0.875000 0.823529
vt 0.875000 0.838235
vt 0.875000 0.852941
vt 0.875000 0.867647
vt 0.875000 0.882353
vt 0.875000 0.897059
vt 0.875000 0.911765
vt 0.875000 0.926471
vt 0.875000 0.941176
vt 0.875000 0.955882
vt 0.875000 0.970588
vt 0.906250 0.500000
vt 0.906250 0.514706
vt 0.906250 0.529412
vt 0.906250 0.544118
vt 0.906250 0.558824
vt 0.906250 0.573529
vt 0.906250 0.588235
vt 0.906250 0.602941
vt 0.906250 0.617647
vt 0.906250 0.632353
vt 0.906250 0.647059
vt 0.906250 0.661765
vt 0.906250 0.676471
vt 0.906250 0.691176
vt 0.906250 0.705882
vt 0.906250 0.720588
vt 0.906250 0.735294
vt 0.906250 0.750000
vt 0.906250 0.764706
vt 0.906250 0.779412
vt 0.906250 0.794118
vt 0.906250 0.808823
vt 0.906250 0.823529
vt 0.906250 0.838235
vt 0.906250 0.852941
vt 0.906250 0.867647
vt 0.906250 0.882353
vt 0.906250 0.897059
vt 0.906250 0.911765
vt 0.906250 0.926471
vt 0.906250 0.941176
vt 0.906250 0.955882
vt 0.906250 0.970588
vt 0.937500 0.500000
vt 0.937500 0.514706
vt 0.937500 0.529412
vt 0.937500 0.544118
vt 0.937500 0.558824
vt 0.937500 0.573529
vt 0.937500 0.588235
vt 0.937500 0.602941
vt 0.937500 0.617647
vt 0.937500 0.632353
vt 0.937500 0.647059
vt 0.937500 0.661765
vt 0.937500 0.676471
vt 0.937500 0.691176
vt 0.937500 0.705882
vt 0.937500 0.720588
vt 0.937500 0.735294
vt 0.937500 0.750000
vt 0.937500 0.764706
vt 0.937500 0.779412
vt 0.937500 0.794118
vt 0.937500 0.808823
vt 0.937500 0.823529
vt 0.937500 0.838235
vt 0.937500 0.852941
vt 0.937500 0.867647
vt 0.937500 0.882353
vt 0.937500 0.897059
vt 0.937500 0.911765
vt 0.937500 0.926471
vt 0.937500 0.941176
vt 0.937500 0.955882
vt 0.937500 0.970588
vt 0.968750 0.500000
vt 0.968750 0.514706
vt 0.968750 0.529412
vt 0.968750 0.544118
vt 0.968750 0.558824
vt 0.968750 0.573529
vt 0.968750 0.588235
vt 0.968750 0.602941
vt 0.968750 0.617647
vt 0.968750 0.632353
vt 0.968750 0.647059
vt 0.968750 0.661765
vt 0.968750 0.676471
vt 0.968750 0.691176
vt 0.968750 0.705882
vt 0.968750 0.720588
vt 0.968750 0.735294
vt 0.968750 0.750000
vt 0.968750 0.764706
vt 0.968750 0.779412
vt 0.968750 0.794118
vt 0.968750 0.808823
vt 0.968750 0.823529
vt 0.968750 0.838235
vt 0.968750 0.852941
vt 0.968750 0.867647
vt 0.968750 0.882353
vt 0.968750 0.897059
vt 0.968750 0.911765
vt 0.968750 0.926471
vt 0.968750 0.941176
vt 0.968750 0.955882
vt 0.968750 0.970588
vt 0.687500 0.500000
vt 0.687500 0.500000
vt 0.656250 0.500000
vt 0.656250 0.500000
vt 0.812500 0.500000
vt 0.812500 0.500000
vt 0.781250 0.500000
vt 0.781250 0.500000
vt 0.531250 0.500000
vt 0.531250 0.500000
vt 0.906250 0.500000
vt 0.906250 0.500000
vt 0.625000 0.500000
vt 0.625000 0.500000
vt 0.750000 0.500000
vt 0.750000 0.500000
vt 0.875000 0.500000
vt 0.875000 0.500000
vt 0.593750 0.500000
vt 0.593750 0.500000
vt 0.718750 0.500000
vt 0.718750 0.500000
vt 0.843750 0.500000
vt 0.843750 0.500000
vt 0.562500 0.500000
vt 0.562500 0.500000
vt 0.687500 0.500000
vt 0.687500 0.500000
vt 0.656250 0.500000
vt 0.656250 0.500000
vt 0.562500 0.500000
vt 0.531250 0.500000
vt 0.781250 0.500000
vt 0.750000 0.500000
vt 1.000000 0.500000
vt 0.968750 0.500000
vt 0.500000 0.500000
vt 0.718750 0.500000
vt 0.937500 0.500000
vt 0.906250 0.500000
vt 0.875000 0.500000
vt 0.625000 0.500000
vt 0.843750 0.500000
vt 0.593750 0.500000
vt 0.750000 0.250000
vt 0.750000 0.490000
vt 0.812500 0.500000
vt 0.593750 0.500000
vt 0.593750 0.500000
vt 0.562500 0.500000
vt 0.562500 0.500000
vt 0.906250 0.500000
vt 0.875000 0.500000
vt 0.625000 0.500000
vt 0.843750 0.500000
vt 0.812500 0.500000
vt 0.781250 0.500000
vt 0.531250 0.500000
vt 0.750000 0.500000
vt 1.000000 0.500000
vt 0.968750 0.500000
vt 0.500000 0.500000
vt 0.718750 0.500000
vt 0.937500 0.500000
vt 0.750000 0.250000
vt 0.750000 0.490000
vt 0.625000 0.500000
vt 0.625000 0.500000
vt 0.593750 0.500000
vt 0.812500 0.500000
vt 0.781250 0.500000
vt 0.531250 0.500000
vt 0.750000 0.500000
vt 1.000000 0.500000
vt 0.968750 0.500000
vt 0.500000 0.500000
vt 0.718750 0.500000
vt 0.937500 0.500000
vt 0.750000 0.250000
vt 0.750000 0.490000
vt 0.687500 0.500000
vt 0.906250 0.500000
vt 0.656250 0.500000
vt 0.875000 0.500000
vt 0.843750 0.500000
vt 1.000000 0.500000
vt 1.000000 0.500000
vt 0.968750 0.500000
vt 0.968750 0.500000
vt 0.843750 0.500000
vt 0.812500 0.500000
vt 0.562500 0.500000
vt 0.781250 0.500000
vt 0.531250 0.500000
vt 0.750000 0.500000
vt 0.500000 0.500000
vt 0.718750 0.500000
vt 0.937500 0.500000
vt 0.750000 0.250000
vt 0.750000 0.490000
vt 0.687500 0.500000
vt 0.906250 0.500000
vt 0.656250 0.500000
vt 0.875000 0.500000
vt 0.906250 0.500000
vt 0.906250 0.500000
vt 0.875000 0.500000
vt 0.875000 0.500000
vt 0.531250 0.500000
vt 0.500000 0.500000
vt 0.750000 0.500000
vt 0.718750 0.500000
vt 0.937500 0.500000
vt 0.750000 0.250000
vt 0.750000 0.490000
vt 0.687500 0.500000
vt 0.656250 0.500000
vt 0.625000 0.500000
vt 0.843750 0.500000
vt 0.593750 0.500000
vt 0.812500 0.500000
vt 0.562500 0.500000
vt 0.781250 0.500000
vt 0.750000 0.010000
vt 0.796822 0.014612
vt 0.841844 0.028269
vt 0.883337 0.050447
vt 0.919706 0.080294
vt 0.949553 0.116663
vt 0.971731 0.158156
vt 0.985388 0.203178
vt 0.990000 0.250000
vt 0.985388 0.296822
vt 0.971731 0.341844
vt 0.949553 0.383337
vt 0.919706 0.419706
vt 0.883337 0.449553
vt 0.841844 0.471731
vt 0.796822 0.485388
vt 0.750000 0.490000
vt 0.750000 0.250000
vt 0.656250 0.500000
vt 0.625000 0.500000
vt 0.843750 0.500000
vt 0.593750 0.500000
vt 0.812500 0.500000
vt 0.562500 0.500000
vt 0.781250 0.500000
vt 0.531250 0.500000
vt 0.750000 0.500000
vt 1.000000 0.500000
vt 0.968750 0.500000
vt 0.500000 0.500000
vt 0.718750 0.500000
vt 0.937500 0.500000
vt 0.687500 0.500000
vt 0.750000 0.010000
vt 0.750000 0.010000
vt 0.750000 0.010000
vt 0.750000 0.010000
vt 0.750000 0.010000
vn 0.0000 0.0000 1.0000
vn 0.4561 0.0000 0.8899
vn 0.7353 0.0000 0.6777
vn 0.8706 0.0000 0.4920
vn 0.9362 0.0000 0.3514
vn 0.9701 0.0000 0.2425
vn 0.9882 0.0000 0.1529
vn 0.9973 0.0000 0.0740
vn 1.0000 0.0000 -0.0000
vn 0.9973 0.0000 -0.0740
vn 0.9882 0.0000 -0.1529
vn 0.9701 0.0000 -0.2425
vn 0.9362 0.0000 -0.3514
vn 0.8706 0.0000 -0.4920
vn 0.7353 0.0000 -0.6777
vn 0.4561 0.0000 -0.8899
vn 0.0000 0.0000 -1.0000
vn 0.0799 -0.0410 0.9960
vn 0.1617 -0.1190 0.9796
vn 0.0761 -0.1228 0.9895
vn 0.0337 -0.0450 0.9984
vn 0.2796 -0.0240 -0.9598
vn 0.0000 -0.0087 -1.0000
vn 0.4903 -0.0752 -0.8683
vn 0.6361 -0.1621 -0.7544
vn 0.7373 -0.2678 -0.6202
vn 0.8042 -0.3665 -0.4679
vn 0.8437 -0.4393 -0.3086
vn 0.8634 -0.4810 -0.1521
vn 0.8692 -0.4944 -0.0000
vn 0.8634 -0.4810 0.1521
vn 0.8437 -0.4393 0.3086
vn 0.8042 -0.3665 0.4679
vn 0.7373 -0.2678 0.6202
vn 0.6361 -0.1621 0.7544
vn 0.4903 -0.0752 0.8683
vn 0.2796 -0.0240 0.9598
vn -0.0000 -0.0087 1.0000
vn 0.4457 -0.6840 -0.5776
vn 0.3880 -0.5426 -0.7450
vn 0.2434 -0.5016 -0.8302
vn 0.3162 -0.6807 -0.6608
vn 0.4457 -0.6840 0.5776
vn 0.4950 -0.8013 0.3360
vn 0.3736 -0.8490 0.3737
vn 0.3162 -0.6807 0.6608
vn 0.0799 -0.0410 -0.9960
vn 0.0000 -0.0144 -0.9999
vn -0.0000 0.6137 -0.7895
vn 0.0337 -0.0450 -0.9984
vn 0.2441 -0.2412 0.9393
vn 0.1233 -0.2221 0.9672
vn 0.3211 -0.3898 -0.8631
vn 0.1783 -0.3471 -0.9207
vn 0.5189 -0.8548 -0.0000
vn 0.3818 -0.9242 -0.0000
vn 0.3211 -0.3898 0.8631
vn 0.1783 -0.3471 0.9207
vn 0.2441 -0.2412 -0.9393
vn 0.1233 -0.2221 -0.9672
vn 0.4950 -0.8013 -0.3360
vn 0.3736 -0.8490 -0.3737
vn 0.3880 -0.5426 0.7450
vn 0.2434 -0.5016 0.8302
vn 0.1617 -0.1190 -0.9796
vn 0.0761 -0.1228 -0.9895
vn 0.0000 -0.0144 0.9999
vn -0.0000 0.6137 0.7895
vn 0.2433 -0.7659 -0.5951
vn 0.1939 -0.6102 -0.7682
vn 0.2308 -0.5916 -0.7725
vn 0.3439 -0.6878 -0.6392
vn 0.0331 -0.1039 -0.9940
vn 0.0677 -0.2128 -0.9748
vn 0.3020 -0.9533 -0.0000
vn 0.2852 -0.8986 0.3334
vn 0.0331 -0.1039 0.9940
vn -0.2084 0.6561 0.7253
vn -0.2084 0.6561 -0.7253
vn 0.2852 -0.8986 -0.3334
vn 0.0677 -0.2128 0.9748
vn 0.1052 -0.3308 0.9378
vn 0.1471 -0.4626 0.8743
vn 0.1471 -0.4626 -0.8743
vn 0.1939 -0.6102 0.7682
vn 0.1052 -0.3308 -0.9378
vn -0.0000 1.0000 0.0000
vn -0.3028 0.9531 0.0000
vn 0.2433 -0.7659 0.5951
vn 0.1141 -0.3544 -0.9281
vn 0.0728 -0.2397 -0.9681
vn 0.0385 -0.2822 -0.9586
vn 0.0619 -0.4023 -0.9134
vn 0.1591 -0.4458 0.8809
vn 0.1099 -0.3206 0.9408
vn 0.1637 -0.4733 -0.8655
vn 0.2246 -0.5735 0.7878
vn 0.3331 -0.6838 0.6492
vn 0.5660 -0.7085 0.4215
vn 0.0360 -0.1284 -0.9911
vn 0.7743 -0.6328 -0.0070
vn 0.0321 -0.0880 0.9956
vn -0.2066 0.6611 0.7213
vn -0.2020 0.6532 -0.7297
vn 0.5773 -0.6987 -0.4225
vn 0.0688 -0.2017 0.9770
vn -0.2971 0.9547 -0.0139
vn 0.0931 -0.5229 -0.8473
vn -0.1647 -0.4548 -0.8752
vn -0.1910 -0.6061 -0.7721
vn 0.4037 -0.7695 0.4949
vn 0.2184 -0.6914 0.6886
vn 0.0186 -0.1632 -0.9864
vn 0.6037 -0.7949 0.0607
vn 0.0143 -0.0659 0.9977
vn -0.1097 0.7420 0.6613
vn -0.1051 0.6775 -0.7280
vn 0.4567 -0.7831 -0.4221
vn 0.0339 -0.1887 0.9814
vn -0.1485 0.9880 -0.0436
vn 0.2448 -0.7332 -0.6344
vn 0.0567 -0.3153 0.9473
vn 0.1432 -0.6384 -0.7563
vn 0.0863 -0.4456 0.8911
vn 0.1316 -0.5754 0.8072
vn 0.2976 0.7322 0.6126
vn -0.0201 -0.0592 0.9980
vn -0.0480 -0.1767 0.9831
vn 0.7519 0.1353 0.6453
vn -0.1533 -0.8404 0.5199
vn -0.1858 -0.6770 0.7122
vn -0.1215 -0.3121 -0.9422
vn -0.0748 -0.9556 0.2850
vn -0.0966 -0.2024 -0.9745
vn -0.0195 -0.9988 0.0452
vn 0.2777 0.6622 -0.6960
vn -0.0463 -0.9809 -0.1890
vn -0.0759 -0.1962 0.9776
vn 0.3811 0.9229 -0.0539
vn -0.1271 -0.8988 -0.4196
vn -0.1288 -0.3448 0.9298
vn -0.1843 -0.7614 -0.6215
vn -0.1703 -0.5059 0.8456
vn -0.2852 -0.2960 0.9116
vn -0.4032 -0.3728 0.8358
vn -0.3159 -0.7715 0.5522
vn -0.2182 -0.7791 0.5877
vn 0.6344 0.1260 -0.7627
vn -0.2257 -0.2574 -0.9396
vn -0.6081 -0.7597 -0.2303
vn -0.6002 -0.7978 0.0568
vn -0.1647 -0.2314 0.9588
vn 0.9534 0.2964 -0.0557
vn -0.6079 -0.6421 -0.4670
vn -0.5606 -0.5225 -0.6424
vn -0.4756 -0.4279 -0.7686
vn -0.5097 -0.4675 0.7222
vn -0.3725 -0.3533 -0.8581
vn -0.5854 -0.5869 0.5593
vn -0.2624 -0.2910 -0.9200
vn -0.6090 -0.7184 0.3362
vn 0.4307 -0.7306 -0.5298
vn 0.6376 -0.7695 -0.0372
vn 0.5390 -0.7083 0.4559
vn -0.0508 -0.7967 0.6022
vn -0.1295 -0.7876 0.6024
vn -0.4215 -0.7648 0.4873
vn -0.5273 -0.7591 0.3817
vn -0.6145 -0.7551 0.2285
vn -0.6562 -0.7536 0.0383
vn -0.6369 -0.7551 -0.1555
vn -0.5679 -0.7591 -0.3181
vn -0.4747 -0.7648 -0.4355
vn -0.3771 -0.7716 -0.5123
vn -0.2839 -0.7792 -0.5588
vn -0.1973 -0.7876 -0.5837
vn -0.1602 -0.7923 -0.5887
vn -0.4561 0.0000 0.8899
vn -0.7353 0.0000 0.6777
vn -0.8706 0.0000 0.4920
vn -0.9362 0.0000 0.3514
vn -0.9701 0.0000 0.2425
vn -0.9882 0.0000 0.1529
vn -0.9973 0.0000 0.0740
vn -1.0000 0.0000 -0.0000
vn -0.9973 0.0000 -0.0740
vn -0.9882 0.0000 -0.1529
vn -0.9701 0.0000 -0.2425
vn -0.9362 0.0000 -0.3514
vn -0.8706 0.0000 -0.4920
vn -0.7353 0.0000 -0.6777
vn -0.4561 0.0000 -0.8899
vn -0.0799 -0.0410 0.9960
vn -0.0337 -0.0450 0.9984
vn -0.0761 -0.1228 0.9895
vn -0.1618 -0.1190 0.9796
vn -0.2796 -0.0240 -0.9598
vn -0.4903 -0.0752 -0.8683
vn -0.6361 -0.1621 -0.7544
vn -0.7373 -0.2678 -0.6202
vn -0.8042 -0.3665 -0.4679
vn -0.8437 -0.4393 -0.3086
vn -0.8634 -0.4810 -0.1521
vn -0.8692 -0.4944 -0.0000
vn -0.8634 -0.4810 0.1521
vn -0.8437 -0.4393 0.3086
vn -0.8042 -0.3665 0.4679
vn -0.7373 -0.2678 0.6202
vn -0.6361 -0.1621 0.7544
vn -0.4903 -0.0752 0.8683
vn -0.2796 -0.0240 0.9598
vn -0.4457 -0.6840 -0.5776
vn -0.3162 -0.6807 -0.6608
vn -0.2434 -0.5016 -0.8302
vn -0.3880 -0.5426 -0.7450
vn -0.4457 -0.6840 0.5776
vn -0.3162 -0.6807 0.6608
vn -0.3736 -0.8490 0.3737
vn -0.4950 -0.8013 0.3360
vn -0.0799 -0.0410 -0.9960
vn -0.0337 -0.0450 -0.9984
vn -0.1233 -0.2221 0.9672
vn -0.2441 -0.2412 0.9393
vn -0.1783 -0.3471 -0.9207
vn -0.3211 -0.3898 -0.8631
vn -0.3818 -0.9242 -0.0000
vn -0.5189 -0.8548 -0.0000
vn -0.1783 -0.3471 0.9207
vn -0.3211 -0.3898 0.8631
vn -0.1233 -0.2221 -0.9672
vn -0.2441 -0.2412 -0.9393
vn -0.3736 -0.8490 -0.3737
vn -0.4950 -0.8013 -0.3360
vn -0.2434 -0.5016 0.8301
vn -0.3880 -0.5426 0.7450
vn -0.0761 -0.1228 -0.9895
vn -0.1618 -0.1190 -0.9796
vn -0.2433 -0.7659 -0.5951
vn -0.3439 -0.6878 -0.6392
vn -0.2308 -0.5917 -0.7725
vn -0.1939 -0.6102 -0.7682
vn -0.0677 -0.2128 -0.9748
vn -0.0331 -0.1039 -0.9940
vn -0.2852 -0.8986 0.3334
vn -0.3020 -0.9533 -0.0000
vn 0.2084 0.6561 0.7253
vn -0.0331 -0.1039 0.9940
vn 0.2084 0.6561 -0.7253
vn -0.2852 -0.8986 -0.3334
vn -0.0677 -0.2128 0.9748
vn -0.1052 -0.3308 0.9378
vn -0.1471 -0.4626 0.8743
vn -0.1471 -0.4626 -0.8743
vn -0.1939 -0.6102 0.7682
vn -0.1052 -0.3308 -0.9378
vn 0.3028 0.9531 0.0000
vn -0.2433 -0.7659 0.5951
vn -0.1141 -0.3544 -0.9281
vn -0.0619 -0.4023 -0.9134
vn -0.0385 -0.2822 -0.9586
vn -0.0728 -0.2397 -0.9681
vn -0.1099 -0.3206 0.9408
vn -0.1591 -0.4458 0.8809
vn -0.1637 -0.4733 -0.8655
vn -0.2246 -0.5735 0.7878
vn -0.3331 -0.6838 0.6492
vn -0.5660 -0.7085 0.4215
vn -0.0360 -0.1284 -0.9911
vn -0.7743 -0.6328 -0.0070
vn 0.2066 0.6611 0.7213
vn -0.0321 -0.0880 0.9956
vn 0.2020 0.6532 -0.7297
vn -0.5773 -0.6987 -0.4225
vn -0.0688 -0.2017 0.9770
vn 0.2971 0.9547 -0.0139
vn -0.0931 -0.5229 -0.8473
vn 0.1910 -0.6061 -0.7721
vn 0.1647 -0.4548 -0.8752
vn -0.2184 -0.6914 0.6886
vn -0.4037 -0.7695 0.4949
vn -0.0186 -0.1632 -0.9864
vn -0.6037 -0.7949 0.0607
vn 0.1097 0.7420 0.6613
vn -0.0143 -0.0659 0.9977
vn 0.1051 0.6775 -0.7280
vn -0.4567 -0.7831 -0.4221
vn -0.0339 -0.1887 0.9814
vn 0.1485 0.9880 -0.0436
vn -0.2448 -0.7332 -0.6344
vn -0.0567 -0.3153 0.9473
vn -0.1432 -0.6384 -0.7563
vn -0.0863 -0.4456 0.8911
vn -0.1316 -0.5754 0.8072
vn -0.2976 0.7322 0.6126
vn -0.7519 0.1353 0.6453
vn 0.0480 -0.1767 0.9831
vn 0.0201 -0.0592 0.9980
vn 0.1858 -0.6770 0.7122
vn 0.1533 -0.8404 0.5199
vn 0.1215 -0.3121 -0.9422
vn 0.0748 -0.9556 0.2850
vn 0.0966 -0.2024 -0.9745
vn 0.0195 -0.9988 0.0452
vn -0.2777 0.6622 -0.6960
vn 0.0463 -0.9809 -0.1890
vn 0.0759 -0.1962 0.9776
vn -0.3811 0.9229 -0.0539
vn 0.1271 -0.8988 -0.4196
vn 0.1288 -0.3448 0.9298
vn 0.1843 -0.7614 -0.6215
vn 0.1703 -0.5059 0.8456
vn 0.2852 -0.2960 0.9116
vn 0.2182 -0.7791 0.5877
vn 0.3159 -0.7715 0.5522
vn 0.4032 -0.3728 0.8358
vn 0.2257 -0.2574 -0.9396
vn -0.6344 0.1260 -0.7627
vn 0.6002 -0.7978 0.0568
vn 0.6081 -0.7597 -0.2303
vn 0.1647 -0.2314 0.9588
vn -0.9534 0.2964 -0.0557
vn 0.6079 -0.6421 -0.4670
vn 0.5606 -0.5225 -0.6424
vn 0.4756 -0.4279 -0.7686
vn 0.5097 -0.4675 0.7222
vn 0.3726 -0.3533 -0.8581
vn 0.5854 -0.5869 0.5593
vn 0.2624 -0.2910 -0.9200
vn 0.6090 -0.7184 0.3361
vn -0.4307 -0.7306 -0.5298
vn 0.1602 -0.7923 -0.5887
vn 0.1973 -0.7876 -0.5837
vn 0.2839 -0.7792 -0.5588
vn 0.3771 -0.7716 -0.5123
vn 0.4747 -0.7648 -0.4355
vn 0.5679 -0.7591 -0.3181
vn 0.6369 -0.7551 -0.1555
vn 0.6562 -0.7536 0.0383
vn 0.6145 -0.7551 0.2285
vn 0.5273 -0.7591 0.3817
vn 0.4215 -0.7648 0.4873
vn 0.1295 -0.7876 0.6024
vn 0.0508 -0.7967 0.6022
vn -0.5390 -0.7082 0.4559
vn -0.6376 -0.7695 -0.0372
usemtl Lift_Rope_Material
s 1
f 201/216/82 136/217/82 138/218/83 202/219/83
f 202/219/83 138/218/83 140/220/84 235/221/84
f 235/221/84 140/220/84 142/222/85 268/223/85
f 268/223/85 142/222/85 144/224/86 301/225/86
f 301/225/86 144/224/86 146/226/87 334/227/87
f 334/227/87 146/226/87 148/228/88 367/229/88
f 367/229/88 148/228/88 150/230/89 400/231/89
f 400/231/89 150/230/89 152/232/90 433/233/90
f 433/233/90 152/232/90 154/234/91 466/235/91
f 466/235/91 154/234/91 156/236/92 499/237/92
f 499/237/92 156/236/92 158/238/93 532/239/93
f 532/239/93 158/238/93 160/240/94 565/241/94
f 565/241/94 160/240/94 162/242/95 598/243/95
f 598/243/95 162/242/95 164/244/96 631/245/96
f 631/245/96 164/244/96 166/246/97 664/247/97
f 664/247/97 166/246/97 168/248/98 697/249/98
f 859/250/99 858/251/100 734/252/101 733/253/102
f 165/254/103 696/255/97 729/256/98 167/257/104
f 696/255/97 695/258/97 728/259/98 729/256/98
f 695/258/97 694/260/97 727/261/98 728/259/98
f 694/260/97 693/262/97 726/263/98 727/261/98
f 693/262/97 692/264/97 725/265/98 726/263/98
f 692/264/97 691/266/97 724/267/98 725/265/98
f 691/266/97 690/268/97 723/269/98 724/267/98
f 690/268/97 689/270/97 722/271/98 723/269/98
f 689/270/97 688/272/97 721/273/98 722/271/98
f 688/272/97 687/274/97 720/275/98 721/273/98
f 687/274/97 686/276/97 719/277/98 720/275/98
f 686/276/97 685/278/97 718/279/98 719/277/98
f 685/278/97 684/280/97 717/281/98 718/279/98
f 684/280/97 683/282/97 716/283/98 717/281/98
f 683/282/97 682/284/97 715/285/98 716/283/98
f 682/284/97 681/286/97 714/287/98 715/285/98
f 681/286/97 680/288/97 713/289/98 714/287/98
f 680/288/97 679/290/97 712/291/98 713/289/98
f 679/290/97 678/292/97 711/293/98 712/291/98
f 678/292/97 677/294/97 710/295/98 711/293/98
f 677/294/97 676/296/97 709/297/98 710/295/98
f 676/296/97 675/298/97 708/299/98 709/297/98
f 675/298/97 674/300/97 707/301/98 708/299/98
f 674/300/97 673/302/97 706/303/98 707/301/98
f 673/302/97 672/304/97 705/305/98 706/303/98
f 672/304/97 671/306/97 704/307/98 705/305/98
f 671/306/97 670/308/97 703/309/98 704/307/98
f 670/308/97 669/310/97 702/311/98 703/309/98
f 669/310/97 668/312/97 701/313/98 702/311/98
f 668/312/97 667/314/97 700/315/98 701/313/98
f 667/314/97 666/316/97 699/317/98 700/315/98
f 666/316/97 665/318/97 698/319/98 699/317/98
f 665/318/97 664/247/97 697/249/98 698/319/98
f 163/320/105 663/321/96 696/255/97 165/254/103
f 663/321/96 662/322/96 695/258/97 696/255/97
f 662/322/96 661/323/96 694/260/97 695/258/97
f 661/323/96 660/324/96 693/262/97 694/260/97
f 660/324/96 659/325/96 692/264/97 693/262/97
f 659/325/96 658/326/96 691/266/97 692/264/97
f 658/326/96 657/327/96 690/268/97 691/266/97
f 657/327/96 656/328/96 689/270/97 690/268/97
f 656/328/96 655/329/96 688/272/97 689/270/97
f 655/329/96 654/330/96 687/274/97 688/272/97
f 654/330/96 653/331/96 686/276/97 687/274/97
f 653/331/96 652/332/96 685/278/97 686/276/97
f 652/332/96 651/333/96 684/280/97 685/278/97
f 651/333/96 650/334/96 683/282/97 684/280/97
f 650/334/96 649/335/96 682/284/97 683/282/97
f 649/335/96 648/336/96 681/286/97 682/284/97
f 648/336/96 647/337/96 680/288/97 681/286/97
f 647/337/96 646/338/96 679/290/97 680/288/97
f 646/338/96 645/339/96 678/292/97 679/290/97
f 645/339/96 644/340/96 677/294/97 678/292/97
f 644/340/96 643/341/96 676/296/97 677/294/97
f 643/341/96 642/342/96 675/298/97 676/296/97
f 642/342/96 641/343/96 674/300/97 675/298/97
f 641/343/96 640/344/96 673/302/97 674/300/97
f 640/344/96 639/345/96 672/304/97 673/302/97
f 639/345/96 638/346/96 671/306/97 672/304/97
f 638/346/96 637/347/96 670/308/97 671/306/97
f 637/347/96 636/348/96 669/310/97 670/308/97
f 636/348/96 635/349/96 668/312/97 669/310/97
f 635/349/96 634/350/96 667/314/97 668/312/97
f 634/350/96 633/351/96 666/316/97 667/314/97
f 633/351/96 632/352/96 665/318/97 666/316/97
f 632/352/96 631/245/96 664/247/97 665/318/97
f 161/353/106 630/354/95 663/321/96 163/320/105
f 630/354/95 629/355/95 662/322/96 663/321/96
f 629/355/95 628/356/95 661/323/96 662/322/96
f 628/356/95 627/357/95 660/324/96 661/323/96
f 627/357/95 626/358/95 659/325/96 660/324/96
f 626/358/95 625/359/95 658/326/96 659/325/96
f 625/359/95 624/360/95 657/327/96 658/326/96
f 624/360/95 623/361/95 656/328/96 657/327/96
f 623/361/95 622/362/95 655/329/96 656/328/96
f 622/362/95 621/363/95 654/330/96 655/329/96
f 621/363/95 620/364/95 653/331/96 654/330/96
f 620/364/95 619/365/95 652/332/96 653/331/96
f 619/365/95 618/366/95 651/333/96 652/332/96
f 618/366/95 617/367/95 650/334/96 651/333/96
f 617/367/95 616/368/95 649/335/96 650/334/96
f 616/368/95 615/369/95 648/336/96 649/335/96
f 615/369/95 614/370/95 647/337/96 648/336/96
f 614/370/95 613/371/95 646/338/96 647/337/96
f 613/371/95 612/372/95 645/339/96 646/338/96
f 612/372/95 611/373/95 644/340/96 645/339/96
f 611/373/95 610/374/95 643/341/96 644/340/96
f 610/374/95 609/375/95 642/342/96 643/341/96
f 609/375/95 608/376/95 641/343/96 642/342/96
f 608/376/95 607/377/95 640/344/96 641/343/96
f 607/377/95 606/378/95 639/345/96 640/344/96
f 606/378/95 605/379/95 638/346/96 639/345/96
f 605/379/95 604/380/95 637/347/96 638/346/96
f 604/380/95 603/381/95 636/348/96 637/347/96
f 603/381/95 602/382/95 635/349/96 636/348/96
f 602/382/95 601/383/95 634/350/96 635/349/96
f 601/383/95 600/384/95 633/351/96 634/350/96
f 600/384/95 599/385/95 632/352/96 633/351/96
f 599/385/95 598/243/95 631/245/96 632/352/96
f 159/386/107 597/387/94 630/354/95 161/353/106
f 597/387/94 596/388/94 629/355/95 630/354/95
f 596/388/94 595/389/94 628/356/95 629/355/95
f 595/389/94 594/390/94 627/357/95 628/356/95
f 594/390/94 593/391/94 626/358/95 627/357/95
f 593/391/94 592/392/94 625/359/95 626/358/95
f 592/392/94 591/393/94 624/360/95 625/359/95
f 591/393/94 590/394/94 623/361/95 624/360/95
f 590/394/94 589/395/94 622/362/95 623/361/95
f 589/395/94 588/396/94 621/363/95 622/362/95
f 588/396/94 587/397/94 620/364/95 621/363/95
f 587/397/94 586/398/94 619/365/95 620/364/95
f 586/398/94 585/399/94 618/366/95 619/365/95
f 585/399/94 584/400/94 617/367/95 618/366/95
f 584/400/94 583/401/94 616/368/95 617/367/95
f 583/401/94 582/402/94 615/369/95 616/368/95
f 582/402/94 581/403/94 614/370/95 615/369/95
f 581/403/94 580/404/94 613/371/95 614/370/95
f 580/404/94 579/405/94 612/372/95 613/371/95
f 579/405/94 578/406/94 611/373/95 612/372/95
f 578/406/94 577/407/94 610/374/95 611/373/95
f 577/407/94 576/408/94 609/375/95 610/374/95
f 576/408/94 575/409/94 608/376/95 609/375/95
f 575/409/94 574/410/94 607/377/95 608/376/95
f 574/410/94 573/411/94 606/378/95 607/377/95
f 573/411/94 572/412/94 605/379/95 606/378/95
f 572/412/94 571/413/94 604/380/95 605/379/95
f 571/413/94 570/414/94 603/381/95 604/380/95
f 570/414/94 569/415/94 602/382/95 603/381/95
f 569/415/94 568/416/94 601/383/95 602/382/95
f 568/416/94 567/417/94 600/384/95 601/383/95
f 567/417/94 566/418/94 599/385/95 600/384/95
f 566/418/94 565/241/94 598/243/95 599/385/95
f 157/419/108 564/420/93 597/387/94 159/386/107
f 564/420/93 563/421/93 596/388/94 597/387/94
f 563/421/93 562/422/93 595/389/94 596/388/94
f 562/422/93 561/423/93 594/390/94 595/389/94
f 561/423/93 560/424/93 593/391/94 594/390/94
f 560/424/93 559/425/93 592/392/94 593/391/94
f 559/425/93 558/426/93 591/393/94 592/392/94
f 558/426/93 557/427/93 590/394/94 591/393/94
f 557/427/93 556/428/93 589/395/94 590/394/94
f 556/428/93 555/429/93 588/396/94 589/395/94
f 555/429/93 554/430/93 587/397/94 588/396/94
f 554/430/93 553/431/93 586/398/94 587/397/94
f 553/431/93 552/432/93 585/399/94 586/398/94
f 552/432/93 551/433/93 584/400/94 585/399/94
f 551/433/93 550/434/93 583/401/94 584/400/94
f 550/434/93 549/435/93 582/402/94 583/401/94
f 549/435/93 548/436/93 581/403/94 582/402/94
f 548/436/93 547/437/93 580/404/94 581/403/94
f 547/437/93 546/438/93 579/405/94 580/404/94
f 546/438/93 545/439/93 578/406/94 579/405/94
f 545/439/93 544/440/93 577/407/94 578/406/94
f 544/440/93 543/441/93 576/408/94 577/407/94
f 543/441/93 542/442/93 575/409/94 576/408/94
f 542/442/93 541/443/93 574/410/94 575/409/94
f 541/443/93 540/444/93 573/411/94 574/410/94
f 540/444/93 539/445/93 572/412/94 573/411/94
f 539/445/93 538/446/93 571/413/94 572/412/94
f 538/446/93 537/447/93 570/414/94 571/413/94
f 537/447/93 536/448/93 569/415/94 570/414/94
f 536/448/93 535/449/93 568/416/94 569/415/94
f 535/449/93 534/450/93 567/417/94 568/416/94
f 534/450/93 533/451/93 566/418/94 567/417/94
f 533/451/93 532/239/93 565/241/94 566/418/94
f 155/452/109 531/453/92 564/420/93 157/419/108
f 531/453/92 530/454/92 563/421/93 564/420/93
f 530/454/92 529/455/92 562/422/93 563/421/93
f 529/455/92 528/456/92 561/423/93 562/422/93
f 528/456/92 527/457/92 560/424/93 561/423/93
f 527/457/92 526/458/92 559/425/93 560/424/93
f 526/458/92 525/459/92 558/426/93 559/425/93
f 525/459/92 524/460/92 557/427/93 558/426/93
f 524/460/92 523/461/92 556/428/93 557/427/93
f 523/461/92 522/462/92 555/429/93 556/428/93
f 522/462/92 521/463/92 554/430/93 555/429/93
f 521/463/92 520/464/92 553/431/93 554/430/93
f 520/464/92 519/465/92 552/432/93 553/431/93
f 519/465/92 518/466/92 551/433/93 552/432/93
f 518/466/92 517/467/92 550/434/93 551/433/93
f 517/467/92 516/468/92 549/435/93 550/434/93
f 516/468/92 515/469/92 548/436/93 549/435/93
f 515/469/92 514/470/92 547/437/93 548/436/93
f 514/470/92 513/471/92 546/438/93 547/437/93
f 513/471/92 512/472/92 545/439/93 546/438/93
f 512/472/92 511/473/92 544/440/93 545/439/93
f 511/473/92 510/474/92 543/441/93 544/440/93
f 510/474/92 509/475/92 542/442/93 543/441/93
f 509/475/92 508/476/92 541/443/93 542/442/93
f 508/476/92 507/477/92 540/444/93 541/443/93
f 507/477/92 506/478/92 539/445/93 540/444/93
f 506/478/92 505/479/92 538/446/93 539/445/93
f 505/479/92 504/480/92 537/447/93 538/446/93
f 504/480/92 503/481/92 536/448/93 537/447/93
f 503/481/92 502/482/92 535/449/93 536/448/93
f 502/482/92 501/483/92 534/450/93 535/449/93
f 501/483/92 500/484/92 533/451/93 534/450/93
f 500/484/92 499/237/92 532/239/93 533/451/93
f 153/485/110 498/486/91 531/453/92 155/452/109
f 498/486/91 497/487/91 530/454/92 531/453/92
f 497/487/91 496/488/91 529/455/92 530/454/92
f 496/488/91 495/489/91 528/456/92 529/455/92
f 495/489/91 494/490/91 527/457/92 528/456/92
f 494/490/91 493/491/91 526/458/92 527/457/92
f 493/491/91 492/492/91 525/459/92 526/458/92
f 492/492/91 491/493/91 524/460/92 525/459/92
f 491/493/91 490/494/91 523/461/92 524/460/92
f 490/494/91 489/495/91 522/462/92 523/461/92
f 489/495/91 488/496/91 521/463/92 522/462/92
f 488/496/91 487/497/91 520/464/92 521/463/92
f 487/497/91 486/498/91 519/465/92 520/464/92
f 486/498/91 485/499/91 518/466/92 519/465/92
f 485/499/91 484/500/91 517/467/92 518/466/92
f 484/500/91 483/501/91 516/468/92 517/467/92
f 483/501/91 482/502/91 515/469/92 516/468/92
f 482/502/91 481/503/91 514/470/92 515/469/92
f 481/503/91 480/504/91 513/471/92 514/470/92
f 480/504/91 479/505/91 512/472/92 513/471/92
f 479/505/91 478/506/91 511/473/92 512/472/92
f 478/506/91 477/507/91 510/474/92 511/473/92
f 477/507/91 476/508/91 509/475/92 510/474/92
f 476/508/91 475/509/91 508/476/92 509/475/92
f 475/509/91 474/510/91 507/477/92 508/476/92
f 474/510/91 473/511/91 506/478/92 507/477/92
f 473/511/91 472/512/91 505/479/92 506/478/92
f 472/512/91 471/513/91 504/480/92 505/479/92
f 471/513/91 470/514/91 503/481/92 504/480/92
f 470/514/91 469/515/91 502/482/92 503/481/92
f 469/515/91 468/516/91 501/483/92 502/482/92
f 468/516/91 467/517/91 500/484/92 501/483/92
f 467/517/91 466/235/91 499/237/92 500/484/92
f 151/518/111 465/519/90 498/486/91 153/485/110
f 465/519/90 464/520/90 497/487/91 498/486/91
f 464/520/90 463/521/90 496/488/91 497/487/91
f 463/521/90 462/522/90 495/489/91 496/488/91
f 462/522/90 461/523/90 494/490/91 495/489/91
f 461/523/90 460/524/90 493/491/91 494/490/91
f 460/524/90 459/525/90 492/492/91 493/491/91
f 459/525/90 458/526/90 491/493/91 492/492/91
f 458/526/90 457/527/90 490/494/91 491/493/91
f 457/527/90 456/528/90 489/495/91 490/494/91
f 456/528/90 455/529/90 488/496/91 489/495/91
f 455/529/90 454/530/90 487/497/91 488/496/91
f 454/530/90 453/531/90 486/498/91 487/497/91
f 453/531/90 452/532/90 485/499/91 486/498/91
f 452/532/90 451/533/90 484/500/91 485/499/91
f 451/533/90 450/534/90 483/501/91 484/500/91
f 450/534/90 449/535/90 482/502/91 483/501/91
f 449/535/90 448/536/90 481/503/91 482/502/91
f 448/536/90 447/537/90 480/504/91 481/503/91
f 447/537/90 446/538/90 479/505/91 480/504/91
f 446/538/90 445/539/90 478/506/91 479/505/91
f 445/539/90 444/540/90 477/507/91 478/506/91
f 444/540/90 443/541/90 476/508/91 477/507/91
f 443/541/90 442/542/90 475/509/91 476/508/91
f 442/542/90 441/543/90 474/510/91 475/509/91
f 441/543/90 440/544/90 473/511/91 474/510/91
f 440/544/90 439/545/90 472/512/91 473/511/91
f 439/545/90 438/546/90 471/513/91 472/512/91
f 438/546/90 437/547/90 470/514/91 471/513/91
f 437/547/90 436/548/90 469/515/91 470/514/91
f 436/548/90 435/549/90 468/516/91 469/515/91
f 435/549/90 434/550/90 467/517/91 468/516/91
f 434/550/90 433/233/90 466/235/91 467/517/91
f 149/551/112 432/552/89 465/519/90 151/518/111
f 432/552/89 431/553/89 464/520/90 465/519/90
f 431/553/89 430/554/89 463/521/90 464/520/90
f 430/554/89 429/555/89 462/522/90 463/521/90
f 429/555/89 428/556/89 461/523/90 462/522/90
f 428/556/89 427/557/89 460/524/90 461/523/90
f 427/557/89 426/558/89 459/525/90 460/524/90
f 426/558/89 425/559/89 458/526/90 459/525/90
f 425/559/89 424/560/89 457/527/90 458/526/90
f 424/560/89 423/561/89 456/528/90 457/527/90
f 423/561/89 422/562/89 455/529/90 456/528/90
f 422/562/89 421/563/89 454/530/90 455/529/90
f 421/563/89 420/564/89 453/531/90 454/530/90
f 420/564/89 419/565/89 452/532/90 453/531/90
f 419/565/89 418/566/89 451/533/90 452/532/90
f 418/566/89 417/567/89 450/534/90 451/533/90
f 417/567/89 416/568/89 449/535/90 450/534/90
f 416/568/89 415/569/89 448/536/90 449/535/90
f 415/569/89 414/570/89 447/537/90 448/536/90
f 414/570/89 413/571/89 446/538/90 447/537/90
f 413/571/89 412/572/89 445/539/90 446/538/90
f 412/572/89 411/573/89 444/540/90 445/539/90
f 411/573/89 410/574/89 443/541/90 444/540/90
f 410/574/89 409/575/89 442/542/90 443/541/90
f 409/575/89 408/576/89 441/543/90 442/542/90
f 408/576/89 407/577/89 440/544/90 441/543/90
f 407/577/89 406/578/89 439/545/90 440/544/90
f 406/578/89 405/579/89 438/546/90 439/545/90
f 405/579/89 404/580/89 437/547/90 438/546/90
f 404/580/89 403/581/89 436/548/90 437/547/90
f 403/581/89 402/582/89 435/549/90 436/548/90
f 402/582/89 401/583/89 434/550/90 435/549/90
f 401/583/89 400/231/89 433/233/90 434/550/90
f 147/584/113 399/585/88 432/552/89 149/551/112
f 399/585/88 398/586/88 431/553/89 432/552/89
f 398/586/88 397/587/88 430/554/89 431/553/89
f 397/587/88 396/588/88 429/555/89 430/554/89
f 396/588/88 395/589/88 428/556/89 429/555/89
f 395/589/88 394/590/88 427/557/89 428/556/89
f 394/590/88 393/591/88 426/558/89 427/557/89
f 393/591/88 392/592/88 425/559/89 426/558/89
f 392/592/88 391/593/88 424/560/89 425/559/89
f 391/593/88 390/594/88 423/561/89 424/560/89
f 390/594/88 389/595/88 422/562/89 423/561/89
f 389/595/88 388/596/88 421/563/89 422/562/89
f 388/596/88 387/597/88 420/564/89 421/563/89
f 387/597/88 386/598/88 419/565/89 420/564/89
f 386/598/88 385/599/88 418/566/89 419/565/89
f 385/599/88 384/600/88 417/567/89 418/566/89
f 384/600/88 383/601/88 416/568/89 417/567/89
f 383/601/88 382/602/88 415/569/89 416/568/89
f 382/602/88 381/603/88 414/570/89 415/569/89
f 381/603/88 380/604/88 413/571/89 414/570/89
f 380/604/88 379/605/88 412/572/89 413/571/89
f 379/605/88 378/606/88 411/573/89 412/572/89
f 378/606/88 377/607/88 410/574/89 411/573/89
f 377/607/88 376/608/88 409/575/89 410/574/89
f 376/608/88 375/609/88 408/576/89 409/575/89
f 375/609/88 374/610/88 407/577/89 408/576/89
f 374/610/88 373/611/88 406/578/89 407/577/89
f 373/611/88 372/612/88 405/579/89 406/578/89
f 372/612/88 371/613/88 404/580/89 405/579/89
f 371/613/88 370/614/88 403/581/89 404/580/89
f 370/614/88 369/615/88 402/582/89 403/581/89
f 369/615/88 368/616/88 401/583/89 402/582/89
f 368/616/88 367/229/88 400/231/89 401/583/89
f 145/617/114 366/618/87 399/585/88 147/584/113
f 366/618/87 365/619/87 398/586/88 399/585/88
f 365/619/87 364/620/87 397/587/88 398/586/88
f 364/620/87 363/621/87 396/588/88 397/587/88
f 363/621/87 362/622/87 395/589/88 396/588/88
f 362/622/87 361/623/87 394/590/88 395/589/88
f 361/623/87 360/624/87 393/591/88 394/590/88
f 360/624/87 359/625/87 392/592/88 393/591/88
f 359/625/87 358/626/87 391/593/88 392/592/88
f 358/626/87 357/627/87 390/594/88 391/593/88
f 357/627/87 356/628/87 389/595/88 390/594/88
f 356/628/87 355/629/87 388/596/88 389/595/88
f 355/629/87 354/630/87 387/597/88 388/596/88
f 354/630/87 353/631/87 386/598/88 387/597/88
f 353/631/87 352/632/87 385/599/88 386/598/88
f 352/632/87 351/633/87 384/600/88 385/599/88
f 351/633/87 350/634/87 383/601/88 384/600/88
f 350/634/87 349/635/87 382/602/88 383/601/88
f 349/635/87 348/636/87 381/603/88 382/602/88
f 348/636/87 347/637/87 380/604/88 381/603/88
f 347/637/87 346/638/87 379/605/88 380/604/88
f 346/638/87 345/639/87 378/606/88 379/605/88
f 345/639/87 344/640/87 377/607/88 378/606/88
f 344/640/87 343/641/87 376/608/88 377/607/88
f 343/641/87 342/642/87 375/609/88 376/608/88
f 342/642/87 341/643/87 374/610/88 375/609/88
f 341/643/87 340/644/87 373/611/88 374/610/88
f 340/644/87 339/645/87 372/612/88 373/611/88
f 339/645/87 338/646/87 371/613/88 372/612/88
f 338/646/87 337/647/87 370/614/88 371/613/88
f 337/647/87 336/648/87 369/615/88 370/614/88
f 336/648/87 335/649/87 368/616/88 369/615/88
f 335/649/87 334/227/87 367/229/88 368/616/88
f 143/650/115 333/651/86 366/618/87 145/617/114
f 333/651/86 332/652/86 365/619/87 366/618/87
f 332/652/86 331/653/86 364/620/87 365/619/87
f 331/653/86 330/654/86 363/621/87 364/620/87
f 330/654/86 329/655/86 362/622/87 363/621/87
f 329/655/86 328/656/86 361/623/87 362/622/87
f 328/656/86 327/657/86 360/624/87 361/623/87
f 327/657/86 326/658/86 359/625/87 360/624/87
f 326/658/86 325/659/86 358/626/87 359/625/87
f 325/659/86 324/660/86 357/627/87 358/626/87
f 324/660/86 323/661/86 356/628/87 357/627/87
f 323/661/86 322/662/86 355/629/87 356/628/87
f 322/662/86 321/663/86 354/630/87 355/629/87
f 321/663/86 320/664/86 353/631/87 354/630/87
f 320/664/86 319/665/86 352/632/87 353/631/87
f 319/665/86 318/666/86 351/633/87 352/632/87
f 318/666/86 317/667/86 350/634/87 351/633/87
f 317/667/86 316/668/86 349/635/87 350/634/87
f 316/668/86 315/669/86 348/636/87 349/635/87
f 315/669/86 314/670/86 347/637/87 348/636/87
f 314/670/86 313/671/86 346/638/87 347/637/87
f 313/671/86 312/672/86 345/639/87 346/638/87
f 312/672/86 311/673/86 344/640/87 345/639/87
f 311/673/86 310/674/86 343/641/87 344/640/87
f 310/674/86 309/675/86 342/642/87 343/641/87
f 309/675/86 308/676/86 341/643/87 342/642/87
f 308/676/86 307/677/86 340/644/87 341/643/87
f 307/677/86 306/678/86 339/645/87 340/644/87
f 306/678/86 305/679/86 338/646/87 339/645/87
f 305/679/86 304/680/86 337/647/87 338/646/87
f 304/680/86 303/681/86 336/648/87 337/647/87
f 303/681/86 302/682/86 335/649/87 336/648/87
f 302/682/86 301/225/86 334/227/87 335/649/87
f 141/683/116 300/684/85 333/651/86 143/650/115
f 300/684/85 299/685/85 332/652/86 333/651/86
f 299/685/85 298/686/85 331/653/86 332/652/86
f 298/686/85 297/687/85 330/654/86 331/653/86
f 297/687/85 296/688/85 329/655/86 330/654/86
f 296/688/85 295/689/85 328/656/86 329/655/86
f 295/689/85 294/690/85 327/657/86 328/656/86
f 294/690/85 293/691/85 326/658/86 327/657/86
f 293/691/85 292/692/85 325/659/86 326/658/86
f 292/692/85 291/693/85 324/660/86 325/659/86
f 291/693/85 290/694/85 323/661/86 324/660/86
f 290/694/85 289/695/85 322/662/86 323/661/86
f 289/695/85 288/696/85 321/663/86 322/662/86
f 288/696/85 287/697/85 320/664/86 321/663/86
f 287/697/85 286/698/85 319/665/86 320/664/86
f 286/698/85 285/699/85 318/666/86 319/665/86
f 285/699/85 284/700/85 317/667/86 318/666/86
f 284/700/85 283/701/85 316/668/86 317/667/86
f 283/701/85 282/702/85 315/669/86 316/668/86
f 282/702/85 281/703/85 314/670/86 315/669/86
f 281/703/85 280/704/85 313/671/86 314/670/86
f 280/704/85 279/705/85 312/672/86 313/671/86
f 279/705/85 278/706/85 311/673/86 312/672/86
f 278/706/85 277/707/85 310/674/86 311/673/86
f 277/707/85 276/708/85 309/675/86 310/674/86
f 276/708/85 275/709/85 308/676/86 309/675/86
f 275/709/85 274/710/85 307/677/86 308/676/86
f 274/710/85 273/711/85 306/678/86 307/677/86
f 273/711/85 272/712/85 305/679/86 306/678/86
f 272/712/85 271/713/85 304/680/86 305/679/86
f 271/713/85 270/714/85 303/681/86 304/680/86
f 270/714/85 269/715/85 302/682/86 303/681/86
f 269/715/85 268/223/85 301/225/86 302/682/86
f 139/716/117 267/717/84 300/684/85 141/683/116
f 267/717/84 266/718/84 299/685/85 300/684/85
f 266/718/84 265/719/84 298/686/85 299/685/85
f 265/719/84 264/720/84 297/687/85 298/686/85
f 264/720/84 263/721/84 296/688/85 297/687/85
f 263/721/84 262/722/84 295/689/85 296/688/85
f 262/722/84 261/723/84 294/690/85 295/689/85
f 261/723/84 260/724/84 293/691/85 294/690/85
f 260/724/84 259/725/84 292/692/85 293/691/85
f 259/725/84 258/726/84 291/693/85 292/692/85
f 258/726/84 257/727/84 290/694/85 291/693/85
f 257/727/84 256/728/84 289/695/85 290/694/85
f 256/728/84 255/729/84 288/696/85 289/695/85
f 255/729/84 254/730/84 287/697/85 288/696/85
f 254/730/84 253/731/84 286/698/85 287/697/85
f 253/731/84 252/732/84 285/699/85 286/698/85
f 252/732/84 251/733/84 284/700/85 285/699/85
f 251/733/84 250/734/84 283/701/85 284/700/85
f 250/734/84 249/735/84 282/702/85 283/701/85
f 249/735/84 248/736/84 281/703/85 282/702/85
f 248/736/84 247/737/84 280/704/85 281/703/85
f 247/737/84 246/738/84 279/705/85 280/704/85
f 246/738/84 245/739/84 278/706/85 279/705/85
f 245/739/84 244/740/84 277/707/85 278/706/85
f 244/740/84 243/741/84 276/708/85 277/707/85
f 243/741/84 242/742/84 275/709/85 276/708/85
f 242/742/84 241/743/84 274/710/85 275/709/85
f 241/743/84 240/744/84 273/711/85 274/710/85
f 240/744/84 239/745/84 272/712/85 273/711/85
f 239/745/84 238/746/84 271/713/85 272/712/85
f 238/746/84 237/747/84 270/714/85 271/713/85
f 237/747/84 236/748/84 269/715/85 270/714/85
f 236/748/84 235/221/84 268/223/85 269/715/85
f 137/749/118 234/750/83 267/717/84 139/716/117
f 234/750/83 233/751/83 266/718/84 267/717/84
f 233/751/83 232/752/83 265/719/84 266/718/84
f 232/752/83 231/753/83 264/720/84 265/719/84
f 231/753/83 230/754/83 263/721/84 264/720/84
f 230/754/83 229/755/83 262/722/84 263/721/84
f 229/755/83 228/756/83 261/723/84 262/722/84
f 228/756/83 227/757/83 260/724/84 261/723/84
f 227/757/83 226/758/83 259/725/84 260/724/84
f 226/758/83 225/759/83 258/726/84 259/725/84
f 225/759/83 224/760/83 257/727/84 258/726/84
f 224/760/83 223/761/83 256/728/84 257/727/84
f 223/761/83 222/762/83 255/729/84 256/728/84
f 222/762/83 221/763/83 254/730/84 255/729/84
f 221/763/83 220/764/83 253/731/84 254/730/84
f 220/764/83 219/765/83 252/732/84 253/731/84
f 219/765/83 218/766/83 251/733/84 252/732/84
f 218/766/83 217/767/83 250/734/84 251/733/84
f 217/767/83 216/768/83 249/735/84 250/734/84
f 216/768/83 215/769/83 248/736/84 249/735/84
f 215/769/83 214/770/83 247/737/84 248/736/84
f 214/770/83 213/771/83 246/738/84 247/737/84
f 213/771/83 212/772/83 245/739/84 246/738/84
f 212/772/83 211/773/83 244/740/84 245/739/84
f 211/773/83 210/774/83 243/741/84 244/740/84
f 210/774/83 209/775/83 242/742/84 243/741/84
f 209/775/83 208/776/83 241/743/84 242/742/84
f 208/776/83 207/777/83 240/744/84 241/743/84
f 207/777/83 206/778/83 239/745/84 240/744/84
f 206/778/83 205/779/83 238/746/84 239/745/84
f 205/779/83 204/780/83 237/747/84 238/746/84
f 204/780/83 203/781/83 236/748/84 237/747/84
f 203/781/83 202/219/83 235/221/84 236/748/84
f 135/782/119 169/783/82 234/750/83 137/749/118
f 169/783/82 170/784/82 233/751/83 234/750/83
f 170/784/82 171/785/82 232/752/83 233/751/83
f 171/785/82 172/786/82 231/753/83 232/752/83
f 172/786/82 173/787/82 230/754/83 231/753/83
f 173/787/82 174/788/82 229/755/83 230/754/83
f 174/788/82 175/789/82 228/756/83 229/755/83
f 175/789/82 176/790/82 227/757/83 228/756/83
f 176/790/82 177/791/82 226/758/83 227/757/83
f 177/791/82 178/792/82 225/759/83 226/758/83
f 178/792/82 179/793/82 224/760/83 225/759/83
f 179/793/82 180/794/82 223/761/83 224/760/83
f 180/794/82 181/795/82 222/762/83 223/761/83
f 181/795/82 182/796/82 221/763/83 222/762/83
f 182/796/82 183/797/82 220/764/83 221/763/83
f 183/797/82 184/798/82 219/765/83 220/764/83
f 184/798/82 185/799/82 218/766/83 219/765/83
f 185/799/82 186/800/82 217/767/83 218/766/83
f 186/800/82 187/801/82 216/768/83 217/767/83
f 187/801/82 188/802/82 215/769/83 216/768/83
f 188/802/82 189/803/82 214/770/83 215/769/83
f 189/803/82 190/804/82 213/771/83 214/770/83
f 190/804/82 191/805/82 212/772/83 213/771/83
f 191/805/82 192/806/82 211/773/83 212/772/83
f 192/806/82 193/807/82 210/774/83 211/773/83
f 193/807/82 194/808/82 209/775/83 210/774/83
f 194/808/82 195/809/82 208/776/83 209/775/83
f 195/809/82 196/810/82 207/777/83 208/776/83
f 196/810/82 197/811/82 206/778/83 207/777/83
f 197/811/82 198/812/82 205/779/83 206/778/83
f 198/812/82 199/813/82 204/780/83 205/779/83
f 199/813/82 200/814/82 203/781/83 204/780/83
f 200/814/82 201/216/82 202/219/83 203/781/83
f 861/815/120 860/816/121 743/817/122 742/818/123
f 863/819/124 862/820/125 739/821/126 738/822/127
f 865/823/128 864/824/129 748/825/130 747/826/131
f 858/251/100 866/827/132 735/828/133 734/252/101
f 860/816/121 867/829/134 744/830/135 743/817/122
f 862/820/125 868/831/136 740/832/137 739/821/126
f 866/827/132 869/833/138 736/834/139 735/828/133
f 867/829/134 870/835/140 745/836/141 744/830/135
f 868/831/136 871/837/142 741/838/143 740/832/137
f 869/833/138 872/839/144 737/840/145 736/834/139
f 870/835/140 873/841/146 746/842/147 745/836/141
f 874/843/148 859/250/99 733/253/102 732/844/149
f 871/837/142 861/815/120 742/818/123 741/838/143
f 872/839/144 863/819/124 738/822/127 737/840/145
f 873/841/146 865/823/128 747/826/131 746/842/147
f 759/845/150 760/846/151 777/847/152 776/848/153
f 746/842/147 747/826/131 764/849/154 763/850/155
f 739/821/126 740/832/137 757/851/156 756/852/157
f 732/844/149 733/253/102 750/853/158 749/854/159
f 747/826/131 748/825/130 765/855/160 764/849/154
f 740/832/137 741/838/143 758/856/161 757/851/156
f 733/253/102 734/252/101 751/857/162 750/853/158
f 741/838/143 742/818/123 759/845/150 758/856/161
f 734/252/101 735/828/133 752/858/163 751/857/162
f 742/818/123 743/817/122 760/846/151 759/845/150
f 735/828/133 736/834/139 753/859/164 752/858/163
f 743/817/122 744/830/135 761/860/165 760/846/151
f 736/834/139 737/840/145 754/861/166 753/859/164
f 744/830/135 745/836/141 762/862/167 761/860/165
f 851/863/168 732/864/149 749/865/159 852/866/169
f 737/840/145 738/822/127 755/867/170 754/861/166
f 745/836/141 746/842/147 763/850/155 762/862/167
f 738/822/127 739/821/126 756/852/157 755/867/170
f 779/868/171 780/869/172 797/870/173 796/871/174
f 752/858/163 753/859/164 770/872/175 769/873/176
f 760/846/151 761/860/165 778/874/177 777/847/152
f 753/859/164 754/861/166 771/875/178 770/872/175
f 761/860/165 762/862/167 779/868/171 778/874/177
f 754/861/166 755/867/170 772/876/179 771/875/178
f 762/862/167 763/850/155 780/869/172 779/868/171
f 755/867/170 756/852/157 773/877/180 772/876/179
f 763/850/155 764/849/154 781/878/181 780/869/172
f 756/852/157 757/851/156 774/879/182 773/877/180
f 749/854/159 750/853/158 767/880/183 766/881/184
f 764/849/154 765/855/160 782/882/185 781/878/181
f 757/851/156 758/856/161 775/883/186 774/879/182
f 750/853/158 751/857/162 768/884/187 767/880/183
f 852/866/169 749/865/159 766/885/184 853/886/188
f 758/856/161 759/845/150 776/848/153 775/883/186
f 751/857/162 752/858/163 769/873/176 768/884/187
f 795/887/189 796/871/174 813/888/190 812/889/191
f 772/876/179 773/877/180 790/890/192 789/891/193
f 780/869/172 781/878/181 798/892/194 797/870/173
f 773/877/180 774/879/182 791/893/195 790/890/192
f 766/881/184 767/880/183 784/894/196 783/895/197
f 781/878/181 782/882/185 799/896/198 798/892/194
f 774/879/182 775/883/186 792/897/199 791/893/195
f 767/880/183 768/884/187 785/898/200 784/894/196
f 853/886/188 766/885/184 783/899/197 854/900/201
f 775/883/186 776/848/153 793/901/202 792/897/199
f 768/884/187 769/873/176 786/902/203 785/898/200
f 776/848/153 777/847/152 794/903/204 793/901/202
f 769/873/176 770/872/175 787/904/205 786/902/203
f 777/847/152 778/874/177 795/887/189 794/903/204
f 770/872/175 771/875/178 788/905/206 787/904/205
f 778/874/177 779/868/171 796/871/174 795/887/189
f 771/875/178 772/876/179 789/891/193 788/905/206
f 800/906/207 801/907/208 818/908/209 817/909/210
f 788/905/206 789/891/193 806/910/211 805/911/212
f 796/871/174 797/870/173 814/912/213 813/888/190
f 789/891/193 790/890/192 807/913/214 806/910/211
f 797/870/173 798/892/194 815/914/215 814/912/213
f 790/890/192 791/893/195 808/915/216 807/913/214
f 783/895/197 784/894/196 801/907/208 800/906/207
f 798/892/194 799/896/198 816/916/217 815/914/215
f 791/893/195 792/897/199 809/917/218 808/915/216
f 784/894/196 785/898/200 802/918/219 801/907/208
f 854/900/201 783/899/197 800/919/207 855/920/220
f 792/897/199 793/901/202 810/921/221 809/917/218
f 785/898/200 786/902/203 803/922/222 802/918/219
f 793/901/202 794/903/204 811/923/223 810/921/221
f 786/902/203 787/904/205 804/924/224 803/922/222
f 794/903/204 795/887/189 812/889/191 811/923/223
f 787/904/205 788/905/206 805/911/212 804/924/224
f 820/925/225 821/926/226 838/927/227 837/928/228
f 815/914/215 816/916/217 833/929/229 832/930/230
f 808/915/216 809/917/218 826/931/231 825/932/232
f 801/907/208 802/918/219 819/933/233 818/908/209
f 855/920/220 800/919/207 817/934/210 856/935/234
f 809/917/218 810/921/221 827/936/235 826/931/231
f 802/918/219 803/922/222 820/925/225 819/933/233
f 810/921/221 811/923/223 828/937/236 827/936/235
f 803/922/222 804/924/224 821/926/226 820/925/225
f 811/923/223 812/889/191 829/938/237 828/937/236
f 804/924/224 805/911/212 822/939/238 821/926/226
f 812/889/191 813/888/190 830/940/239 829/938/237
f 805/911/212 806/910/211 823/941/240 822/939/238
f 813/888/190 814/912/213 831/942/241 830/940/239
f 806/910/211 807/913/214 824/943/242 823/941/240
f 814/912/213 815/914/215 832/930/230 831/942/241
f 807/913/214 808/915/216 825/932/232 824/943/242
f 850/944/243 857/945/244 834/946/245 835/947/246 836/948/247 837/949/228 838/950/227 839/951/248 840/952/249 841/953/250 842/954/251 843/955/252 844/956/253 845/957/254 846/958/255 847/959/256 848/960/257 849/961/258
f 828/937/236 829/938/237 846/962/255 845/963/254
f 821/926/226 822/939/238 839/964/248 838/927/227
f 829/938/237 830/940/239 847/965/256 846/962/255
f 822/939/238 823/941/240 840/966/249 839/964/248
f 830/940/239 831/942/241 848/967/257 847/965/256
f 823/941/240 824/943/242 841/968/250 840/966/249
f 831/942/241 832/930/230 849/969/258 848/967/257
f 824/943/242 825/932/232 842/970/251 841/968/250
f 817/909/210 818/908/209 835/971/246 834/972/245
f 832/930/230 833/929/229 850/973/243 849/969/258
f 825/932/232 826/931/231 843/974/252 842/970/251
f 818/908/209 819/933/233 836/975/247 835/971/246
f 856/935/234 817/934/210 834/946/245 857/945/244
f 826/931/231 827/936/235 844/976/253 843/974/252
f 819/933/233 820/925/225 837/928/228 836/975/247
f 827/936/235 828/937/236 845/963/254 844/976/253
f 833/977/229 856/935/234 857/945/244 850/944/243
f 816/978/217 855/920/220 856/935/234 833/977/229
f 799/979/198 854/900/201 855/920/220 816/978/217
f 782/980/185 853/886/188 854/900/201 799/979/198
f 765/981/160 852/866/169 853/886/188 782/980/185
f 748/982/130 851/863/168 852/866/169 765/981/160
f 163/320/105 165/254/103 865/823/128 873/841/146
f 145/617/114 147/584/113 863/819/124 872/839/144
f 153/485/110 155/452/109 861/815/120 871/837/142
f 135/782/119 137/749/118 859/250/99 874/843/148
f 161/353/106 163/320/105 873/841/146 870/835/140
f 143/650/115 145/617/114 872/839/144 869/833/138
f 151/518/111 153/485/110 871/837/142 868/831/136
f 159/386/107 161/353/106 870/835/140 867/829/134
f 141/683/116 143/650/115 869/833/138 866/827/132
f 149/551/112 151/518/111 868/831/136 862/820/125
f 157/419/108 159/386/107 867/829/134 860/816/121
f 139/716/117 141/683/116 866/827/132 858/251/100
f 165/254/103 167/257/104 864/824/129 865/823/128
f 147/584/113 149/551/112 862/820/125 863/819/124
f 155/452/109 157/419/108 860/816/121 861/815/120
f 137/749/118 139/716/117 858/251/100 859/250/99
f 201/216/82 905/983/259 876/984/259 136/217/82
f 905/983/259 938/985/260 878/986/260 876/984/259
f 938/985/260 971/987/261 880/988/261 878/986/260
f 971/987/261 1004/989/262 882/990/262 880/988/261
f 1004/989/262 1037/991/263 884/992/263 882/990/262
f 1037/991/263 1070/993/264 886/994/264 884/992/263
f 1070/993/264 1103/995/265 888/996/265 886/994/264
f 1103/995/265 1136/997/266 890/998/266 888/996/265
f 1136/997/266 1169/999/267 892/1000/267 890/998/266
f 1169/999/267 1202/1001/268 894/1002/268 892/1000/267
f 1202/1001/268 1235/1003/269 896/1004/269 894/1002/268
f 1235/1003/269 1268/1005/270 898/1006/270 896/1004/269
f 1268/1005/270 1301/1007/271 900/1008/271 898/1006/270
f 1301/1007/271 1334/1009/272 902/1010/272 900/1008/271
f 1334/1009/272 1367/1011/273 904/1012/273 902/1010/272
f 1367/1011/273 697/249/98 168/248/98 904/1012/273
f 1526/1013/274 1402/1014/275 1403/1015/276 1525/1016/277
f 903/1017/278 167/257/104 729/256/98 1399/1018/273
f 1399/1018/273 729/256/98 728/259/98 1398/1019/273
f 1398/1019/273 728/259/98 727/261/98 1397/1020/273
f 1397/1020/273 727/261/98 726/263/98 1396/1021/273
f 1396/1021/273 726/263/98 725/265/98 1395/1022/273
f 1395/1022/273 725/265/98 724/267/98 1394/1023/273
f 1394/1023/273 724/267/98 723/269/98 1393/1024/273
f 1393/1024/273 723/269/98 722/271/98 1392/1025/273
f 1392/1025/273 722/271/98 721/273/98 1391/1026/273
f 1391/1026/273 721/273/98 720/275/98 1390/1027/273
f 1390/1027/273 720/275/98 719/277/98 1389/1028/273
f 1389/1028/273 719/277/98 718/279/98 1388/1029/273
f 1388/1029/273 718/279/98 717/281/98 1387/1030/273
f 1387/1030/273 717/281/98 716/283/98 1386/1031/273
f 1386/1031/273 716/283/98 715/285/98 1385/1032/273
f 1385/1032/273 715/285/98 714/287/98 1384/1033/273
f 1384/1033/273 714/287/98 713/289/98 1383/1034/273
f 1383/1034/273 713/289/98 712/291/98 1382/1035/273
f 1382/1035/273 712/291/98 711/293/98 1381/1036/273
f 1381/1036/273 711/293/98 710/295/98 1380/1037/273
f 1380/1037/273 710/295/98 709/297/98 1379/1038/273
f 1379/1038/273 709/297/98 708/299/98 1378/1039/273
f 1378/1039/273 708/299/98 707/301/98 1377/1040/273
f 1377/1040/273 707/301/98 706/303/98 1376/1041/273
f 1376/1041/273 706/303/98 705/305/98 1375/1042/273
f 1375/1042/273 705/305/98 704/307/98 1374/1043/273
f 1374/1043/273 704/307/98 703/309/98 1373/1044/273
f 1373/1044/273 703/309/98 702/311/98 1372/1045/273
f 1372/1045/273 702/311/98 701/313/98 1371/1046/273
f 1371/1046/273 701/313/98 700/315/98 1370/1047/273
f 1370/1047/273 700/315/98 699/317/98 1369/1048/273
f 1369/1048/273 699/317/98 698/319/98 1368/1049/273
f 1368/1049/273 698/319/98 697/249/98 1367/1011/273
f 901/1050/279 903/1017/278 1399/1018/273 1366/1051/272
f 1366/1051/272 1399/1018/273 1398/1019/273 1365/1052/272
f 1365/1052/272 1398/1019/273 1397/1020/273 1364/1053/272
f 1364/1053/272 1397/1020/273 1396/1021/273 1363/1054/272
f 1363/1054/272 1396/1021/273 1395/1022/273 1362/1055/272
f 1362/1055/272 1395/1022/273 1394/1023/273 1361/1056/272
f 1361/1056/272 1394/1023/273 1393/1024/273 1360/1057/272
f 1360/1057/272 1393/1024/273 1392/1025/273 1359/1058/272
f 1359/1058/272 1392/1025/273 1391/1026/273 1358/1059/272
f 1358/1059/272 1391/1026/273 1390/1027/273 1357/1060/272
f 1357/1060/272 1390/1027/273 1389/1028/273 1356/1061/272
f 1356/1061/272 1389/1028/273 1388/1029/273 1355/1062/272
f 1355/1062/272 1388/1029/273 1387/1030/273 1354/1063/272
f 1354/1063/272 1387/1030/273 1386/1031/273 1353/1064/272
f 1353/1064/272 1386/1031/273 1385/1032/273 1352/1065/272
f 1352/1065/272 1385/1032/273 1384/1033/273 1351/1066/272
f 1351/1066/272 1384/1033/273 1383/1034/273 1350/1067/272
f 1350/1067/272 1383/1034/273 1382/1035/273 1349/1068/272
f 1349/1068/272 1382/1035/273 1381/1036/273 1348/1069/272
f 1348/1069/272 1381/1036/273 1380/1037/273 1347/1070/272
f 1347/1070/272 1380/1037/273 1379/1038/273 1346/1071/272
f 1346/1071/272 1379/1038/273 1378/1039/273 1345/1072/272
f 1345/1072/272 1378/1039/273 1377/1040/273 1344/1073/272
f 1344/1073/272 1377/1040/273 1376/1041/273 1343/1074/272
f 1343/1074/272 1376/1041/273 1375/1042/273 1342/1075/272
f 1342/1075/272 1375/1042/273 1374/1043/273 1341/1076/272
f 1341/1076/272 1374/1043/273 1373/1044/273 1340/1077/272
f 1340/1077/272 1373/1044/273 1372/1045/273 1339/1078/272
f 1339/1078/272 1372/1045/273 1371/1046/273 1338/1079/272
f 1338/1079/272 1371/1046/273 1370/1047/273 1337/1080/272
f 1337/1080/272 1370/1047/273 1369/1048/273 1336/1081/272
f 1336/1081/272 1369/1048/273 1368/1049/273 1335/1082/272
f 1335/1082/272 1368/1049/273 1367/1011/273 1334/1009/272
f 899/1083/280 901/1050/279 1366/1051/272 1333/1084/271
f 1333/1084/271 1366/1051/272 1365/1052/272 1332/1085/271
f 1332/1085/271 1365/1052/272 1364/1053/272 1331/1086/271
f 1331/1086/271 1364/1053/272 1363/1054/272 1330/1087/271
f 1330/1087/271 1363/1054/272 1362/1055/272 1329/1088/271
f 1329/1088/271 1362/1055/272 1361/1056/272 1328/1089/271
f 1328/1089/271 1361/1056/272 1360/1057/272 1327/1090/271
f 1327/1090/271 1360/1057/272 1359/1058/272 1326/1091/271
f 1326/1091/271 1359/1058/272 1358/1059/272 1325/1092/271
f 1325/1092/271 1358/1059/272 1357/1060/272 1324/1093/271
f 1324/1093/271 1357/1060/272 1356/1061/272 1323/1094/271
f 1323/1094/271 1356/1061/272 1355/1062/272 1322/1095/271
f 1322/1095/271 1355/1062/272 1354/1063/272 1321/1096/271
f 1321/1096/271 1354/1063/272 1353/1064/272 1320/1097/271
f 1320/1097/271 1353/1064/272 1352/1065/272 1319/1098/271
f 1319/1098/271 1352/1065/272 1351/1066/272 1318/1099/271
f 1318/1099/271 1351/1066/272 1350/1067/272 1317/1100/271
f 1317/1100/271 1350/1067/272 1349/1068/272 1316/1101/271
f 1316/1101/271 1349/1068/272 1348/1069/272 1315/1102/271
f 1315/1102/271 1348/1069/272 1347/1070/272 1314/1103/271
f 1314/1103/271 1347/1070/272 1346/1071/272 1313/1104/271
f 1313/1104/271 1346/1071/272 1345/1072/272 1312/1105/271
f 1312/1105/271 1345/1072/272 1344/1073/272 1311/1106/271
f 1311/1106/271 1344/1073/272 1343/1074/272 1310/1107/271
f 1310/1107/271 1343/1074/272 1342/1075/272 1309/1108/271
f 1309/1108/271 1342/1075/272 1341/1076/272 1308/1109/271
f 1308/1109/271 1341/1076/272 1340/1077/272 1307/1110/271
f 1307/1110/271 1340/1077/272 1339/1078/272 1306/1111/271
f 1306/1111/271 1339/1078/272 1338/1079/272 1305/1112/271
f 1305/1112/271 1338/1079/272 1337/1080/272 1304/1113/271
f 1304/1113/271 1337/1080/272 1336/1081/272 1303/1114/271
f 1303/1114/271 1336/1081/272 1335/1082/272 1302/1115/271
f 1302/1115/271 1335/1082/272 1334/1009/272 1301/1007/271
f 897/1116/281 899/1083/280 1333/1084/271 1300/1117/270
f 1300/1117/270 1333/1084/271 1332/1085/271 1299/1118/270
f 1299/1118/270 1332/1085/271 1331/1086/271 1298/1119/270
f 1298/1119/270 1331/1086/271 1330/1087/271 1297/1120/270
f 1297/1120/270 1330/1087/271 1329/1088/271 1296/1121/270
f 1296/1121/270 1329/1088/271 1328/1089/271 1295/1122/270
f 1295/1122/270 1328/1089/271 1327/1090/271 1294/1123/270
f 1294/1123/270 1327/1090/271 1326/1091/271 1293/1124/270
f 1293/1124/270 1326/1091/271 1325/1092/271 1292/1125/270
f 1292/1125/270 1325/1092/271 1324/1093/271 1291/1126/270
f 1291/1126/270 1324/1093/271 1323/1094/271 1290/1127/270
f 1290/1127/270 1323/1094/271 1322/1095/271 1289/1128/270
f 1289/1128/270 1322/1095/271 1321/1096/271 1288/1129/270
f 1288/1129/270 1321/1096/271 1320/1097/271 1287/1130/270
f 1287/1130/270 1320/1097/271 1319/1098/271 1286/1131/270
f 1286/1131/270 1319/1098/271 1318/1099/271 1285/1132/270
f 1285/1132/270 1318/1099/271 1317/1100/271 1284/1133/270
f 1284/1133/270 1317/1100/271 1316/1101/271 1283/1134/270
f 1283/1134/270 1316/1101/271 1315/1102/271 1282/1135/270
f 1282/1135/270 1315/1102/271 1314/1103/271 1281/1136/270
f 1281/1136/270 1314/1103/271 1313/1104/271 1280/1137/270
f 1280/1137/270 1313/1104/271 1312/1105/271 1279/1138/270
f 1279/1138/270 1312/1105/271 1311/1106/271 1278/1139/270
f 1278/1139/270 1311/1106/271 1310/1107/271 1277/1140/270
f 1277/1140/270 1310/1107/271 1309/1108/271 1276/1141/270
f 1276/1141/270 1309/1108/271 1308/1109/271 1275/1142/270
f 1275/1142/270 1308/1109/271 1307/1110/271 1274/1143/270
f 1274/1143/270 1307/1110/271 1306/1111/271 1273/1144/270
f 1273/1144/270 1306/1111/271 1305/1112/271 1272/1145/270
f 1272/1145/270 1305/1112/271 1304/1113/271 1271/1146/270
f 1271/1146/270 1304/1113/271 1303/1114/271 1270/1147/270
f 1270/1147/270 1303/1114/271 1302/1115/271 1269/1148/270
f 1269/1148/270 1302/1115/271 1301/1007/271 1268/1005/270
f 895/1149/282 897/1116/281 1300/1117/270 1267/1150/269
f 1267/1150/269 1300/1117/270 1299/1118/270 1266/1151/269
f 1266/1151/269 1299/1118/270 1298/1119/270 1265/1152/269
f 1265/1152/269 1298/1119/270 1297/1120/270 1264/1153/269
f 1264/1153/269 1297/1120/270 1296/1121/270 1263/1154/269
f 1263/1154/269 1296/1121/270 1295/1122/270 1262/1155/269
f 1262/1155/269 1295/1122/270 1294/1123/270 1261/1156/269
f 1261/1156/269 1294/1123/270 1293/1124/270 1260/1157/269
f 1260/1157/269 1293/1124/270 1292/1125/270 1259/1158/269
f 1259/1158/269 1292/1125/270 1291/1126/270 1258/1159/269
f 1258/1159/269 1291/1126/270 1290/1127/270 1257/1160/269
f 1257/1160/269 1290/1127/270 1289/1128/270 1256/1161/269
f 1256/1161/269 1289/1128/270 1288/1129/270 1255/1162/269
f 1255/1162/269 1288/1129/270 1287/1130/270 1254/1163/269
f 1254/1163/269 1287/1130/270 1286/1131/270 1253/1164/269
f 1253/1164/269 1286/1131/270 1285/1132/270 1252/1165/269
f 1252/1165/269 1285/1132/270 1284/1133/270 1251/1166/269
f 1251/1166/269 1284/1133/270 1283/1134/270 1250/1167/269
f 1250/1167/269 1283/1134/270 1282/1135/270 1249/1168/269
f 1249/1168/269 1282/1135/270 1281/1136/270 1248/1169/269
f 1248/1169/269 1281/1136/270 1280/1137/270 1247/1170/269
f 1247/1170/269 1280/1137/270 1279/1138/270 1246/1171/269
f 1246/1171/269 1279/1138/270 1278/1139/270 1245/1172/269
f 1245/1172/269 1278/1139/270 1277/1140/270 1244/1173/269
f 1244/1173/269 1277/1140/270 1276/1141/270 1243/1174/269
f 1243/1174/269 1276/1141/270 1275/1142/270 1242/1175/269
f 1242/1175/269 1275/1142/270 1274/1143/270 1241/1176/269
f 1241/1176/269 1274/1143/270 1273/1144/270 1240/1177/269
f 1240/1177/269 1273/1144/270 1272/1145/270 1239/1178/269
f 1239/1178/269 1272/1145/270 1271/1146/270 1238/1179/269
f 1238/1179/269 1271/1146/270 1270/1147/270 1237/1180/269
f 1237/1180/269 1270/1147/270 1269/1148/270 1236/1181/269
f 1236/1181/269 1269/1148/270 1268/1005/270 1235/1003/269
f 893/1182/283 895/1149/282 1267/1150/269 1234/1183/268
f 1234/1183/268 1267/1150/269 1266/1151/269 1233/1184/268
f 1233/1184/268 1266/1151/269 1265/1152/269 1232/1185/268
f 1232/1185/268 1265/1152/269 1264/1153/269 1231/1186/268
f 1231/1186/268 1264/1153/269 1263/1154/269 1230/1187/268
f 1230/1187/268 1263/1154/269 1262/1155/269 1229/1188/268
f 1229/1188/268 1262/1155/269 1261/1156/269 1228/1189/268
f 1228/1189/268 1261/1156/269 1260/1157/269 1227/1190/268
f 1227/1190/268 1260/1157/269 1259/1158/269 1226/1191/268
f 1226/1191/268 1259/1158/269 1258/1159/269 1225/1192/268
f 1225/1192/268 1258/1159/269 1257/1160/269 1224/1193/268
f 1224/1193/268 1257/1160/269 1256/1161/269 1223/1194/268
f 1223/1194/268 1256/1161/269 1255/1162/269 1222/1195/268
f 1222/1195/268 1255/1162/269 1254/1163/269 1221/1196/268
f 1221/1196/268 1254/1163/269 1253/1164/269 1220/1197/268
f 1220/1197/268 1253/1164/269 1252/1165/269 1219/1198/268
f 1219/1198/268 1252/1165/269 1251/1166/269 1218/1199/268
f 1218/1199/268 1251/1166/269 1250/1167/269 1217/1200/268
f 1217/1200/268 1250/1167/269 1249/1168/269 1216/1201/268
f 1216/1201/268 1249/1168/269 1248/1169/269 1215/1202/268
f 1215/1202/268 1248/1169/269 1247/1170/269 1214/1203/268
f 1214/1203/268 1247/1170/269 1246/1171/269 1213/1204/268
f 1213/1204/268 1246/1171/269 1245/1172/269 1212/1205/268
f 1212/1205/268 1245/1172/269 1244/1173/269 1211/1206/268
f 1211/1206/268 1244/1173/269 1243/1174/269 1210/1207/268
f 1210/1207/268 1243/1174/269 1242/1175/269 1209/1208/268
f 1209/1208/268 1242/1175/269 1241/1176/269 1208/1209/268
f 1208/1209/268 1241/1176/269 1240/1177/269 1207/1210/268
f 1207/1210/268 1240/1177/269 1239/1178/269 1206/1211/268
f 1206/1211/268 1239/1178/269 1238/1179/269 1205/1212/268
f 1205/1212/268 1238/1179/269 1237/1180/269 1204/1213/268
f 1204/1213/268 1237/1180/269 1236/1181/269 1203/1214/268
f 1203/1214/268 1236/1181/269 1235/1003/269 1202/1001/268
f 891/1215/284 893/1182/283 1234/1183/268 1201/1216/267
f 1201/1216/267 1234/1183/268 1233/1184/268 1200/1217/267
f 1200/1217/267 1233/1184/268 1232/1185/268 1199/1218/267
f 1199/1218/267 1232/1185/268 1231/1186/268 1198/1219/267
f 1198/1219/267 1231/1186/268 1230/1187/268 1197/1220/267
f 1197/1220/267 1230/1187/268 1229/1188/268 1196/1221/267
f 1196/1221/267 1229/1188/268 1228/1189/268 1195/1222/267
f 1195/1222/267 1228/1189/268 1227/1190/268 1194/1223/267
f 1194/1223/267 1227/1190/268 1226/1191/268 1193/1224/267
f 1193/1224/267 1226/1191/268 1225/1192/268 1192/1225/267
f 1192/1225/267 1225/1192/268 1224/1193/268 1191/1226/267
f 1191/1226/267 1224/1193/268 1223/1194/268 1190/1227/267
f 1190/1227/267 1223/1194/268 1222/1195/268 1189/1228/267
f 1189/1228/267 1222/1195/268 1221/1196/268 1188/1229/267
f 1188/1229/267 1221/1196/268 1220/1197/268 1187/1230/267
f 1187/1230/267 1220/1197/268 1219/1198/268 1186/1231/267
f 1186/1231/267 1219/1198/268 1218/1199/268 1185/1232/267
f 1185/1232/267 1218/1199/268 1217/1200/268 1184/1233/267
f 1184/1233/267 1217/1200/268 1216/1201/268 1183/1234/267
f 1183/1234/267 1216/1201/268 1215/1202/268 1182/1235/267
f 1182/1235/267 1215/1202/268 1214/1203/268 1181/1236/267
f 1181/1236/267 1214/1203/268 1213/1204/268 1180/1237/267
f 1180/1237/267 1213/1204/268 1212/1205/268 1179/1238/267
f 1179/1238/267 1212/1205/268 1211/1206/268 1178/1239/267
f 1178/1239/267 1211/1206/268 1210/1207/268 1177/1240/267
f 1177/1240/267 1210/1207/268 1209/1208/268 1176/1241/267
f 1176/1241/267 1209/1208/268 1208/1209/268 1175/1242/267
f 1175/1242/267 1208/1209/268 1207/1210/268 1174/1243/267
f 1174/1243/267 1207/1210/268 1206/1211/268 1173/1244/267
f 1173/1244/267 1206/1211/268 1205/1212/268 1172/1245/267
f 1172/1245/267 1205/1212/268 1204/1213/268 1171/1246/267
f 1171/1246/267 1204/1213/268 1203/1214/268 1170/1247/267
f 1170/1247/267 1203/1214/268 1202/1001/268 1169/999/267
f 889/1248/285 891/1215/284 1201/1216/267 1168/1249/266
f 1168/1249/266 1201/1216/267 1200/1217/267 1167/1250/266
f 1167/1250/266 1200/1217/267 1199/1218/267 1166/1251/266
f 1166/1251/266 1199/1218/267 1198/1219/267 1165/1252/266
f 1165/1252/266 1198/1219/267 1197/1220/267 1164/1253/266
f 1164/1253/266 1197/1220/267 1196/1221/267 1163/1254/266
f 1163/1254/266 1196/1221/267 1195/1222/267 1162/1255/266
f 1162/1255/266 1195/1222/267 1194/1223/267 1161/1256/266
f 1161/1256/266 1194/1223/267 1193/1224/267 1160/1257/266
f 1160/1257/266 1193/1224/267 1192/1225/267 1159/1258/266
f 1159/1258/266 1192/1225/267 1191/1226/267 1158/1259/266
f 1158/1259/266 1191/1226/267 1190/1227/267 1157/1260/266
f 1157/1260/266 1190/1227/267 1189/1228/267 1156/1261/266
f 1156/1261/266 1189/1228/267 1188/1229/267 1155/1262/266
f 1155/1262/266 1188/1229/267 1187/1230/267 1154/1263/266
f 1154/1263/266 1187/1230/267 1186/1231/267 1153/1264/266
f 1153/1264/266 1186/1231/267 1185/1232/267 1152/1265/266
f 1152/1265/266 1185/1232/267 1184/1233/267 1151/1266/266
f 1151/1266/266 1184/1233/267 1183/1234/267 1150/1267/266
f 1150/1267/266 1183/1234/267 1182/1235/267 1149/1268/266
f 1149/1268/266 1182/1235/267 1181/1236/267 1148/1269/266
f 1148/1269/266 1181/1236/267 1180/1237/267 1147/1270/266
f 1147/1270/266 1180/1237/267 1179/1238/267 1146/1271/266
f 1146/1271/266 1179/1238/267 1178/1239/267 1145/1272/266
f 1145/1272/266 1178/1239/267 1177/1240/267 1144/1273/266
f 1144/1273/266 1177/1240/267 1176/1241/267 1143/1274/266
f 1143/1274/266 1176/1241/267 1175/1242/267 1142/1275/266
f 1142/1275/266 1175/1242/267 1174/1243/267 1141/1276/266
f 1141/1276/266 1174/1243/267 1173/1244/267 1140/1277/266
f 1140/1277/266 1173/1244/267 1172/1245/267 1139/1278/266
f 1139/1278/266 1172/1245/267 1171/1246/267 1138/1279/266
f 1138/1279/266 1171/1246/267 1170/1247/267 1137/1280/266
f 1137/1280/266 1170/1247/267 1169/999/267 1136/997/266
f 887/1281/286 889/1248/285 1168/1249/266 1135/1282/265
f 1135/1282/265 1168/1249/266 1167/1250/266 1134/1283/265
f 1134/1283/265 1167/1250/266 1166/1251/266 1133/1284/265
f 1133/1284/265 1166/1251/266 1165/1252/266 1132/1285/265
f 1132/1285/265 1165/1252/266 1164/1253/266 1131/1286/265
f 1131/1286/265 1164/1253/266 1163/1254/266 1130/1287/265
f 1130/1287/265 1163/1254/266 1162/1255/266 1129/1288/265
f 1129/1288/265 1162/1255/266 1161/1256/266 1128/1289/265
f 1128/1289/265 1161/1256/266 1160/1257/266 1127/1290/265
f 1127/1290/265 1160/1257/266 1159/1258/266 1126/1291/265
f 1126/1291/265 1159/1258/266 1158/1259/266 1125/1292/265
f 1125/1292/265 1158/1259/266 1157/1260/266 1124/1293/265
f 1124/1293/265 1157/1260/266 1156/1261/266 1123/1294/265
f 1123/1294/265 1156/1261/266 1155/1262/266 1122/1295/265
f 1122/1295/265 1155/1262/266 1154/1263/266 1121/1296/265
f 1121/1296/265 1154/1263/266 1153/1264/266 1120/1297/265
f 1120/1297/265 1153/1264/266 1152/1265/266 1119/1298/265
f 1119/1298/265 1152/1265/266 1151/1266/266 1118/1299/265
f 1118/1299/265 1151/1266/266 1150/1267/266 1117/1300/265
f 1117/1300/265 1150/1267/266 1149/1268/266 1116/1301/265
f 1116/1301/265 1149/1268/266 1148/1269/266 1115/1302/265
f 1115/1302/265 1148/1269/266 1147/1270/266 1114/1303/265
f 1114/1303/265 1147/1270/266 1146/1271/266 1113/1304/265
f 1113/1304/265 1146/1271/266 1145/1272/266 1112/1305/265
f 1112/1305/265 1145/1272/266 1144/1273/266 1111/1306/265
f 1111/1306/265 1144/1273/266 1143/1274/266 1110/1307/265
f 1110/1307/265 1143/1274/266 1142/1275/266 1109/1308/265
f 1109/1308/265 1142/1275/266 1141/1276/266 1108/1309/265
f 1108/1309/265 1141/1276/266 1140/1277/266 1107/1310/265
f 1107/1310/265 1140/1277/266 1139/1278/266 1106/1311/265
f 1106/1311/265 1139/1278/266 1138/1279/266 1105/1312/265
f 1105/1312/265 1138/1279/266 1137/1280/266 1104/1313/265
f 1104/1313/265 1137/1280/266 1136/997/266 1103/995/265
f 885/1314/287 887/1281/286 1135/1282/265 1102/1315/264
f 1102/1315/264 1135/1282/265 1134/1283/265 1101/1316/264
f 1101/1316/264 1134/1283/265 1133/1284/265 1100/1317/264
f 1100/1317/264 1133/1284/265 1132/1285/265 1099/1318/264
f 1099/1318/264 1132/1285/265 1131/1286/265 1098/1319/264
f 1098/1319/264 1131/1286/265 1130/1287/265 1097/1320/264
f 1097/1320/264 1130/1287/265 1129/1288/265 1096/1321/264
f 1096/1321/264 1129/1288/265 1128/1289/265 1095/1322/264
f 1095/1322/264 1128/1289/265 1127/1290/265 1094/1323/264
f 1094/1323/264 1127/1290/265 1126/1291/265 1093/1324/264
f 1093/1324/264 1126/1291/265 1125/1292/265 1092/1325/264
f 1092/1325/264 1125/1292/265 1124/1293/265 1091/1326/264
f 1091/1326/264 1124/1293/265 1123/1294/265 1090/1327/264
f 1090/1327/264 1123/1294/265 1122/1295/265 1089/1328/264
f 1089/1328/264 1122/1295/265 1121/1296/265 1088/1329/264
f 1088/1329/264 1121/1296/265 1120/1297/265 1087/1330/264
f 1087/1330/264 1120/1297/265 1119/1298/265 1086/1331/264
f 1086/1331/264 1119/1298/265 1118/1299/265 1085/1332/264
f 1085/1332/264 1118/1299/265 1117/1300/265 1084/1333/264
f 1084/1333/264 1117/1300/265 1116/1301/265 1083/1334/264
f 1083/1334/264 1116/1301/265 1115/1302/265 1082/1335/264
f 1082/1335/264 1115/1302/265 1114/1303/265 1081/1336/264
f 1081/1336/264 1114/1303/265 1113/1304/265 1080/1337/264
f 1080/1337/264 1113/1304/265 1112/1305/265 1079/1338/264
f 1079/1338/264 1112/1305/265 1111/1306/265 1078/1339/264
f 1078/1339/264 1111/1306/265 1110/1307/265 1077/1340/264
f 1077/1340/264 1110/1307/265 1109/1308/265 1076/1341/264
f 1076/1341/264 1109/1308/265 1108/1309/265 1075/1342/264
f 1075/1342/264 1108/1309/265 1107/1310/265 1074/1343/264
f 1074/1343/264 1107/1310/265 1106/1311/265 1073/1344/264
f 1073/1344/264 1106/1311/265 1105/1312/265 1072/1345/264
f 1072/1345/264 1105/1312/265 1104/1313/265 1071/1346/264
f 1071/1346/264 1104/1313/265 1103/995/265 1070/993/264
f 883/1347/288 885/1314/287 1102/1315/264 1069/1348/263
f 1069/1348/263 1102/1315/264 1101/1316/264 1068/1349/263
f 1068/1349/263 1101/1316/264 1100/1317/264 1067/1350/263
f 1067/1350/263 1100/1317/264 1099/1318/264 1066/1351/263
f 1066/1351/263 1099/1318/264 1098/1319/264 1065/1352/263
f 1065/1352/263 1098/1319/264 1097/1320/264 1064/1353/263
f 1064/1353/263 1097/1320/264 1096/1321/264 1063/1354/263
f 1063/1354/263 1096/1321/264 1095/1322/264 1062/1355/263
f 1062/1355/263 1095/1322/264 1094/1323/264 1061/1356/263
f 1061/1356/263 1094/1323/264 1093/1324/264 1060/1357/263
f 1060/1357/263 1093/1324/264 1092/1325/264 1059/1358/263
f 1059/1358/263 1092/1325/264 1091/1326/264 1058/1359/263
f 1058/1359/263 1091/1326/264 1090/1327/264 1057/1360/263
f 1057/1360/263 1090/1327/264 1089/1328/264 1056/1361/263
f 1056/1361/263 1089/1328/264 1088/1329/264 1055/1362/263
f 1055/1362/263 1088/1329/264 1087/1330/264 1054/1363/263
f 1054/1363/263 1087/1330/264 1086/1331/264 1053/1364/263
f 1053/1364/263 1086/1331/264 1085/1332/264 1052/1365/263
f 1052/1365/263 1085/1332/264 1084/1333/264 1051/1366/263
f 1051/1366/263 1084/1333/264 1083/1334/264 1050/1367/263
f 1050/1367/263 1083/1334/264 1082/1335/264 1049/1368/263
f 1049/1368/263 1082/1335/264 1081/1336/264 1048/1369/263
f 1048/1369/263 1081/1336/264 1080/1337/264 1047/1370/263
f 1047/1370/263 1080/1337/264 1079/1338/264 1046/1371/263
f 1046/1371/263 1079/1338/264 1078/1339/264 1045/1372/263
f 1045/1372/263 1078/1339/264 1077/1340/264 1044/1373/263
f 1044/1373/263 1077/1340/264 1076/1341/264 1043/1374/263
f 1043/1374/263 1076/1341/264 1075/1342/264 1042/1375/263
f 1042/1375/263 1075/1342/264 1074/1343/264 1041/1376/263
f 1041/1376/263 1074/1343/264 1073/1344/264 1040/1377/263
f 1040/1377/263 1073/1344/264 1072/1345/264 1039/1378/263
f 1039/1378/263 1072/1345/264 1071/1346/264 1038/1379/263
f 1038/1379/263 1071/1346/264 1070/993/264 1037/991/263
f 881/1380/289 883/1347/288 1069/1348/263 1036/1381/262
f 1036/1381/262 1069/1348/263 1068/1349/263 1035/1382/262
f 1035/1382/262 1068/1349/263 1067/1350/263 1034/1383/262
f 1034/1383/262 1067/1350/263 1066/1351/263 1033/1384/262
f 1033/1384/262 1066/1351/263 1065/1352/263 1032/1385/262
f 1032/1385/262 1065/1352/263 1064/1353/263 1031/1386/262
f 1031/1386/262 1064/1353/263 1063/1354/263 1030/1387/262
f 1030/1387/262 1063/1354/263 1062/1355/263 1029/1388/262
f 1029/1388/262 1062/1355/263 1061/1356/263 1028/1389/262
f 1028/1389/262 1061/1356/263 1060/1357/263 1027/1390/262
f 1027/1390/262 1060/1357/263 1059/1358/263 1026/1391/262
f 1026/1391/262 1059/1358/263 1058/1359/263 1025/1392/262
f 1025/1392/262 1058/1359/263 1057/1360/263 1024/1393/262
f 1024/1393/262 1057/1360/263 1056/1361/263 1023/1394/262
f 1023/1394/262 1056/1361/263 1055/1362/263 1022/1395/262
f 1022/1395/262 1055/1362/263 1054/1363/263 1021/1396/262
f 1021/1396/262 1054/1363/263 1053/1364/263 1020/1397/262
f 1020/1397/262 1053/1364/263 1052/1365/263 1019/1398/262
f 1019/1398/262 1052/1365/263 1051/1366/263 1018/1399/262
f 1018/1399/262 1051/1366/263 1050/1367/263 1017/1400/262
f 1017/1400/262 1050/1367/263 1049/1368/263 1016/1401/262
f 1016/1401/262 1049/1368/263 1048/1369/263 1015/1402/262
f 1015/1402/262 1048/1369/263 1047/1370/263 1014/1403/262
f 1014/1403/262 1047/1370/263 1046/1371/263 1013/1404/262
f 1013/1404/262 1046/1371/263 1045/1372/263 1012/1405/262
f 1012/1405/262 1045/1372/263 1044/1373/263 1011/1406/262
f 1011/1406/262 1044/1373/263 1043/1374/263 1010/1407/262
f 1010/1407/262 1043/1374/263 1042/1375/263 1009/1408/262
f 1009/1408/262 1042/1375/263 1041/1376/263 1008/1409/262
f 1008/1409/262 1041/1376/263 1040/1377/263 1007/1410/262
f 1007/1410/262 1040/1377/263 1039/1378/263 1006/1411/262
f 1006/1411/262 1039/1378/263 1038/1379/263 1005/1412/262
f 1005/1412/262 1038/1379/263 1037/991/263 1004/989/262
f 879/1413/290 881/1380/289 1036/1381/262 1003/1414/261
f 1003/1414/261 1036/1381/262 1035/1382/262 1002/1415/261
f 1002/1415/261 1035/1382/262 1034/1383/262 1001/1416/261
f 1001/1416/261 1034/1383/262 1033/1384/262 1000/1417/261
f 1000/1417/261 1033/1384/262 1032/1385/262 999/1418/261
f 999/1418/261 1032/1385/262 1031/1386/262 998/1419/261
f 998/1419/261 1031/1386/262 1030/1387/262 997/1420/261
f 997/1420/261 1030/1387/262 1029/1388/262 996/1421/261
f 996/1421/261 1029/1388/262 1028/1389/262 995/1422/261
f 995/1422/261 1028/1389/262 1027/1390/262 994/1423/261
f 994/1423/261 1027/1390/262 1026/1391/262 993/1424/261
f 993/1424/261 1026/1391/262 1025/1392/262 992/1425/261
f 992/1425/261 1025/1392/262 1024/1393/262 991/1426/261
f 991/1426/261 1024/1393/262 1023/1394/262 990/1427/261
f 990/1427/261 1023/1394/262 1022/1395/262 989/1428/261
f 989/1428/261 1022/1395/262 1021/1396/262 988/1429/261
f 988/1429/261 1021/1396/262 1020/1397/262 987/1430/261
f 987/1430/261 1020/1397/262 1019/1398/262 986/1431/261
f 986/1431/261 1019/1398/262 1018/1399/262 985/1432/261
f 985/1432/261 1018/1399/262 1017/1400/262 984/1433/261
f 984/1433/261 1017/1400/262 1016/1401/262 983/1434/261
f 983/1434/261 1016/1401/262 1015/1402/262 982/1435/261
f 982/1435/261 1015/1402/262 1014/1403/262 981/1436/261
f 981/1436/261 1014/1403/262 1013/1404/262 980/1437/261
f 980/1437/261 1013/1404/262 1012/1405/262 979/1438/261
f 979/1438/261 1012/1405/262 1011/1406/262 978/1439/261
f 978/1439/261 1011/1406/262 1010/1407/262 977/1440/261
f 977/1440/261 1010/1407/262 1009/1408/262 976/1441/261
f 976/1441/261 1009/1408/262 1008/1409/262 975/1442/261
f 975/1442/261 1008/1409/262 1007/1410/262 974/1443/261
f 974/1443/261 1007/1410/262 1006/1411/262 973/1444/261
f 973/1444/261 1006/1411/262 1005/1412/262 972/1445/261
f 972/1445/261 1005/1412/262 1004/989/262 971/987/261
f 877/1446/291 879/1413/290 1003/1414/261 970/1447/260
f 970/1447/260 1003/1414/261 1002/1415/261 969/1448/260
f 969/1448/260 1002/1415/261 1001/1416/261 968/1449/260
f 968/1449/260 1001/1416/261 1000/1417/261 967/1450/260
f 967/1450/260 1000/1417/261 999/1418/261 966/1451/260
f 966/1451/260 999/1418/261 998/1419/261 965/1452/260
f 965/1452/260 998/1419/261 997/1420/261 964/1453/260
f 964/1453/260 997/1420/261 996/1421/261 963/1454/260
f 963/1454/260 996/1421/261 995/1422/261 962/1455/260
f 962/1455/260 995/1422/261 994/1423/261 961/1456/260
f 961/1456/260 994/1423/261 993/1424/261 960/1457/260
f 960/1457/260 993/1424/261 992/1425/261 959/1458/260
f 959/1458/260 992/1425/261 991/1426/261 958/1459/260
f 958/1459/260 991/1426/261 990/1427/261 957/1460/260
f 957/1460/260 990/1427/261 989/1428/261 956/1461/260
f 956/1461/260 989/1428/261 988/1429/261 955/1462/260
f 955/1462/260 988/1429/261 987/1430/261 954/1463/260
f 954/1463/260 987/1430/261 986/1431/261 953/1464/260
f 953/1464/260 986/1431/261 985/1432/261 952/1465/260
f 952/1465/260 985/1432/261 984/1433/261 951/1466/260
f 951/1466/260 984/1433/261 983/1434/261 950/1467/260
f 950/1467/260 983/1434/261 982/1435/261 949/1468/260
f 949/1468/260 982/1435/261 981/1436/261 948/1469/260
f 948/1469/260 981/1436/261 980/1437/261 947/1470/260
f 947/1470/260 980/1437/261 979/1438/261 946/1471/260
f 946/1471/260 979/1438/261 978/1439/261 945/1472/260
f 945/1472/260 978/1439/261 977/1440/261 944/1473/260
f 944/1473/260 977/1440/261 976/1441/261 943/1474/260
f 943/1474/260 976/1441/261 975/1442/261 942/1475/260
f 942/1475/260 975/1442/261 974/1443/261 941/1476/260
f 941/1476/260 974/1443/261 973/1444/261 940/1477/260
f 940/1477/260 973/1444/261 972/1445/261 939/1478/260
f 939/1478/260 972/1445/261 971/987/261 938/985/260
f 875/1479/292 877/1446/291 970/1447/260 937/1480/259
f 937/1480/259 970/1447/260 969/1448/260 936/1481/259
f 936/1481/259 969/1448/260 968/1449/260 935/1482/259
f 935/1482/259 968/1449/260 967/1450/260 934/1483/259
f 934/1483/259 967/1450/260 966/1451/260 933/1484/259
f 933/1484/259 966/1451/260 965/1452/260 932/1485/259
f 932/1485/259 965/1452/260 964/1453/260 931/1486/259
f 931/1486/259 964/1453/260 963/1454/260 930/1487/259
f 930/1487/259 963/1454/260 962/1455/260 929/1488/259
f 929/1488/259 962/1455/260 961/1456/260 928/1489/259
f 928/1489/259 961/1456/260 960/1457/260 927/1490/259
f 927/1490/259 960/1457/260 959/1458/260 926/1491/259
f 926/1491/259 959/1458/260 958/1459/260 925/1492/259
f 925/1492/259 958/1459/260 957/1460/260 924/1493/259
f 924/1493/259 957/1460/260 956/1461/260 923/1494/259
f 923/1494/259 956/1461/260 955/1462/260 922/1495/259
f 922/1495/259 955/1462/260 954/1463/260 921/1496/259
f 921/1496/259 954/1463/260 953/1464/260 920/1497/259
f 920/1497/259 953/1464/260 952/1465/260 919/1498/259
f 919/1498/259 952/1465/260 951/1466/260 918/1499/259
f 918/1499/259 951/1466/260 950/1467/260 917/1500/259
f 917/1500/259 950/1467/260 949/1468/260 916/1501/259
f 916/1501/259 949/1468/260 948/1469/260 915/1502/259
f 915/1502/259 948/1469/260 947/1470/260 914/1503/259
f 914/1503/259 947/1470/260 946/1471/260 913/1504/259
f 913/1504/259 946/1471/260 945/1472/260 912/1505/259
f 912/1505/259 945/1472/260 944/1473/260 911/1506/259
f 911/1506/259 944/1473/260 943/1474/260 910/1507/259
f 910/1507/259 943/1474/260 942/1475/260 909/1508/259
f 909/1508/259 942/1475/260 941/1476/260 908/1509/259
f 908/1509/259 941/1476/260 940/1477/260 907/1510/259
f 907/1510/259 940/1477/260 939/1478/260 906/1511/259
f 906/1511/259 939/1478/260 938/985/260 905/983/259
f 135/782/119 875/1479/292 937/1480/259 169/783/82
f 169/783/82 937/1480/259 936/1481/259 170/784/82
f 170/784/82 936/1481/259 935/1482/259 171/785/82
f 171/785/82 935/1482/259 934/1483/259 172/786/82
f 172/786/82 934/1483/259 933/1484/259 173/787/82
f 173/787/82 933/1484/259 932/1485/259 174/788/82
f 174/788/82 932/1485/259 931/1486/259 175/789/82
f 175/789/82 931/1486/259 930/1487/259 176/790/82
f 176/790/82 930/1487/259 929/1488/259 177/791/82
f 177/791/82 929/1488/259 928/1489/259 178/792/82
f 178/792/82 928/1489/259 927/1490/259 179/793/82
f 179/793/82 927/1490/259 926/1491/259 180/794/82
f 180/794/82 926/1491/259 925/1492/259 181/795/82
f 181/795/82 925/1492/259 924/1493/259 182/796/82
f 182/796/82 924/1493/259 923/1494/259 183/797/82
f 183/797/82 923/1494/259 922/1495/259 184/798/82
f 184/798/82 922/1495/259 921/1496/259 185/799/82
f 185/799/82 921/1496/259 920/1497/259 186/800/82
f 186/800/82 920/1497/259 919/1498/259 187/801/82
f 187/801/82 919/1498/259 918/1499/259 188/802/82
f 188/802/82 918/1499/259 917/1500/259 189/803/82
f 189/803/82 917/1500/259 916/1501/259 190/804/82
f 190/804/82 916/1501/259 915/1502/259 191/805/82
f 191/805/82 915/1502/259 914/1503/259 192/806/82
f 192/806/82 914/1503/259 913/1504/259 193/807/82
f 193/807/82 913/1504/259 912/1505/259 194/808/82
f 194/808/82 912/1505/259 911/1506/259 195/809/82
f 195/809/82 911/1506/259 910/1507/259 196/810/82
f 196/810/82 910/1507/259 909/1508/259 197/811/82
f 197/811/82 909/1508/259 908/1509/259 198/812/82
f 198/812/82 908/1509/259 907/1510/259 199/813/82
f 199/813/82 907/1510/259 906/1511/259 200/814/82
f 200/814/82 906/1511/259 905/983/259 201/216/82
f 1528/1512/293 1411/1513/294 1412/1514/295 1527/1515/296
f 1530/1516/297 1407/1517/298 1408/1518/299 1529/1519/300
f 1531/1520/301 1416/1521/302 748/825/130 864/824/129
f 1525/1016/277 1403/1015/276 1404/1522/303 1532/1523/304
f 1527/1515/296 1412/1514/295 1413/1524/305 1533/1525/306
f 1529/1519/300 1408/1518/299 1409/1526/307 1534/1527/308
f 1532/1523/304 1404/1522/303 1405/1528/309 1535/1529/310
f 1533/1525/306 1413/1524/305 1414/1530/311 1536/1531/312
f 1534/1527/308 1409/1526/307 1410/1532/313 1537/1533/314
f 1535/1529/310 1405/1528/309 1406/1534/315 1538/1535/316
f 1536/1531/312 1414/1530/311 1415/1536/317 1539/1537/318
f 874/843/148 732/844/149 1402/1014/275 1526/1013/274
f 1537/1533/314 1410/1532/313 1411/1513/294 1528/1512/293
f 1538/1535/316 1406/1534/315 1407/1517/298 1530/1516/297
f 1539/1537/318 1415/1536/317 1416/1521/302 1531/1520/301
f 1427/1538/319 1444/1539/320 1445/1540/321 1428/1541/322
f 1415/1536/317 1431/1542/323 1432/1543/324 1416/1521/302
f 1408/1518/299 1424/1544/325 1425/1545/326 1409/1526/307
f 732/844/149 1417/1546/327 1418/1547/328 1402/1014/275
f 1416/1521/302 1432/1543/324 1433/1548/329 748/825/130
f 1409/1526/307 1425/1545/326 1426/1549/330 1410/1532/313
f 1402/1014/275 1418/1547/328 1419/1550/331 1403/1015/276
f 1410/1532/313 1426/1549/330 1427/1538/319 1411/1513/294
f 1403/1015/276 1419/1550/331 1420/1551/332 1404/1522/303
f 1411/1513/294 1427/1538/319 1428/1541/322 1412/1514/295
f 1404/1522/303 1420/1551/332 1421/1552/333 1405/1528/309
f 1412/1514/295 1428/1541/322 1429/1553/334 1413/1524/305
f 1405/1528/309 1421/1552/333 1422/1554/335 1406/1534/315
f 1413/1524/305 1429/1553/334 1430/1555/336 1414/1530/311
f 851/863/168 1519/1556/337 1417/1557/327 732/864/149
f 1406/1534/315 1422/1554/335 1423/1558/338 1407/1517/298
f 1414/1530/311 1430/1555/336 1431/1542/323 1415/1536/317
f 1407/1517/298 1423/1558/338 1424/1544/325 1408/1518/299
f 1447/1559/339 1464/1560/340 1465/1561/341 1448/1562/342
f 1420/1551/332 1437/1563/343 1438/1564/344 1421/1552/333
f 1428/1541/322 1445/1540/321 1446/1565/345 1429/1553/334
f 1421/1552/333 1438/1564/344 1439/1566/346 1422/1554/335
f 1429/1553/334 1446/1565/345 1447/1559/339 1430/1555/336
f 1422/1554/335 1439/1566/346 1440/1567/347 1423/1558/338
f 1430/1555/336 1447/1559/339 1448/1562/342 1431/1542/323
f 1423/1558/338 1440/1567/347 1441/1568/348 1424/1544/325
f 1431/1542/323 1448/1562/342 1449/1569/349 1432/1543/324
f 1424/1544/325 1441/1568/348 1442/1570/350 1425/1545/326
f 1417/1546/327 1434/1571/351 1435/1572/352 1418/1547/328
f 1432/1543/324 1449/1569/349 1450/1573/353 1433/1548/329
f 1425/1545/326 1442/1570/350 1443/1574/354 1426/1549/330
f 1418/1547/328 1435/1572/352 1436/1575/355 1419/1550/331
f 1519/1556/337 1520/1576/356 1434/1577/351 1417/1557/327
f 1426/1549/330 1443/1574/354 1444/1539/320 1427/1538/319
f 1419/1550/331 1436/1575/355 1437/1563/343 1420/1551/332
f 1463/1578/357 1480/1579/358 1481/1580/359 1464/1560/340
f 1440/1567/347 1457/1581/360 1458/1582/361 1441/1568/348
f 1448/1562/342 1465/1561/341 1466/1583/362 1449/1569/349
f 1441/1568/348 1458/1582/361 1459/1584/363 1442/1570/350
f 1434/1571/351 1451/1585/364 1452/1586/365 1435/1572/352
f 1449/1569/349 1466/1583/362 1467/1587/366 1450/1573/353
f 1442/1570/350 1459/1584/363 1460/1588/367 1443/1574/354
f 1435/1572/352 1452/1586/365 1453/1589/368 1436/1575/355
f 1520/1576/356 1521/1590/369 1451/1591/364 1434/1577/351
f 1443/1574/354 1460/1588/367 1461/1592/370 1444/1539/320
f 1436/1575/355 1453/1589/368 1454/1593/371 1437/1563/343
f 1444/1539/320 1461/1592/370 1462/1594/372 1445/1540/321
f 1437/1563/343 1454/1593/371 1455/1595/373 1438/1564/344
f 1445/1540/321 1462/1594/372 1463/1578/357 1446/1565/345
f 1438/1564/344 1455/1595/373 1456/1596/374 1439/1566/346
f 1446/1565/345 1463/1578/357 1464/1560/340 1447/1559/339
f 1439/1566/346 1456/1596/374 1457/1581/360 1440/1567/347
f 1468/1597/375 1485/1598/376 1486/1599/377 1469/1600/378
f 1456/1596/374 1473/1601/379 1474/1602/380 1457/1581/360
f 1464/1560/340 1481/1580/359 1482/1603/381 1465/1561/341
f 1457/1581/360 1474/1602/380 1475/1604/382 1458/1582/361
f 1465/1561/341 1482/1603/381 1483/1605/383 1466/1583/362
f 1458/1582/361 1475/1604/382 1476/1606/384 1459/1584/363
f 1451/1585/364 1468/1597/375 1469/1600/378 1452/1586/365
f 1466/1583/362 1483/1605/383 1484/1607/385 1467/1587/366
f 1459/1584/363 1476/1606/384 1477/1608/386 1460/1588/367
f 1452/1586/365 1469/1600/378 1470/1609/387 1453/1589/368
f 1521/1590/369 1522/1610/388 1468/1611/375 1451/1591/364
f 1460/1588/367 1477/1608/386 1478/1612/389 1461/1592/370
f 1453/1589/368 1470/1609/387 1471/1613/390 1454/1593/371
f 1461/1592/370 1478/1612/389 1479/1614/391 1462/1594/372
f 1454/1593/371 1471/1613/390 1472/1615/392 1455/1595/373
f 1462/1594/372 1479/1614/391 1480/1579/358 1463/1578/357
f 1455/1595/373 1472/1615/392 1473/1601/379 1456/1596/374
f 1488/1616/393 1505/1617/394 1506/1618/395 1489/1619/396
f 1483/1605/383 1500/1620/397 1501/1621/398 1484/1607/385
f 1476/1606/384 1493/1622/399 1494/1623/400 1477/1608/386
f 1469/1600/378 1486/1599/377 1487/1624/401 1470/1609/387
f 1522/1610/388 1523/1625/402 1485/1626/376 1468/1611/375
f 1477/1608/386 1494/1623/400 1495/1627/403 1478/1612/389
f 1470/1609/387 1487/1624/401 1488/1616/393 1471/1613/390
f 1478/1612/389 1495/1627/403 1496/1628/404 1479/1614/391
f 1471/1613/390 1488/1616/393 1489/1619/396 1472/1615/392
f 1479/1614/391 1496/1628/404 1497/1629/405 1480/1579/358
f 1472/1615/392 1489/1619/396 1490/1630/406 1473/1601/379
f 1480/1579/358 1497/1629/405 1498/1631/407 1481/1580/359
f 1473/1601/379 1490/1630/406 1491/1632/408 1474/1602/380
f 1481/1580/359 1498/1631/407 1499/1633/409 1482/1603/381
f 1474/1602/380 1491/1632/408 1492/1634/410 1475/1604/382
f 1482/1603/381 1499/1633/409 1500/1620/397 1483/1605/383
f 1475/1604/382 1492/1634/410 1493/1622/399 1476/1606/384
f 1518/1635/411 1517/1636/412 1516/1637/413 1515/1638/414 1514/1639/415 1513/1640/416 1512/1641/417 1511/1642/418 1510/1643/419 1509/1644/420 1508/1645/421 1507/1646/422 1506/1647/395 1505/1648/394 1504/1649/423 1503/1650/424 1502/1651/425 1524/1652/426
f 1496/1628/404 1513/1653/416 1514/1654/415 1497/1629/405
f 1489/1619/396 1506/1618/395 1507/1655/422 1490/1630/406
f 1497/1629/405 1514/1654/415 1515/1656/414 1498/1631/407
f 1490/1630/406 1507/1655/422 1508/1657/421 1491/1632/408
f 1498/1631/407 1515/1656/414 1516/1658/413 1499/1633/409
f 1491/1632/408 1508/1657/421 1509/1659/420 1492/1634/410
f 1499/1633/409 1516/1658/413 1517/1660/412 1500/1620/397
f 1492/1634/410 1509/1659/420 1510/1661/419 1493/1622/399
f 1485/1598/376 1502/1662/425 1503/1663/424 1486/1599/377
f 1500/1620/397 1517/1660/412 1518/1664/411 1501/1621/398
f 1493/1622/399 1510/1661/419 1511/1665/418 1494/1623/400
f 1486/1599/377 1503/1663/424 1504/1666/423 1487/1624/401
f 1523/1625/402 1524/1652/426 1502/1651/425 1485/1626/376
f 1494/1623/400 1511/1665/418 1512/1667/417 1495/1627/403
f 1487/1624/401 1504/1666/423 1505/1617/394 1488/1616/393
f 1495/1627/403 1512/1667/417 1513/1653/416 1496/1628/404
f 1501/1668/398 1518/1635/411 1524/1652/426 1523/1625/402
f 1484/1669/385 1501/1668/398 1523/1625/402 1522/1610/388
f 1467/1670/366 1484/1669/385 1522/1610/388 1521/1590/369
f 1450/1671/353 1467/1670/366 1521/1590/369 1520/1576/356
f 1433/1672/329 1450/1671/353 1520/1576/356 1519/1556/337
f 748/982/130 1433/1672/329 1519/1556/337 851/863/168
f 901/1050/279 1539/1537/318 1531/1520/301 903/1017/278
f 883/1347/288 1538/1535/316 1530/1516/297 885/1314/287
f 891/1215/284 1537/1533/314 1528/1512/293 893/1182/283
f 135/782/119 874/843/148 1526/1013/274 875/1479/292
f 899/1083/280 1536/1531/312 1539/1537/318 901/1050/279
f 881/1380/289 1535/1529/310 1538/1535/316 883/1347/288
f 889/1248/285 1534/1527/308 1537/1533/314 891/1215/284
f 897/1116/281 1533/1525/306 1536/1531/312 899/1083/280
f 879/1413/290 1532/1523/304 1535/1529/310 881/1380/289
f 887/1281/286 1529/1519/300 1534/1527/308 889/1248/285
f 895/1149/282 1527/1515/296 1533/1525/306 897/1116/281
f 877/1446/291 1525/1016/277 1532/1523/304 879/1413/290
f 903/1017/278 1531/1520/301 864/824/129 167/257/104
f 885/1314/287 1530/1516/297 1529/1519/300 887/1281/286
f 893/1182/283 1528/1512/293 1527/1515/296 895/1149/282
f 875/1479/292 1526/1013/274 1525/1016/277 877/1446/291
l 731 175
l 723 730
l 1401 175
l 723 1400
o Controller_BezierCurve.001
v -1.217613 5.856682 -0.002499
v -1.215783 5.856730 -0.004329
v -1.213283 5.856749 -0.004998
v -1.210783 5.856730 -0.004329
v -1.208953 5.856682 -0.002499
v -1.208283 5.856616 -0.000000
v -1.208953 5.856550 0.002499
v -1.210783 5.856502 0.004329
v -1.213283 5.856483 0.004998
v -1.215783 5.856502 0.004329
v -1.217613 5.856550 0.002499
v -1.218283 5.856616 0.000000
v -1.214089 5.685045 -0.011016
v -1.212262 5.685245 -0.012838
v -1.209765 5.685391 -0.013501
v -1.207266 5.685444 -0.012828
v -1.205436 5.685390 -0.010999
v -1.204764 5.685244 -0.008504
v -1.205432 5.685044 -0.006011
v -1.207259 5.684844 -0.004189
v -1.209756 5.684698 -0.003525
v -1.212255 5.684645 -0.004198
v -1.214085 5.684699 -0.006028
v -1.214757 5.684845 -0.008523
v -1.204346 5.521291 -0.025669
v -1.202526 5.521616 -0.027481
v -1.200035 5.521873 -0.028135
v -1.197540 5.521993 -0.027456
v -1.195710 5.521944 -0.025626
v -1.195035 5.521739 -0.023136
v -1.195696 5.521432 -0.020653
v -1.197516 5.521108 -0.018841
v -1.200007 5.520850 -0.018187
v -1.202502 5.520730 -0.018866
v -1.204332 5.520780 -0.020696
v -1.205007 5.520985 -0.023186
v -1.189626 5.362747 -0.044156
v -1.187814 5.363159 -0.045957
v -1.185331 5.363500 -0.046602
v -1.182841 5.363678 -0.045916
v -1.181013 5.363647 -0.044085
v -1.180336 5.363414 -0.041598
v -1.180991 5.363042 -0.039121
v -1.182803 5.362630 -0.037320
v -1.185286 5.362289 -0.036675
v -1.187775 5.362110 -0.037361
v -1.189604 5.362142 -0.039192
v -1.190281 5.362375 -0.041679
v -1.171174 5.206743 -0.064168
v -1.169367 5.207197 -0.065964
v -1.166890 5.207590 -0.066602
v -1.164406 5.207817 -0.065911
v -1.162581 5.207816 -0.064076
v -1.161905 5.207589 -0.061588
v -1.162557 5.207195 -0.059114
v -1.164364 5.206741 -0.057318
v -1.166842 5.206349 -0.056680
v -1.169325 5.206122 -0.057371
v -1.171150 5.206123 -0.059207
v -1.171827 5.206350 -0.061694
v -1.150235 5.050611 -0.083400
v -1.148427 5.051060 -0.085197
v -1.145952 5.051470 -0.085833
v -1.143473 5.051731 -0.085138
v -1.141654 5.051773 -0.083297
v -1.140982 5.051585 -0.080805
v -1.141638 5.051217 -0.078328
v -1.143446 5.050768 -0.076531
v -1.145921 5.050358 -0.075895
v -1.148400 5.050097 -0.076591
v -1.150219 5.050055 -0.078431
v -1.150891 5.050242 -0.080924
v -1.128052 4.891678 -0.099546
v -1.126238 4.892077 -0.101348
v -1.123760 4.892471 -0.101985
v -1.121284 4.892753 -0.101288
v -1.119472 4.892847 -0.099442
v -1.118810 4.892729 -0.096943
v -1.119475 4.892430 -0.094460
v -1.121290 4.892031 -0.092658
v -1.123767 4.891638 -0.092020
v -1.126244 4.891356 -0.092718
v -1.128056 4.891262 -0.094563
v -1.128718 4.891379 -0.097063
v -1.105871 4.727275 -0.110300
v -1.104044 4.727584 -0.112107
v -1.101561 4.727929 -0.112748
v -1.099085 4.728218 -0.112050
v -1.097281 4.728372 -0.110200
v -1.096632 4.728351 -0.107695
v -1.097312 4.728160 -0.105205
v -1.099138 4.727851 -0.103398
v -1.101622 4.727507 -0.102757
v -1.104098 4.727218 -0.103455
v -1.105902 4.727064 -0.105304
v -1.106551 4.727085 -0.107810
v -1.084935 4.554731 -0.113356
v -1.083094 4.554917 -0.115166
v -1.080601 4.555188 -0.115808
v -1.078124 4.555470 -0.115110
v -1.076328 4.555687 -0.113259
v -1.075693 4.555783 -0.110752
v -1.076389 4.555731 -0.108260
v -1.078230 4.555545 -0.106451
v -1.080723 4.555275 -0.105809
v -1.083200 4.554993 -0.106507
v -1.084996 4.554775 -0.108357
v -1.085631 4.554679 -0.110864
v -1.066488 4.371375 -0.106412
v -1.064632 4.371415 -0.108216
v -1.062130 4.371591 -0.108854
v -1.059652 4.371856 -0.108155
v -1.057862 4.372138 -0.106308
v -1.057239 4.372363 -0.103805
v -1.057951 4.372468 -0.101319
v -1.059807 4.372428 -0.099515
v -1.062309 4.372252 -0.098877
v -1.064787 4.371987 -0.099576
v -1.066577 4.371705 -0.101424
v -1.067200 4.371481 -0.103926
v -1.051772 4.174532 -0.087163
v -1.049905 4.174416 -0.088951
v -1.047395 4.174486 -0.089579
v -1.044915 4.174726 -0.088878
v -1.043129 4.175069 -0.087036
v -1.042517 4.175426 -0.084547
v -1.043241 4.175699 -0.082077
v -1.045109 4.175816 -0.080289
v -1.047619 4.175745 -0.079661
v -1.050098 4.175506 -0.080362
v -1.051884 4.175161 -0.082204
v -1.052497 4.174805 -0.084693
v -1.042032 3.961530 -0.053305
v -1.040157 3.961255 -0.055068
v -1.037642 3.961216 -0.055679
v -1.035161 3.961425 -0.054973
v -1.033378 3.961826 -0.053140
v -1.032771 3.962311 -0.050671
v -1.033503 3.962749 -0.048228
v -1.035378 3.963025 -0.046464
v -1.037892 3.963064 -0.045854
v -1.040374 3.962855 -0.046560
v -1.042157 3.962454 -0.048393
v -1.042763 3.961969 -0.050861
v -1.038508 3.729684 -0.002533
v -1.036632 3.729325 -0.004279
v -1.034115 3.729234 -0.004878
v -1.031634 3.729434 -0.004171
v -1.029852 3.729872 -0.002346
v -1.029247 3.730431 0.000108
v -1.029981 3.730960 0.002533
v -1.031857 3.731318 0.004279
v -1.034374 3.731410 0.004878
v -1.036855 3.731210 0.004171
v -1.038637 3.730772 0.002346
v -1.039242 3.730213 -0.000108
v -1.036175 3.384975 0.025948
v -1.034301 3.384693 0.024185
v -1.031787 3.384672 0.023570
v -1.029307 3.384918 0.024268
v -1.027525 3.385365 0.026092
v -1.026919 3.385892 0.028552
v -1.027652 3.386360 0.030990
v -1.029526 3.386642 0.032752
v -1.032040 3.386663 0.033367
v -1.034520 3.386417 0.032669
v -1.036302 3.385971 0.030846
v -1.036908 3.385443 0.028386
v -1.029635 3.283256 0.044329
v -1.027773 3.283162 0.042533
v -1.025270 3.283302 0.041890
v -1.022797 3.283639 0.042572
v -1.021014 3.284082 0.044396
v -1.020402 3.284512 0.046873
v -1.021123 3.284815 0.049341
v -1.022984 3.284908 0.051136
v -1.025487 3.284768 0.051780
v -1.027961 3.284431 0.051098
v -1.029743 3.283988 0.049274
v -1.030356 3.283558 0.046796
v -1.019568 3.202684 0.053996
v -1.017740 3.202845 0.052170
v -1.015266 3.203207 0.051502
v -1.012808 3.203671 0.052169
v -1.011026 3.204113 0.053993
v -1.010397 3.204416 0.056485
v -1.011089 3.204497 0.058978
v -1.012917 3.204335 0.060803
v -1.015391 3.203974 0.061472
v -1.017848 3.203510 0.060804
v -1.019630 3.203068 0.058980
v -1.020260 3.202765 0.056488
v -1.006647 3.141193 0.056328
v -1.004897 3.141710 0.054492
v -1.002491 3.142383 0.053814
v -1.000075 3.143031 0.054476
v -0.998294 3.143480 0.056300
v -0.997627 3.143611 0.058797
v -0.998252 3.143388 0.061299
v -1.000002 3.142870 0.063134
v -1.002407 3.142198 0.063812
v -1.004824 3.141550 0.063151
v -1.006605 3.141100 0.061327
v -1.007272 3.140969 0.058829
v -0.991524 3.096705 0.052690
v -0.989952 3.097720 0.050902
v -0.987704 3.098835 0.050266
v -0.985383 3.099750 0.050953
v -0.983610 3.100221 0.052779
v -0.982861 3.100122 0.055254
v -0.983335 3.099478 0.057716
v -0.984907 3.098463 0.059504
v -0.987155 3.097348 0.060140
v -0.989476 3.096433 0.059452
v -0.991249 3.095962 0.057627
v -0.991998 3.096061 0.055151
v -0.974810 3.067161 0.044409
v -0.973620 3.068816 0.042815
v -0.971716 3.070508 0.042354
v -0.969608 3.071782 0.043150
v -0.967862 3.072298 0.044989
v -0.966945 3.071917 0.047379
v -0.967103 3.070741 0.049680
v -0.968293 3.069086 0.051274
v -0.970197 3.067394 0.051735
v -0.972305 3.066120 0.050939
v -0.974051 3.065604 0.049100
v -0.974968 3.065985 0.046710
v -0.957108 3.028267 0.006789
v -0.956592 3.030527 0.005638
v -0.955306 3.032772 0.005583
v -0.953594 3.034401 0.006639
v -0.951916 3.034978 0.008522
v -0.950720 3.034347 0.010730
v -0.950328 3.032678 0.012669
v -0.950844 3.030418 0.013820
v -0.952131 3.028173 0.013875
v -0.953842 3.026544 0.012820
v -0.955521 3.025968 0.010936
v -0.956716 3.026598 0.008729
v -0.939158 3.022920 -0.006773
v -0.939476 3.025434 -0.007301
v -0.938971 3.027917 -0.006773
v -0.937777 3.029704 -0.005331
v -0.936215 3.030316 -0.003360
v -0.934703 3.029589 -0.001389
v -0.933646 3.027718 0.000054
v -0.933328 3.025204 0.000582
v -0.933833 3.022721 0.000054
v -0.935027 3.020935 -0.001389
v -0.936589 3.020323 -0.003360
v -0.938101 3.021049 -0.005330
v -0.921833 3.026817 -0.020735
v -0.922862 3.029191 -0.020699
v -0.923043 3.031539 -0.019626
v -0.922327 3.033233 -0.017804
v -0.920905 3.033817 -0.015722
v -0.919160 3.033136 -0.013936
v -0.917558 3.031372 -0.012926
v -0.916529 3.028997 -0.012962
v -0.916348 3.026649 -0.014035
v -0.917064 3.024956 -0.015857
v -0.918486 3.024371 -0.017939
v -0.920231 3.025052 -0.019725
v -0.905906 3.037819 -0.033611
v -0.907428 3.039868 -0.033183
v -0.908108 3.041887 -0.031713
v -0.907764 3.043335 -0.029596
v -0.906488 3.043823 -0.027397
v -0.904622 3.043222 -0.025708
v -0.902666 3.041691 -0.024979
v -0.901144 3.039642 -0.025407
v -0.900465 3.037623 -0.026877
v -0.900809 3.036175 -0.028994
v -0.902085 3.035686 -0.031192
v -0.903951 3.036288 -0.032882
v -0.892021 3.053844 -0.044018
v -0.893888 3.055503 -0.043337
v -0.894944 3.057096 -0.041592
v -0.894906 3.058197 -0.039250
v -0.893785 3.058510 -0.036938
v -0.891880 3.057952 -0.035277
v -0.889703 3.056672 -0.034710
v -0.887836 3.055013 -0.035391
v -0.886780 3.053421 -0.037136
v -0.886818 3.052320 -0.039479
v -0.887940 3.052007 -0.041790
v -0.889844 3.052565 -0.043452
v -0.880829 3.072895 -0.050552
v -0.882964 3.074098 -0.049720
v -0.884335 3.075157 -0.047797
v -0.884573 3.075788 -0.045298
v -0.883616 3.075823 -0.042894
v -0.881719 3.075251 -0.041228
v -0.879392 3.074227 -0.040746
v -0.877257 3.073024 -0.041579
v -0.875887 3.071965 -0.043502
v -0.875648 3.071333 -0.046001
v -0.876605 3.071298 -0.048405
v -0.878502 3.071870 -0.050071
v -0.881838 3.071959 -0.053243
v -0.886971 3.074851 -0.051954
v -0.890265 3.077398 -0.048975
v -0.890839 3.078916 -0.045105
v -0.888538 3.078999 -0.041381
v -0.883978 3.077625 -0.038801
v -0.878383 3.075162 -0.038056
v -0.873250 3.072269 -0.039345
v -0.869956 3.069723 -0.042324
v -0.869382 3.068204 -0.046194
v -0.871683 3.068121 -0.049918
v -0.876243 3.069495 -0.052498
v -0.873303 3.091470 -0.067044
v -0.883210 3.097054 -0.064555
v -0.889569 3.101969 -0.058805
v -0.890676 3.104899 -0.051336
v -0.886234 3.105060 -0.044148
v -0.877434 3.102407 -0.039167
v -0.866633 3.097652 -0.037729
v -0.856726 3.092069 -0.040218
v -0.850367 3.087154 -0.045967
v -0.849260 3.084224 -0.053437
v -0.853702 3.084063 -0.060625
v -0.862502 3.086715 -0.065605
v -0.819111 3.203682 -0.103039
v -0.829019 3.209265 -0.100550
v -0.835378 3.214181 -0.094800
v -0.836485 3.217111 -0.087331
v -0.832043 3.217272 -0.080143
v -0.823242 3.214619 -0.075162
v -0.812442 3.209864 -0.073724
v -0.802534 3.204281 -0.076213
v -0.796175 3.199366 -0.081962
v -0.795068 3.196435 -0.089432
v -0.799510 3.196275 -0.096620
v -0.808311 3.198927 -0.101600
v -0.716782 3.415567 -0.171006
v -0.726690 3.421150 -0.168516
v -0.733049 3.426065 -0.162767
v -0.734156 3.428996 -0.155297
v -0.729714 3.429156 -0.148109
v -0.720913 3.426504 -0.143129
v -0.710113 3.421749 -0.141691
v -0.700205 3.416166 -0.144180
v -0.693846 3.411250 -0.149929
v -0.692739 3.408320 -0.157399
v -0.697181 3.408159 -0.164587
v -0.705982 3.410812 -0.169567
vt 0.000000 1.000000
vt 0.041667 1.000000
vt 0.041667 0.916667
vt 0.000000 0.916667
vt 0.000000 0.083333
vt 0.041667 0.083333
vt 0.041667 0.000000
vt 0.000000 0.000000
vt 0.000000 0.166667
vt 0.041667 0.166667
vt 0.000000 0.250000
vt 0.041667 0.250000
vt 0.000000 0.333333
vt 0.041667 0.333333
vt 0.000000 0.416667
vt 0.041667 0.416667
vt 0.000000 0.500000
vt 0.041667 0.500000
vt 0.000000 0.583333
vt 0.041667 0.583333
vt 0.000000 0.666667
vt 0.041667 0.666667
vt 0.000000 0.750000
vt 0.041667 0.750000
vt 0.000000 0.833333
vt 0.041667 0.833333
vt 0.083333 1.000000
vt 0.083333 0.916667
vt 0.083333 0.083333
vt 0.083333 0.000000
vt 0.083333 0.166667
vt 0.083333 0.250000
vt 0.083333 0.333333
vt 0.083333 0.416667
vt 0.083333 0.500000
vt 0.083333 0.583333
vt 0.083333 0.666667
vt 0.083333 0.750000
vt 0.083333 0.833333
vt 0.125000 1.000000
vt 0.125000 0.916667
vt 0.125000 0.083333
vt 0.125000 0.000000
vt 0.125000 0.166667
vt 0.125000 0.250000
vt 0.125000 0.333333
vt 0.125000 0.416667
vt 0.125000 0.500000
vt 0.125000 0.583333
vt 0.125000 0.666667
vt 0.125000 0.750000
vt 0.125000 0.833333
vt 0.166667 1.000000
vt 0.166667 0.916667
vt 0.166667 0.083333
vt 0.166667 0.000000
vt 0.166667 0.166667
vt 0.166667 0.250000
vt 0.166667 0.333333
vt 0.166667 0.416667
vt 0.166667 0.500000
vt 0.166667 0.583333
vt 0.166667 0.666667
vt 0.166667 0.750000
vt 0.166667 0.833333
vt 0.208333 1.000000
vt 0.208333 0.916667
vt 0.208333 0.083333
vt 0.208333 0.000000
vt 0.208333 0.166667
vt 0.208333 0.250000
vt 0.208333 0.333333
vt 0.208333 0.416667
vt 0.208333 0.500000
vt 0.208333 0.583333
vt 0.208333 0.666667
vt 0.208333 0.750000
vt 0.208333 0.833333
vt 0.250000 1.000000
vt 0.250000 0.916667
vt 0.250000 0.083333
vt 0.250000 0.000000
vt 0.250000 0.166667
vt 0.250000 0.250000
vt 0.250000 0.333333
vt 0.250000 0.416667
vt 0.250000 0.500000
vt 0.250000 0.583333
vt 0.250000 0.666667
vt 0.250000 0.750000
vt 0.250000 0.833333
vt 0.291667 1.000000
vt 0.291667 0.916667
vt 0.291667 0.083333
vt 0.291667 0.000000
vt 0.291667 0.166667
vt 0.291667 0.250000
vt 0.291667 0.333333
vt 0.291667 0.416667
vt 0.291667 0.500000
vt 0.291667 0.583333
vt 0.291667 0.666667
vt 0.291667 0.750000
vt 0.291667 0.833333
vt 0.333333 1.000000
vt 0.333333 0.916667
vt 0.333333 0.083333
vt 0.333333 0.000000
vt 0.333333 0.166667
vt 0.333333 0.250000
vt 0.333333 0.333333
vt 0.333333 0.416667
vt 0.333333 0.500000
vt 0.333333 0.583333
vt 0.333333 0.666667
vt 0.333333 0.750000
vt 0.333333 0.833333
vt 0.375000 1.000000
vt 0.375000 0.916667
vt 0.375000 0.083333
vt 0.375000 0.000000
vt 0.375000 0.166667
vt 0.375000 0.250000
vt 0.375000 0.333333
vt 0.375000 0.416667
vt 0.375000 0.500000
vt 0.375000 0.583333
vt 0.375000 0.666667
vt 0.375000 0.750000
vt 0.375000 0.833333
vt 0.416667 1.000000
vt 0.416667 0.916667
vt 0.416667 0.083333
vt 0.416667 0.000000
vt 0.416667 0.166667
vt 0.416667 0.250000
vt 0.416667 0.333333
vt 0.416667 0.416667
vt 0.416667 0.500000
vt 0.416667 0.583333
vt 0.416667 0.666667
vt 0.416667 0.750000
vt 0.416667 0.833333
vt 0.458333 1.000000
vt 0.458333 0.916667
vt 0.458333 0.083333
vt 0.458333 0.000000
vt 0.458333 0.166667
vt 0.458333 0.250000
vt 0.458333 0.333333
vt 0.458333 0.416667
vt 0.458333 0.500000
vt 0.458333 0.583333
vt 0.458333 0.666667
vt 0.458333 0.750000
vt 0.458333 0.833333
vt 0.500000 1.000000
vt 0.500000 0.916667
vt 0.500000 0.083333
vt 0.500000 0.000000
vt 0.500000 0.166667
vt 0.500000 0.250000
vt 0.500000 0.333333
vt 0.500000 0.416667
vt 0.500000 0.500000
vt 0.500000 0.583333
vt 0.500000 0.666667
vt 0.500000 0.750000
vt 0.500000 0.833333
vt 0.541667 1.000000
vt 0.541667 0.916667
vt 0.541667 0.083333
vt 0.541667 0.000000
vt 0.541667 0.166667
vt 0.541667 0.250000
vt 0.541667 0.333333
vt 0.541667 0.416667
vt 0.541667 0.500000
vt 0.541667 0.583333
vt 0.541667 0.666667
vt 0.541667 0.750000
vt 0.541667 0.833333
vt 0.583333 1.000000
vt 0.583333 0.916667
vt 0.583333 0.083333
vt 0.583333 0.000000
vt 0.583333 0.166667
vt 0.583333 0.250000
vt 0.583333 0.333333
vt 0.583333 0.416667
vt 0.583333 0.500000
vt 0.583333 0.583333
vt 0.583333 0.666667
vt 0.583333 0.750000
vt 0.583333 0.833333
vt 0.625000 1.000000
vt 0.625000 0.916667
vt 0.625000 0.083333
vt 0.625000 0.000000
vt 0.625000 0.166667
vt 0.625000 0.250000
vt 0.625000 0.333333
vt 0.625000 0.416667
vt 0.625000 0.500000
vt 0.625000 0.583333
vt 0.625000 0.666667
vt 0.625000 0.750000
vt 0.625000 0.833333
vt 0.666667 1.000000
vt 0.666667 0.916667
vt 0.666667 0.083333
vt 0.666667 0.000000
vt 0.666667 0.166667
vt 0.666667 0.250000
vt 0.666667 0.333333
vt 0.666667 0.416667
vt 0.666667 0.500000
vt 0.666667 0.583333
vt 0.666667 0.666667
vt 0.666667 0.750000
vt 0.666667 0.833333
vt 0.708333 1.000000
vt 0.708333 0.916667
vt 0.708333 0.083333
vt 0.708333 0.000000
vt 0.708333 0.166667
vt 0.708333 0.250000
vt 0.708333 0.333333
vt 0.708333 0.416667
vt 0.708333 0.500000
vt 0.708333 0.583333
vt 0.708333 0.666667
vt 0.708333 0.750000
vt 0.708333 0.833333
vt 0.750000 1.000000
vt 0.750000 0.916667
vt 0.750000 0.083333
vt 0.750000 0.000000
vt 0.750000 0.166667
vt 0.750000 0.250000
vt 0.750000 0.333333
vt 0.750000 0.416667
vt 0.750000 0.500000
vt 0.750000 0.583333
vt 0.750000 0.666667
vt 0.750000 0.750000
vt 0.750000 0.833333
vt 0.791667 1.000000
vt 0.791667 0.916667
vt 0.791667 0.083333
vt 0.791667 0.000000
vt 0.791667 0.166667
vt 0.791667 0.250000
vt 0.791667 0.333333
vt 0.791667 0.416667
vt 0.791667 0.500000
vt 0.791667 0.583333
vt 0.791667 0.666667
vt 0.791667 0.750000
vt 0.791667 0.833333
vt 0.833333 1.000000
vt 0.833333 0.916667
vt 0.833333 0.083333
vt 0.833333 0.000000
vt 0.833333 0.166667
vt 0.833333 0.250000
vt 0.833333 0.333333
vt 0.833333 0.416667
vt 0.833333 0.500000
vt 0.833333 0.583333
vt 0.833333 0.666667
vt 0.833333 0.750000
vt 0.833333 0.833333
vt 0.875000 1.000000
vt 0.875000 0.916667
vt 0.875000 0.083333
vt 0.875000 0.000000
vt 0.875000 0.166667
vt 0.875000 0.250000
vt 0.875000 0.333333
vt 0.875000 0.416667
vt 0.875000 0.500000
vt 0.875000 0.583333
vt 0.875000 0.666667
vt 0.875000 0.750000
vt 0.875000 0.833333
vt 0.916667 1.000000
vt 0.916667 0.916667
vt 0.916667 0.083333
vt 0.916667 0.000000
vt 0.916667 0.166667
vt 0.916667 0.250000
vt 0.916667 0.333333
vt 0.916667 0.416667
vt 0.916667 0.500000
vt 0.916667 0.583333
vt 0.916667 0.666667
vt 0.916667 0.750000
vt 0.916667 0.833333
vt 0.958333 1.000000
vt 0.958333 0.916667
vt 0.958333 0.083333
vt 0.958333 0.000000
vt 0.958333 0.166667
vt 0.958333 0.250000
vt 0.958333 0.333333
vt 0.958333 0.416667
vt 0.958333 0.500000
vt 0.958333 0.583333
vt 0.958333 0.666667
vt 0.958333 0.750000
vt 0.958333 0.833333
vt 1.000000 1.000000
vt 1.000000 0.916667
vt 1.000000 0.083333
vt 1.000000 0.000000
vt 1.000000 0.166667
vt 1.000000 0.250000
vt 1.000000 0.333333
vt 1.000000 0.416667
vt 1.000000 0.500000
vt 1.000000 0.583333
vt 1.000000 0.666667
vt 1.000000 0.750000
vt 1.000000 0.833333
vt 1.000000 0.500000
vt 1.000000 0.416667
vt 1.000000 0.083333
vt 1.000000 0.000000
vt 1.000000 1.000000
vt 1.000000 0.916667
vt 1.000000 0.666667
vt 1.000000 0.583333
vt 1.000000 0.250000
vt 1.000000 0.166667
vt 1.000000 0.833333
vt 1.000000 0.750000
vt 1.000000 0.333333
vt 1.000000 0.833333
vt 1.000000 0.750000
vt 1.000000 1.000000
vt 1.000000 0.916667
vt 1.000000 0.583333
vt 1.000000 0.500000
vt 1.000000 0.333333
vt 1.000000 0.250000
vt 1.000000 0.083333
vt 1.000000 0.000000
vt 1.000000 0.666667
vt 1.000000 0.416667
vt 1.000000 0.166667
vt 1.000000 0.500000
vt 1.000000 0.416667
vt 1.000000 0.750000
vt 1.000000 0.666667
vt 1.000000 0.166667
vt 1.000000 0.083333
vt 1.000000 0.333333
vt 1.000000 0.583333
vt 1.000000 0.000000
vt 1.000000 0.916667
vt 1.000000 0.833333
vt 1.000000 0.250000
vt 1.000000 1.000000
vt 1.000000 0.250000
vt 1.000000 0.166667
vt 1.000000 0.916667
vt 1.000000 0.000000
vt 1.000000 0.083333
vt 1.000000 0.333333
vt 1.000000 0.416667
vt 1.000000 0.500000
vt 1.000000 0.583333
vt 1.000000 0.666667
vt 1.000000 0.750000
vt 1.000000 0.833333
vt 1.000000 1.000000
vn -0.8685 0.0068 -0.4956
vn -0.8680 -0.0002 -0.4966
vn -0.9992 -0.0400 0.0013
vn -0.9998 -0.0207 0.0032
vn -0.5042 0.0325 -0.8630
vn -0.5042 0.0398 -0.8627
vn -0.0034 0.0495 -0.9988
vn -0.0041 0.0692 -0.9976
vn 0.4989 0.0532 -0.8650
vn 0.4979 0.0799 -0.8636
vn 0.8665 0.0425 -0.4974
vn 0.8655 0.0691 -0.4961
vn 0.9998 0.0203 0.0044
vn 0.9992 0.0396 0.0052
vn 0.8635 -0.0073 0.5043
vn 0.8635 -0.0005 0.5043
vn 0.4958 -0.0329 0.8678
vn 0.4966 -0.0404 0.8671
vn -0.0033 -0.0496 0.9988
vn -0.0023 -0.0694 0.9976
vn -0.5006 -0.0531 0.8640
vn -0.4998 -0.0799 0.8624
vn -0.8649 -0.0426 0.5002
vn -0.8643 -0.0692 0.4982
vn -0.8665 -0.0146 -0.4989
vn -0.9971 -0.0756 -0.0028
vn -0.5039 0.0505 -0.8623
vn -0.0055 0.1021 -0.9948
vn 0.4951 0.1262 -0.8596
vn 0.8624 0.1164 -0.4926
vn 0.9971 0.0752 0.0072
vn 0.8633 0.0138 0.5045
vn 0.4980 -0.0513 0.8657
vn 0.0001 -0.1025 0.9947
vn -0.4972 -0.1263 0.8584
vn -0.8619 -0.1165 0.4935
vn -0.8644 -0.0298 -0.5018
vn -0.9945 -0.1041 -0.0073
vn -0.5031 0.0525 -0.8627
vn -0.0065 0.1208 -0.9926
vn 0.4923 0.1568 -0.8562
vn 0.8590 0.1506 -0.4894
vn 0.9946 0.1038 0.0091
vn 0.8626 0.0292 0.5050
vn 0.4992 -0.0532 0.8648
vn 0.0024 -0.1213 0.9926
vn -0.4945 -0.1569 0.8549
vn -0.8592 -0.1505 0.4890
vn -0.8619 -0.0452 -0.5051
vn -0.9922 -0.1238 -0.0111
vn -0.5011 0.0454 -0.8642
vn -0.0061 0.1240 -0.9923
vn 0.4908 0.1694 -0.8547
vn 0.8564 0.1694 -0.4878
vn 0.9922 0.1239 0.0102
vn 0.8616 0.0452 0.5056
vn 0.4995 -0.0457 0.8651
vn 0.0036 -0.1243 0.9922
vn -0.4931 -0.1695 0.8533
vn -0.8574 -0.1693 0.4860
vn -0.8591 -0.0604 -0.5083
vn -0.9909 -0.1341 -0.0136
vn -0.4977 0.0293 -0.8668
vn -0.0036 0.1112 -0.9938
vn 0.4916 0.1634 -0.8553
vn 0.8557 0.1719 -0.4881
vn 0.9909 0.1345 0.0102
vn 0.8603 0.0609 0.5061
vn 0.4985 -0.0291 0.8664
vn 0.0027 -0.1113 0.9938
vn -0.4938 -0.1636 0.8540
vn -0.8574 -0.1718 0.4851
vn -0.8563 -0.0749 -0.5109
vn -0.9908 -0.1347 -0.0149
vn -0.4933 0.0049 -0.8699
vn 0.0010 0.0833 -0.9965
vn 0.4950 0.1395 -0.8576
vn 0.8572 0.1585 -0.4900
vn 0.9908 0.1352 0.0091
vn 0.8590 0.0756 0.5063
vn 0.4963 -0.0044 0.8681
vn -0.0004 -0.0832 0.9965
vn -0.4970 -0.1397 0.8564
vn -0.8596 -0.1585 0.4858
vn -0.8540 -0.0881 -0.5128
vn -0.9919 -0.1264 -0.0154
vn -0.4882 -0.0263 -0.8723
vn 0.0072 0.0424 -0.9991
vn 0.5004 0.0998 -0.8600
vn 0.8607 0.1307 -0.4921
vn 0.9919 0.1268 0.0076
vn 0.8579 0.0889 0.5061
vn 0.4931 0.0271 0.8695
vn -0.0051 -0.0421 0.9991
vn -0.5022 -0.1000 0.8590
vn -0.8635 -0.1309 0.4871
vn -0.8521 -0.0997 -0.5137
vn -0.9938 -0.1104 -0.0158
vn -0.4831 -0.0624 -0.8733
vn 0.0138 -0.0086 -0.9999
vn 0.5068 0.0475 -0.8608
vn 0.8653 0.0910 -0.4930
vn 0.9939 0.1103 0.0066
vn 0.8570 0.1002 0.5055
vn 0.4895 0.0631 0.8697
vn -0.0106 0.0089 0.9999
vn -0.5083 -0.0477 0.8599
vn -0.8683 -0.0914 0.4875
vn -0.8509 -0.1095 -0.5138
vn -0.9959 -0.0885 -0.0170
vn -0.4788 -0.1011 -0.8721
vn 0.0200 -0.0659 -0.9976
vn 0.5130 -0.0132 -0.8583
vn 0.8700 0.0430 -0.4912
vn 0.9961 0.0878 0.0072
vn 0.8563 0.1093 0.5047
vn 0.4862 0.1015 0.8679
vn -0.0159 0.0663 0.9977
vn -0.5141 0.0131 0.8576
vn -0.8731 -0.0436 0.4855
vn -0.8502 -0.1171 -0.5132
vn -0.9978 -0.0627 -0.0196
vn -0.4757 -0.1401 -0.8684
vn 0.0246 -0.1257 -0.9918
vn 0.5179 -0.0781 -0.8519
vn 0.8739 -0.0097 -0.4860
vn 0.9981 0.0614 0.0097
vn 0.8559 0.1162 0.5039
vn 0.4836 0.1400 0.8640
vn -0.0201 0.1260 0.9918
vn -0.5188 0.0779 0.8513
vn -0.8770 0.0088 0.4805
vn -0.8500 -0.1227 -0.5123
vn -0.9991 -0.0350 -0.0239
vn -0.4741 -0.1773 -0.8625
vn 0.0274 -0.1847 -0.9824
vn 0.5210 -0.1430 -0.8415
vn 0.8765 -0.0633 -0.4772
vn 0.9993 0.0332 0.0144
vn 0.8556 0.1212 0.5032
vn 0.4819 0.1768 0.8582
vn -0.0226 0.1848 0.9825
vn -0.5216 0.1429 0.8411
vn -0.8794 0.0623 0.4721
vn -0.8577 -0.0857 -0.5069
vn -0.9998 -0.0135 -0.0120
vn -0.4824 -0.1347 -0.8655
vn 0.0249 -0.1473 -0.9888
vn 0.5256 -0.1203 -0.8422
vn 0.8825 -0.0608 -0.4664
vn 0.9993 0.0152 0.0340
vn 0.8484 0.0873 0.5222
vn 0.4743 0.1362 0.8698
vn -0.0230 0.1489 0.9886
vn -0.5149 0.1219 0.8485
vn -0.8729 0.0625 0.4839
vn -0.8509 -0.0978 -0.5161
vn -0.9989 -0.0381 -0.0260
vn -0.4788 -0.1315 -0.8680
vn 0.0184 -0.1300 -0.9913
vn 0.5116 -0.0939 -0.8541
vn 0.8717 -0.0328 -0.4890
vn 0.9993 0.0371 0.0103
vn 0.8554 0.0968 0.5088
vn 0.4783 0.1303 0.8685
vn -0.0280 0.1287 0.9913
vn -0.5254 0.0926 0.8458
vn -0.8806 0.0316 0.4728
vn -0.8547 -0.1554 -0.4954
vn -0.9955 -0.0947 -0.0028
vn -0.4847 -0.1747 -0.8570
vn 0.0169 -0.1471 -0.9890
vn 0.5150 -0.0795 -0.8535
vn 0.8738 0.0096 -0.4862
vn 0.9953 0.0961 0.0126
vn 0.8477 0.1564 0.5069
vn 0.4731 0.1746 0.8636
vn -0.0265 0.1461 0.9889
vn -0.5180 0.0790 0.8518
vn -0.8720 -0.0090 0.4894
vn -0.8525 -0.1815 -0.4902
vn -0.9863 -0.1646 0.0070
vn -0.4902 -0.1500 -0.8586
vn 0.0059 -0.0779 -0.9969
vn 0.5019 0.0155 -0.8648
vn 0.8616 0.1048 -0.4967
vn 0.9862 0.1655 0.0063
vn 0.8432 0.1812 0.5061
vn 0.4743 0.1480 0.8678
vn -0.0193 0.0756 0.9970
vn -0.5062 -0.0166 0.8623
vn -0.8592 -0.1043 0.5008
vn -0.8456 -0.2215 -0.4856
vn -0.9643 -0.2645 0.0127
vn -0.5005 -0.1192 -0.8575
vn -0.0179 0.0158 -0.9997
vn 0.4718 0.1470 -0.8694
vn 0.8326 0.2381 -0.5000
vn 0.9645 0.2639 0.0060
vn 0.8332 0.2176 0.5083
vn 0.4784 0.1128 0.8708
vn -0.0012 -0.0213 0.9998
vn -0.4782 -0.1492 0.8655
vn -0.8294 -0.2379 0.5055
vn -0.8265 -0.2840 -0.4861
vn -0.9127 -0.4086 0.0031
vn -0.5195 -0.0828 -0.8505
vn -0.0684 0.1424 -0.9874
vn 0.4046 0.3295 -0.8531
vn 0.7663 0.4256 -0.4813
vn 0.9146 0.4037 0.0234
vn 0.8109 0.2710 0.5187
vn 0.4893 0.0658 0.8696
vn 0.0413 -0.1552 0.9870
vn -0.4143 -0.3341 0.8466
vn -0.7615 -0.4263 0.4882
vn -0.8906 -0.2336 -0.3902
vn -0.8714 -0.4887 0.0416
vn -0.6728 0.0920 -0.7341
vn -0.2421 0.4049 -0.8817
vn 0.2765 0.5895 -0.7589
vn 0.6917 0.5899 -0.4167
vn 0.8957 0.4442 0.0186
vn 0.8747 0.2012 0.4408
vn 0.6433 -0.0984 0.7593
vn 0.2448 -0.3902 0.8876
vn -0.2241 -0.5858 0.7789
vn -0.6319 -0.6197 0.4654
vn -0.8071 -0.3406 -0.4823
vn -0.7126 -0.6887 -0.1334
vn -0.7111 0.0894 -0.6974
vn -0.4459 0.4973 -0.7442
vn -0.0466 0.7880 -0.6139
vn 0.4001 0.8650 -0.3027
vn 0.7301 0.6727 0.1201
vn 0.8205 0.2799 0.4984
vn 0.6740 -0.1701 0.7189
vn 0.3555 -0.5604 0.7480
vn -0.0501 -0.8100 0.5842
vn -0.4392 -0.8597 0.2609
vn -0.5429 -0.5054 -0.6707
vn -0.3309 -0.8632 -0.3813
vn -0.6156 -0.0107 -0.7880
vn -0.5235 0.4948 -0.6936
vn -0.2841 0.8696 -0.4038
vn 0.0386 0.9992 0.0035
vn 0.3501 0.8429 0.4087
vn 0.5595 0.4517 0.6950
vn 0.6129 -0.0561 0.7882
vn 0.5041 -0.5414 0.6729
vn 0.2671 -0.8829 0.3862
vn -0.0363 -0.9993 0.0031
vn -0.4155 -0.4744 -0.7761
vn -0.0986 -0.8152 -0.5707
vn -0.6267 -0.0053 -0.7792
vn -0.6720 0.4707 -0.5717
vn -0.5325 0.8215 -0.2040
vn -0.2427 0.9441 0.2230
vn 0.1157 0.8013 0.5869
vn 0.4395 0.4361 0.7853
vn 0.6393 -0.0444 0.7677
vn 0.6662 -0.5073 0.5466
vn 0.5200 -0.8337 0.1859
vn 0.2416 -0.9450 -0.2204
vn -0.3121 -0.3994 -0.8620
vn 0.0737 -0.6973 -0.7130
vn -0.6190 0.0058 -0.7854
vn -0.7630 0.4132 -0.4970
vn -0.6997 0.7110 -0.0701
vn -0.4419 0.8134 0.3783
vn -0.0607 0.6895 0.7218
vn 0.3359 0.3749 0.8641
vn 0.6374 -0.0398 0.7695
vn 0.7652 -0.4399 0.4701
vn 0.6911 -0.7210 0.0501
vn 0.4388 -0.8140 -0.3806
vn -0.2202 -0.2908 -0.9311
vn 0.2082 -0.5406 -0.8151
vn -0.5938 0.0367 -0.8037
vn -0.8124 0.3574 -0.4608
vn -0.8119 0.5837 0.0104
vn -0.5873 0.6505 0.4816
vn -0.1989 0.5368 0.8199
vn 0.2436 0.2744 0.9303
vn 0.6163 -0.0615 0.7851
vn 0.8200 -0.3779 0.4300
vn 0.8055 -0.5916 -0.0354
vn 0.5817 -0.6501 -0.4888
vn -0.4439 -0.8397 -0.3127
vn -0.1761 -0.9518 -0.2513
vn -0.6940 -0.6718 -0.2588
vn -0.8683 -0.4894 -0.0810
vn -0.9108 -0.3467 0.2240
vn -0.7741 -0.2838 0.5659
vn -0.4835 -0.3197 0.8148
vn -0.1602 -0.4616 0.8725
vn 0.1011 -0.6679 0.7373
vn 0.2264 -0.8613 0.4548
vn 0.1995 -0.9693 0.1439
vn 0.0493 -0.9933 -0.1044
vn -0.1924 -0.4778 0.8571
vn -0.4286 -0.3973 0.8114
vn -0.6115 -0.7241 -0.3190
vn -0.4316 -0.8366 -0.3375
vn -0.2488 -0.9096 -0.3328
vn 0.1845 -0.8082 0.5592
vn 0.0069 -0.6273 0.7788
vn -0.8787 -0.3962 0.2663
vn -0.8170 -0.5585 -0.1439
vn -0.0016 -0.9764 -0.2160
vn 0.2163 -0.9662 0.1405
vn -0.6795 -0.3602 0.6391
vn 0.4859 -0.6365 -0.5990
vn 0.7808 -0.6238 -0.0352
vn -0.2242 -0.3507 -0.9092
vn 0.1099 -0.5048 -0.8562
vn 0.4234 -0.0998 0.9004
vn 0.1033 0.1002 0.9896
vn -0.6374 0.3226 0.6997
vn -0.9510 0.2713 0.1482
vn -0.5566 -0.1758 -0.8120
vn 0.7201 -0.3814 0.5796
vn -0.2379 0.2398 0.9412
vn -0.8788 0.0527 -0.4742
vn 0.1647 0.2283 0.9596
vn -0.1710 0.3749 0.9112
vn 0.8840 -0.4576 -0.0957
vn 0.8104 -0.2168 0.5442
vn -0.8104 0.2168 -0.5442
vn -0.4908 -0.0421 -0.8702
vn -0.5640 0.4864 0.6673
vn 0.4908 0.0421 0.8702
vn -0.1647 -0.2283 -0.9596
vn 0.1710 -0.3749 -0.9112
vn 0.5640 -0.4864 -0.6673
vn -0.8840 0.4576 0.0956
vn -0.4213 0.9012 -0.1012
vn -0.3520 0.7223 -0.5952
vn 0.4057 0.2962 -0.8647
vn 0.1576 0.4100 -0.8984
vn -0.0909 0.5416 -0.8357
vn -0.1578 0.9316 0.3274
vn 0.1505 0.8557 0.4952
vn 0.4022 0.7490 0.5266
vn 0.6444 0.6047 0.4681
vn 0.8893 0.3902 0.2384
vn 0.9492 0.1918 -0.2495
vn 0.7002 0.1915 -0.6877
usemtl Controller_Material
s 1
f 1540/1673/427 1552/1674/428 1563/1675/429 1551/1676/430
f 1541/1677/431 1553/1678/432 1552/1679/428 1540/1680/427
f 1542/1681/433 1554/1682/434 1553/1678/432 1541/1677/431
f 1543/1683/435 1555/1684/436 1554/1682/434 1542/1681/433
f 1544/1685/437 1556/1686/438 1555/1684/436 1543/1683/435
f 1545/1687/439 1557/1688/440 1556/1686/438 1544/1685/437
f 1546/1689/441 1558/1690/442 1557/1688/440 1545/1687/439
f 1547/1691/443 1559/1692/444 1558/1690/442 1546/1689/441
f 1548/1693/445 1560/1694/446 1559/1692/444 1547/1691/443
f 1549/1695/447 1561/1696/448 1560/1694/446 1548/1693/445
f 1550/1697/449 1562/1698/450 1561/1696/448 1549/1695/447
f 1551/1676/430 1563/1675/429 1562/1698/450 1550/1697/449
f 1552/1674/428 1564/1699/451 1575/1700/452 1563/1675/429
f 1553/1678/432 1565/1701/453 1564/1702/451 1552/1679/428
f 1554/1682/434 1566/1703/454 1565/1701/453 1553/1678/432
f 1555/1684/436 1567/1704/455 1566/1703/454 1554/1682/434
f 1556/1686/438 1568/1705/456 1567/1704/455 1555/1684/436
f 1557/1688/440 1569/1706/457 1568/1705/456 1556/1686/438
f 1558/1690/442 1570/1707/458 1569/1706/457 1557/1688/440
f 1559/1692/444 1571/1708/459 1570/1707/458 1558/1690/442
f 1560/1694/446 1572/1709/460 1571/1708/459 1559/1692/444
f 1561/1696/448 1573/1710/461 1572/1709/460 1560/1694/446
f 1562/1698/450 1574/1711/462 1573/1710/461 1561/1696/448
f 1563/1675/429 1575/1700/452 1574/1711/462 1562/1698/450
f 1564/1699/451 1576/1712/463 1587/1713/464 1575/1700/452
f 1565/1701/453 1577/1714/465 1576/1715/463 1564/1702/451
f 1566/1703/454 1578/1716/466 1577/1714/465 1565/1701/453
f 1567/1704/455 1579/1717/467 1578/1716/466 1566/1703/454
f 1568/1705/456 1580/1718/468 1579/1717/467 1567/1704/455
f 1569/1706/457 1581/1719/469 1580/1718/468 1568/1705/456
f 1570/1707/458 1582/1720/470 1581/1719/469 1569/1706/457
f 1571/1708/459 1583/1721/471 1582/1720/470 1570/1707/458
f 1572/1709/460 1584/1722/472 1583/1721/471 1571/1708/459
f 1573/1710/461 1585/1723/473 1584/1722/472 1572/1709/460
f 1574/1711/462 1586/1724/474 1585/1723/473 1573/1710/461
f 1575/1700/452 1587/1713/464 1586/1724/474 1574/1711/462
f 1576/1712/463 1588/1725/475 1599/1726/476 1587/1713/464
f 1577/1714/465 1589/1727/477 1588/1728/475 1576/1715/463
f 1578/1716/466 1590/1729/478 1589/1727/477 1577/1714/465
f 1579/1717/467 1591/1730/479 1590/1729/478 1578/1716/466
f 1580/1718/468 1592/1731/480 1591/1730/479 1579/1717/467
f 1581/1719/469 1593/1732/481 1592/1731/480 1580/1718/468
f 1582/1720/470 1594/1733/482 1593/1732/481 1581/1719/469
f 1583/1721/471 1595/1734/483 1594/1733/482 1582/1720/470
f 1584/1722/472 1596/1735/484 1595/1734/483 1583/1721/471
f 1585/1723/473 1597/1736/485 1596/1735/484 1584/1722/472
f 1586/1724/474 1598/1737/486 1597/1736/485 1585/1723/473
f 1587/1713/464 1599/1726/476 1598/1737/486 1586/1724/474
f 1588/1725/475 1600/1738/487 1611/1739/488 1599/1726/476
f 1589/1727/477 1601/1740/489 1600/1741/487 1588/1728/475
f 1590/1729/478 1602/1742/490 1601/1740/489 1589/1727/477
f 1591/1730/479 1603/1743/491 1602/1742/490 1590/1729/478
f 1592/1731/480 1604/1744/492 1603/1743/491 1591/1730/479
f 1593/1732/481 1605/1745/493 1604/1744/492 1592/1731/480
f 1594/1733/482 1606/1746/494 1605/1745/493 1593/1732/481
f 1595/1734/483 1607/1747/495 1606/1746/494 1594/1733/482
f 1596/1735/484 1608/1748/496 1607/1747/495 1595/1734/483
f 1597/1736/485 1609/1749/497 1608/1748/496 1596/1735/484
f 1598/1737/486 1610/1750/498 1609/1749/497 1597/1736/485
f 1599/1726/476 1611/1739/488 1610/1750/498 1598/1737/486
f 1600/1738/487 1612/1751/499 1623/1752/500 1611/1739/488
f 1601/1740/489 1613/1753/501 1612/1754/499 1600/1741/487
f 1602/1742/490 1614/1755/502 1613/1753/501 1601/1740/489
f 1603/1743/491 1615/1756/503 1614/1755/502 1602/1742/490
f 1604/1744/492 1616/1757/504 1615/1756/503 1603/1743/491
f 1605/1745/493 1617/1758/505 1616/1757/504 1604/1744/492
f 1606/1746/494 1618/1759/506 1617/1758/505 1605/1745/493
f 1607/1747/495 1619/1760/507 1618/1759/506 1606/1746/494
f 1608/1748/496 1620/1761/508 1619/1760/507 1607/1747/495
f 1609/1749/497 1621/1762/509 1620/1761/508 1608/1748/496
f 1610/1750/498 1622/1763/510 1621/1762/509 1609/1749/497
f 1611/1739/488 1623/1752/500 1622/1763/510 1610/1750/498
f 1612/1751/499 1624/1764/511 1635/1765/512 1623/1752/500
f 1613/1753/501 1625/1766/513 1624/1767/511 1612/1754/499
f 1614/1755/502 1626/1768/514 1625/1766/513 1613/1753/501
f 1615/1756/503 1627/1769/515 1626/1768/514 1614/1755/502
f 1616/1757/504 1628/1770/516 1627/1769/515 1615/1756/503
f 1617/1758/505 1629/1771/517 1628/1770/516 1616/1757/504
f 1618/1759/506 1630/1772/518 1629/1771/517 1617/1758/505
f 1619/1760/507 1631/1773/519 1630/1772/518 1618/1759/506
f 1620/1761/508 1632/1774/520 1631/1773/519 1619/1760/507
f 1621/1762/509 1633/1775/521 1632/1774/520 1620/1761/508
f 1622/1763/510 1634/1776/522 1633/1775/521 1621/1762/509
f 1623/1752/500 1635/1765/512 1634/1776/522 1622/1763/510
f 1624/1764/511 1636/1777/523 1647/1778/524 1635/1765/512
f 1625/1766/513 1637/1779/525 1636/1780/523 1624/1767/511
f 1626/1768/514 1638/1781/526 1637/1779/525 1625/1766/513
f 1627/1769/515 1639/1782/527 1638/1781/526 1626/1768/514
f 1628/1770/516 1640/1783/528 1639/1782/527 1627/1769/515
f 1629/1771/517 1641/1784/529 1640/1783/528 1628/1770/516
f 1630/1772/518 1642/1785/530 1641/1784/529 1629/1771/517
f 1631/1773/519 1643/1786/531 1642/1785/530 1630/1772/518
f 1632/1774/520 1644/1787/532 1643/1786/531 1631/1773/519
f 1633/1775/521 1645/1788/533 1644/1787/532 1632/1774/520
f 1634/1776/522 1646/1789/534 1645/1788/533 1633/1775/521
f 1635/1765/512 1647/1778/524 1646/1789/534 1634/1776/522
f 1636/1777/523 1648/1790/535 1659/1791/536 1647/1778/524
f 1637/1779/525 1649/1792/537 1648/1793/535 1636/1780/523
f 1638/1781/526 1650/1794/538 1649/1792/537 1637/1779/525
f 1639/1782/527 1651/1795/539 1650/1794/538 1638/1781/526
f 1640/1783/528 1652/1796/540 1651/1795/539 1639/1782/527
f 1641/1784/529 1653/1797/541 1652/1796/540 1640/1783/528
f 1642/1785/530 1654/1798/542 1653/1797/541 1641/1784/529
f 1643/1786/531 1655/1799/543 1654/1798/542 1642/1785/530
f 1644/1787/532 1656/1800/544 1655/1799/543 1643/1786/531
f 1645/1788/533 1657/1801/545 1656/1800/544 1644/1787/532
f 1646/1789/534 1658/1802/546 1657/1801/545 1645/1788/533
f 1647/1778/524 1659/1791/536 1658/1802/546 1646/1789/534
f 1648/1790/535 1660/1803/547 1671/1804/548 1659/1791/536
f 1649/1792/537 1661/1805/549 1660/1806/547 1648/1793/535
f 1650/1794/538 1662/1807/550 1661/1805/549 1649/1792/537
f 1651/1795/539 1663/1808/551 1662/1807/550 1650/1794/538
f 1652/1796/540 1664/1809/552 1663/1808/551 1651/1795/539
f 1653/1797/541 1665/1810/553 1664/1809/552 1652/1796/540
f 1654/1798/542 1666/1811/554 1665/1810/553 1653/1797/541
f 1655/1799/543 1667/1812/555 1666/1811/554 1654/1798/542
f 1656/1800/544 1668/1813/556 1667/1812/555 1655/1799/543
f 1657/1801/545 1669/1814/557 1668/1813/556 1656/1800/544
f 1658/1802/546 1670/1815/558 1669/1814/557 1657/1801/545
f 1659/1791/536 1671/1804/548 1670/1815/558 1658/1802/546
f 1660/1803/547 1672/1816/559 1683/1817/560 1671/1804/548
f 1661/1805/549 1673/1818/561 1672/1819/559 1660/1806/547
f 1662/1807/550 1674/1820/562 1673/1818/561 1661/1805/549
f 1663/1808/551 1675/1821/563 1674/1820/562 1662/1807/550
f 1664/1809/552 1676/1822/564 1675/1821/563 1663/1808/551
f 1665/1810/553 1677/1823/565 1676/1822/564 1664/1809/552
f 1666/1811/554 1678/1824/566 1677/1823/565 1665/1810/553
f 1667/1812/555 1679/1825/567 1678/1824/566 1666/1811/554
f 1668/1813/556 1680/1826/568 1679/1825/567 1667/1812/555
f 1669/1814/557 1681/1827/569 1680/1826/568 1668/1813/556
f 1670/1815/558 1682/1828/570 1681/1827/569 1669/1814/557
f 1671/1804/548 1683/1817/560 1682/1828/570 1670/1815/558
f 1672/1816/559 1684/1829/571 1695/1830/572 1683/1817/560
f 1673/1818/561 1685/1831/573 1684/1832/571 1672/1819/559
f 1674/1820/562 1686/1833/574 1685/1831/573 1673/1818/561
f 1675/1821/563 1687/1834/575 1686/1833/574 1674/1820/562
f 1676/1822/564 1688/1835/576 1687/1834/575 1675/1821/563
f 1677/1823/565 1689/1836/577 1688/1835/576 1676/1822/564
f 1678/1824/566 1690/1837/578 1689/1836/577 1677/1823/565
f 1679/1825/567 1691/1838/579 1690/1837/578 1678/1824/566
f 1680/1826/568 1692/1839/580 1691/1838/579 1679/1825/567
f 1681/1827/569 1693/1840/581 1692/1839/580 1680/1826/568
f 1682/1828/570 1694/1841/582 1693/1840/581 1681/1827/569
f 1683/1817/560 1695/1830/572 1694/1841/582 1682/1828/570
f 1684/1829/571 1696/1842/583 1707/1843/584 1695/1830/572
f 1685/1831/573 1697/1844/585 1696/1845/583 1684/1832/571
f 1686/1833/574 1698/1846/586 1697/1844/585 1685/1831/573
f 1687/1834/575 1699/1847/587 1698/1846/586 1686/1833/574
f 1688/1835/576 1700/1848/588 1699/1847/587 1687/1834/575
f 1689/1836/577 1701/1849/589 1700/1848/588 1688/1835/576
f 1690/1837/578 1702/1850/590 1701/1849/589 1689/1836/577
f 1691/1838/579 1703/1851/591 1702/1850/590 1690/1837/578
f 1692/1839/580 1704/1852/592 1703/1851/591 1691/1838/579
f 1693/1840/581 1705/1853/593 1704/1852/592 1692/1839/580
f 1694/1841/582 1706/1854/594 1705/1853/593 1693/1840/581
f 1695/1830/572 1707/1843/584 1706/1854/594 1694/1841/582
f 1696/1842/583 1708/1855/595 1719/1856/596 1707/1843/584
f 1697/1844/585 1709/1857/597 1708/1858/595 1696/1845/583
f 1698/1846/586 1710/1859/598 1709/1857/597 1697/1844/585
f 1699/1847/587 1711/1860/599 1710/1859/598 1698/1846/586
f 1700/1848/588 1712/1861/600 1711/1860/599 1699/1847/587
f 1701/1849/589 1713/1862/601 1712/1861/600 1700/1848/588
f 1702/1850/590 1714/1863/602 1713/1862/601 1701/1849/589
f 1703/1851/591 1715/1864/603 1714/1863/602 1702/1850/590
f 1704/1852/592 1716/1865/604 1715/1864/603 1703/1851/591
f 1705/1853/593 1717/1866/605 1716/1865/604 1704/1852/592
f 1706/1854/594 1718/1867/606 1717/1866/605 1705/1853/593
f 1707/1843/584 1719/1856/596 1718/1867/606 1706/1854/594
f 1708/1855/595 1720/1868/607 1731/1869/608 1719/1856/596
f 1709/1857/597 1721/1870/609 1720/1871/607 1708/1858/595
f 1710/1859/598 1722/1872/610 1721/1870/609 1709/1857/597
f 1711/1860/599 1723/1873/611 1722/1872/610 1710/1859/598
f 1712/1861/600 1724/1874/612 1723/1873/611 1711/1860/599
f 1713/1862/601 1725/1875/613 1724/1874/612 1712/1861/600
f 1714/1863/602 1726/1876/614 1725/1875/613 1713/1862/601
f 1715/1864/603 1727/1877/615 1726/1876/614 1714/1863/602
f 1716/1865/604 1728/1878/616 1727/1877/615 1715/1864/603
f 1717/1866/605 1729/1879/617 1728/1878/616 1716/1865/604
f 1718/1867/606 1730/1880/618 1729/1879/617 1717/1866/605
f 1719/1856/596 1731/1869/608 1730/1880/618 1718/1867/606
f 1720/1868/607 1732/1881/619 1743/1882/620 1731/1869/608
f 1721/1870/609 1733/1883/621 1732/1884/619 1720/1871/607
f 1722/1872/610 1734/1885/622 1733/1883/621 1721/1870/609
f 1723/1873/611 1735/1886/623 1734/1885/622 1722/1872/610
f 1724/1874/612 1736/1887/624 1735/1886/623 1723/1873/611
f 1725/1875/613 1737/1888/625 1736/1887/624 1724/1874/612
f 1726/1876/614 1738/1889/626 1737/1888/625 1725/1875/613
f 1727/1877/615 1739/1890/627 1738/1889/626 1726/1876/614
f 1728/1878/616 1740/1891/628 1739/1890/627 1727/1877/615
f 1729/1879/617 1741/1892/629 1740/1891/628 1728/1878/616
f 1730/1880/618 1742/1893/630 1741/1892/629 1729/1879/617
f 1731/1869/608 1743/1882/620 1742/1893/630 1730/1880/618
f 1732/1881/619 1744/1894/631 1755/1895/632 1743/1882/620
f 1733/1883/621 1745/1896/633 1744/1897/631 1732/1884/619
f 1734/1885/622 1746/1898/634 1745/1896/633 1733/1883/621
f 1735/1886/623 1747/1899/635 1746/1898/634 1734/1885/622
f 1736/1887/624 1748/1900/636 1747/1899/635 1735/1886/623
f 1737/1888/625 1749/1901/637 1748/1900/636 1736/1887/624
f 1738/1889/626 1750/1902/638 1749/1901/637 1737/1888/625
f 1739/1890/627 1751/1903/639 1750/1902/638 1738/1889/626
f 1740/1891/628 1752/1904/640 1751/1903/639 1739/1890/627
f 1741/1892/629 1753/1905/641 1752/1904/640 1740/1891/628
f 1742/1893/630 1754/1906/642 1753/1905/641 1741/1892/629
f 1743/1882/620 1755/1895/632 1754/1906/642 1742/1893/630
f 1744/1894/631 1756/1907/643 1767/1908/644 1755/1895/632
f 1745/1896/633 1757/1909/645 1756/1910/643 1744/1897/631
f 1746/1898/634 1758/1911/646 1757/1909/645 1745/1896/633
f 1747/1899/635 1759/1912/647 1758/1911/646 1746/1898/634
f 1748/1900/636 1760/1913/648 1759/1912/647 1747/1899/635
f 1749/1901/637 1761/1914/649 1760/1913/648 1748/1900/636
f 1750/1902/638 1762/1915/650 1761/1914/649 1749/1901/637
f 1751/1903/639 1763/1916/651 1762/1915/650 1750/1902/638
f 1752/1904/640 1764/1917/652 1763/1916/651 1751/1903/639
f 1753/1905/641 1765/1918/653 1764/1917/652 1752/1904/640
f 1754/1906/642 1766/1919/654 1765/1918/653 1753/1905/641
f 1755/1895/632 1767/1908/644 1766/1919/654 1754/1906/642
f 1756/1907/643 1768/1920/655 1779/1921/656 1767/1908/644
f 1757/1909/645 1769/1922/657 1768/1923/655 1756/1910/643
f 1758/1911/646 1770/1924/658 1769/1922/657 1757/1909/645
f 1759/1912/647 1771/1925/659 1770/1924/658 1758/1911/646
f 1760/1913/648 1772/1926/660 1771/1925/659 1759/1912/647
f 1761/1914/649 1773/1927/661 1772/1926/660 1760/1913/648
f 1762/1915/650 1774/1928/662 1773/1927/661 1761/1914/649
f 1763/1916/651 1775/1929/663 1774/1928/662 1762/1915/650
f 1764/1917/652 1776/1930/664 1775/1929/663 1763/1916/651
f 1765/1918/653 1777/1931/665 1776/1930/664 1764/1917/652
f 1766/1919/654 1778/1932/666 1777/1931/665 1765/1918/653
f 1767/1908/644 1779/1921/656 1778/1932/666 1766/1919/654
f 1768/1920/655 1780/1933/667 1791/1934/668 1779/1921/656
f 1769/1922/657 1781/1935/669 1780/1936/667 1768/1923/655
f 1770/1924/658 1782/1937/670 1781/1935/669 1769/1922/657
f 1771/1925/659 1783/1938/671 1782/1937/670 1770/1924/658
f 1772/1926/660 1784/1939/672 1783/1938/671 1771/1925/659
f 1773/1927/661 1785/1940/673 1784/1939/672 1772/1926/660
f 1774/1928/662 1786/1941/674 1785/1940/673 1773/1927/661
f 1775/1929/663 1787/1942/675 1786/1941/674 1774/1928/662
f 1776/1930/664 1788/1943/676 1787/1942/675 1775/1929/663
f 1777/1931/665 1789/1944/677 1788/1943/676 1776/1930/664
f 1778/1932/666 1790/1945/678 1789/1944/677 1777/1931/665
f 1779/1921/656 1791/1934/668 1790/1945/678 1778/1932/666
f 1780/1933/667 1792/1946/679 1803/1947/680 1791/1934/668
f 1781/1935/669 1793/1948/681 1792/1949/679 1780/1936/667
f 1782/1937/670 1794/1950/682 1793/1948/681 1781/1935/669
f 1783/1938/671 1795/1951/683 1794/1950/682 1782/1937/670
f 1784/1939/672 1796/1952/684 1795/1951/683 1783/1938/671
f 1785/1940/673 1797/1953/685 1796/1952/684 1784/1939/672
f 1786/1941/674 1798/1954/686 1797/1953/685 1785/1940/673
f 1787/1942/675 1799/1955/687 1798/1954/686 1786/1941/674
f 1788/1943/676 1800/1956/688 1799/1955/687 1787/1942/675
f 1789/1944/677 1801/1957/689 1800/1956/688 1788/1943/676
f 1790/1945/678 1802/1958/690 1801/1957/689 1789/1944/677
f 1791/1934/668 1803/1947/680 1802/1958/690 1790/1945/678
f 1792/1946/679 1804/1959/691 1815/1960/692 1803/1947/680
f 1793/1948/681 1805/1961/693 1804/1962/691 1792/1949/679
f 1794/1950/682 1806/1963/694 1805/1961/693 1793/1948/681
f 1795/1951/683 1807/1964/695 1806/1963/694 1794/1950/682
f 1796/1952/684 1808/1965/696 1807/1964/695 1795/1951/683
f 1797/1953/685 1809/1966/697 1808/1965/696 1796/1952/684
f 1798/1954/686 1810/1967/698 1809/1966/697 1797/1953/685
f 1799/1955/687 1811/1968/699 1810/1967/698 1798/1954/686
f 1800/1956/688 1812/1969/700 1811/1968/699 1799/1955/687
f 1801/1957/689 1813/1970/701 1812/1969/700 1800/1956/688
f 1802/1958/690 1814/1971/702 1813/1970/701 1801/1957/689
f 1803/1947/680 1815/1960/692 1814/1971/702 1802/1958/690
f 1804/1959/691 1816/1972/703 1827/1973/704 1815/1960/692
f 1805/1961/693 1817/1974/705 1816/1975/703 1804/1962/691
f 1806/1963/694 1818/1976/706 1817/1974/705 1805/1961/693
f 1807/1964/695 1819/1977/707 1818/1976/706 1806/1963/694
f 1808/1965/696 1820/1978/708 1819/1977/707 1807/1964/695
f 1809/1966/697 1821/1979/709 1820/1978/708 1808/1965/696
f 1810/1967/698 1822/1980/710 1821/1979/709 1809/1966/697
f 1811/1968/699 1823/1981/711 1822/1980/710 1810/1967/698
f 1812/1969/700 1824/1982/712 1823/1981/711 1811/1968/699
f 1813/1970/701 1825/1983/713 1824/1982/712 1812/1969/700
f 1814/1971/702 1826/1984/714 1825/1983/713 1813/1970/701
f 1815/1960/692 1827/1973/704 1826/1984/714 1814/1971/702
f 1816/1972/703 1828/1985/715 1839/1986/716 1827/1973/704
f 1817/1974/705 1829/1987/717 1828/1988/715 1816/1975/703
f 1818/1976/706 1830/1989/718 1829/1987/717 1817/1974/705
f 1819/1977/707 1831/1990/719 1830/1989/718 1818/1976/706
f 1820/1978/708 1832/1991/720 1831/1990/719 1819/1977/707
f 1821/1979/709 1833/1992/721 1832/1991/720 1820/1978/708
f 1822/1980/710 1834/1993/722 1833/1992/721 1821/1979/709
f 1823/1981/711 1835/1994/723 1834/1993/722 1822/1980/710
f 1824/1982/712 1836/1995/724 1835/1994/723 1823/1981/711
f 1825/1983/713 1837/1996/725 1836/1995/724 1824/1982/712
f 1826/1984/714 1838/1997/726 1837/1996/725 1825/1983/713
f 1827/1973/704 1839/1986/716 1838/1997/726 1826/1984/714
f 1833/1992/721 1834/1993/722 1846/1998/727 1845/1999/728
f 1828/1988/715 1829/1987/717 1841/2000/729 1840/2001/730
f 1839/1986/716 1828/1985/715 1840/2002/730 1851/2003/731
f 1835/1994/723 1836/1995/724 1848/2004/732 1847/2005/733
f 1830/1989/718 1831/1990/719 1843/2006/734 1842/2007/735
f 1837/1996/725 1838/1997/726 1850/2008/736 1849/2009/737
f 1832/1991/720 1833/1992/721 1845/1999/728 1844/2010/738
f 1834/1993/722 1835/1994/723 1847/2005/733 1846/1998/727
f 1838/1997/726 1839/1986/716 1851/2003/731 1850/2008/736
f 1829/1987/717 1830/1989/718 1842/2007/735 1841/2000/729
f 1836/1995/724 1837/1996/725 1849/2009/737 1848/2004/732
f 1831/1990/719 1832/1991/720 1844/2010/738 1843/2006/734
f 1849/2009/737 1850/2008/736 1862/2011/739 1861/2012/740
f 1851/2003/731 1840/2002/730 1852/2013/741 1863/2014/742
f 1846/1998/727 1847/2005/733 1859/2015/743 1858/2016/744
f 1843/2006/734 1844/2010/738 1856/2017/745 1855/2018/746
f 1850/2008/736 1851/2003/731 1863/2014/742 1862/2011/739
f 1840/2001/730 1841/2000/729 1853/2019/747 1852/2020/741
f 1847/2005/733 1848/2004/732 1860/2021/748 1859/2015/743
f 1844/2010/738 1845/1999/728 1857/2022/749 1856/2017/745
f 1841/2000/729 1842/2007/735 1854/2023/750 1853/2019/747
f 1848/2004/732 1849/2009/737 1861/2012/740 1860/2021/748
f 1845/1999/728 1846/1998/727 1858/2016/744 1857/2022/749
f 1842/2007/735 1843/2006/734 1855/2018/746 1854/2023/750
f 1857/2022/749 1858/2016/744 1870/2024/751 1869/2025/752
f 1860/2021/748 1861/2012/740 1873/2026/753 1872/2027/754
f 1853/2019/747 1854/2023/750 1866/2028/755 1865/2029/756
f 1856/2017/745 1857/2022/749 1869/2025/752 1868/2030/757
f 1859/2015/743 1860/2021/748 1872/2027/754 1871/2031/758
f 1852/2020/741 1853/2019/747 1865/2029/756 1864/2032/759
f 1862/2011/739 1863/2014/742 1875/2033/760 1874/2034/761
f 1855/2018/746 1856/2017/745 1868/2030/757 1867/2035/762
f 1858/2016/744 1859/2015/743 1871/2031/758 1870/2024/751
f 1863/2014/742 1852/2013/741 1864/2036/759 1875/2033/760
f 1861/2012/740 1862/2011/739 1874/2034/761 1873/2026/753
f 1854/2023/750 1855/2018/746 1867/2035/762 1866/2028/755
f 1866/2028/755 1867/2035/762 1879/2037/763 1878/2038/764
f 1887/2039/765 1876/2040/766 1877/2041/767 1878/2038/764 1879/2037/763 1880/2042/768 1881/2043/769 1882/2044/770 1883/2045/771 1884/2046/772 1885/2047/773 1886/2048/774
f 1873/2026/753 1874/2034/761 1886/2048/774 1885/2047/773
f 1875/2033/760 1864/2036/759 1876/2049/766 1887/2039/765
f 1870/2024/751 1871/2031/758 1883/2045/771 1882/2044/770
f 1867/2035/762 1868/2030/757 1880/2042/768 1879/2037/763
f 1874/2034/761 1875/2033/760 1887/2039/765 1886/2048/774
f 1864/2032/759 1865/2029/756 1877/2041/767 1876/2040/766
f 1871/2031/758 1872/2027/754 1884/2046/772 1883/2045/771
f 1868/2030/757 1869/2025/752 1881/2043/769 1880/2042/768
f 1865/2029/756 1866/2028/755 1878/2038/764 1877/2041/767
f 1872/2027/754 1873/2026/753 1885/2047/773 1884/2046/772
f 1869/2025/752 1870/2024/751 1882/2044/770 1881/2043/769
