# Blender v3.2.1 OBJ File: 'Radiator.blend'
# www.blender.org
mtllib Radiator.mtl
o Valve_Cylinder
v 0.614338 0.918781 0.265959
v 0.614338 0.918781 0.365959
v 0.649693 0.904137 0.265959
v 0.649693 0.904137 0.365959
v 0.664338 0.868781 0.265959
v 0.664338 0.868781 0.365959
v 0.649693 0.833426 0.265959
v 0.649693 0.833426 0.365959
v 0.614338 0.818781 0.265959
v 0.614338 0.818781 0.365959
v 0.578982 0.833426 0.265959
v 0.578982 0.833426 0.365959
v 0.564338 0.868781 0.265959
v 0.564338 0.868781 0.365959
v 0.578982 0.904137 0.265959
v 0.578982 0.904137 0.365959
v 0.669910 0.924354 0.365959
v 0.614338 0.947373 0.365959
v 0.692929 0.868781 0.365959
v 0.669910 0.813209 0.365959
v 0.614338 0.790190 0.365959
v 0.558765 0.813209 0.365959
v 0.535746 0.868781 0.365959
v 0.558765 0.924354 0.365959
v 0.658508 0.912951 0.486120
v 0.614338 0.931247 0.486120
v 0.676804 0.868781 0.486120
v 0.658508 0.824611 0.486120
v 0.614338 0.806315 0.486120
v 0.570168 0.824611 0.486120
v 0.551872 0.868781 0.486120
v 0.570168 0.912951 0.486120
v 0.669910 0.924354 0.486120
v 0.614338 0.947373 0.486120
v 0.692929 0.868781 0.486120
v 0.669910 0.813209 0.486120
v 0.614338 0.790190 0.486120
v 0.558765 0.813209 0.486120
v 0.535746 0.868781 0.486120
v 0.558765 0.924354 0.486120
v 0.658508 0.912951 0.492742
v 0.614338 0.931247 0.492742
v 0.676804 0.868781 0.492742
v 0.658508 0.824611 0.492742
v 0.614338 0.806315 0.492742
v 0.570168 0.824611 0.492742
v 0.551872 0.868781 0.492742
v 0.570168 0.912951 0.492742
v 0.614338 0.868781 0.492742
v 0.614338 0.868781 0.265959
vt 1.000000 0.500000
vt 1.000000 1.000000
vt 0.875000 1.000000
vt 0.875000 0.500000
vt 0.750000 1.000000
vt 0.750000 0.500000
vt 0.625000 1.000000
vt 0.625000 0.500000
vt 0.500000 1.000000
vt 0.500000 0.500000
vt 0.375000 1.000000
vt 0.375000 0.500000
vt 0.250000 1.000000
vt 0.250000 0.500000
vt 0.625000 1.000000
vt 0.500000 1.000000
vt 0.125000 1.000000
vt 0.125000 0.500000
vt 0.000000 1.000000
vt 0.000000 0.500000
vt 0.750000 0.250000
vt 0.990000 0.250000
vt 0.919706 0.080294
vt 0.750000 0.010000
vt 0.750000 1.000000
vt 0.750000 1.000000
vt 0.625000 1.000000
vt 0.250000 1.000000
vt 0.125000 1.000000
vt 0.875000 1.000000
vt 0.375000 1.000000
vt 0.000000 1.000000
vt 1.000000 1.000000
vt 0.115114 0.384886
vt 0.059243 0.250000
vt 0.059243 0.250000
vt 0.115114 0.384886
vt 1.000000 1.000000
vt 0.875000 1.000000
vt 0.125000 1.000000
vt 0.000000 1.000000
vt 0.375000 1.000000
vt 0.250000 1.000000
vt 0.500000 1.000000
vt 0.250000 0.440757
vt 0.384886 0.384886
vt 0.419706 0.419706
vt 0.250000 0.490000
vt 0.440757 0.250000
vt 0.490000 0.250000
vt 0.384886 0.115114
vt 0.419706 0.080294
vt 0.250000 0.059243
vt 0.250000 0.010000
vt 0.115114 0.115114
vt 0.080294 0.080294
vt 0.010000 0.250000
vt 0.080294 0.419706
vt 0.250000 0.250000
vt 0.115114 0.115114
vt 0.250000 0.059243
vt 0.440757 0.250000
vt 0.384886 0.115114
vt 0.250000 0.440757
vt 0.384886 0.384886
vt 0.750000 0.490000
vt 0.919706 0.419706
vt 0.510000 0.250000
vt 0.580294 0.080294
vt 0.580294 0.419706
vn 0.0000 0.7764 -0.6303
vn 0.0000 0.5944 -0.8042
vn 0.4203 0.4203 -0.8042
vn 0.5490 0.5490 -0.6303
vn 0.5944 0.0000 -0.8042
vn 0.7764 0.0000 -0.6303
vn 0.4203 -0.4203 -0.8042
vn 0.5490 -0.5490 -0.6303
vn 0.0000 -0.5944 -0.8042
vn 0.0000 -0.7764 -0.6303
vn -0.4203 -0.4203 -0.8042
vn -0.5490 -0.5490 -0.6303
vn -0.5944 0.0000 -0.8042
vn -0.7764 0.0000 -0.6303
vn -0.4203 0.4203 -0.8042
vn -0.5490 0.5490 -0.6303
vn 0.0000 0.0000 -1.0000
vn 0.7764 -0.0000 0.6303
vn 0.5490 -0.5490 0.6303
vn -0.4203 0.4203 0.8042
vn -0.5944 0.0000 0.8042
vn -0.7764 0.0000 0.6303
vn -0.5490 0.5490 0.6303
vn 0.0000 0.7764 0.6303
vn 0.5490 0.5490 0.6303
vn -0.5490 -0.5490 0.6303
vn 0.0000 -0.7764 0.6303
vn 0.0000 0.5944 0.8042
vn 0.4203 0.4203 0.8042
vn 0.5944 0.0000 0.8042
vn 0.4203 -0.4203 0.8042
vn 0.0000 -0.5944 0.8042
vn -0.4203 -0.4203 0.8042
vn 0.0000 0.0000 1.0000
usemtl Valve_Material
s 1
f 1/1/1 2/2/2 4/3/3 3/4/4
f 3/4/4 4/3/3 6/5/5 5/6/6
f 5/6/6 6/5/5 8/7/7 7/8/8
f 7/8/8 8/7/7 10/9/9 9/10/10
f 9/10/10 10/9/9 12/11/11 11/12/12
f 11/12/12 12/11/11 14/13/13 13/14/14
f 10/9/9 8/7/7 20/15/8 21/16/10
f 13/14/14 14/13/13 16/17/15 15/18/16
f 15/18/16 16/17/15 2/19/2 1/20/1
f 50/21/17 5/22/6 7/23/8 9/24/10
f 20/15/8 19/25/6 35/26/18 36/27/19
f 16/17/15 14/13/13 23/28/14 24/29/16
f 6/5/5 4/3/3 17/30/4 19/25/6
f 12/11/11 10/9/9 21/16/10 22/31/12
f 2/19/2 16/17/15 24/29/16 18/32/1
f 4/3/3 2/2/2 18/33/1 17/30/4
f 8/7/7 6/5/5 19/25/6 20/15/8
f 14/13/13 12/11/11 22/31/12 23/28/14
f 32/34/20 31/35/21 47/36/22 48/37/23
f 17/30/4 18/33/1 34/38/24 33/39/25
f 18/32/1 24/29/16 40/40/23 34/41/24
f 23/28/14 22/31/12 38/42/26 39/43/22
f 21/16/10 20/15/8 36/27/19 37/44/27
f 19/25/6 17/30/4 33/39/25 35/26/18
f 24/29/16 23/28/14 39/43/22 40/40/23
f 22/31/12 21/16/10 37/44/27 38/42/26
f 26/45/28 25/46/29 33/47/25 34/48/24
f 25/46/29 27/49/30 35/50/18 33/47/25
f 27/49/30 28/51/31 36/52/19 35/50/18
f 28/51/31 29/53/32 37/54/27 36/52/19
f 29/53/32 30/55/33 38/56/26 37/54/27
f 30/55/33 31/35/21 39/57/22 38/56/26
f 31/35/21 32/34/20 40/58/23 39/57/22
f 32/34/20 26/45/28 34/48/24 40/58/23
f 49/59/34 47/36/22 46/60/26 45/61/27
f 30/55/33 29/53/32 45/61/27 46/60/26
f 28/51/31 27/49/30 43/62/18 44/63/19
f 25/46/29 26/45/28 42/64/24 41/65/25
f 26/45/28 32/34/20 48/37/23 42/64/24
f 31/35/21 30/55/33 46/60/26 47/36/22
f 29/53/32 28/51/31 44/63/19 45/61/27
f 27/49/30 25/46/29 41/65/25 43/62/18
f 43/62/18 49/59/34 45/61/27 44/63/19
f 42/64/24 48/37/23 47/36/22 49/59/34
f 41/65/25 42/64/24 49/59/34 43/62/18
f 1/66/1 3/67/4 5/22/6 50/21/17
f 13/68/14 50/21/17 9/24/10 11/69/12
f 15/70/16 1/66/1 50/21/17 13/68/14
o Tupes_Cylinder.002
v 0.614338 0.927080 0.151418
v 0.614338 0.927080 0.270517
v 0.656446 0.909638 0.151418
v 0.656446 0.909638 0.270517
v 0.673887 0.867530 0.151418
v 0.673887 0.867530 0.270517
v 0.656446 0.825422 0.151418
v 0.656446 0.825422 0.270517
v 0.614338 0.807980 0.151418
v 0.614338 0.807980 0.270517
v 0.572230 0.825422 0.151418
v 0.572230 0.825422 0.270517
v 0.554788 0.867530 0.151418
v 0.554788 0.867530 0.270517
v 0.572230 0.909638 0.151418
v 0.572230 0.909638 0.270517
v 0.614338 0.867530 0.270517
v 0.614338 0.867530 0.151418
v 0.614338 1.105729 0.061468
v 0.656446 1.105729 0.044026
v 0.673887 1.105729 0.001918
v 0.554788 1.105729 0.003372
v 0.572230 1.105729 0.045480
v 0.614338 1.105729 0.001918
v 0.673887 0.629332 0.008358
v 0.656446 0.629332 0.050466
v 0.614338 0.629332 0.067907
v 0.572230 0.629332 0.050466
v 0.554788 0.629332 0.008358
v 0.614338 0.629332 0.008358
v 0.656446 0.824179 0.112992
v 0.656446 0.820472 0.084892
v 0.656446 0.814774 0.066532
v 0.656446 0.807966 0.056148
v 0.656446 0.799412 0.050263
v 0.656446 0.786288 0.046614
v 0.656446 0.766886 0.045157
v 0.656446 0.741257 0.045753
v 0.656446 0.709726 0.047585
v 0.656446 0.672412 0.049549
v 0.614338 0.806797 0.114435
v 0.614338 0.803452 0.088703
v 0.614338 0.799066 0.074112
v 0.614338 0.795521 0.068368
v 0.614338 0.791879 0.065994
v 0.614338 0.783146 0.063771
v 0.614338 0.766392 0.062592
v 0.614338 0.741957 0.063180
v 0.614338 0.710690 0.065000
v 0.614338 0.673057 0.066978
v 0.572230 0.824179 0.112992
v 0.572230 0.820472 0.084892
v 0.572230 0.814774 0.066532
v 0.572230 0.807966 0.056148
v 0.572230 0.799412 0.050263
v 0.572230 0.786288 0.046614
v 0.572230 0.766886 0.045157
v 0.572230 0.741257 0.045753
v 0.572230 0.709726 0.047585
v 0.572230 0.672412 0.049549
v 0.554788 0.867507 0.109507
v 0.554788 0.867430 0.059790
v 0.554788 0.852697 0.048230
v 0.554788 0.838011 0.026645
v 0.554788 0.817597 0.012284
v 0.554788 0.793875 0.005195
v 0.554788 0.768081 0.003066
v 0.554788 0.739567 0.003679
v 0.554788 0.707399 0.005541
v 0.554788 0.670855 0.007470
v 0.614338 0.852697 0.048230
v 0.614338 0.838011 0.026645
v 0.614338 0.817597 0.012284
v 0.614338 0.793875 0.005195
v 0.614338 0.768081 0.003066
v 0.614338 0.739567 0.003679
v 0.614338 0.707399 0.005541
v 0.614338 0.670855 0.007470
v 0.673887 0.670855 0.007470
v 0.673887 0.707399 0.005541
v 0.673887 0.739567 0.003679
v 0.673887 0.768081 0.003066
v 0.673887 0.793875 0.005195
v 0.673887 0.817597 0.012284
v 0.673887 0.838011 0.026645
v 0.673887 0.852697 0.048230
v 0.656444 0.910803 0.112319
v 0.656443 0.914395 0.083411
v 0.656443 0.920041 0.064125
v 0.656443 0.926941 0.052863
v 0.656444 0.935559 0.046346
v 0.656444 0.948543 0.042174
v 0.656446 0.967751 0.040160
v 0.656447 0.993272 0.040216
v 0.656448 1.024827 0.041597
v 0.656447 1.062310 0.043247
v 0.673884 0.867507 0.109002
v 0.673883 0.867430 0.058754
v 0.673883 0.881727 0.046656
v 0.673885 0.895919 0.024391
v 0.673888 0.915956 0.009080
v 0.673890 0.939630 0.001022
v 0.673892 0.965559 -0.001889
v 0.673892 0.994272 -0.001878
v 0.673892 1.026718 -0.000467
v 0.673890 1.063655 0.001161
v 0.614335 0.867507 0.109000
v 0.614333 0.867430 0.058748
v 0.614334 0.881734 0.046647
v 0.614335 0.895929 0.024380
v 0.614338 0.915968 0.009070
v 0.614341 0.939643 0.001013
v 0.614342 0.965569 -0.001895
v 0.614343 0.994280 -0.001883
v 0.614342 1.026723 -0.000470
v 0.614341 1.063658 0.001160
v 0.554784 0.882102 0.046803
v 0.554786 0.896328 0.024727
v 0.554789 0.916288 0.009645
v 0.554791 0.939823 0.001779
v 0.554793 0.965628 -0.000978
v 0.554793 0.994263 -0.000831
v 0.554793 1.026675 0.000714
v 0.554791 1.063618 0.002479
v 0.572228 0.910937 0.112325
v 0.572227 0.914659 0.083458
v 0.572227 0.920412 0.064277
v 0.572228 0.927345 0.053206
v 0.572228 0.935884 0.046916
v 0.572229 0.948729 0.042937
v 0.572230 0.967814 0.041075
v 0.572231 0.993259 0.041266
v 0.572232 1.024780 0.042781
v 0.572232 1.062271 0.044566
v 0.614339 1.061754 0.060679
v 0.614339 1.024046 0.059019
v 0.614338 0.992863 0.057650
v 0.614336 0.968665 0.057574
v 0.614335 0.952243 0.059215
v 0.614335 0.943687 0.061776
v 0.614336 0.939797 0.064651
v 0.614336 0.935915 0.071356
v 0.614336 0.931458 0.087035
v 0.614336 0.928192 0.113691
v 0.337938 1.301641 0.044026
v 0.337938 1.284199 0.001918
v 0.337938 1.403298 0.003372
v 0.337938 1.385856 0.045480
v 0.337938 1.343749 0.061468
v 0.337938 1.343749 0.001918
v 0.671106 1.200817 0.002126
v 0.659046 1.276643 0.002333
v 0.628325 1.339071 0.002541
v 0.574510 1.380348 0.002749
v 0.508171 1.397938 0.002956
v 0.431769 1.402835 0.003164
v 0.611797 1.195478 0.001918
v 0.602093 1.259250 0.001918
v 0.582137 1.301484 0.001918
v 0.548833 1.326619 0.001918
v 0.499089 1.339085 0.001918
v 0.429820 1.343317 0.001918
v 0.552487 1.190138 0.003164
v 0.545140 1.241857 0.002956
v 0.535949 1.263897 0.002749
v 0.523155 1.272889 0.002541
v 0.490007 1.280232 0.002333
v 0.427872 1.283799 0.002126
v 0.569858 1.191702 0.045272
v 0.561822 1.246951 0.045064
v 0.549477 1.274906 0.044857
v 0.530676 1.288626 0.044649
v 0.492667 1.297470 0.044441
v 0.428442 1.301231 0.044234
v 0.611797 1.195478 0.061468
v 0.602093 1.259250 0.061468
v 0.582137 1.301484 0.061468
v 0.548833 1.326619 0.061468
v 0.499089 1.339085 0.061468
v 0.429820 1.343317 0.061468
v 0.431198 1.385402 0.045272
v 0.505511 1.380701 0.045064
v 0.566989 1.364611 0.044857
v 0.614797 1.328062 0.044649
v 0.642365 1.271549 0.044441
v 0.653735 1.199254 0.044234
v 0.673887 -0.133311 0.008358
v 0.656446 -0.133311 0.050466
v 0.614338 -0.133311 0.067907
v 0.572230 -0.133311 0.050466
v 0.554788 -0.133311 0.008358
v 0.614338 -0.133311 0.008358
v -4.620031 -0.114991 -0.000000
v -4.620031 0.341667 -0.000000
v -4.634676 -0.114991 0.035355
v -4.634676 0.341667 0.035355
v -4.670032 -0.114991 0.050000
v -4.670032 0.341667 0.050000
v -4.705386 -0.114991 0.035355
v -4.705386 0.341667 0.035355
v -4.720032 -0.114991 -0.000000
v -4.720032 0.341667 -0.000000
v -4.670019 -0.114991 -0.000000
v -4.669580 0.341667 -0.000000
v -4.328710 0.607259 0.035355
v -4.328710 0.592614 0.000000
v -4.328710 0.642614 0.050000
v -4.328710 0.677969 0.035355
v -4.328710 0.692614 0.000000
v -4.328710 0.642162 0.000000
v -4.618959 0.415056 0.000000
v -4.615216 0.473045 0.000000
v -4.608416 0.515868 0.000000
v -4.599113 0.544178 0.000000
v -4.588334 0.560918 0.000000
v -4.574220 0.571880 0.000000
v -4.551293 0.580758 0.000000
v -4.515718 0.587339 0.000000
v -4.466740 0.591064 0.000000
v -4.404419 0.592447 0.000000
v -4.668468 0.417035 0.000000
v -4.664452 0.478615 0.000000
v -4.656508 0.527786 0.000000
v -4.643632 0.565930 0.000000
v -4.624810 0.594451 0.000000
v -4.599015 0.614778 0.000000
v -4.565178 0.628321 0.000000
v -4.522249 0.636454 0.000000
v -4.469205 0.640550 0.000000
v -4.405030 0.641991 0.000000
v -4.718880 0.419049 0.000000
v -4.714583 0.484286 0.000000
v -4.705481 0.539920 0.000000
v -4.688961 0.588079 0.000000
v -4.661953 0.628595 0.000000
v -4.624264 0.658458 0.000000
v -4.579317 0.676751 0.000000
v -4.528899 0.686466 0.000000
v -4.471715 0.690940 0.000000
v -4.405655 0.692439 0.000000
v -4.704247 0.418465 0.035355
v -4.700031 0.482640 0.035356
v -4.691265 0.536398 0.035356
v -4.675803 0.581649 0.035356
v -4.651173 0.618684 0.035356
v -4.616934 0.645779 0.035356
v -4.575212 0.662693 0.035355
v -4.526968 0.671949 0.035355
v -4.470987 0.676313 0.035355
v -4.405473 0.677795 0.035355
v -4.668919 0.417053 0.050000
v -4.664900 0.478666 0.050000
v -4.656948 0.527894 0.050000
v -4.644037 0.566128 0.050000
v -4.625143 0.594757 0.050000
v -4.599241 0.615169 0.050000
v -4.565305 0.628754 0.050000
v -4.522308 0.636902 0.050000
v -4.469228 0.641002 0.050000
v -4.405036 0.642443 0.050000
v -4.404599 0.607090 0.035355
v -4.467469 0.605690 0.035355
v -4.517649 0.601855 0.035355
v -4.555398 0.594816 0.035355
v -4.581548 0.584559 0.035356
v -4.599115 0.570829 0.035356
v -4.612271 0.550607 0.035356
v -4.622630 0.519391 0.035356
v -4.629768 0.474692 0.035356
v -4.633593 0.415641 0.035355
vt 0.000000 0.000000
vt 0.545455 0.363636
vt 0.613636 0.409091
vt 0.000000 0.000000
vt 0.875000 0.500000
vt 0.875000 1.000000
vt 0.750000 1.000000
vt 0.750000 0.500000
vt 0.625000 1.000000
vt 0.625000 0.500000
vt 1.000000 0.500000
vt 1.000000 1.000000
vt 0.500000 0.500000
vt 0.500000 1.000000
vt 0.375000 1.000000
vt 0.375000 0.500000
vt 0.250000 1.000000
vt 0.250000 0.500000
vt 0.250000 0.250000
vt 0.010000 0.250000
vt 0.080294 0.080294
vt 0.250000 0.010000
vt 0.125000 1.000000
vt 0.125000 0.500000
vt 0.000000 1.000000
vt 0.000000 0.500000
vt 0.250000 0.490000
vt 0.080294 0.419706
vt 0.490000 0.250000
vt 0.419706 0.080294
vt 0.419706 0.419706
vt 0.000000 0.000000
vt 0.000000 0.000000
vt 0.000000 0.000000
vt 0.022727 0.045455
vt 0.000000 0.000000
vt 0.000000 0.000000
vt 0.045455 0.045455
vt 0.034091 0.045455
vt 0.000000 0.000000
vt 0.022727 0.045455
vt 0.000000 0.000000
vt 0.000000 0.000000
vt 0.000000 0.000000
vt 0.011364 0.045455
vt 0.000000 0.000000
vt 0.000000 0.045455
vt 0.000000 0.000000
vt 0.068182 0.045455
vt 0.000000 0.000000
vt 0.068182 0.045455
vt 0.000000 0.000000
vt 0.056818 0.045455
vt 0.113636 0.090909
vt 0.090909 0.090909
vt 0.170455 0.136364
vt 0.136364 0.136364
vt 0.227273 0.181818
vt 0.181818 0.181818
vt 0.284091 0.227273
vt 0.227273 0.227273
vt 0.340909 0.272727
vt 0.272727 0.272727
vt 0.397727 0.318182
vt 0.318182 0.318182
vt 0.454545 0.363636
vt 0.363636 0.363636
vt 0.511364 0.409091
vt 0.409091 0.409091
vt 0.568182 0.454545
vt 0.454545 0.454545
vt 0.068182 0.090909
vt 0.102273 0.136364
vt 0.136364 0.181818
vt 0.170455 0.227273
vt 0.204545 0.272727
vt 0.238636 0.318182
vt 0.272727 0.363636
vt 0.306818 0.409091
vt 0.340909 0.454545
vt 0.045455 0.090909
vt 0.068182 0.136364
vt 0.090909 0.181818
vt 0.113636 0.227273
vt 0.136364 0.272727
vt 0.159091 0.318182
vt 0.181818 0.363636
vt 0.204545 0.409091
vt 0.227273 0.454545
vt 0.000000 0.000000
vt 0.000000 0.000000
vt 0.000000 0.000000
vt 0.000000 0.000000
vt 0.000000 0.000000
vt 0.000000 0.000000
vt 0.000000 0.000000
vt 0.000000 0.000000
vt 0.000000 0.000000
vt 0.136364 0.090909
vt 0.204545 0.136364
vt 0.272727 0.181818
vt 0.340909 0.227273
vt 0.409091 0.272727
vt 0.477273 0.318182
vt 0.545455 0.363636
vt 0.681818 0.454545
vt 0.000000 0.000000
vt 0.079545 0.045455
vt 0.159091 0.090909
vt 0.136364 0.090909
vt 0.238636 0.136364
vt 0.204545 0.136364
vt 0.318182 0.181818
vt 0.272727 0.181818
vt 0.397727 0.227273
vt 0.340909 0.227273
vt 0.477273 0.272727
vt 0.409091 0.272727
vt 0.556818 0.318182
vt 0.477273 0.318182
vt 0.636364 0.363636
vt 0.715909 0.409091
vt 0.795455 0.454545
vt 0.090909 0.045455
vt 0.000000 0.000000
vt 0.000000 0.000000
vt 0.000000 0.000000
vt 0.000000 0.000000
vt 0.000000 0.000000
vt 0.000000 0.000000
vt 0.045455 0.090909
vt 0.068182 0.136364
vt 0.090909 0.181818
vt 0.113636 0.227273
vt 0.136364 0.272727
vt 0.159091 0.318182
vt 0.181818 0.363636
vt 0.022727 0.090909
vt 0.034091 0.136364
vt 0.045455 0.181818
vt 0.056818 0.227273
vt 0.068182 0.272727
vt 0.079545 0.318182
vt 0.090909 0.363636
vt 0.102273 0.409091
vt 0.113636 0.454545
vt 0.000000 0.090909
vt 0.000000 0.136364
vt 0.000000 0.181818
vt 0.000000 0.227273
vt 0.000000 0.272727
vt 0.000000 0.318182
vt 0.000000 0.363636
vt 0.000000 0.409091
vt 0.000000 0.454545
vt 0.181818 0.090909
vt 0.272727 0.136364
vt 0.363636 0.181818
vt 0.454545 0.227273
vt 0.545455 0.272727
vt 0.636364 0.318182
vt 0.727273 0.363636
vt 0.818182 0.409091
vt 0.909091 0.454545
vt 0.000000 0.000000
vt 0.000000 0.000000
vt 0.000000 0.000000
vt 0.000000 0.000000
vt 0.000000 0.000000
vt 0.000000 0.000000
vt 0.000000 0.000000
vt 0.000000 0.000000
vt 0.000000 0.000000
vt 0.000000 0.000000
vt 0.000000 0.000000
vt 0.000000 0.000000
vt 0.000000 0.000000
vt 0.000000 0.000000
vt 0.000000 0.000000
vt 0.000000 0.000000
vt 0.000000 0.000000
vt 0.000000 0.000000
vt 0.000000 0.000000
vt 0.000000 0.000000
vt 0.000000 0.000000
vt 0.000000 0.000000
vt 0.000000 0.000000
vt 0.000000 0.000000
vt 0.000000 0.000000
vt 0.000000 0.000000
vt 0.000000 0.000000
vt 0.000000 0.000000
vt 0.000000 0.000000
vt 0.000000 0.000000
vt 0.000000 0.000000
vt 0.000000 0.000000
vt 0.000000 0.000000
vt 0.000000 0.000000
vt 0.000000 0.000000
vt 0.000000 0.000000
vt 0.000000 0.000000
vt 0.000000 0.000000
vt 0.000000 0.000000
vt 0.000000 0.000000
vt 0.000000 0.000000
vt 0.000000 0.000000
vt 0.000000 0.000000
vt 0.000000 0.000000
vt 0.000000 0.000000
vt 0.000000 0.000000
vt 0.000000 0.000000
vt 0.000000 0.000000
vt 0.750000 0.500000
vt 0.750000 1.000000
vt 0.625000 1.000000
vt 0.625000 0.500000
vt 0.500000 1.000000
vt 0.500000 0.500000
vt 0.375000 1.000000
vt 0.375000 0.500000
vt 0.250000 1.000000
vt 0.250000 0.500000
vt 0.500060 0.500000
vt 0.502260 1.000000
vt 0.000000 0.000000
vt 0.000000 0.000000
vt 0.045660 0.090909
vt 0.022727 0.090909
vt 0.000000 0.000000
vt 0.034091 0.090909
vt 0.000000 0.000000
vt 0.045455 0.090909
vt 0.000000 0.000000
vt 0.056818 0.090909
vt 0.000000 0.000000
vt 0.068182 0.090909
vt 0.136364 0.181818
vt 0.091320 0.181818
vt 0.204545 0.272727
vt 0.136980 0.272727
vt 0.272727 0.363636
vt 0.182640 0.363636
vt 0.340909 0.454545
vt 0.228300 0.454545
vt 0.409091 0.545455
vt 0.273960 0.545455
vt 0.477273 0.636364
vt 0.319620 0.636364
vt 0.545455 0.727273
vt 0.365280 0.727273
vt 0.613636 0.818182
vt 0.410940 0.818182
vt 0.681818 0.909091
vt 0.456600 0.909091
vt 0.045455 0.181818
vt 0.068182 0.272727
vt 0.090909 0.363636
vt 0.113636 0.454545
vt 0.136364 0.545455
vt 0.159091 0.636364
vt 0.181818 0.727273
vt 0.204545 0.818182
vt 0.227273 0.909091
vt 0.068182 0.181818
vt 0.102273 0.272727
vt 0.136364 0.363636
vt 0.170455 0.454545
vt 0.204545 0.545455
vt 0.238636 0.636364
vt 0.272727 0.727273
vt 0.306818 0.818182
vt 0.340909 0.909091
vt 0.090909 0.181818
vt 0.136364 0.272727
vt 0.181818 0.363636
vt 0.227273 0.454545
vt 0.272727 0.545455
vt 0.318182 0.636364
vt 0.363636 0.727273
vt 0.409091 0.818182
vt 0.454545 0.909091
vt 0.113636 0.181818
vt 0.170455 0.272727
vt 0.227273 0.363636
vt 0.284091 0.454545
vt 0.340909 0.545455
vt 0.397727 0.636364
vt 0.454545 0.727273
vt 0.511364 0.818182
vt 0.568182 0.909091
vn -0.0044 -0.7545 -0.6563
vn 0.8600 -0.3485 -0.3727
vn 0.8566 -0.3281 -0.3983
vn -0.0053 -0.0418 -0.9991
vn 0.7098 0.7043 0.0088
vn 0.5490 0.5490 0.6303
vn 0.7764 -0.0000 0.6303
vn 0.9654 -0.2608 0.0030
vn 0.5490 -0.5490 0.6303
vn 0.7100 -0.7041 0.0096
vn 0.0003 0.9999 0.0153
vn -0.0000 0.7764 0.6303
vn 0.0000 -0.9999 0.0161
vn 0.0000 -0.7764 0.6303
vn -0.5490 -0.5490 0.6303
vn -0.7100 -0.7041 0.0096
vn -0.7764 -0.0000 0.6303
vn -0.9654 0.2609 0.0030
vn 0.0000 -0.0000 1.0000
vn -0.5490 0.5490 0.6303
vn -0.7099 0.7043 0.0094
vn -0.8384 -0.0066 -0.5450
vn -0.0109 0.0093 -0.9999
vn -0.0111 0.0319 -0.9994
vn -0.8408 0.0171 -0.5411
vn -0.7058 0.0075 0.7084
vn -0.0000 0.0106 0.9999
vn -0.0000 0.0369 0.9993
vn -0.7052 0.0262 0.7085
vn -0.8341 -0.0059 -0.5516
vn -0.8353 -0.0204 -0.5494
vn -0.0000 -0.0107 -0.9999
vn -0.0000 -0.0370 -0.9993
vn -0.6939 -0.0162 0.7199
vn -0.6958 -0.0238 0.7178
vn 0.0168 -0.0090 0.9998
vn 0.0135 -0.0318 0.9994
vn 0.8358 0.0172 -0.5488
vn 0.8347 0.0172 -0.5505
vn 0.8341 -0.0059 -0.5516
vn 0.8353 -0.0204 -0.5494
vn 0.7058 0.0075 0.7084
vn 0.7052 0.0262 0.7085
vn 0.7068 0.0391 0.7064
vn -0.0000 0.0553 0.9985
vn 0.7092 0.0287 0.7045
vn -0.0000 0.0409 0.9992
vn 0.7129 -0.0181 0.7010
vn 0.0000 -0.0245 0.9997
vn 0.7188 -0.1190 0.6850
vn 0.0000 -0.1664 0.9861
vn 0.7281 -0.2888 0.6217
vn 0.0000 -0.4147 0.9099
vn 0.7326 -0.4866 0.4759
vn 0.0000 -0.7159 0.6982
vn 0.7321 -0.6022 0.3184
vn 0.0000 -0.9077 0.4196
vn 0.7338 -0.6611 0.1563
vn 0.0000 -0.9773 0.2119
vn 0.7194 -0.6931 0.0462
vn 0.0000 -0.9967 0.0811
vn -0.7068 0.0391 0.7064
vn -0.7092 0.0287 0.7045
vn -0.7129 -0.0181 0.7010
vn -0.7188 -0.1190 0.6850
vn -0.7281 -0.2888 0.6217
vn -0.7326 -0.4866 0.4759
vn -0.7318 -0.6033 0.3171
vn -0.7334 -0.6618 0.1558
vn -0.7193 -0.6931 0.0463
vn -0.8321 -0.0306 -0.5538
vn -0.8271 -0.0221 -0.5617
vn -0.8189 0.0182 -0.5736
vn -0.8065 0.1112 -0.5807
vn -0.7928 0.2675 -0.5476
vn -0.7883 0.4381 -0.4319
vn -0.8618 0.3262 -0.3885
vn -0.8702 0.3051 -0.3869
vn -0.8809 0.4732 0.0105
vn -0.0000 -0.0553 -0.9985
vn -0.0000 -0.0397 -0.9992
vn -0.0000 0.0304 -0.9995
vn -0.0000 0.1853 -0.9827
vn 0.0000 0.4365 -0.8997
vn 0.0000 0.7126 -0.7016
vn -0.0018 0.7191 -0.6949
vn -0.3578 0.8947 -0.2675
vn -0.0255 -0.9991 -0.0351
vn 0.8321 -0.0306 -0.5538
vn 0.8271 -0.0221 -0.5617
vn 0.8189 0.0182 -0.5736
vn 0.8065 0.1112 -0.5807
vn 0.7928 0.2675 -0.5476
vn 0.7883 0.4381 -0.4319
vn 0.8657 0.3162 -0.3881
vn 0.8810 -0.4731 0.0112
vn 0.7076 0.0034 0.7066
vn 0.7055 -0.0219 0.7084
vn 0.7071 -0.0310 0.7065
vn 0.8314 0.0243 -0.5551
vn 0.7095 -0.0162 0.7045
vn 0.8263 0.0122 -0.5631
vn 0.7134 0.0357 0.6999
vn 0.8180 -0.0327 -0.5743
vn 0.7194 0.1425 0.6798
vn 0.8056 -0.1309 -0.5779
vn 0.7286 0.3150 0.6083
vn 0.7927 -0.2883 -0.5372
vn 0.7315 0.5054 0.4578
vn 0.7895 -0.4516 -0.4157
vn 0.7308 0.6122 0.3019
vn 0.7323 0.6649 0.1474
vn 0.7189 0.6938 0.0433
vn -0.0099 0.0448 -0.9989
vn -0.0088 0.0231 -0.9997
vn -0.0077 -0.0544 -0.9985
vn -0.0066 -0.2168 -0.9762
vn -0.0055 -0.4696 -0.8828
vn -0.0044 -0.7356 -0.6774
vn -0.8369 0.0243 -0.5468
vn -0.8312 0.0125 -0.5558
vn -0.8224 -0.0318 -0.5680
vn -0.8094 -0.1292 -0.5729
vn -0.7959 -0.2859 -0.5337
vn -0.7921 -0.4488 -0.4137
vn -0.8596 -0.3528 -0.3696
vn -0.6984 -0.0332 0.7149
vn -0.7019 -0.0186 0.7120
vn -0.7068 0.0333 0.7066
vn -0.7138 0.1399 0.6862
vn -0.7240 0.3126 0.6149
vn -0.7282 0.5046 0.4638
vn -0.7281 0.6135 0.3058
vn -0.7308 0.6659 0.1502
vn -0.7184 0.6942 0.0448
vn 0.0121 -0.0449 0.9989
vn 0.0108 -0.0245 0.9996
vn 0.0095 0.0480 0.9988
vn 0.0082 0.1983 0.9801
vn 0.0070 0.4520 0.8920
vn 0.0057 0.7406 0.6719
vn 0.0042 0.9161 0.4010
vn 0.0028 0.9794 0.2020
vn 0.0014 0.9970 0.0772
vn 0.5490 -0.6303 0.5490
vn 0.6892 -0.5595 -0.4605
vn -0.6892 -0.5595 -0.4605
vn -0.5490 -0.6303 0.5490
vn -0.5604 -0.6879 -0.4611
vn -0.7043 0.0075 -0.7098
vn 0.0003 0.0089 -1.0000
vn -0.0256 -0.8274 -0.5610
vn -0.6320 -0.5472 0.5488
vn -0.0234 -0.7022 0.7116
vn -0.6328 -0.0090 0.7743
vn 0.0002 -0.0041 1.0000
vn -0.6260 0.5440 0.5587
vn 0.0251 0.7014 0.7123
vn -0.5593 0.6955 -0.4511
vn 0.0285 0.8413 -0.5399
vn 0.1355 0.8395 -0.5262
vn 0.0009 0.0059 -1.0000
vn 0.3787 0.7745 -0.5067
vn 0.0014 0.0029 -1.0000
vn 0.6690 0.5485 -0.5015
vn 0.0001 0.0002 -1.0000
vn 0.8147 0.2578 -0.5194
vn -0.0040 -0.0010 -1.0000
vn 0.8384 0.0785 -0.5393
vn -0.0082 -0.0006 -1.0000
vn -0.1144 -0.8107 -0.5742
vn -0.3255 -0.7260 -0.6058
vn -0.6078 -0.4897 -0.6252
vn -0.7831 -0.2207 -0.5815
vn -0.8248 -0.0706 -0.5611
vn -0.1011 -0.6870 0.7196
vn -0.2839 -0.6130 0.7373
vn -0.5174 -0.4127 0.7497
vn -0.6567 -0.1862 0.7308
vn -0.6884 -0.0580 0.7230
vn 0.0040 0.0147 0.9999
vn 0.0216 0.0393 0.9990
vn 0.0453 0.0374 0.9983
vn 0.0379 0.0137 0.9992
vn 0.0249 0.0028 0.9997
vn 0.1147 0.7027 0.7022
vn 0.3195 0.6497 0.6897
vn 0.5644 0.4601 0.6854
vn 0.6892 0.2156 0.6918
vn 0.7108 0.0648 0.7005
vn 0.0000 -0.7071 -0.7071
vn 0.0000 -0.6303 0.7764
vn 0.8302 -0.0061 -0.5574
vn 0.7062 -0.0052 0.7080
vn -0.0018 0.0000 1.0000
vn -0.7080 0.0053 0.7062
vn -0.8327 0.0062 -0.5538
vn -0.0000 0.0000 -1.0000
vn -0.0019 0.8318 -0.5550
vn -0.0104 0.8331 -0.5531
vn -0.0016 0.7074 0.7068
vn -0.0088 0.7083 0.7059
vn -0.0000 0.0005 1.0000
vn -0.0001 0.0025 1.0000
vn 0.0016 -0.7068 0.7074
vn 0.0086 -0.7058 0.7083
vn 0.0018 -0.8311 -0.5561
vn 0.0101 -0.8298 -0.5580
vn 0.0406 -0.8260 -0.5623
vn 0.1065 -0.8153 -0.5691
vn 0.2233 -0.7836 -0.5797
vn 0.3974 -0.6995 -0.5939
vn 0.5897 -0.5402 -0.6003
vn 0.7289 -0.3490 -0.5890
vn 0.7942 -0.1930 -0.5762
vn 0.8184 -0.0914 -0.5673
vn 0.8266 -0.0327 -0.5618
vn -0.0420 0.8348 -0.5489
vn -0.1122 0.8326 -0.5423
vn -0.2402 0.8114 -0.5329
vn -0.4291 0.7362 -0.5234
vn -0.6282 0.5785 -0.5203
vn -0.7625 0.3764 -0.5262
vn -0.8188 0.2055 -0.5360
vn -0.8336 0.0953 -0.5441
vn -0.8348 0.0336 -0.5495
vn -0.0357 0.7096 0.7037
vn -0.0952 0.7075 0.7003
vn -0.2037 0.6893 0.6953
vn -0.3641 0.6251 0.6904
vn -0.5333 0.4910 0.6888
vn -0.6476 0.3194 0.6918
vn -0.6956 0.1743 0.6969
vn -0.7083 0.0808 0.7012
vn -0.7096 0.0286 0.7040
vn -0.0004 0.0066 1.0000
vn -0.0021 0.0133 0.9999
vn -0.0074 0.0224 0.9997
vn -0.0182 0.0298 0.9994
vn -0.0286 0.0265 0.9992
vn -0.0277 0.0146 0.9995
vn -0.0194 0.0054 0.9998
vn -0.0115 0.0015 0.9999
vn -0.0061 0.0003 1.0000
vn 0.0347 -0.7030 0.7104
vn 0.0910 -0.6946 0.7136
vn 0.1916 -0.6685 0.7186
vn 0.3412 -0.5979 0.7254
vn 0.5050 -0.4631 0.7284
vn 0.6225 -0.2996 0.7230
vn 0.6773 -0.1653 0.7169
vn 0.6971 -0.0781 0.7128
vn 0.7035 -0.0279 0.7101
usemtl Tupes_Material
s 1
f 159/71/35 149/72/36 148/73/37 158/74/38
f 53/75/39 54/76/40 56/77/41 55/78/42
f 55/78/42 56/77/41 58/79/43 57/80/44
f 51/81/45 52/82/46 54/76/40 53/75/39
f 59/83/47 60/84/48 62/85/49 61/86/50
f 61/86/50 62/85/49 64/87/51 63/88/52
f 67/89/53 64/90/51 62/91/49 60/92/48
f 63/88/52 64/87/51 66/93/54 65/94/55
f 65/94/55 66/93/54 52/95/46 51/96/45
f 57/80/44 58/79/43 60/84/48 59/83/47
f 52/97/46 66/98/54 64/90/51 67/89/53
f 56/99/41 67/89/53 60/92/48 58/100/43
f 54/101/40 52/97/46 67/89/53 56/99/41
f 72/102/56 74/103/57 166/104/58 174/105/59
f 78/106/60 77/107/61 100/108/62 110/109/63
f 79/110/64 78/106/60 110/109/63 120/111/65
f 80/112/66 79/110/64 120/111/65 128/113/67
f 73/114/68 72/102/56 174/105/59 184/115/69
f 69/116/70 73/114/68 184/115/69 185/117/71
f 74/103/57 71/118/72 156/119/73 166/104/58
f 75/120/74 80/112/66 128/113/67 129/121/75
f 76/122/76 75/120/74 129/121/75 90/123/77
f 77/107/61 76/122/76 90/123/77 100/108/62
f 100/108/62 90/123/77 89/124/78 99/125/79
f 99/125/79 89/124/78 88/126/80 98/127/81
f 98/127/81 88/126/80 87/128/82 97/129/83
f 97/129/83 87/128/82 86/130/84 96/131/85
f 96/131/85 86/130/84 85/132/86 95/133/87
f 95/133/87 85/132/86 84/134/88 94/135/89
f 94/135/89 84/134/88 83/136/90 93/137/91
f 93/137/91 83/136/90 82/138/92 92/139/93
f 92/139/93 82/138/92 81/140/94 91/141/95
f 110/109/63 100/108/62 99/125/79 109/142/96
f 109/142/96 99/125/79 98/127/81 108/143/97
f 108/143/97 98/127/81 97/129/83 107/144/98
f 107/144/98 97/129/83 96/131/85 106/145/99
f 106/145/99 96/131/85 95/133/87 105/146/100
f 105/146/100 95/133/87 94/135/89 104/147/101
f 104/147/101 94/135/89 93/137/91 103/148/102
f 103/148/102 93/137/91 92/139/93 102/149/103
f 102/149/103 92/139/93 91/141/95 101/150/104
f 101/150/104 91/141/95 59/83/47 61/86/50
f 120/111/65 110/109/63 109/142/96 119/151/105
f 119/151/105 109/142/96 108/143/97 118/152/106
f 118/152/106 108/143/97 107/144/98 117/153/107
f 117/153/107 107/144/98 106/145/99 116/154/108
f 116/154/108 106/145/99 105/146/100 115/155/109
f 115/155/109 105/146/100 104/147/101 114/156/110
f 114/156/110 104/147/101 103/148/102 113/157/111
f 113/157/111 103/148/102 102/149/103 112/158/112
f 112/158/112 102/149/103 101/150/104 111/159/113
f 111/159/113 101/150/104 61/86/50 63/88/52
f 128/113/67 120/111/65 119/151/105 127/160/114
f 127/160/114 119/151/105 118/152/106 126/161/115
f 126/161/115 118/152/106 117/153/107 125/162/116
f 125/162/116 117/153/107 116/154/108 124/163/117
f 124/163/117 116/154/108 115/155/109 123/164/118
f 123/164/118 115/155/109 114/156/110 122/165/119
f 122/165/119 114/156/110 113/157/111 121/166/120
f 121/166/120 113/157/111 112/158/112 158/74/38
f 158/74/38 112/158/112 111/159/113 157/167/121
f 157/167/121 111/159/113 63/88/52 68/168/122
f 91/141/95 81/140/94 57/80/44 59/83/47
f 129/121/75 128/113/67 127/160/114 130/169/123
f 130/169/123 127/160/114 126/161/115 131/170/124
f 131/170/124 126/161/115 125/162/116 132/171/125
f 132/171/125 125/162/116 124/163/117 133/172/126
f 133/172/126 124/163/117 123/164/118 134/173/127
f 134/173/127 123/164/118 122/165/119 135/174/128
f 90/123/77 129/121/75 130/169/123 89/124/78
f 89/124/78 130/169/123 131/170/124 88/126/80
f 88/126/80 131/170/124 132/171/125 87/128/82
f 87/128/82 132/171/125 133/172/126 86/130/84
f 86/130/84 133/172/126 134/173/127 85/132/86
f 85/132/86 134/173/127 135/174/128 84/134/88
f 84/134/88 135/174/128 136/175/129 83/136/90
f 83/136/90 136/175/129 148/73/37 82/138/92
f 82/138/92 148/73/37 147/176/130 81/140/94
f 81/140/94 147/176/130 55/78/42 57/80/44
f 71/118/72 70/177/131 146/178/132 156/119/73
f 135/174/128 122/165/119 121/166/120 136/175/129
f 156/119/73 146/178/132 145/179/133 155/180/134
f 155/180/134 145/179/133 144/181/135 154/182/136
f 154/182/136 144/181/135 143/183/137 153/184/138
f 153/184/138 143/183/137 142/185/139 152/186/140
f 152/186/140 142/185/139 141/187/141 151/188/142
f 151/188/142 141/187/141 140/189/143 150/190/144
f 150/190/144 140/189/143 139/191/145 149/72/36
f 149/72/36 139/191/145 138/192/146 148/73/37
f 148/73/37 138/192/146 137/193/147 147/176/130
f 147/176/130 137/193/147 53/75/39 55/78/42
f 70/177/131 69/116/70 185/194/71 146/178/132
f 166/104/58 156/119/73 155/180/134 165/195/148
f 165/195/148 155/180/134 154/182/136 164/196/149
f 164/196/149 154/182/136 153/184/138 163/197/150
f 163/197/150 153/184/138 152/186/140 162/198/151
f 162/198/151 152/186/140 151/188/142 161/199/152
f 161/199/152 151/188/142 150/190/144 160/200/153
f 136/175/129 121/166/120 158/74/38 148/73/37
f 158/74/38 148/73/37 147/176/130 157/167/121
f 157/167/121 147/176/130 55/78/42 68/168/122
f 174/105/59 166/104/58 165/195/148 173/201/154
f 173/201/154 165/195/148 164/196/149 172/202/155
f 172/202/155 164/196/149 163/197/150 171/203/156
f 171/203/156 163/197/150 162/198/151 170/204/157
f 170/204/157 162/198/151 161/199/152 169/205/158
f 169/205/158 161/199/152 160/200/153 168/206/159
f 168/206/159 160/200/153 159/71/35 167/207/160
f 167/207/160 159/71/35 158/74/38 112/158/112
f 184/115/69 174/105/59 173/201/154 183/208/161
f 183/208/161 173/201/154 172/202/155 182/209/162
f 182/209/162 172/202/155 171/203/156 181/210/163
f 181/210/163 171/203/156 170/204/157 180/211/164
f 180/211/164 170/204/157 169/205/158 179/212/165
f 179/212/165 169/205/158 168/206/159 178/213/166
f 178/213/166 168/206/159 167/207/160 177/214/167
f 177/214/167 167/207/160 112/158/112 176/215/168
f 176/215/168 112/158/112 111/159/113 175/216/169
f 175/216/169 111/159/113 63/88/52 65/94/55
f 185/117/71 184/115/69 183/208/161 186/217/170
f 186/217/170 183/208/161 182/209/162 187/218/171
f 187/218/171 182/209/162 181/210/163 188/219/172
f 188/219/172 181/210/163 180/211/164 189/220/173
f 189/220/173 180/211/164 179/212/165 190/221/174
f 190/221/174 179/212/165 178/213/166 191/222/175
f 191/222/175 178/213/166 177/214/167 192/223/176
f 192/223/176 177/214/167 176/215/168 193/224/177
f 193/224/177 176/215/168 175/216/169 194/225/178
f 194/225/178 175/216/169 65/94/55 51/96/45
f 160/200/153 150/190/144 149/72/36 159/71/35
f 146/178/132 185/194/71 186/226/170 145/179/133
f 145/179/133 186/226/170 187/227/171 144/181/135
f 144/181/135 187/227/171 188/228/172 143/183/137
f 143/183/137 188/228/172 189/229/173 142/185/139
f 142/185/139 189/229/173 190/230/174 141/187/141
f 141/187/141 190/230/174 191/231/175 140/189/143
f 140/189/143 191/231/175 192/232/176 139/191/145
f 139/191/145 192/232/176 193/233/177 138/192/146
f 138/192/146 193/233/177 194/234/178 137/193/147
f 137/193/147 194/234/178 51/81/45 53/75/39
f 75/120/74 76/122/76 238/235/179 237/236/180
f 78/106/60 79/110/64 241/237/181 240/238/182
f 196/239/183 200/240/184 212/241/185 218/242/186
f 195/243/187 196/239/183 218/242/186 224/244/188
f 199/245/189 195/243/187 224/244/188 230/246/190
f 198/247/191 199/245/189 230/246/190 231/248/192
f 200/240/184 197/249/193 206/250/194 212/241/185
f 197/249/193 198/247/191 231/248/192 206/250/194
f 212/241/185 206/250/194 205/251/195 211/252/196
f 211/252/196 205/251/195 204/253/197 210/254/198
f 210/254/198 204/253/197 203/255/199 209/256/200
f 209/256/200 203/255/199 202/257/201 208/258/202
f 208/258/202 202/257/201 201/259/203 207/260/204
f 207/260/204 201/259/203 71/118/72 74/103/57
f 218/242/186 212/241/185 211/252/196 217/261/205
f 217/261/205 211/252/196 210/254/198 216/262/206
f 216/262/206 210/254/198 209/256/200 215/263/207
f 215/263/207 209/256/200 208/258/202 214/264/208
f 214/264/208 208/258/202 207/260/204 213/265/209
f 213/265/209 207/260/204 74/103/57 72/102/56
f 224/244/188 218/242/186 217/261/205 223/266/210
f 223/266/210 217/261/205 216/262/206 222/267/211
f 222/267/211 216/262/206 215/263/207 221/268/212
f 221/268/212 215/263/207 214/264/208 220/269/213
f 220/269/213 214/264/208 213/265/209 219/270/214
f 219/270/214 213/265/209 72/102/56 73/114/68
f 230/246/190 224/244/188 223/266/210 229/271/215
f 229/271/215 223/266/210 222/267/211 228/272/216
f 228/272/216 222/267/211 221/268/212 227/273/217
f 227/273/217 221/268/212 220/269/213 226/274/218
f 226/274/218 220/269/213 219/270/214 225/275/219
f 225/275/219 219/270/214 73/114/68 69/116/70
f 231/248/192 230/246/190 229/271/215 232/276/220
f 232/276/220 229/271/215 228/272/216 233/277/221
f 233/277/221 228/272/216 227/273/217 234/278/222
f 234/278/222 227/273/217 226/274/218 235/279/223
f 235/279/223 226/274/218 225/275/219 236/280/224
f 236/280/224 225/275/219 69/116/70 70/177/131
f 206/250/194 231/248/192 232/276/220 205/251/195
f 205/251/195 232/276/220 233/277/221 204/253/197
f 204/253/197 233/277/221 234/278/222 203/255/199
f 203/255/199 234/278/222 235/279/223 202/257/201
f 202/257/201 235/279/223 236/280/224 201/259/203
f 201/259/203 236/280/224 70/177/131 71/118/72
f 196/239/183 195/243/187 199/245/189 200/240/184
f 197/249/193 200/240/184 199/245/189 198/247/191
f 240/238/182 241/237/181 242/281/225 239/282/226
f 237/236/180 238/235/179 239/282/226 242/281/225
f 76/122/76 77/107/61 239/282/226 238/235/179
f 79/110/64 80/112/66 242/281/225 241/237/181
f 77/107/61 78/106/60 240/238/182 239/282/226
f 80/112/66 75/120/74 237/236/180 242/281/225
f 243/283/180 244/284/227 246/285/228 245/286/179
f 245/286/179 246/285/228 248/287/229 247/288/226
f 247/288/226 248/287/229 250/289/230 249/290/182
f 249/290/182 250/289/230 252/291/231 251/292/181
f 243/283/180 253/293/225 254/294/232 244/284/227
f 243/283/180 245/286/179 247/288/226 253/293/225
f 259/295/233 260/296/232 280/297/232 290/298/234
f 253/293/225 247/288/226 249/290/182 251/292/181
f 254/294/232 253/293/225 251/292/181 252/291/231
f 258/299/235 259/295/233 290/298/234 300/300/236
f 257/301/237 258/299/235 300/300/236 310/302/238
f 255/303/239 257/301/237 310/302/238 311/304/240
f 260/296/232 256/305/241 270/306/242 280/297/232
f 256/305/241 255/303/239 311/304/240 270/306/242
f 280/297/232 270/306/242 269/307/243 279/308/232
f 279/308/232 269/307/243 268/309/244 278/310/232
f 278/310/232 268/309/244 267/311/245 277/312/232
f 277/312/232 267/311/245 266/313/246 276/314/232
f 276/314/232 266/313/246 265/315/247 275/316/232
f 275/316/232 265/315/247 264/317/248 274/318/232
f 274/318/232 264/317/248 263/319/249 273/320/232
f 273/320/232 263/319/249 262/321/250 272/322/232
f 272/322/232 262/321/250 261/323/251 271/324/232
f 271/324/232 261/323/251 244/284/227 254/294/232
f 290/298/234 280/297/232 279/308/232 289/325/252
f 289/325/252 279/308/232 278/310/232 288/326/253
f 288/326/253 278/310/232 277/312/232 287/327/254
f 287/327/254 277/312/232 276/314/232 286/328/255
f 286/328/255 276/314/232 275/316/232 285/329/256
f 285/329/256 275/316/232 274/318/232 284/330/257
f 284/330/257 274/318/232 273/320/232 283/331/258
f 283/331/258 273/320/232 272/322/232 282/332/259
f 282/332/259 272/322/232 271/324/232 281/333/260
f 281/333/260 271/324/232 254/294/232 252/291/231
f 300/300/236 290/298/234 289/325/252 299/334/261
f 299/334/261 289/325/252 288/326/253 298/335/262
f 298/335/262 288/326/253 287/327/254 297/336/263
f 297/336/263 287/327/254 286/328/255 296/337/264
f 296/337/264 286/328/255 285/329/256 295/338/265
f 295/338/265 285/329/256 284/330/257 294/339/266
f 294/339/266 284/330/257 283/331/258 293/340/267
f 293/340/267 283/331/258 282/332/259 292/341/268
f 292/341/268 282/332/259 281/333/260 291/342/269
f 291/342/269 281/333/260 252/291/231 250/289/230
f 310/302/238 300/300/236 299/334/261 309/343/270
f 309/343/270 299/334/261 298/335/262 308/344/271
f 308/344/271 298/335/262 297/336/263 307/345/272
f 307/345/272 297/336/263 296/337/264 306/346/273
f 306/346/273 296/337/264 295/338/265 305/347/274
f 305/347/274 295/338/265 294/339/266 304/348/275
f 304/348/275 294/339/266 293/340/267 303/349/276
f 303/349/276 293/340/267 292/341/268 302/350/277
f 302/350/277 292/341/268 291/342/269 301/351/278
f 301/351/278 291/342/269 250/289/230 248/287/229
f 311/304/240 310/302/238 309/343/270 312/352/279
f 312/352/279 309/343/270 308/344/271 313/353/280
f 313/353/280 308/344/271 307/345/272 314/354/281
f 314/354/281 307/345/272 306/346/273 315/355/282
f 315/355/282 306/346/273 305/347/274 316/356/283
f 316/356/283 305/347/274 304/348/275 317/357/284
f 317/357/284 304/348/275 303/349/276 318/358/285
f 318/358/285 303/349/276 302/350/277 319/359/286
f 319/359/286 302/350/277 301/351/278 320/360/287
f 320/360/287 301/351/278 248/287/229 246/285/228
f 270/306/242 311/304/240 312/352/279 269/307/243
f 269/307/243 312/352/279 313/353/280 268/309/244
f 268/309/244 313/353/280 314/354/281 267/311/245
f 267/311/245 314/354/281 315/355/282 266/313/246
f 266/313/246 315/355/282 316/356/283 265/315/247
f 265/315/247 316/356/283 317/357/284 264/317/248
f 264/317/248 317/357/284 318/358/285 263/319/249
f 263/319/249 318/358/285 319/359/286 262/321/250
f 262/321/250 319/359/286 320/360/287 261/323/251
f 261/323/251 320/360/287 246/285/228 244/284/227
o Radiator_Cube.001
v -4.413352 0.291256 0.037500
v -4.413353 1.583291 0.037500
v -4.413352 0.291256 -0.037500
v -4.413353 1.583291 -0.037500
v 0.367709 0.291256 0.037500
v 0.367709 1.583291 0.037500
v 0.367709 0.291256 -0.037500
v 0.367709 1.583291 -0.037500
v 0.143087 0.289693 -0.050000
v -0.077518 0.289693 -0.050000
v -0.306159 0.289693 -0.050000
v -0.534800 0.289693 -0.050000
v -0.763441 0.289693 -0.050000
v -0.992083 0.289693 -0.050000
v -1.220724 0.289693 -0.050000
v -1.449365 0.289693 -0.050000
v -1.678006 0.289693 -0.050000
v -1.906648 0.289693 -0.050000
v -2.135289 0.289693 -0.050000
v -2.363930 0.289693 -0.050000
v -2.592571 0.289693 -0.050000
v -2.821213 0.289693 -0.050000
v -3.049854 0.289693 -0.050000
v -3.278495 0.289693 -0.050000
v -3.507136 0.289693 -0.050000
v -3.735778 0.289693 -0.050000
v -3.964419 0.289693 -0.050000
v -4.187494 0.289693 -0.050000
v -4.187494 1.584913 -0.050000
v -3.964419 1.584913 -0.050000
v -3.735778 1.584913 -0.050000
v -3.507136 1.584913 -0.050000
v -3.278495 1.584913 -0.050000
v -3.049854 1.584913 -0.050000
v -2.821213 1.584913 -0.050000
v -2.592571 1.584913 -0.050000
v -2.363930 1.584913 -0.050000
v -2.135289 1.584913 -0.050000
v -1.906648 1.584913 -0.050000
v -1.678007 1.584913 -0.050000
v -1.449365 1.584913 -0.050000
v -1.220724 1.584913 -0.050000
v -0.992083 1.584913 -0.050000
v -0.763441 1.584913 -0.050000
v -0.534800 1.584913 -0.050000
v -0.306159 1.584913 -0.050000
v -0.077518 1.584913 -0.050000
v 0.143087 1.584913 -0.050000
v -4.187495 0.289693 0.050000
v -3.964419 0.289693 0.050000
v -3.735778 0.289693 0.050000
v -3.507137 0.289693 0.050000
v -3.278495 0.289693 0.050000
v -3.049854 0.289693 0.050000
v -2.821213 0.289693 0.050000
v -2.592571 0.289693 0.050000
v -2.363930 0.289693 0.050000
v -2.135289 0.289693 0.050000
v -1.906648 0.289693 0.050000
v -1.678007 0.289693 0.050000
v -1.449365 0.289693 0.050000
v -1.220724 0.289693 0.050000
v -0.992083 0.289693 0.050000
v -0.763442 0.289693 0.050000
v -0.534800 0.289693 0.050000
v -0.306159 0.289693 0.050000
v -0.077518 0.289693 0.050000
v 0.143087 0.289693 0.050000
v 0.143087 1.584913 0.050000
v -0.077518 1.584913 0.050000
v -0.306159 1.584913 0.050000
v -0.534800 1.584913 0.050000
v -0.763441 1.584913 0.050000
v -0.992083 1.584913 0.050000
v -1.220724 1.584913 0.050000
v -1.449365 1.584913 0.050000
v -1.678006 1.584913 0.050000
v -1.906648 1.584913 0.050000
v -2.135289 1.584913 0.050000
v -2.363930 1.584913 0.050000
v -2.592571 1.584913 0.050000
v -2.821212 1.584913 0.050000
v -3.049854 1.584913 0.050000
v -3.278495 1.584913 0.050000
v -3.507136 1.584913 0.050000
v -3.735778 1.584913 0.050000
v -3.964419 1.584913 0.050000
v -4.187494 1.584913 0.050000
v -4.416136 1.501261 0.050000
v -4.416136 1.501261 -0.050000
v 0.371728 1.501261 -0.050000
v 0.371728 1.501261 0.050000
v 0.145337 1.498734 0.069975
v -0.077518 1.498734 0.069975
v -0.306159 1.498734 0.069975
v -0.534800 1.498734 0.064368
v -0.763442 1.498734 0.065489
v -0.992083 1.498734 0.071096
v -1.220724 1.498734 0.069975
v -1.449365 1.498734 0.069975
v -1.678006 1.498734 0.069975
v -1.906648 1.498734 0.069975
v -2.135289 1.498734 0.069975
v -2.363930 1.498734 0.069975
v -2.592572 1.498734 0.069975
v -2.821213 1.498734 0.069975
v -3.049854 1.498734 0.069975
v -3.278495 1.498734 0.069975
v -3.507137 1.498734 0.069975
v -3.735778 1.498734 0.069975
v -3.964419 1.498734 0.069975
v -4.189053 1.498734 0.069975
v -4.187494 1.501261 -0.075000
v -3.964419 1.501261 -0.075000
v -3.735778 1.501261 -0.075000
v -3.507136 1.501261 -0.075000
v -3.278496 1.501261 -0.075000
v -3.049854 1.501261 -0.075000
v -2.821213 1.501261 -0.075000
v -2.592571 1.501261 -0.075000
v -2.363930 1.501261 -0.075000
v -2.135289 1.501261 -0.075000
v -1.906648 1.501261 -0.075000
v -1.678007 1.501261 -0.075000
v -1.449365 1.501261 -0.075000
v -1.220724 1.501261 -0.075000
v -0.992083 1.501261 -0.075000
v -0.763442 1.501261 -0.075000
v -0.534800 1.501261 -0.075000
v -0.306159 1.501261 -0.075000
v -0.077518 1.501261 -0.075000
v 0.143087 1.501261 -0.075000
v -4.416136 0.347573 -0.050000
v 0.371728 0.347573 -0.050000
v 0.371728 0.347573 0.050000
v 0.145337 0.348824 0.069975
v -0.077518 0.348824 0.069975
v -0.306159 0.348824 0.069975
v -0.534800 0.348824 0.064368
v -0.763442 0.348824 0.065489
v -0.992083 0.348824 0.071096
v -1.220724 0.348824 0.069975
v -1.449365 0.348824 0.069975
v -1.678006 0.348824 0.069975
v -1.906648 0.348824 0.069975
v -2.135289 0.348824 0.069975
v -2.363931 0.348824 0.069975
v -2.592571 0.348824 0.069975
v -2.821213 0.348824 0.069975
v -3.049854 0.348824 0.069975
v -3.278495 0.348824 0.069975
v -3.507137 0.348824 0.069975
v -3.735778 0.348824 0.069975
v -3.964419 0.348824 0.069975
v -4.189053 0.348824 0.069975
v -4.187494 0.347573 -0.075000
v -3.964419 0.347573 -0.075000
v -3.735778 0.347573 -0.075000
v -3.507136 0.347573 -0.075000
v -3.278496 0.347573 -0.075000
v -3.049854 0.347573 -0.075000
v -2.821212 0.347573 -0.075000
v -2.592571 0.347573 -0.075000
v -2.363930 0.347573 -0.075000
v -2.135289 0.347573 -0.075000
v -1.906648 0.347573 -0.075000
v -1.678007 0.347573 -0.075000
v -1.449365 0.347573 -0.075000
v -1.220724 0.347573 -0.075000
v -0.992083 0.347573 -0.075000
v -0.763441 0.347573 -0.075000
v -0.534800 0.347573 -0.075000
v -0.306159 0.347573 -0.075000
v -0.077518 0.347573 -0.075000
v 0.143087 0.347573 -0.075000
v -4.416136 0.347573 0.050000
v -4.021579 1.486660 0.038921
v -4.135900 1.486660 0.038921
v -3.564297 1.486660 0.038921
v -3.678617 1.486660 0.038921
v -3.107014 1.486660 0.038921
v -3.221335 1.486660 0.038921
v -2.649732 1.486660 0.038921
v -2.764053 1.486660 0.038921
v -2.192449 1.486660 0.038921
v -2.306770 1.486660 0.038921
v -1.735167 1.486660 0.038921
v -1.849488 1.486660 0.038921
v -1.277884 1.486660 0.038921
v -1.392205 1.486660 0.038921
v -0.820602 1.486660 0.048266
v -0.934922 1.486660 0.050603
v -0.363319 1.486660 0.038921
v -0.477640 1.486660 0.036584
v 0.093963 1.486660 0.038921
v -0.020357 1.486660 0.038921
v 0.093963 0.357017 0.038921
v -0.020357 0.357017 0.038921
v -0.363319 0.357017 0.038921
v -0.477640 0.357017 0.036584
v -0.820602 0.357017 0.048266
v -0.934922 0.357017 0.050603
v -1.277884 0.357017 0.038921
v -1.392205 0.357017 0.038921
v -1.735167 0.357017 0.038921
v -1.849487 0.357017 0.038921
v -2.192450 0.357017 0.038921
v -2.306770 0.357017 0.038921
v -2.649732 0.357017 0.038921
v -2.764053 0.357017 0.038921
v -3.107014 0.357017 0.038921
v -3.221335 0.357017 0.038921
v -3.564297 0.357017 0.038921
v -3.678617 0.357017 0.038921
v -4.021579 0.357017 0.038921
v -4.135900 0.357017 0.038921
v -4.416136 1.290648 0.050000
v -4.416136 1.290648 -0.050000
v 0.371728 1.290648 -0.050000
v 0.371728 1.290648 0.050000
v 0.181193 1.290648 0.061790
v -0.115625 1.290648 0.061790
v -0.268052 1.290648 0.061790
v -0.572907 1.290648 0.022851
v -0.725334 1.290648 0.030639
v -1.030190 1.290648 0.069578
v -1.182617 1.290648 0.061790
v -1.487472 1.290648 0.061790
v -1.639900 1.290648 0.061790
v -1.944755 1.290648 0.061790
v -2.097182 1.290648 0.061790
v -2.402037 1.290648 0.061790
v -2.554464 1.290648 0.061790
v -2.859320 1.290648 0.061790
v -3.011747 1.290648 0.061790
v -3.316602 1.290648 0.061790
v -3.469030 1.290648 0.061790
v -3.773885 1.290648 0.061790
v -3.926312 1.290648 0.061790
v -4.225601 1.290648 0.061790
v -4.187494 1.290648 -0.075000
v -3.964419 1.290648 -0.075000
v -3.735778 1.290648 -0.075000
v -3.507136 1.290648 -0.075000
v -3.278496 1.290648 -0.075000
v -3.049854 1.290648 -0.075000
v -2.821213 1.290648 -0.075000
v -2.592571 1.290648 -0.075000
v -2.363930 1.290648 -0.075000
v -2.135289 1.290648 -0.075000
v -1.906648 1.290648 -0.075000
v -1.678007 1.290648 -0.075000
v -1.449365 1.290648 -0.075000
v -1.220724 1.290648 -0.075000
v -0.992083 1.290648 -0.075000
v -0.763442 1.290648 -0.075000
v -0.534800 1.290648 -0.075000
v -0.306159 1.290648 -0.075000
v -0.077518 1.290648 -0.075000
v 0.143087 1.290648 -0.075000
v 0.113017 1.290648 0.008952
v -0.039411 1.290648 0.008952
v -0.344266 1.290648 0.008952
v -0.496693 1.290648 0.001164
v -0.801548 1.290648 0.040104
v -0.953976 1.290648 0.047892
v -1.258831 1.290648 0.008952
v -1.411258 1.290648 0.008952
v -1.716113 1.290648 0.008952
v -1.868541 1.290648 0.008952
v -2.173396 1.290648 0.008952
v -2.325823 1.290648 0.008952
v -2.630678 1.290648 0.008952
v -2.783106 1.290648 0.008952
v -3.087961 1.290648 0.008952
v -3.240388 1.290648 0.008952
v -3.545243 1.290648 0.008952
v -3.697672 1.290648 0.008952
v -4.002526 1.290648 0.008952
v -4.154953 1.290648 0.008952
v -4.416136 0.551622 -0.050000
v 0.371728 0.551622 -0.050000
v 0.371728 0.551622 0.050000
v 0.181193 0.551622 0.061790
v -0.115625 0.551622 0.061790
v -0.268052 0.551622 0.061790
v -0.572907 0.551622 0.022851
v -0.725335 0.551622 0.030639
v -1.030190 0.551622 0.069578
v -1.182617 0.551622 0.061790
v -1.487472 0.551622 0.061790
v -1.639900 0.551622 0.061790
v -1.944755 0.551622 0.061790
v -2.097182 0.551622 0.061790
v -2.402037 0.551622 0.061790
v -2.554464 0.551622 0.061790
v -2.859320 0.551622 0.061790
v -3.011747 0.551622 0.061790
v -3.316602 0.551622 0.061790
v -3.469030 0.551622 0.061790
v -3.773885 0.551622 0.061790
v -3.926312 0.551622 0.061790
v -4.225601 0.551622 0.061790
v -4.187494 0.551622 -0.075000
v -3.964419 0.551622 -0.075000
v -3.735778 0.551622 -0.075000
v -3.507136 0.551622 -0.075000
v -3.278496 0.551622 -0.075000
v -3.049854 0.551622 -0.075000
v -2.821212 0.551622 -0.075000
v -2.592571 0.551622 -0.075000
v -2.363930 0.551622 -0.075000
v -2.135289 0.551622 -0.075000
v -1.906648 0.551622 -0.075000
v -1.678007 0.551622 -0.075000
v -1.449365 0.551622 -0.075000
v -1.220724 0.551622 -0.075000
v -0.992083 0.551622 -0.075000
v -0.763441 0.551622 -0.075000
v -0.534800 0.551622 -0.075000
v -0.306159 0.551622 -0.075000
v -0.077518 0.551622 -0.075000
v 0.143087 0.551622 -0.075000
v 0.113017 0.551622 0.008952
v -0.039411 0.551622 0.008952
v -0.344266 0.551622 0.008952
v -0.496693 0.551622 0.001164
v -0.801548 0.551622 0.040104
v -0.953976 0.551622 0.047892
v -1.258831 0.551622 0.008952
v -1.411258 0.551622 0.008952
v -1.716113 0.551622 0.008952
v -1.868541 0.551622 0.008952
v -2.173396 0.551622 0.008952
v -2.325824 0.551622 0.008952
v -2.630678 0.551622 0.008952
v -2.783106 0.551622 0.008952
v -3.087961 0.551622 0.008952
v -3.240388 0.551622 0.008952
v -3.545243 0.551622 0.008952
v -3.697671 0.551622 0.008952
v -4.002526 0.551622 0.008952
v -4.154954 0.551622 0.008952
v -4.416136 0.551622 0.050000
v 0.309510 1.584913 -0.050000
v 0.309510 0.289693 0.050000
v 0.309510 0.289693 -0.050000
v 0.309510 1.584913 0.050000
v 0.309510 1.501261 0.075000
v 0.309510 1.501261 -0.075000
v 0.309510 0.347573 -0.075000
v 0.309510 0.347573 0.075000
v 0.309510 1.290648 -0.075000
v 0.309510 1.290648 0.075000
v 0.309510 0.551622 0.075000
v 0.309510 0.551622 -0.075000
v -4.361330 0.289693 -0.050000
v -4.361330 1.584913 0.050000
v -4.361330 1.584913 -0.050000
v -4.361330 0.289693 0.050000
v -4.361330 1.501261 -0.075000
v -4.361330 1.501261 0.075000
v -4.361330 0.347573 0.075000
v -4.361330 0.347573 -0.075000
v -4.361330 1.290648 0.075000
v -4.361330 1.290648 -0.075000
v -4.361330 0.551622 -0.075000
v -4.361330 0.551622 0.075000
v -4.416136 0.309988 -0.050000
v 0.371728 0.309988 -0.050000
v 0.371728 0.309988 0.050000
v 0.143087 0.309988 0.075000
v -0.077518 0.309988 0.075000
v -0.306159 0.309988 0.075000
v -0.534800 0.309988 0.075000
v -0.763442 0.309988 0.075000
v -0.992083 0.309988 0.075000
v -1.220724 0.309988 0.075000
v -1.449365 0.309988 0.075000
v -1.678006 0.309988 0.075000
v -1.906648 0.309988 0.075000
v -2.135289 0.309988 0.075000
v -2.363930 0.309988 0.075000
v -2.592571 0.309988 0.075000
v -2.821213 0.309988 0.075000
v -3.049854 0.309988 0.075000
v -3.278496 0.309988 0.075000
v -3.507137 0.309988 0.075000
v -3.735778 0.309988 0.075000
v -3.964420 0.309988 0.075000
v -4.187494 0.309988 0.075000
v -4.187494 0.309988 -0.075000
v -3.964419 0.309988 -0.075000
v -3.735778 0.309988 -0.075000
v -3.507136 0.309988 -0.075000
v -3.278496 0.309988 -0.075000
v -3.049854 0.309988 -0.075000
v -2.821212 0.309988 -0.075000
v -2.592571 0.309988 -0.075000
v -2.363930 0.309988 -0.075000
v -2.135289 0.309988 -0.075000
v -1.906648 0.309988 -0.075000
v -1.678007 0.309988 -0.075000
v -1.449365 0.309988 -0.075000
v -1.220724 0.309988 -0.075000
v -0.992083 0.309988 -0.075000
v -0.763441 0.309988 -0.075000
v -0.534800 0.309988 -0.075000
v -0.306159 0.309988 -0.075000
v -0.077518 0.309988 -0.075000
v 0.143087 0.309988 -0.075000
v -4.416136 0.309988 0.050000
v 0.309510 0.309988 0.075000
v 0.309510 0.309988 -0.075000
v -4.361330 0.309988 -0.075000
v -4.361330 0.309988 0.075000
v -4.416136 1.559192 0.050000
v -4.416136 1.559192 -0.050000
v 0.371728 1.559192 -0.050000
v 0.371728 1.559192 0.050000
v 0.143087 1.559192 0.075000
v -0.077518 1.559192 0.075000
v -0.306159 1.559192 0.075000
v -0.534800 1.559192 0.075000
v -0.763441 1.559192 0.075000
v -0.992083 1.559192 0.075000
v -1.220724 1.559192 0.075000
v -1.449365 1.559192 0.075000
v -1.678006 1.559192 0.075000
v -1.906648 1.559192 0.075000
v -2.135289 1.559192 0.075000
v -2.363930 1.559192 0.075000
v -2.592571 1.559192 0.075000
v -2.821212 1.559192 0.075000
v -3.049854 1.559192 0.075000
v -3.278496 1.559192 0.075000
v -3.507136 1.559192 0.075000
v -3.735778 1.559192 0.075000
v -3.964419 1.559192 0.075000
v -4.187494 1.559192 0.075000
v -4.187494 1.559192 -0.075000
v -3.964419 1.559192 -0.075000
v -3.735778 1.559192 -0.075000
v -3.507137 1.559192 -0.075000
v -3.278495 1.559192 -0.075000
v -3.049854 1.559192 -0.075000
v -2.821213 1.559192 -0.075000
v -2.592571 1.559192 -0.075000
v -2.363930 1.559192 -0.075000
v -2.135289 1.559192 -0.075000
v -1.906648 1.559192 -0.075000
v -1.678007 1.559192 -0.075000
v -1.449365 1.559192 -0.075000
v -1.220724 1.559192 -0.075000
v -0.992083 1.559192 -0.075000
v -0.763442 1.559192 -0.075000
v -0.534800 1.559192 -0.075000
v -0.306159 1.559192 -0.075000
v -0.077518 1.559192 -0.075000
v 0.143087 1.559192 -0.075000
v 0.309510 1.559192 0.075000
v 0.309510 1.559192 -0.075000
v -4.361330 1.559192 -0.075000
v -4.361330 1.559192 0.075000
v -4.414570 0.290572 -0.022249
v -4.415183 0.290228 0.000000
v -4.414570 0.290572 0.022249
v -4.416075 1.569473 0.049732
v -4.415658 1.576621 0.047859
v -4.414630 1.581086 0.043238
v -4.414570 1.584001 0.022249
v -4.415182 1.584358 -0.000000
v -4.414570 1.584001 -0.022249
v -4.416076 0.302678 -0.049732
v -4.415659 0.297123 -0.047859
v -4.414630 0.293311 -0.043238
v -4.385142 0.289726 -0.049732
v -4.400575 0.289961 -0.047859
v -4.409404 0.290539 -0.043238
v 0.334112 1.584879 -0.049732
v 0.351374 1.584635 -0.047859
v 0.362271 1.584036 -0.043238
v 0.371642 0.302678 -0.049732
v 0.371039 0.297123 -0.047859
v 0.369554 0.293311 -0.043238
v 0.369468 0.290572 0.022249
v 0.370351 0.290228 0.000000
v 0.369468 0.290572 -0.022249
v 0.369468 1.584001 -0.022249
v 0.370351 1.584358 0.000000
v 0.369468 1.584001 0.022249
v 0.371642 0.302678 0.049732
v 0.371039 0.297123 0.047859
v 0.369554 0.293311 0.043238
v 0.334112 0.289726 0.049732
v 0.351374 0.289961 0.047859
v 0.362271 0.290539 0.043238
v -4.385142 1.584879 0.049732
v -4.400575 1.584635 0.047859
v -4.409403 1.584036 0.043238
v 0.277017 0.289693 -0.050000
v 0.237574 0.289693 -0.050000
v 0.192493 0.289693 -0.050000
v 0.090573 0.289693 -0.050000
v 0.035798 0.289693 -0.050000
v -0.020483 0.289693 -0.050000
v -0.134678 0.289693 -0.050000
v -0.191838 0.289693 -0.050000
v -0.248999 0.289693 -0.050000
v -0.363319 0.289693 -0.050000
v -0.420480 0.289693 -0.050000
v -0.477640 0.289693 -0.050000
v -0.591960 0.289693 -0.050000
v -0.649121 0.289693 -0.050000
v -0.706281 0.289693 -0.050000
v -0.820602 0.289693 -0.050000
v -0.877762 0.289693 -0.050000
v -0.934922 0.289693 -0.050000
v -1.049243 0.289693 -0.050000
v -1.106403 0.289693 -0.050000
v -1.163564 0.289693 -0.050000
v -1.277884 0.289693 -0.050000
v -1.335045 0.289693 -0.050000
v -1.392205 0.289693 -0.050000
v -1.506526 0.289693 -0.050000
v -1.563686 0.289693 -0.050000
v -1.620846 0.289693 -0.050000
v -1.735167 0.289693 -0.050000
v -1.792327 0.289693 -0.050000
v -1.849487 0.289693 -0.050000
v -1.963808 0.289693 -0.050000
v -2.020968 0.289693 -0.050000
v -2.078129 0.289693 -0.050000
v -2.192449 0.289693 -0.050000
v -2.249609 0.289693 -0.050000
v -2.306770 0.289693 -0.050000
v -2.421091 0.289693 -0.050000
v -2.478251 0.289693 -0.050000
v -2.535411 0.289693 -0.050000
v -2.649732 0.289693 -0.050000
v -2.706892 0.289693 -0.050000
v -2.764052 0.289693 -0.050000
v -2.878373 0.289693 -0.050000
v -2.935534 0.289693 -0.050000
v -2.992693 0.289693 -0.050000
v -3.107014 0.289693 -0.050000
v -3.164175 0.289693 -0.050000
v -3.221334 0.289693 -0.050000
v -3.335655 0.289693 -0.050000
v -3.392816 0.289693 -0.050000
v -3.449976 0.289693 -0.050000
v -3.564297 0.289693 -0.050000
v -3.621457 0.289693 -0.050000
v -3.678617 0.289693 -0.050000
v -3.792938 0.289693 -0.050000
v -3.850098 0.289693 -0.050000
v -3.907259 0.289693 -0.050000
v -4.021492 0.289693 -0.050000
v -4.078043 0.289693 -0.050000
v -4.133551 0.289693 -0.050000
v -4.328026 1.584913 -0.050000
v -4.286614 1.584913 -0.050000
v -4.239101 1.584913 -0.050000
v -4.133552 1.584913 -0.050000
v -4.078044 1.584913 -0.050000
v -4.021492 1.584913 -0.050000
v -3.907259 1.584913 -0.050000
v -3.850099 1.584913 -0.050000
v -3.792938 1.584913 -0.050000
v -3.678617 1.584913 -0.050000
v -3.621457 1.584913 -0.050000
v -3.564296 1.584913 -0.050000
v -3.449976 1.584913 -0.050000
v -3.392816 1.584913 -0.050000
v -3.335656 1.584913 -0.050000
v -3.221335 1.584913 -0.050000
v -3.164175 1.584913 -0.050000
v -3.107014 1.584913 -0.050000
v -2.992694 1.584913 -0.050000
v -2.935534 1.584913 -0.050000
v -2.878373 1.584913 -0.050000
v -2.764053 1.584913 -0.050000
v -2.706892 1.584913 -0.050000
v -2.649732 1.584913 -0.050000
v -2.535411 1.584913 -0.050000
v -2.478251 1.584913 -0.050000
v -2.421091 1.584913 -0.050000
v -2.306770 1.584913 -0.050000
v -2.249610 1.584913 -0.050000
v -2.192449 1.584913 -0.050000
v -2.078129 1.584913 -0.050000
v -2.020968 1.584913 -0.050000
v -1.963808 1.584913 -0.050000
v -1.849487 1.584913 -0.050000
v -1.792327 1.584913 -0.050000
v -1.735167 1.584913 -0.050000
v -1.620846 1.584913 -0.050000
v -1.563686 1.584913 -0.050000
v -1.506526 1.584913 -0.050000
v -1.392205 1.584913 -0.050000
v -1.335045 1.584913 -0.050000
v -1.277884 1.584913 -0.050000
v -1.163564 1.584913 -0.050000
v -1.106403 1.584913 -0.050000
v -1.049243 1.584913 -0.050000
v -0.934922 1.584913 -0.050000
v -0.877762 1.584913 -0.050000
v -0.820602 1.584913 -0.050000
v -0.706281 1.584913 -0.050000
v -0.649121 1.584913 -0.050000
v -0.591961 1.584913 -0.050000
v -0.477640 1.584913 -0.050000
v -0.420480 1.584913 -0.050000
v -0.363319 1.584913 -0.050000
v -0.248999 1.584913 -0.050000
v -0.191838 1.584913 -0.050000
v -0.134678 1.584913 -0.050000
v -0.020483 1.584913 -0.050000
v 0.035798 1.584913 -0.050000
v 0.090573 1.584913 -0.050000
v -4.328026 0.289693 0.050000
v -4.286615 0.289693 0.050000
v -4.239102 0.289693 0.050000
v -4.133551 0.289693 0.050000
v -4.078043 0.289693 0.050000
v -4.021492 0.289693 0.050000
v -3.907259 0.289693 0.050000
v -3.850098 0.289693 0.050000
v -3.792938 0.289693 0.050000
v -3.678617 0.289693 0.050000
v -3.621457 0.289693 0.050000
v -3.564297 0.289693 0.050000
v -3.449976 0.289693 0.050000
v -3.392816 0.289693 0.050000
v -3.335656 0.289693 0.050000
v -3.221335 0.289693 0.050000
v -3.164175 0.289693 0.050000
v -3.107014 0.289693 0.050000
v -2.992693 0.289693 0.050000
v -2.935534 0.289693 0.050000
v -2.878373 0.289693 0.050000
v -2.764053 0.289693 0.050000
v -2.706892 0.289693 0.050000
v -2.649732 0.289693 0.050000
v -2.535411 0.289693 0.050000
v -2.478251 0.289693 0.050000
v -2.421091 0.289693 0.050000
v -2.306770 0.289693 0.050000
v -2.249610 0.289693 0.050000
v -2.192449 0.289693 0.050000
v -2.078129 0.289693 0.050000
v -2.020968 0.289693 0.050000
v -1.963808 0.289693 0.050000
v -1.849487 0.289693 0.050000
v -1.792327 0.289693 0.050000
v -1.735167 0.289693 0.050000
v -1.620846 0.289693 0.050000
v -1.563686 0.289693 0.050000
v -1.506526 0.289693 0.050000
v -1.392205 0.289693 0.050000
v -1.335045 0.289693 0.050000
v -1.277884 0.289693 0.050000
v -1.163564 0.289693 0.050000
v -1.106403 0.289693 0.050000
v -1.049243 0.289693 0.050000
v -0.934922 0.289693 0.050000
v -0.877762 0.289693 0.050000
v -0.820602 0.289693 0.050000
v -0.706281 0.289693 0.050000
v -0.649121 0.289693 0.050000
v -0.591961 0.289693 0.050000
v -0.477640 0.289693 0.050000
v -0.420480 0.289693 0.050000
v -0.363319 0.289693 0.050000
v -0.248999 0.289693 0.050000
v -0.191838 0.289693 0.050000
v -0.134678 0.289693 0.050000
v -0.020483 0.289693 0.050000
v 0.035798 0.289693 0.050000
v 0.090573 0.289693 0.050000
v 0.277017 1.584913 0.050000
v 0.237574 1.584914 0.050000
v 0.192493 1.584913 0.050000
v 0.090573 1.584913 0.050000
v 0.035798 1.584914 0.050000
v -0.020483 1.584913 0.050000
v -0.134678 1.584913 0.050000
v -0.191838 1.584914 0.050000
v -0.248999 1.584913 0.050000
v -0.363319 1.584913 0.050000
v -0.420480 1.584914 0.050000
v -0.477640 1.584913 0.050000
v -0.591960 1.584913 0.050000
v -0.649121 1.584914 0.050000
v -0.706281 1.584913 0.050000
v -0.820602 1.584913 0.050000
v -0.877762 1.584914 0.050000
v -0.934922 1.584913 0.050000
v -1.049243 1.584913 0.050000
v -1.106403 1.584914 0.050000
v -1.163564 1.584913 0.050000
v -1.277884 1.584913 0.050000
v -1.335045 1.584914 0.050000
v -1.392205 1.584913 0.050000
v -1.506526 1.584913 0.050000
v -1.563686 1.584914 0.050000
v -1.620846 1.584913 0.050000
v -1.735167 1.584913 0.050000
v -1.792327 1.584914 0.050000
v -1.849487 1.584913 0.050000
v -1.963808 1.584913 0.050000
v -2.020968 1.584914 0.050000
v -2.078128 1.584913 0.050000
v -2.192449 1.584913 0.050000
v -2.249610 1.584914 0.050000
v -2.306770 1.584913 0.050000
v -2.421090 1.584913 0.050000
v -2.478251 1.584914 0.050000
v -2.535411 1.584913 0.050000
v -2.649732 1.584913 0.050000
v -2.706892 1.584914 0.050000
v -2.764052 1.584913 0.050000
v -2.878373 1.584913 0.050000
v -2.935534 1.584914 0.050000
v -2.992694 1.584913 0.050000
v -3.107014 1.584913 0.050000
v -3.164175 1.584914 0.050000
v -3.221335 1.584913 0.050000
v -3.335656 1.584913 0.050000
v -3.392816 1.584914 0.050000
v -3.449976 1.584913 0.050000
v -3.564297 1.584913 0.050000
v -3.621457 1.584914 0.050000
v -3.678617 1.584913 0.050000
v -3.792938 1.584913 0.050000
v -3.850098 1.584914 0.050000
v -3.907259 1.584913 0.050000
v -4.021492 1.584913 0.050000
v -4.078043 1.584914 0.050000
v -4.133552 1.584913 0.050000
v 0.143087 1.586739 -0.027344
v 0.143087 1.587347 0.000000
v 0.143087 1.586739 0.027344
v -0.077518 1.586739 -0.027344
v -0.077518 1.587347 0.000000
v -0.077518 1.586739 0.027344
v -0.306159 1.586739 -0.027344
v -0.306159 1.587347 0.000000
v -0.306159 1.586739 0.027344
v -0.534800 1.586739 -0.027344
v -0.534800 1.587347 0.000000
v -0.534800 1.586739 0.027344
v -0.763442 1.586739 -0.027344
v -0.763441 1.587347 0.000000
v -0.763441 1.586739 0.027344
v -0.992083 1.586739 -0.027344
v -0.992083 1.587347 0.000000
v -0.992083 1.586739 0.027344
v -1.220724 1.586739 -0.027344
v -1.220724 1.587347 0.000000
v -1.220724 1.586739 0.027344
v -1.449365 1.586739 -0.027344
v -1.449365 1.587347 0.000000
v -1.449365 1.586739 0.027344
v -1.678007 1.586739 -0.027344
v -1.678007 1.587347 0.000000
v -1.678006 1.586739 0.027344
v -1.906648 1.586739 -0.027344
v -1.906648 1.587347 0.000000
v -1.906648 1.586739 0.027344
v -2.135289 1.586739 -0.027344
v -2.135289 1.587347 0.000000
v -2.135289 1.586739 0.027344
v -2.363930 1.586739 -0.027344
v -2.363930 1.587347 0.000000
v -2.363930 1.586739 0.027344
v -2.592572 1.586739 -0.027344
v -2.592571 1.587347 0.000000
v -2.592572 1.586739 0.027344
v -2.821213 1.586739 -0.027344
v -2.821213 1.587347 0.000000
v -2.821213 1.586739 0.027344
v -3.049854 1.586739 -0.027344
v -3.049854 1.587347 0.000000
v -3.049854 1.586739 0.027344
v -3.278496 1.586739 -0.027344
v -3.278495 1.587347 0.000000
v -3.278495 1.586739 0.027344
v -3.507137 1.586739 -0.027344
v -3.507137 1.587347 0.000000
v -3.507136 1.586739 0.027344
v -3.735778 1.586739 -0.027344
v -3.735778 1.587347 0.000000
v -3.735778 1.586739 0.027344
v -3.964419 1.586739 -0.027344
v -3.964419 1.587347 0.000000
v -3.964419 1.586739 0.027344
v -4.187494 1.586739 -0.027344
v -4.187494 1.587347 0.000000
v -4.187494 1.586739 0.027344
v -4.187494 0.287933 -0.027344
v -4.187494 0.287347 0.000000
v -4.187494 0.287933 0.027344
v -3.964419 0.287933 -0.027344
v -3.964419 0.287347 0.000000
v -3.964419 0.287933 0.027344
v -3.735778 0.287933 -0.027344
v -3.735778 0.287347 0.000000
v -3.735778 0.287933 0.027344
v -3.507136 0.287933 -0.027344
v -3.507136 0.287347 0.000000
v -3.507137 0.287933 0.027344
v -3.278495 0.287933 -0.027344
v -3.278496 0.287347 0.000000
v -3.278495 0.287933 0.027344
v -3.049854 0.287933 -0.027344
v -3.049854 0.287347 0.000000
v -3.049854 0.287933 0.027344
v -2.821213 0.287933 -0.027344
v -2.821213 0.287347 0.000000
v -2.821213 0.287933 0.027344
v -2.592571 0.287933 -0.027344
v -2.592571 0.287347 0.000000
v -2.592572 0.287933 0.027344
v -2.363930 0.287933 -0.027344
v -2.363930 0.287347 0.000000
v -2.363930 0.287933 0.027344
v -2.135289 0.287933 -0.027344
v -2.135289 0.287347 0.000000
v -2.135289 0.287933 0.027344
v -1.906648 0.287933 -0.027344
v -1.906648 0.287347 0.000000
v -1.906648 0.287933 0.027344
v -1.678006 0.287933 -0.027344
v -1.678007 0.287347 0.000000
v -1.678006 0.287933 0.027344
v -1.449365 0.287933 -0.027344
v -1.449365 0.287347 0.000000
v -1.449365 0.287933 0.027344
v -1.220724 0.287933 -0.027344
v -1.220724 0.287347 0.000000
v -1.220724 0.287933 0.027344
v -0.992083 0.287933 -0.027344
v -0.992083 0.287347 0.000000
v -0.992083 0.287933 0.027344
v -0.763441 0.287933 -0.027344
v -0.763441 0.287347 0.000000
v -0.763441 0.287933 0.027344
v -0.534800 0.287933 -0.027344
v -0.534800 0.287347 0.000000
v -0.534800 0.287933 0.027344
v -0.306159 0.287933 -0.027344
v -0.306159 0.287347 0.000000
v -0.306159 0.287933 0.027344
v -0.077518 0.287933 -0.027344
v -0.077518 0.287347 0.000000
v -0.077518 0.287933 0.027344
v 0.143087 0.287933 -0.027344
v 0.143087 0.287347 0.000000
v 0.143087 0.287933 0.027344
v 0.143087 0.302653 0.074609
v 0.143087 0.296921 0.071875
v 0.143087 0.292649 0.064453
v -0.077518 0.302653 0.074609
v -0.077518 0.296921 0.071875
v -0.077518 0.292649 0.064453
v -0.306159 0.302653 0.074609
v -0.306159 0.296921 0.071875
v -0.306159 0.292649 0.064453
v -0.534800 0.302653 0.074609
v -0.534800 0.296921 0.071875
v -0.534800 0.292649 0.064453
v -0.763442 0.302653 0.074609
v -0.763442 0.296921 0.071875
v -0.763442 0.292649 0.064453
v -0.992083 0.302653 0.074609
v -0.992083 0.296921 0.071875
v -0.992083 0.292649 0.064453
v -1.220724 0.302653 0.074609
v -1.220724 0.296921 0.071875
v -1.220724 0.292649 0.064453
v -1.449365 0.302653 0.074609
v -1.449365 0.296921 0.071875
v -1.449365 0.292649 0.064453
v -1.678006 0.302653 0.074609
v -1.678006 0.296921 0.071875
v -1.678006 0.292649 0.064453
v -1.906648 0.302653 0.074609
v -1.906648 0.296921 0.071875
v -1.906648 0.292649 0.064453
v -2.135289 0.302653 0.074609
v -2.135289 0.296921 0.071875
v -2.135289 0.292649 0.064453
v -2.363930 0.302653 0.074609
v -2.363930 0.296921 0.071875
v -2.363930 0.292649 0.064453
v -2.592571 0.302653 0.074609
v -2.592571 0.296921 0.071875
v -2.592571 0.292649 0.064453
v -2.821213 0.302653 0.074609
v -2.821213 0.296921 0.071875
v -2.821213 0.292649 0.064453
v -3.049855 0.302653 0.074609
v -3.049854 0.296921 0.071875
v -3.049854 0.292649 0.064453
v -3.278496 0.302653 0.074609
v -3.278496 0.296921 0.071875
v -3.278495 0.292649 0.064453
v -3.507137 0.302653 0.074609
v -3.507137 0.296921 0.071875
v -3.507137 0.292649 0.064453
v -3.735778 0.302653 0.074609
v -3.735778 0.296921 0.071875
v -3.735778 0.292649 0.064453
v -3.964419 0.302653 0.074609
v -3.964419 0.296921 0.071875
v -3.964419 0.292649 0.064453
v -4.187495 0.302653 0.074609
v -4.187494 0.296921 0.071875
v -4.187494 0.292649 0.064453
v -4.187494 0.302653 -0.074609
v -4.187494 0.296921 -0.071875
v -4.187494 0.292649 -0.064453
v -3.964419 0.302653 -0.074609
v -3.964419 0.296921 -0.071875
v -3.964419 0.292649 -0.064453
v -3.735778 0.302653 -0.074609
v -3.735778 0.296921 -0.071875
v -3.735778 0.292649 -0.064453
v -3.507137 0.302653 -0.074609
v -3.507137 0.296921 -0.071875
v -3.507136 0.292649 -0.064453
v -3.278496 0.302653 -0.074609
v -3.278495 0.296921 -0.071875
v -3.278496 0.292649 -0.064453
v -3.049854 0.302653 -0.074609
v -3.049854 0.296921 -0.071875
v -3.049854 0.292649 -0.064453
v -2.821213 0.302653 -0.074609
v -2.821213 0.296921 -0.071875
v -2.821213 0.292649 -0.064453
v -2.592571 0.302653 -0.074609
v -2.592571 0.296921 -0.071875
v -2.592571 0.292649 -0.064453
v -2.363930 0.302653 -0.074609
v -2.363930 0.296921 -0.071875
v -2.363930 0.292649 -0.064453
v -2.135289 0.302653 -0.074609
v -2.135289 0.296921 -0.071875
v -2.135289 0.292649 -0.064453
v -1.906648 0.302653 -0.074609
v -1.906648 0.296921 -0.071875
v -1.906648 0.292649 -0.064453
v -1.678007 0.302653 -0.074609
v -1.678006 0.296921 -0.071875
v -1.678006 0.292649 -0.064453
v -1.449365 0.302653 -0.074609
v -1.449365 0.296921 -0.071875
v -1.449365 0.292649 -0.064453
v -1.220724 0.302653 -0.074609
v -1.220724 0.296921 -0.071875
v -1.220724 0.292649 -0.064453
v -0.992083 0.302653 -0.074609
v -0.992083 0.296921 -0.071875
v -0.992083 0.292649 -0.064453
v -0.763442 0.302653 -0.074609
v -0.763441 0.296921 -0.071875
v -0.763441 0.292649 -0.064453
v -0.534800 0.302653 -0.074609
v -0.534800 0.296921 -0.071875
v -0.534800 0.292649 -0.064453
v -0.306159 0.302653 -0.074609
v -0.306159 0.296921 -0.071875
v -0.306159 0.292649 -0.064453
v -0.077518 0.302653 -0.074609
v -0.077518 0.296921 -0.071875
v -0.077518 0.292649 -0.064453
v 0.143087 0.302653 -0.074609
v 0.143087 0.296921 -0.071875
v 0.143087 0.292649 -0.064453
v -4.416135 1.400012 0.050000
v -4.416135 1.459800 0.050000
v -4.416136 1.487666 0.050000
v -4.416136 1.545711 -0.050000
v -4.416136 1.530404 -0.050000
v -4.416135 1.515009 -0.050000
v 0.371728 1.545711 -0.050000
v 0.371728 1.530404 -0.050000
v 0.371728 1.515009 -0.050000
v 0.371728 1.545711 0.050000
v 0.371728 1.530404 0.050000
v 0.371728 1.515009 0.050000
v 0.143117 1.545686 0.074942
v 0.143328 1.530211 0.074536
v 0.143918 1.514314 0.073340
v -0.077518 1.545687 0.074942
v -0.077518 1.530211 0.074536
v -0.077518 1.514314 0.073340
v -0.306159 1.545686 0.074942
v -0.306159 1.530211 0.074536
v -0.306159 1.514314 0.073340
v -0.534800 1.545687 0.074863
v -0.534800 1.530211 0.073905
v -0.534800 1.514314 0.071183
v -0.763441 1.545686 0.074871
v -0.763441 1.530211 0.073967
v -0.763441 1.514314 0.071442
v -0.992083 1.545687 0.074950
v -0.992083 1.530211 0.074598
v -0.992083 1.514314 0.073599
v -1.220724 1.545686 0.074942
v -1.220724 1.530211 0.074536
v -1.220724 1.514314 0.073340
v -1.449365 1.545687 0.074942
v -1.449365 1.530211 0.074536
v -1.449365 1.514314 0.073340
v -1.678006 1.545687 0.074942
v -1.678006 1.530211 0.074536
v -1.678006 1.514314 0.073340
v -1.906648 1.545687 0.074942
v -1.906648 1.530211 0.074536
v -1.906648 1.514314 0.073340
v -2.135289 1.545687 0.074942
v -2.135289 1.530211 0.074536
v -2.135289 1.514314 0.073340
v -2.363930 1.545687 0.074942
v -2.363930 1.530211 0.074536
v -2.363930 1.514314 0.073340
v -2.592571 1.545686 0.074942
v -2.592571 1.530211 0.074536
v -2.592571 1.514314 0.073340
v -2.821213 1.545687 0.074942
v -2.821212 1.530211 0.074536
v -2.821213 1.514314 0.073340
v -3.049855 1.545686 0.074942
v -3.049854 1.530211 0.074536
v -3.049854 1.514314 0.073340
v -3.278495 1.545687 0.074942
v -3.278496 1.530211 0.074536
v -3.278495 1.514314 0.073340
v -3.507137 1.545686 0.074942
v -3.507136 1.530211 0.074536
v -3.507137 1.514314 0.073340
v -3.735778 1.545687 0.074942
v -3.735778 1.530211 0.074536
v -3.735778 1.514314 0.073340
v -3.964419 1.545686 0.074942
v -3.964419 1.530211 0.074536
v -3.964419 1.514314 0.073340
v -4.187515 1.545687 0.074942
v -4.187661 1.530211 0.074536
v -4.188071 1.514314 0.073340
v -4.187494 1.545711 -0.075000
v -4.187494 1.530404 -0.075000
v -4.187494 1.515009 -0.075000
v -3.964419 1.545711 -0.075000
v -3.964419 1.530404 -0.075000
v -3.964419 1.515009 -0.075000
v -3.735778 1.545711 -0.075000
v -3.735778 1.530404 -0.075000
v -3.735778 1.515009 -0.075000
v -3.507137 1.545711 -0.075000
v -3.507137 1.530404 -0.075000
v -3.507137 1.515009 -0.075000
v -3.278495 1.545711 -0.075000
v -3.278496 1.530404 -0.075000
v -3.278495 1.515009 -0.075000
v -3.049854 1.545711 -0.075000
v -3.049854 1.530404 -0.075000
v -3.049854 1.515009 -0.075000
v -2.821213 1.545711 -0.075000
v -2.821213 1.530404 -0.075000
v -2.821213 1.515009 -0.075000
v -2.592571 1.545711 -0.075000
v -2.592571 1.530404 -0.075000
v -2.592572 1.515009 -0.075000
v -2.363930 1.545711 -0.075000
v -2.363930 1.530404 -0.075000
v -2.363930 1.515009 -0.075000
v -2.135289 1.545711 -0.075000
v -2.135289 1.530404 -0.075000
v -2.135289 1.515009 -0.075000
v -1.906648 1.545711 -0.075000
v -1.906648 1.530404 -0.075000
v -1.906648 1.515009 -0.075000
v -1.678006 1.545711 -0.075000
v -1.678007 1.530404 -0.075000
v -1.678007 1.515009 -0.075000
v -1.449365 1.545711 -0.075000
v -1.449365 1.530404 -0.075000
v -1.449365 1.515009 -0.075000
v -1.220724 1.545711 -0.075000
v -1.220724 1.530404 -0.075000
v -1.220724 1.515009 -0.075000
v -0.992083 1.545711 -0.075000
v -0.992083 1.530404 -0.075000
v -0.992083 1.515009 -0.075000
v -0.763442 1.545711 -0.075000
v -0.763442 1.530404 -0.075000
v -0.763442 1.515009 -0.075000
v -0.534800 1.545711 -0.075000
v -0.534800 1.530404 -0.075000
v -0.534800 1.515009 -0.075000
v -0.306159 1.545711 -0.075000
v -0.306159 1.530404 -0.075000
v -0.306159 1.515009 -0.075000
v -0.077518 1.545711 -0.075000
v -0.077518 1.530404 -0.075000
v -0.077518 1.515009 -0.075000
v 0.143087 1.545711 -0.075000
v 0.143087 1.530404 -0.075000
v 0.143087 1.515009 -0.075000
v -0.020483 1.501261 -0.075000
v 0.035798 1.501261 -0.075000
v 0.090573 1.501261 -0.075000
v -0.248999 1.501261 -0.075000
v -0.191838 1.501261 -0.075000
v -0.134678 1.501261 -0.075000
v -0.477640 1.501261 -0.075000
v -0.420480 1.501261 -0.075000
v -0.363319 1.501261 -0.075000
v -0.706281 1.501261 -0.075000
v -0.649121 1.501261 -0.075000
v -0.591961 1.501261 -0.075000
v -0.934922 1.501261 -0.075000
v -0.877762 1.501261 -0.075000
v -0.820602 1.501261 -0.075000
v -1.163564 1.501261 -0.075000
v -1.106403 1.501261 -0.075000
v -1.049243 1.501261 -0.075000
v -1.392205 1.501261 -0.075000
v -1.335045 1.501261 -0.075000
v -1.277884 1.501261 -0.075000
v -1.620846 1.501261 -0.075000
v -1.563686 1.501261 -0.075000
v -1.506526 1.501261 -0.075000
v -1.849488 1.501261 -0.075000
v -1.792327 1.501261 -0.075000
v -1.735167 1.501261 -0.075000
v -2.078129 1.501261 -0.075000
v -2.020968 1.501261 -0.075000
v -1.963808 1.501261 -0.075000
v -2.306770 1.501261 -0.075000
v -2.249610 1.501261 -0.075000
v -2.192450 1.501261 -0.075000
v -2.535411 1.501261 -0.075000
v -2.478251 1.501261 -0.075000
v -2.421091 1.501261 -0.075000
v -2.764052 1.501261 -0.075000
v -2.706892 1.501261 -0.075000
v -2.649732 1.501261 -0.075000
v -2.992694 1.501261 -0.075000
v -2.935534 1.501261 -0.075000
v -2.878373 1.501261 -0.075000
v -3.221335 1.501261 -0.075000
v -3.164175 1.501261 -0.075000
v -3.107014 1.501261 -0.075000
v -3.449976 1.501261 -0.075000
v -3.392817 1.501261 -0.075000
v -3.335655 1.501261 -0.075000
v -3.678617 1.501261 -0.075000
v -3.621458 1.501261 -0.075000
v -3.564297 1.501261 -0.075000
v -3.907259 1.501261 -0.075000
v -3.850098 1.501261 -0.075000
v -3.792938 1.501261 -0.075000
v -4.133552 1.501261 -0.075000
v -4.078043 1.501261 -0.075000
v -4.021492 1.501261 -0.075000
v -4.328027 1.501261 -0.075000
v -4.286615 1.501261 -0.075000
v -4.239102 1.501261 -0.075000
v -4.023761 1.502617 0.069619
v -4.078327 1.503664 0.069584
v -4.132229 1.502617 0.069619
v -3.795171 1.500293 0.073008
v -3.850099 1.500719 0.073877
v -3.905026 1.500293 0.073008
v -3.566530 1.502617 0.069619
v -3.621458 1.503664 0.069584
v -3.676385 1.502617 0.069619
v -3.337888 1.500293 0.073008
v -3.392816 1.500719 0.073877
v -3.447743 1.500293 0.073008
v -3.109247 1.502617 0.069619
v -3.164174 1.503664 0.069584
v -3.219102 1.502617 0.069619
v -2.880606 1.500293 0.073008
v -2.935534 1.500719 0.073877
v -2.990461 1.500293 0.073008
v -2.651965 1.502617 0.069619
v -2.706892 1.503664 0.069584
v -2.761820 1.502617 0.069619
v -2.423323 1.500293 0.073008
v -2.478251 1.500719 0.073877
v -2.533178 1.500293 0.073008
v -2.194682 1.502617 0.069619
v -2.249609 1.503664 0.069584
v -2.304537 1.502617 0.069619
v -1.966041 1.500293 0.073008
v -2.020968 1.500719 0.073877
v -2.075896 1.500293 0.073008
v -1.737400 1.502617 0.069619
v -1.792327 1.503664 0.069584
v -1.847255 1.502617 0.069619
v -1.508758 1.500293 0.073008
v -1.563686 1.500719 0.073877
v -1.618613 1.500293 0.073008
v -1.280117 1.502617 0.069619
v -1.335044 1.503664 0.069584
v -1.389972 1.502617 0.069619
v -1.051476 1.500293 0.073528
v -1.106403 1.500719 0.074036
v -1.161331 1.500293 0.073028
v -0.822835 1.502617 0.068265
v -0.877762 1.503664 0.069370
v -0.932690 1.502617 0.070093
v -0.594193 1.500293 0.065225
v -0.649121 1.500719 0.065571
v -0.704048 1.500293 0.065726
v -0.365552 1.502617 0.069553
v -0.420480 1.503664 0.069051
v -0.475407 1.502617 0.067724
v -0.136911 1.500293 0.073008
v -0.191838 1.500719 0.073877
v -0.246766 1.500293 0.073008
v 0.089653 1.502617 0.069619
v 0.036207 1.503664 0.069584
v -0.018199 1.502617 0.069619
v 0.277147 1.501227 0.074930
v 0.238609 1.500990 0.074438
v 0.195647 1.500327 0.073078
v -4.385187 1.501261 0.074609
v -4.400935 1.501261 0.071875
v -4.410583 1.501261 0.064453
v 0.376249 1.501261 -0.027344
v 0.377756 1.501261 0.000000
v 0.376249 1.501261 0.027344
v 0.334178 1.501261 -0.074609
v 0.351895 1.501261 -0.071875
v 0.363974 1.501261 -0.064453
v -4.419266 1.501261 0.027344
v -4.420310 1.501261 0.000000
v -4.419266 1.501261 -0.027344
v -4.416136 0.442699 -0.050000
v -4.416136 0.383893 -0.050000
v -4.416136 0.357939 -0.050000
v 0.371728 0.442699 -0.050000
v 0.371728 0.383893 -0.050000
v 0.371728 0.357939 -0.050000
v 0.371728 0.442699 0.050000
v 0.371728 0.383893 0.050000
v 0.371728 0.357939 0.050000
v 0.180727 0.442736 0.063227
v 0.177465 0.384189 0.065103
v 0.168231 0.358872 0.067301
v -0.115128 0.442736 0.063227
v -0.111655 0.384189 0.065103
v -0.101831 0.358872 0.067301
v -0.268548 0.442736 0.063227
v -0.272022 0.384189 0.065103
v -0.281846 0.358872 0.067301
v -0.572411 0.442736 0.031375
v -0.568938 0.384189 0.041985
v -0.559113 0.358872 0.053280
v -0.725831 0.442736 0.037747
v -0.729304 0.384189 0.046623
v -0.739129 0.358872 0.056119
v -1.029693 0.442736 0.069599
v -1.026220 0.384189 0.069741
v -1.016396 0.358872 0.070140
v -1.183113 0.442736 0.063227
v -1.186586 0.384189 0.065103
v -1.196411 0.358872 0.067301
v -1.486976 0.442736 0.063227
v -1.483503 0.384189 0.065103
v -1.473678 0.358872 0.067301
v -1.640396 0.442736 0.063227
v -1.643869 0.384189 0.065103
v -1.653694 0.358872 0.067301
v -1.944259 0.442736 0.063227
v -1.940785 0.384189 0.065103
v -1.930961 0.358872 0.067301
v -2.097678 0.442736 0.063227
v -2.101151 0.384189 0.065103
v -2.110976 0.358872 0.067301
v -2.401541 0.442736 0.063227
v -2.398068 0.384189 0.065103
v -2.388243 0.358872 0.067301
v -2.554961 0.442736 0.063227
v -2.558434 0.384189 0.065103
v -2.568259 0.358872 0.067301
v -2.858824 0.442736 0.063227
v -2.855350 0.384189 0.065103
v -2.845526 0.358872 0.067301
v -3.012244 0.442736 0.063227
v -3.015717 0.384189 0.065103
v -3.025541 0.358872 0.067301
v -3.316106 0.442736 0.063227
v -3.312633 0.384189 0.065103
v -3.302808 0.358872 0.067301
v -3.469526 0.442736 0.063227
v -3.472999 0.384189 0.065103
v -3.482824 0.358872 0.067301
v -3.773389 0.442736 0.063227
v -3.769915 0.384189 0.065103
v -3.760091 0.358872 0.067301
v -3.926809 0.442736 0.063227
v -3.930282 0.384189 0.065103
v -3.940106 0.358872 0.067301
v -4.225126 0.442736 0.063227
v -4.221798 0.384189 0.065103
v -4.212383 0.358872 0.067301
v -4.187494 0.442699 -0.075000
v -4.187494 0.383893 -0.075000
v -4.187494 0.357939 -0.075000
v -3.964419 0.442699 -0.075000
v -3.964419 0.383893 -0.075000
v -3.964419 0.357939 -0.075000
v -3.735778 0.442699 -0.075000
v -3.735778 0.383893 -0.075000
v -3.735778 0.357939 -0.075000
v -3.507136 0.442699 -0.075000
v -3.507137 0.383893 -0.075000
v -3.507136 0.357939 -0.075000
v -3.278495 0.442699 -0.075000
v -3.278496 0.383893 -0.075000
v -3.278495 0.357939 -0.075000
v -3.049854 0.442699 -0.075000
v -3.049854 0.383893 -0.075000
v -3.049854 0.357939 -0.075000
v -2.821213 0.442699 -0.075000
v -2.821213 0.383893 -0.075000
v -2.821213 0.357939 -0.075000
v -2.592571 0.442699 -0.075000
v -2.592571 0.383893 -0.075000
v -2.592572 0.357939 -0.075000
v -2.363930 0.442699 -0.075000
v -2.363930 0.383893 -0.075000
v -2.363930 0.357939 -0.075000
v -2.135289 0.442699 -0.075000
v -2.135289 0.383893 -0.075000
v -2.135289 0.357939 -0.075000
v -1.906648 0.442699 -0.075000
v -1.906648 0.383893 -0.075000
v -1.906648 0.357939 -0.075000
v -1.678006 0.442699 -0.075000
v -1.678007 0.383893 -0.075000
v -1.678006 0.357939 -0.075000
v -1.449365 0.442699 -0.075000
v -1.449365 0.383893 -0.075000
v -1.449365 0.357939 -0.075000
v -1.220724 0.442699 -0.075000
v -1.220724 0.383893 -0.075000
v -1.220724 0.357939 -0.075000
v -0.992083 0.442699 -0.075000
v -0.992083 0.383893 -0.075000
v -0.992083 0.357939 -0.075000
v -0.763441 0.442699 -0.075000
v -0.763441 0.383893 -0.075000
v -0.763441 0.357939 -0.075000
v -0.534800 0.442699 -0.075000
v -0.534800 0.383893 -0.075000
v -0.534800 0.357939 -0.075000
v -0.306159 0.442699 -0.075000
v -0.306159 0.383893 -0.075000
v -0.306159 0.357939 -0.075000
v -0.077518 0.442699 -0.075000
v -0.077518 0.383893 -0.075000
v -0.077518 0.357939 -0.075000
v 0.143087 0.442699 -0.075000
v 0.143087 0.383893 -0.075000
v 0.143087 0.357939 -0.075000
v -4.416135 0.318903 0.050000
v -4.416135 0.328709 0.050000
v -4.416136 0.338551 0.050000
v -4.419266 0.347573 0.027344
v -4.420310 0.347573 0.000000
v -4.419266 0.347573 -0.027344
v 0.334178 0.347573 -0.074609
v 0.351895 0.347573 -0.071875
v 0.363974 0.347573 -0.064453
v 0.376249 0.347573 -0.027344
v 0.377756 0.347573 0.000000
v 0.376249 0.347573 0.027344
v -4.385187 0.347573 0.074609
v -4.400935 0.347573 0.071875
v -4.410583 0.347573 0.064453
v 0.277147 0.347590 0.074930
v 0.238609 0.347707 0.074438
v 0.195647 0.348036 0.073078
v 0.089653 0.345980 0.069619
v 0.036207 0.345216 0.069584
v -0.018199 0.345980 0.069619
v -0.136911 0.348052 0.073008
v -0.191838 0.347841 0.073877
v -0.246766 0.348052 0.073008
v -0.365552 0.345980 0.069553
v -0.420480 0.345216 0.069051
v -0.475407 0.345980 0.067724
v -0.594193 0.348052 0.065225
v -0.649121 0.347841 0.065571
v -0.704048 0.348052 0.065726
v -0.822835 0.345980 0.068265
v -0.877762 0.345216 0.069370
v -0.932690 0.345980 0.070093
v -1.051476 0.348052 0.073528
v -1.106403 0.347841 0.074036
v -1.161331 0.348052 0.073028
v -1.280117 0.345980 0.069619
v -1.335045 0.345216 0.069584
v -1.389972 0.345979 0.069619
v -1.508758 0.348052 0.073008
v -1.563686 0.347841 0.073877
v -1.618614 0.348052 0.073008
v -1.737400 0.345980 0.069619
v -1.792327 0.345216 0.069584
v -1.847255 0.345979 0.069619
v -1.966041 0.348052 0.073008
v -2.020968 0.347841 0.073877
v -2.075896 0.348052 0.073008
v -2.194682 0.345980 0.069619
v -2.249610 0.345216 0.069584
v -2.304537 0.345980 0.069619
v -2.423323 0.348052 0.073008
v -2.478251 0.347841 0.073877
v -2.533179 0.348052 0.073008
v -2.651965 0.345980 0.069619
v -2.706892 0.345216 0.069584
v -2.761820 0.345980 0.069619
v -2.880606 0.348052 0.073008
v -2.935534 0.347841 0.073877
v -2.990461 0.348052 0.073008
v -3.109247 0.345980 0.069619
v -3.164174 0.345216 0.069584
v -3.219102 0.345980 0.069619
v -3.337888 0.348052 0.073008
v -3.392816 0.347841 0.073877
v -3.447743 0.348052 0.073008
v -3.566530 0.345980 0.069619
v -3.621457 0.345216 0.069584
v -3.676385 0.345980 0.069619
v -3.795171 0.348052 0.073008
v -3.850098 0.347841 0.073877
v -3.905026 0.348052 0.073008
v -4.023760 0.345980 0.069619
v -4.078327 0.345216 0.069584
v -4.132228 0.345980 0.069619
v -4.328027 0.347573 -0.075000
v -4.286615 0.347573 -0.075000
v -4.239102 0.347573 -0.075000
v -4.133552 0.347573 -0.075000
v -4.078043 0.347573 -0.075000
v -4.021492 0.347573 -0.075000
v -3.907259 0.347573 -0.075000
v -3.850098 0.347573 -0.075000
v -3.792938 0.347573 -0.075000
v -3.678617 0.347573 -0.075000
v -3.621457 0.347573 -0.075000
v -3.564297 0.347573 -0.075000
v -3.449975 0.347573 -0.075000
v -3.392816 0.347573 -0.075000
v -3.335655 0.347573 -0.075000
v -3.221335 0.347573 -0.075000
v -3.164175 0.347573 -0.075000
v -3.107014 0.347573 -0.075000
v -2.992694 0.347573 -0.075000
v -2.935533 0.347573 -0.075000
v -2.878373 0.347573 -0.075000
v -2.764052 0.347573 -0.075000
v -2.706892 0.347573 -0.075000
v -2.649732 0.347573 -0.075000
v -2.535411 0.347573 -0.075000
v -2.478251 0.347573 -0.075000
v -2.421091 0.347573 -0.075000
v -2.306770 0.347573 -0.075000
v -2.249610 0.347573 -0.075000
v -2.192449 0.347573 -0.075000
v -2.078129 0.347573 -0.075000
v -2.020968 0.347573 -0.075000
v -1.963808 0.347573 -0.075000
v -1.849488 0.347573 -0.075000
v -1.792327 0.347573 -0.075000
v -1.735167 0.347573 -0.075000
v -1.620846 0.347573 -0.075000
v -1.563686 0.347573 -0.075000
v -1.506525 0.347573 -0.075000
v -1.392205 0.347573 -0.075000
v -1.335045 0.347573 -0.075000
v -1.277884 0.347573 -0.075000
v -1.163564 0.347573 -0.075000
v -1.106403 0.347573 -0.075000
v -1.049243 0.347573 -0.075000
v -0.934922 0.347573 -0.075000
v -0.877762 0.347573 -0.075000
v -0.820602 0.347573 -0.075000
v -0.706281 0.347573 -0.075000
v -0.649121 0.347573 -0.075000
v -0.591960 0.347573 -0.075000
v -0.477640 0.347573 -0.075000
v -0.420479 0.347573 -0.075000
v -0.363319 0.347573 -0.075000
v -0.248999 0.347573 -0.075000
v -0.191838 0.347573 -0.075000
v -0.134678 0.347573 -0.075000
v -0.020483 0.347573 -0.075000
v 0.035798 0.347573 -0.075000
v 0.090573 0.347573 -0.075000
v -4.044827 1.487474 0.038682
v -4.078740 1.487882 0.038610
v -4.112653 1.487474 0.038682
v -3.587543 1.487474 0.038682
v -3.621458 1.487882 0.038610
v -3.655370 1.487474 0.038682
v -3.130261 1.487474 0.038682
v -3.164174 1.487882 0.038610
v -3.198088 1.487474 0.038682
v -2.672979 1.487474 0.038682
v -2.706892 1.487882 0.038610
v -2.740805 1.487474 0.038682
v -2.215697 1.487474 0.038682
v -2.249609 1.487882 0.038610
v -2.283522 1.487474 0.038682
v -1.758414 1.487474 0.038682
v -1.792327 1.487882 0.038610
v -1.826240 1.487474 0.038682
v -1.301131 1.487474 0.038682
v -1.335044 1.487882 0.038610
v -1.368958 1.487474 0.038682
v -0.843849 1.487474 0.048224
v -0.877762 1.487882 0.048453
v -0.911675 1.487474 0.049371
v -0.386566 1.487474 0.038636
v -0.420480 1.487882 0.038242
v -0.454393 1.487474 0.037489
v 0.070716 1.487474 0.038682
v 0.036803 1.487882 0.038610
v 0.002890 1.487474 0.038682
v 0.112609 0.442848 0.016002
v 0.109753 0.385081 0.024462
v 0.102709 0.361926 0.032807
v -0.039003 0.442848 0.016002
v -0.036147 0.385081 0.024462
v -0.029103 0.361926 0.032807
v -0.344674 0.442848 0.016002
v -0.347530 0.385081 0.024462
v -0.354574 0.361926 0.032807
v -0.496285 0.442848 0.009616
v -0.493430 0.385081 0.019714
v -0.486386 0.361926 0.029563
v -0.801956 0.442848 0.041564
v -0.804812 0.385081 0.043608
v -0.811856 0.361926 0.046115
v -0.953568 0.442848 0.047950
v -0.950712 0.385081 0.048356
v -0.943668 0.361926 0.049359
v -1.259239 0.442848 0.016002
v -1.262095 0.385081 0.024462
v -1.269139 0.361926 0.032807
v -1.410850 0.442848 0.016002
v -1.407995 0.385081 0.024462
v -1.400951 0.361926 0.032807
v -1.716521 0.442848 0.016002
v -1.719377 0.385081 0.024462
v -1.726421 0.361926 0.032807
v -1.868133 0.442848 0.016002
v -1.865277 0.385081 0.024462
v -1.858233 0.361926 0.032807
v -2.173804 0.442848 0.016002
v -2.176660 0.385081 0.024462
v -2.183704 0.361926 0.032807
v -2.325415 0.442848 0.016002
v -2.322560 0.385081 0.024462
v -2.315516 0.361926 0.032807
v -2.631086 0.442848 0.016002
v -2.633942 0.385081 0.024462
v -2.640986 0.361926 0.032807
v -2.782698 0.442848 0.016002
v -2.779843 0.385081 0.024462
v -2.772799 0.361926 0.032807
v -3.088369 0.442848 0.016002
v -3.091225 0.385081 0.024462
v -3.098269 0.361926 0.032807
v -3.239981 0.442848 0.016002
v -3.237125 0.385081 0.024462
v -3.230081 0.361926 0.032807
v -3.545652 0.442848 0.016002
v -3.548507 0.385081 0.024462
v -3.555551 0.361926 0.032807
v -3.697263 0.442848 0.016002
v -3.694407 0.385081 0.024462
v -3.687363 0.361926 0.032807
v -4.002934 0.442848 0.016002
v -4.005790 0.385081 0.024462
v -4.012834 0.361926 0.032807
v -4.154545 0.442848 0.016002
v -4.151689 0.385081 0.024462
v -4.144645 0.361926 0.032807
v 0.070716 0.356291 0.038682
v 0.036803 0.355926 0.038610
v 0.002890 0.356291 0.038682
v -0.386566 0.356291 0.038636
v -0.420480 0.355926 0.038242
v -0.454393 0.356291 0.037489
v -0.843849 0.356291 0.048224
v -0.877762 0.355926 0.048453
v -0.911675 0.356291 0.049371
v -1.301132 0.356291 0.038682
v -1.335045 0.355926 0.038610
v -1.368958 0.356291 0.038682
v -1.758414 0.356291 0.038682
v -1.792327 0.355926 0.038610
v -1.826240 0.356291 0.038682
v -2.215697 0.356291 0.038682
v -2.249610 0.355926 0.038610
v -2.283523 0.356291 0.038682
v -2.672979 0.356291 0.038682
v -2.706892 0.355926 0.038610
v -2.740806 0.356291 0.038682
v -3.130261 0.356291 0.038682
v -3.164175 0.355926 0.038610
v -3.198088 0.356291 0.038682
v -3.587544 0.356291 0.038682
v -3.621457 0.355926 0.038610
v -3.655370 0.356291 0.038682
v -4.044827 0.356291 0.038682
v -4.078740 0.355926 0.038610
v -4.112653 0.356291 0.038682
v -1.424644 0.353038 0.062334
v -1.411964 0.354965 0.053887
v -1.401447 0.356171 0.045349
v -1.401447 1.487646 0.045349
v -1.411964 1.489257 0.053887
v -1.424644 1.492158 0.062334
v -0.330880 0.353038 0.062334
v -0.343560 0.354965 0.053887
v -0.354077 0.356171 0.045349
v -0.486882 0.356171 0.042136
v -0.497399 0.354965 0.049384
v -0.510079 0.353038 0.056785
v -2.339209 1.492158 0.062334
v -2.326529 1.489257 0.053887
v -2.316012 1.487646 0.045349
v -2.183208 1.487646 0.045349
v -2.172690 1.489257 0.053887
v -2.160010 1.492158 0.062334
v -1.702727 1.492158 0.062334
v -1.715408 1.489257 0.053887
v -1.725925 1.487646 0.045349
v -1.725925 0.356171 0.045349
v -1.715408 0.354965 0.053887
v -1.702728 0.353038 0.062334
v -3.531858 0.353038 0.062334
v -3.544538 0.354965 0.053887
v -3.555055 0.356171 0.045349
v -3.687859 0.356171 0.045349
v -3.698377 0.354965 0.053887
v -3.711057 0.353038 0.062334
v -1.881927 0.353038 0.062334
v -1.869247 0.354965 0.053887
v -1.858729 0.356171 0.045349
v -1.858729 1.487646 0.045349
v -1.869246 1.489257 0.053887
v -1.881927 1.492158 0.062334
v -0.788162 0.353038 0.059714
v -0.800843 0.354965 0.054746
v -0.811360 0.356171 0.050762
v -0.944164 0.356171 0.053975
v -0.954682 0.354965 0.059249
v -0.967362 0.353038 0.065263
v -2.183208 0.356171 0.045349
v -2.172690 0.354965 0.053887
v -2.160010 0.353038 0.062334
v -3.989140 0.353038 0.062334
v -4.001821 0.354965 0.053887
v -4.012338 0.356171 0.045349
v -4.145090 0.356171 0.045349
v -4.155246 0.354965 0.053887
v -4.166901 0.353038 0.062334
v -2.339210 0.353038 0.062334
v -2.326529 0.354965 0.053887
v -2.316012 0.356171 0.045349
v -1.245445 0.353038 0.062334
v -1.258125 0.354965 0.053887
v -1.268643 0.356171 0.045349
v -1.268642 1.487646 0.045349
v -1.258125 1.489257 0.053887
v -1.245445 1.492158 0.062334
v -2.617292 1.492158 0.062334
v -2.629973 1.489257 0.053887
v -2.640490 1.487646 0.045349
v -2.640490 0.356171 0.045349
v -2.629973 0.354965 0.053887
v -2.617292 0.353038 0.062334
v -2.796492 0.353038 0.062334
v -2.783812 0.354965 0.053887
v -2.773294 0.356171 0.045349
v -2.773294 1.487646 0.045349
v -2.783812 1.489257 0.053887
v -2.796492 1.492158 0.062334
v -4.166900 1.492158 0.062334
v -4.155246 1.489257 0.053887
v -4.145090 1.487646 0.045349
v -4.012337 1.487646 0.045349
v -4.001821 1.489257 0.053887
v -3.989140 1.492158 0.062334
v 0.124325 1.492158 0.062334
v 0.113126 1.489257 0.053887
v 0.103131 1.487646 0.045349
v 0.103131 0.356171 0.045349
v 0.113126 0.354965 0.053887
v 0.124325 0.353038 0.062334
v -0.967362 1.492158 0.065263
v -0.954682 1.489257 0.059249
v -0.944164 1.487646 0.053975
v -0.811360 1.487646 0.050762
v -0.800843 1.489257 0.054746
v -0.788162 1.492158 0.059714
v -3.074575 1.492158 0.062334
v -3.087255 1.489257 0.053887
v -3.097773 1.487646 0.045349
v -3.097773 0.356171 0.045349
v -3.087255 0.354965 0.053887
v -3.074575 0.353038 0.062334
v -0.052797 0.353038 0.062334
v -0.040117 0.354965 0.053887
v -0.029599 0.356171 0.045349
v -0.029599 1.487646 0.045349
v -0.040116 1.489257 0.053887
v -0.052797 1.492158 0.062334
v -3.253774 0.353038 0.062334
v -3.241094 0.354965 0.053887
v -3.230577 0.356171 0.045349
v -3.230577 1.487646 0.045349
v -3.241094 1.489257 0.053887
v -3.253774 1.492158 0.062334
v -3.711057 1.492158 0.062334
v -3.698377 1.489257 0.053887
v -3.687859 1.487646 0.045349
v -3.555055 1.487646 0.045349
v -3.544538 1.489257 0.053887
v -3.531857 1.492158 0.062334
v -0.330880 1.492158 0.062334
v -0.343560 1.489257 0.053887
v -0.354077 1.487646 0.045349
v -0.510079 1.492158 0.056785
v -0.497399 1.489257 0.049384
v -0.486882 1.487646 0.042136
v -4.416135 0.719439 0.050000
v -4.416135 0.920984 0.050000
v -4.416136 1.122604 0.050000
v -4.416136 1.487666 -0.050000
v -4.416136 1.459800 -0.050000
v -4.416136 1.400012 -0.050000
v 0.371728 1.487666 -0.050000
v 0.371728 1.459800 -0.050000
v 0.371728 1.400012 -0.050000
v 0.371728 1.487666 0.050000
v 0.371728 1.459800 0.050000
v 0.371728 1.400012 0.050000
v 0.168231 1.485963 0.067301
v 0.177465 1.459264 0.065103
v 0.180727 1.399945 0.063227
v -0.101831 1.485964 0.067301
v -0.111655 1.459264 0.065103
v -0.115128 1.399945 0.063227
v -0.281846 1.485963 0.067301
v -0.272022 1.459264 0.065103
v -0.268548 1.399945 0.063227
v -0.559113 1.485964 0.053280
v -0.568937 1.459264 0.041985
v -0.572411 1.399945 0.031375
v -0.739128 1.485963 0.056119
v -0.729304 1.459264 0.046623
v -0.725831 1.399945 0.037747
v -1.016396 1.485964 0.070140
v -1.026220 1.459264 0.069741
v -1.029693 1.399945 0.069599
v -1.196411 1.485963 0.067301
v -1.186586 1.459264 0.065103
v -1.183113 1.399945 0.063227
v -1.473678 1.485964 0.067301
v -1.483503 1.459264 0.065103
v -1.486976 1.399945 0.063227
v -1.653693 1.485963 0.067301
v -1.643869 1.459264 0.065103
v -1.640396 1.399945 0.063227
v -1.930961 1.485964 0.067301
v -1.940785 1.459264 0.065103
v -1.944258 1.399945 0.063227
v -2.110976 1.485963 0.067301
v -2.101152 1.459264 0.065103
v -2.097678 1.399945 0.063227
v -2.388243 1.485964 0.067301
v -2.398067 1.459264 0.065103
v -2.401541 1.399945 0.063227
v -2.568258 1.485963 0.067301
v -2.558434 1.459264 0.065103
v -2.554961 1.399945 0.063227
v -2.845526 1.485964 0.067301
v -2.855350 1.459264 0.065103
v -2.858824 1.399945 0.063227
v -3.025541 1.485963 0.067301
v -3.015717 1.459264 0.065103
v -3.012244 1.399945 0.063227
v -3.302808 1.485964 0.067301
v -3.312633 1.459264 0.065103
v -3.316106 1.399945 0.063227
v -3.482824 1.485963 0.067301
v -3.472999 1.459264 0.065103
v -3.469526 1.399945 0.063227
v -3.760091 1.485964 0.067301
v -3.769915 1.459264 0.065103
v -3.773389 1.399945 0.063227
v -3.940106 1.485963 0.067301
v -3.930281 1.459264 0.065103
v -3.926809 1.399945 0.063227
v -4.212383 1.485963 0.067301
v -4.221798 1.459264 0.065103
v -4.225126 1.399945 0.063227
v -4.187494 1.487666 -0.075000
v -4.187494 1.459800 -0.075000
v -4.187494 1.400012 -0.075000
v -3.964419 1.487666 -0.075000
v -3.964419 1.459800 -0.075000
v -3.964419 1.400012 -0.075000
v -3.735778 1.487666 -0.075000
v -3.735778 1.459800 -0.075000
v -3.735778 1.400012 -0.075000
v -3.507137 1.487666 -0.075000
v -3.507137 1.459800 -0.075000
v -3.507137 1.400012 -0.075000
v -3.278495 1.487666 -0.075000
v -3.278496 1.459800 -0.075000
v -3.278495 1.400012 -0.075000
v -3.049854 1.487666 -0.075000
v -3.049854 1.459800 -0.075000
v -3.049854 1.400012 -0.075000
v -2.821213 1.487666 -0.075000
v -2.821213 1.459800 -0.075000
v -2.821213 1.400012 -0.075000
v -2.592571 1.487666 -0.075000
v -2.592571 1.459800 -0.075000
v -2.592572 1.400012 -0.075000
v -2.363930 1.487666 -0.075000
v -2.363930 1.459800 -0.075000
v -2.363930 1.400012 -0.075000
v -2.135289 1.487666 -0.075000
v -2.135289 1.459800 -0.075000
v -2.135289 1.400012 -0.075000
v -1.906648 1.487666 -0.075000
v -1.906648 1.459800 -0.075000
v -1.906648 1.400012 -0.075000
v -1.678006 1.487666 -0.075000
v -1.678007 1.459800 -0.075000
v -1.678007 1.400012 -0.075000
v -1.449365 1.487666 -0.075000
v -1.449365 1.459800 -0.075000
v -1.449365 1.400012 -0.075000
v -1.220724 1.487666 -0.075000
v -1.220724 1.459800 -0.075000
v -1.220724 1.400012 -0.075000
v -0.992083 1.487666 -0.075000
v -0.992083 1.459800 -0.075000
v -0.992083 1.400012 -0.075000
v -0.763442 1.487666 -0.075000
v -0.763442 1.459800 -0.075000
v -0.763442 1.400012 -0.075000
v -0.534800 1.487666 -0.075000
v -0.534800 1.459800 -0.075000
v -0.534800 1.400012 -0.075000
v -0.306159 1.487666 -0.075000
v -0.306159 1.459800 -0.075000
v -0.306159 1.400012 -0.075000
v -0.077518 1.487666 -0.075000
v -0.077518 1.459800 -0.075000
v -0.077518 1.400012 -0.075000
v 0.143087 1.487666 -0.075000
v 0.143087 1.459800 -0.075000
v 0.143087 1.400012 -0.075000
v 0.102709 1.481502 0.032807
v 0.109753 1.457967 0.024462
v 0.112609 1.399783 0.016002
v -0.029103 1.481502 0.032807
v -0.036147 1.457967 0.024462
v -0.039003 1.399783 0.016002
v -0.354574 1.481502 0.032807
v -0.347530 1.457967 0.024462
v -0.344674 1.399783 0.016002
v -0.486385 1.481502 0.029563
v -0.493429 1.457967 0.019714
v -0.496285 1.399783 0.009616
v -0.811856 1.481502 0.046115
v -0.804812 1.457967 0.043608
v -0.801956 1.399783 0.041564
v -0.943668 1.481502 0.049359
v -0.950712 1.457967 0.048356
v -0.953568 1.399783 0.047950
v -1.269139 1.481502 0.032807
v -1.262094 1.457967 0.024462
v -1.259239 1.399783 0.016002
v -1.400950 1.481502 0.032807
v -1.407994 1.457967 0.024462
v -1.410850 1.399783 0.016002
v -1.726421 1.481502 0.032807
v -1.719377 1.457967 0.024462
v -1.716521 1.399783 0.016002
v -1.858233 1.481502 0.032807
v -1.865277 1.457967 0.024462
v -1.868133 1.399783 0.016002
v -2.183704 1.481502 0.032807
v -2.176659 1.457967 0.024462
v -2.173804 1.399783 0.016002
v -2.315516 1.481502 0.032807
v -2.322560 1.457967 0.024462
v -2.325416 1.399783 0.016002
v -2.640986 1.481502 0.032807
v -2.633942 1.457967 0.024462
v -2.631086 1.399783 0.016002
v -2.772798 1.481502 0.032807
v -2.779842 1.457967 0.024462
v -2.782698 1.399783 0.016002
v -3.098269 1.481502 0.032807
v -3.091225 1.457967 0.024462
v -3.088369 1.399783 0.016002
v -3.230081 1.481502 0.032807
v -3.237124 1.457967 0.024462
v -3.239980 1.399783 0.016002
v -3.555551 1.481502 0.032807
v -3.548507 1.457967 0.024462
v -3.545651 1.399783 0.016002
v -3.687363 1.481502 0.032807
v -3.694407 1.457967 0.024462
v -3.697263 1.399783 0.016002
v -4.012834 1.481502 0.032807
v -4.005790 1.457967 0.024462
v -4.002934 1.399783 0.016002
v -4.144646 1.481502 0.032807
v -4.151690 1.457967 0.024462
v -4.154546 1.399783 0.016002
v -1.205243 1.290648 0.049819
v -1.220724 1.290648 0.035371
v -1.236205 1.290648 0.020923
v -4.206193 1.290648 0.049819
v -4.192365 1.290648 0.035371
v -4.177492 1.290648 0.020923
v -1.007564 1.290648 0.064665
v -0.992083 1.290648 0.058735
v -0.976602 1.290648 0.052805
v -3.948938 1.290648 0.049819
v -3.964419 1.290648 0.035371
v -3.979900 1.290648 0.020923
v -0.747961 1.290648 0.032783
v -0.763441 1.290648 0.035371
v -0.778922 1.290648 0.037960
v -3.751259 1.290648 0.049819
v -3.735778 1.290648 0.035371
v -3.720297 1.290648 0.020923
v -0.550281 1.290648 0.017937
v -0.534800 1.290648 0.012007
v -0.519319 1.290648 0.006078
v -3.491655 1.290648 0.049819
v -3.507136 1.290648 0.035371
v -3.522618 1.290648 0.020923
v -0.290678 1.290648 0.049819
v -0.306159 1.290648 0.035371
v -0.321640 1.290648 0.020923
v -3.293976 1.290648 0.049819
v -3.278495 1.290648 0.035371
v -3.263015 1.290648 0.020923
v -0.092999 1.290648 0.049819
v -0.077518 1.290648 0.035371
v -0.062037 1.290648 0.020923
v -3.034373 1.290648 0.049819
v -3.049854 1.290648 0.035371
v -3.065335 1.290648 0.020923
v 0.163214 1.290648 0.049819
v 0.150119 1.290648 0.035371
v 0.135517 1.290648 0.020923
v -2.836694 1.290648 0.049819
v -2.821213 1.290648 0.035371
v -2.805732 1.290648 0.020923
v -2.577091 1.290648 0.049819
v -2.592571 1.290648 0.035371
v -2.608052 1.290648 0.020923
v -2.379411 1.290648 0.049819
v -2.363930 1.290648 0.035371
v -2.348449 1.290648 0.020923
v 0.078482 1.290648 0.001522
v 0.036803 1.290648 -0.000955
v -0.004876 1.290648 0.001522
v -0.378800 1.290648 0.001400
v -0.420480 1.290648 -0.001928
v -0.462159 1.290648 -0.001764
v -0.836083 1.290648 0.041557
v -0.877762 1.290648 0.042852
v -0.919441 1.290648 0.044721
v -1.293365 1.290648 0.001522
v -1.335044 1.290648 -0.000955
v -1.376724 1.290648 0.001522
v -1.750648 1.290648 0.001522
v -1.792327 1.290648 -0.000955
v -1.834006 1.290648 0.001522
v -2.207930 1.290648 0.001522
v -2.249609 1.290648 -0.000955
v -2.291289 1.290648 0.001522
v -2.665213 1.290648 0.001522
v -2.706892 1.290648 -0.000955
v -2.748572 1.290648 0.001522
v -3.122495 1.290648 0.001522
v -3.164175 1.290648 -0.000955
v -3.205854 1.290648 0.001522
v -3.579777 1.290648 0.001522
v -3.621457 1.290648 -0.000955
v -3.663137 1.290648 0.001522
v -4.037060 1.290648 0.001522
v -4.078739 1.290648 -0.000955
v -4.120420 1.290648 0.001522
v -4.419266 1.290648 0.027344
v -4.420310 1.290648 0.000000
v -4.419266 1.290648 -0.027344
v 0.334178 1.290648 -0.074609
v 0.351895 1.290648 -0.071875
v 0.363974 1.290648 -0.064453
v 0.376249 1.290648 -0.027344
v 0.377756 1.290648 0.000000
v 0.376249 1.290648 0.027344
v -4.385187 1.290648 0.074609
v -4.400935 1.290648 0.071875
v -4.410583 1.290648 0.064453
v 0.277613 1.290648 0.074794
v 0.242338 1.290648 0.073349
v 0.208570 1.290648 0.069427
v -1.464846 1.290648 0.049819
v -1.449365 1.290648 0.035371
v -1.433884 1.290648 0.020923
v -0.150159 1.290648 0.069221
v -0.191838 1.290648 0.071698
v -0.233518 1.290648 0.069221
v -0.607441 1.290648 0.026022
v -0.649121 1.290648 0.027890
v -0.690800 1.290648 0.029186
v -1.064724 1.290648 0.072506
v -1.106403 1.290648 0.072671
v -1.148083 1.290648 0.069343
v -1.662526 1.290648 0.049819
v -1.678007 1.290648 0.035371
v -1.693487 1.290648 0.020923
v -1.522006 1.290648 0.069221
v -1.563686 1.290648 0.071698
v -1.605365 1.290648 0.069221
v -1.979289 1.290648 0.069221
v -2.020968 1.290648 0.071698
v -2.062648 1.290648 0.069221
v -1.922129 1.290648 0.049819
v -1.906648 1.290648 0.035371
v -1.891167 1.290648 0.020923
v -2.436571 1.290648 0.069221
v -2.478251 1.290648 0.071698
v -2.519930 1.290648 0.069221
v -2.893854 1.290648 0.069221
v -2.935534 1.290648 0.071698
v -2.977213 1.290648 0.069221
v -3.351137 1.290648 0.069221
v -3.392816 1.290648 0.071698
v -3.434495 1.290648 0.069221
v -2.119808 1.290648 0.049819
v -2.135289 1.290648 0.035371
v -2.150769 1.290648 0.020923
v -3.808419 1.290648 0.069221
v -3.850099 1.290648 0.071698
v -3.891778 1.290648 0.069221
v -4.328027 1.290648 -0.075000
v -4.286615 1.290648 -0.075000
v -4.239102 1.290648 -0.075000
v -4.133552 1.290648 -0.075000
v -4.078043 1.290648 -0.075000
v -4.021492 1.290648 -0.075000
v -3.907259 1.290648 -0.075000
v -3.850098 1.290648 -0.075000
v -3.792938 1.290648 -0.075000
v -3.678617 1.290648 -0.075000
v -3.621458 1.290648 -0.075000
v -3.564297 1.290648 -0.075000
v -3.449976 1.290648 -0.075000
v -3.392817 1.290648 -0.075000
v -3.335655 1.290648 -0.075000
v -3.221335 1.290648 -0.075000
v -3.164175 1.290648 -0.075000
v -3.107014 1.290648 -0.075000
v -2.992694 1.290648 -0.075000
v -2.935534 1.290648 -0.075000
v -2.878373 1.290648 -0.075000
v -2.764052 1.290648 -0.075000
v -2.706892 1.290648 -0.075000
v -2.649732 1.290648 -0.075000
v -2.535411 1.290648 -0.075000
v -2.478251 1.290648 -0.075000
v -2.421091 1.290648 -0.075000
v -2.306770 1.290648 -0.075000
v -2.249610 1.290648 -0.075000
v -2.192450 1.290648 -0.075000
v -2.078129 1.290648 -0.075000
v -2.020968 1.290648 -0.075000
v -1.963808 1.290648 -0.075000
v -1.849488 1.290648 -0.075000
v -1.792327 1.290648 -0.075000
v -1.735167 1.290648 -0.075000
v -1.620846 1.290648 -0.075000
v -1.563686 1.290648 -0.075000
v -1.506526 1.290648 -0.075000
v -1.392205 1.290648 -0.075000
v -1.335045 1.290648 -0.075000
v -1.277884 1.290648 -0.075000
v -1.163564 1.290648 -0.075000
v -1.106403 1.290648 -0.075000
v -1.049243 1.290648 -0.075000
v -0.934922 1.290648 -0.075000
v -0.877762 1.290648 -0.075000
v -0.820602 1.290648 -0.075000
v -0.706281 1.290648 -0.075000
v -0.649121 1.290648 -0.075000
v -0.591961 1.290648 -0.075000
v -0.477640 1.290648 -0.075000
v -0.420480 1.290648 -0.075000
v -0.363319 1.290648 -0.075000
v -0.248999 1.290648 -0.075000
v -0.191838 1.290648 -0.075000
v -0.134678 1.290648 -0.075000
v -0.020483 1.290648 -0.075000
v 0.035798 1.290648 -0.075000
v 0.090573 1.290648 -0.075000
v -4.416136 1.122604 -0.050000
v -4.416136 0.920984 -0.050000
v -4.416136 0.719439 -0.050000
v 0.371728 1.122604 -0.050000
v 0.371728 0.920984 -0.050000
v 0.371728 0.719439 -0.050000
v 0.371728 1.122604 0.050000
v 0.371728 0.920984 0.050000
v 0.371728 0.719439 0.050000
v 0.181193 1.122604 0.060914
v 0.181193 0.920984 0.060622
v 0.181193 0.719439 0.060914
v -0.115625 1.122604 0.060914
v -0.115625 0.920984 0.060622
v -0.115625 0.719439 0.060914
v -0.268052 1.122604 0.060914
v -0.268052 0.920984 0.060622
v -0.268052 0.719439 0.060914
v -0.572907 1.122604 0.017594
v -0.572907 0.920984 0.015842
v -0.572907 0.719439 0.017594
v -0.725335 1.122604 0.026258
v -0.725335 0.920984 0.024798
v -0.725335 0.719439 0.026258
v -1.030190 1.122604 0.069578
v -1.030190 0.920984 0.069578
v -1.030190 0.719439 0.069578
v -1.182617 1.122604 0.060914
v -1.182617 0.920984 0.060622
v -1.182617 0.719439 0.060914
v -1.487472 1.122604 0.060914
v -1.487472 0.920984 0.060622
v -1.487472 0.719439 0.060914
v -1.639899 1.122604 0.060914
v -1.639899 0.920984 0.060622
v -1.639900 0.719439 0.060914
v -1.944755 1.122604 0.060914
v -1.944755 0.920984 0.060622
v -1.944755 0.719439 0.060914
v -2.097182 1.122604 0.060914
v -2.097182 0.920984 0.060622
v -2.097182 0.719439 0.060914
v -2.402037 1.122604 0.060914
v -2.402037 0.920984 0.060622
v -2.402037 0.719439 0.060914
v -2.554465 1.122604 0.060914
v -2.554464 0.920984 0.060622
v -2.554465 0.719439 0.060914
v -2.859320 1.122605 0.060914
v -2.859320 0.920984 0.060622
v -2.859320 0.719439 0.060914
v -3.011747 1.122604 0.060914
v -3.011748 0.920984 0.060622
v -3.011747 0.719439 0.060914
v -3.316602 1.122605 0.060914
v -3.316602 0.920984 0.060622
v -3.316602 0.719439 0.060914
v -3.469029 1.122604 0.060914
v -3.469029 0.920984 0.060622
v -3.469030 0.719439 0.060914
v -3.773885 1.122604 0.060914
v -3.773885 0.920984 0.060622
v -3.773885 0.719439 0.060914
v -3.926312 1.122604 0.060914
v -3.926312 0.920984 0.060622
v -3.926312 0.719439 0.060914
v -4.225601 1.122604 0.060914
v -4.225601 0.920984 0.060622
v -4.225601 0.719439 0.060914
v -4.187494 1.122604 -0.075000
v -4.187494 0.920984 -0.075000
v -4.187494 0.719439 -0.075000
v -3.964419 1.122604 -0.075000
v -3.964419 0.920984 -0.075000
v -3.964419 0.719439 -0.075000
v -3.735778 1.122604 -0.075000
v -3.735778 0.920984 -0.075000
v -3.735778 0.719439 -0.075000
v -3.507137 1.122604 -0.075000
v -3.507137 0.920984 -0.075000
v -3.507137 0.719439 -0.075000
v -3.278495 1.122604 -0.075000
v -3.278496 0.920984 -0.075000
v -3.278495 0.719439 -0.075000
v -3.049854 1.122604 -0.075000
v -3.049854 0.920984 -0.075000
v -3.049854 0.719439 -0.075000
v -2.821213 1.122604 -0.075000
v -2.821213 0.920984 -0.075000
v -2.821213 0.719439 -0.075000
v -2.592571 1.122604 -0.075000
v -2.592571 0.920984 -0.075000
v -2.592572 0.719439 -0.075000
v -2.363930 1.122604 -0.075000
v -2.363930 0.920984 -0.075000
v -2.363930 0.719439 -0.075000
v -2.135289 1.122604 -0.075000
v -2.135289 0.920984 -0.075000
v -2.135289 0.719439 -0.075000
v -1.906648 1.122604 -0.075000
v -1.906648 0.920984 -0.075000
v -1.906648 0.719439 -0.075000
v -1.678006 1.122604 -0.075000
v -1.678007 0.920984 -0.075000
v -1.678006 0.719439 -0.075000
v -1.449365 1.122604 -0.075000
v -1.449365 0.920984 -0.075000
v -1.449365 0.719439 -0.075000
v -1.220724 1.122604 -0.075000
v -1.220724 0.920984 -0.075000
v -1.220724 0.719439 -0.075000
v -0.992083 1.122604 -0.075000
v -0.992083 0.920984 -0.075000
v -0.992083 0.719439 -0.075000
v -0.763442 1.122604 -0.075000
v -0.763441 0.920984 -0.075000
v -0.763441 0.719439 -0.075000
v -0.534800 1.122604 -0.075000
v -0.534800 0.920984 -0.075000
v -0.534800 0.719439 -0.075000
v -0.306159 1.122604 -0.075000
v -0.306159 0.920984 -0.075000
v -0.306159 0.719439 -0.075000
v -0.077518 1.122604 -0.075000
v -0.077518 0.920984 -0.075000
v -0.077518 0.719439 -0.075000
v 0.143087 1.122604 -0.075000
v 0.143087 0.920984 -0.075000
v 0.143087 0.719439 -0.075000
v 0.113017 1.122604 0.004572
v 0.113017 0.920984 0.003111
v 0.113017 0.719439 0.004572
v -0.039411 1.122604 0.004572
v -0.039411 0.920984 0.003111
v -0.039411 0.719439 0.004572
v -0.344266 1.122604 0.004572
v -0.344266 0.920984 0.003111
v -0.344266 0.719439 0.004572
v -0.496693 1.122604 -0.004093
v -0.496693 0.920984 -0.005845
v -0.496693 0.719439 -0.004093
v -0.801548 1.122604 0.039228
v -0.801548 0.920984 0.038936
v -0.801548 0.719439 0.039228
v -0.953976 1.122604 0.047892
v -0.953976 0.920984 0.047892
v -0.953976 0.719439 0.047892
v -1.258831 1.122604 0.004572
v -1.258831 0.920984 0.003111
v -1.258831 0.719439 0.004572
v -1.411258 1.122604 0.004572
v -1.411258 0.920984 0.003111
v -1.411258 0.719439 0.004572
v -1.716113 1.122605 0.004572
v -1.716113 0.920984 0.003111
v -1.716113 0.719439 0.004572
v -1.868541 1.122604 0.004572
v -1.868541 0.920984 0.003111
v -1.868541 0.719439 0.004572
v -2.173396 1.122605 0.004572
v -2.173396 0.920984 0.003111
v -2.173396 0.719439 0.004572
v -2.325823 1.122604 0.004572
v -2.325824 0.920984 0.003111
v -2.325824 0.719439 0.004572
v -2.630678 1.122604 0.004572
v -2.630678 0.920984 0.003111
v -2.630678 0.719439 0.004572
v -2.783106 1.122604 0.004572
v -2.783106 0.920984 0.003111
v -2.783106 0.719439 0.004572
v -3.087961 1.122604 0.004572
v -3.087961 0.920984 0.003111
v -3.087961 0.719439 0.004572
v -3.240388 1.122604 0.004572
v -3.240389 0.920984 0.003111
v -3.240388 0.719439 0.004572
v -3.545243 1.122604 0.004572
v -3.545244 0.920984 0.003111
v -3.545243 0.719439 0.004572
v -3.697671 1.122604 0.004572
v -3.697672 0.920984 0.003111
v -3.697671 0.719439 0.004572
v -4.002526 1.122604 0.004572
v -4.002526 0.920984 0.003111
v -4.002526 0.719439 0.004572
v -4.154953 1.122604 0.004572
v -4.154953 0.920984 0.003111
v -4.154953 0.719439 0.004572
v -4.416135 0.357939 0.050000
v -4.416135 0.383893 0.050000
v -4.416136 0.442699 0.050000
v -0.020483 0.551622 -0.075000
v 0.035798 0.551622 -0.075000
v 0.090573 0.551622 -0.075000
v -0.248999 0.551622 -0.075000
v -0.191838 0.551622 -0.075000
v -0.134678 0.551622 -0.075000
v -0.477640 0.551622 -0.075000
v -0.420480 0.551622 -0.075000
v -0.363319 0.551622 -0.075000
v -0.706281 0.551622 -0.075000
v -0.649121 0.551622 -0.075000
v -0.591960 0.551622 -0.075000
v -0.934922 0.551622 -0.075000
v -0.877762 0.551622 -0.075000
v -0.820602 0.551622 -0.075000
v -1.163564 0.551622 -0.075000
v -1.106403 0.551622 -0.075000
v -1.049243 0.551622 -0.075000
v -1.392205 0.551622 -0.075000
v -1.335045 0.551622 -0.075000
v -1.277884 0.551622 -0.075000
v -1.620846 0.551622 -0.075000
v -1.563686 0.551622 -0.075000
v -1.506525 0.551622 -0.075000
v -1.849488 0.551622 -0.075000
v -1.792327 0.551622 -0.075000
v -1.735167 0.551622 -0.075000
v -2.078129 0.551622 -0.075000
v -2.020968 0.551622 -0.075000
v -1.963808 0.551622 -0.075000
v -2.306770 0.551622 -0.075000
v -2.249610 0.551622 -0.075000
v -2.192449 0.551622 -0.075000
v -2.535411 0.551622 -0.075000
v -2.478251 0.551622 -0.075000
v -2.421091 0.551622 -0.075000
v -2.764052 0.551622 -0.075000
v -2.706892 0.551622 -0.075000
v -2.649732 0.551622 -0.075000
v -2.992694 0.551622 -0.075000
v -2.935534 0.551622 -0.075000
v -2.878373 0.551622 -0.075000
v -3.221335 0.551622 -0.075000
v -3.164175 0.551622 -0.075000
v -3.107014 0.551622 -0.075000
v -3.449976 0.551622 -0.075000
v -3.392816 0.551622 -0.075000
v -3.335655 0.551622 -0.075000
v -3.678617 0.551622 -0.075000
v -3.621457 0.551622 -0.075000
v -3.564297 0.551622 -0.075000
v -3.907259 0.551622 -0.075000
v -3.850098 0.551622 -0.075000
v -3.792938 0.551622 -0.075000
v -4.133552 0.551622 -0.075000
v -4.078043 0.551622 -0.075000
v -4.021492 0.551622 -0.075000
v -4.328027 0.551622 -0.075000
v -4.286615 0.551622 -0.075000
v -4.239102 0.551622 -0.075000
v -3.808419 0.551622 0.069221
v -3.850098 0.551622 0.071698
v -3.891778 0.551622 0.069221
v -2.119808 0.551622 0.049819
v -2.135289 0.551622 0.035371
v -2.150770 0.551622 0.020923
v -3.351137 0.551622 0.069221
v -3.392816 0.551622 0.071698
v -3.434496 0.551622 0.069221
v -2.893854 0.551622 0.069221
v -2.935534 0.551622 0.071698
v -2.977213 0.551622 0.069221
v -2.436572 0.551622 0.069221
v -2.478251 0.551622 0.071698
v -2.519930 0.551622 0.069221
v -1.979289 0.551622 0.069221
v -2.020968 0.551622 0.071698
v -2.062648 0.551622 0.069221
v -1.522007 0.551622 0.069221
v -1.563686 0.551622 0.071698
v -1.605365 0.551622 0.069221
v -1.662526 0.551622 0.049819
v -1.678007 0.551622 0.035371
v -1.693487 0.551622 0.020923
v -1.064724 0.551622 0.072506
v -1.106403 0.551622 0.072671
v -1.148083 0.551622 0.069343
v -0.607441 0.551622 0.026022
v -0.649121 0.551622 0.027890
v -0.690800 0.551622 0.029186
v -0.150159 0.551622 0.069221
v -0.191838 0.551622 0.071698
v -0.233518 0.551622 0.069221
v 0.277613 0.551622 0.074794
v 0.242338 0.551622 0.073349
v 0.208570 0.551622 0.069427
v -4.385187 0.551622 0.074609
v -4.400935 0.551622 0.071875
v -4.410583 0.551622 0.064453
v 0.376249 0.551622 -0.027344
v 0.377756 0.551622 0.000000
v 0.376249 0.551622 0.027344
v 0.334178 0.551622 -0.074609
v 0.351895 0.551622 -0.071875
v 0.363974 0.551622 -0.064453
v -4.419266 0.551622 0.027344
v -4.420310 0.551622 0.000000
v -4.419266 0.551622 -0.027344
v -4.037061 0.551622 0.001522
v -4.078740 0.551622 -0.000955
v -4.120419 0.551622 0.001522
v -3.579777 0.551622 0.001522
v -3.621457 0.551622 -0.000955
v -3.663137 0.551622 0.001522
v -3.122495 0.551622 0.001522
v -3.164175 0.551622 -0.000955
v -3.205854 0.551622 0.001522
v -2.665213 0.551622 0.001522
v -2.706892 0.551622 -0.000955
v -2.748572 0.551622 0.001522
v -2.207930 0.551622 0.001522
v -2.249610 0.551622 -0.000955
v -2.291289 0.551622 0.001522
v -1.750648 0.551622 0.001522
v -1.792327 0.551622 -0.000955
v -1.834006 0.551622 0.001522
v -1.293365 0.551622 0.001522
v -1.335045 0.551622 -0.000955
v -1.376724 0.551622 0.001522
v -0.836083 0.551622 0.041557
v -0.877762 0.551622 0.042852
v -0.919441 0.551622 0.044721
v -0.378800 0.551622 0.001400
v -0.420480 0.551622 -0.001928
v -0.462159 0.551622 -0.001764
v 0.078482 0.551622 0.001522
v 0.036803 0.551622 -0.000955
v -0.004876 0.551622 0.001522
v -2.577091 0.551622 0.049819
v -2.592572 0.551622 0.035371
v -2.608052 0.551622 0.020923
v 0.163214 0.551622 0.049819
v 0.150119 0.551622 0.035371
v 0.135517 0.551622 0.020923
v -3.034373 0.551622 0.049819
v -3.049854 0.551622 0.035371
v -3.065335 0.551622 0.020923
v -0.290678 0.551622 0.049819
v -0.306159 0.551622 0.035371
v -0.321640 0.551622 0.020923
v -3.491655 0.551622 0.049819
v -3.507137 0.551622 0.035371
v -3.522618 0.551622 0.020923
v -0.747961 0.551622 0.032783
v -0.763442 0.551622 0.035371
v -0.778922 0.551622 0.037960
v -3.948938 0.551622 0.049819
v -3.964419 0.551622 0.035371
v -3.979900 0.551622 0.020923
v -1.205243 0.551622 0.049819
v -1.220724 0.551622 0.035371
v -1.236205 0.551622 0.020923
v -4.206193 0.551622 0.049819
v -4.192365 0.551622 0.035371
v -4.177492 0.551622 0.020923
v -1.007564 0.551622 0.064665
v -0.992083 0.551622 0.058735
v -0.976602 0.551622 0.052805
v -3.751259 0.551622 0.049819
v -3.735778 0.551622 0.035371
v -3.720297 0.551622 0.020923
v -0.550281 0.551622 0.017937
v -0.534800 0.551622 0.012007
v -0.519319 0.551622 0.006078
v -3.293976 0.551622 0.049819
v -3.278496 0.551622 0.035371
v -3.263015 0.551622 0.020923
v -0.092999 0.551622 0.049819
v -0.077518 0.551622 0.035371
v -0.062037 0.551622 0.020923
v -2.836694 0.551622 0.049819
v -2.821213 0.551622 0.035371
v -2.805732 0.551622 0.020923
v -2.379411 0.551622 0.049819
v -2.363930 0.551622 0.035371
v -2.348449 0.551622 0.020923
v -1.464846 0.551622 0.049819
v -1.449365 0.551622 0.035371
v -1.433884 0.551622 0.020923
v -1.922129 0.551622 0.049819
v -1.906648 0.551622 0.035371
v -1.891167 0.551622 0.020923
v 0.192493 1.584913 -0.050000
v 0.237574 1.584913 -0.050000
v 0.277017 1.584913 -0.050000
v 0.192493 0.289693 0.050000
v 0.237574 0.289693 0.050000
v 0.277017 0.289693 0.050000
v 0.362271 0.290539 -0.043238
v 0.351374 0.289961 -0.047859
v 0.334112 0.289726 -0.049732
v 0.362271 1.584036 0.043238
v 0.351374 1.584635 0.047859
v 0.334113 1.584879 0.049732
v 0.363974 1.501261 0.064453
v 0.351895 1.501261 0.071875
v 0.334178 1.501261 0.074609
v 0.192493 1.501261 -0.075000
v 0.237574 1.501261 -0.075000
v 0.277017 1.501261 -0.075000
v 0.192493 0.347573 -0.075000
v 0.237574 0.347573 -0.075000
v 0.277017 0.347573 -0.075000
v 0.363974 0.347573 0.064453
v 0.351895 0.347573 0.071875
v 0.334178 0.347573 0.074609
v 0.192493 1.290648 -0.075000
v 0.237574 1.290648 -0.075000
v 0.277017 1.290648 -0.075000
v 0.363974 1.290648 0.064453
v 0.351895 1.290648 0.071875
v 0.334178 1.290648 0.074609
v 0.363974 0.551622 0.064453
v 0.351895 0.551622 0.071875
v 0.334178 0.551622 0.074609
v 0.192493 0.551622 -0.075000
v 0.237574 0.551622 -0.075000
v 0.277017 0.551622 -0.075000
v 0.309510 0.442699 -0.075000
v 0.309510 0.383893 -0.075000
v 0.309510 0.357939 -0.075000
v 0.309510 0.442699 0.075000
v 0.309510 0.383893 0.075000
v 0.309510 0.357939 0.075000
v 0.309510 1.122604 0.075000
v 0.309510 0.920984 0.075000
v 0.309510 0.719439 0.075000
v 0.309510 1.122604 -0.075000
v 0.309510 0.920984 -0.075000
v 0.309510 0.719439 -0.075000
v 0.309510 0.302653 0.074609
v 0.309510 0.296921 0.071875
v 0.309510 0.292649 0.064453
v 0.309510 0.302653 -0.074609
v 0.309510 0.296921 -0.071875
v 0.309510 0.292649 -0.064453
v 0.309510 1.487666 -0.075000
v 0.309510 1.459800 -0.075000
v 0.309510 1.400012 -0.075000
v 0.309510 1.487666 0.075000
v 0.309510 1.459800 0.075000
v 0.309510 1.400012 0.075000
v 0.309510 1.545711 0.075000
v 0.309510 1.530404 0.075000
v 0.309510 1.515009 0.075000
v 0.309510 1.586739 -0.027344
v 0.309510 1.587347 -0.000000
v 0.309510 1.586739 0.027344
v 0.309510 0.287933 -0.027344
v 0.309510 0.287347 0.000000
v 0.309510 0.287933 0.027344
v 0.309510 1.545711 -0.075000
v 0.309510 1.530404 -0.075000
v 0.309510 1.515009 -0.075000
v -4.239102 0.289693 -0.050000
v -4.286614 0.289693 -0.050000
v -4.328026 0.289693 -0.050000
v -4.239102 1.584913 0.050000
v -4.286615 1.584914 0.050000
v -4.328026 1.584913 0.050000
v -4.409403 1.584036 -0.043238
v -4.400575 1.584635 -0.047859
v -4.385142 1.584879 -0.049732
v -4.409403 0.290539 0.043238
v -4.400574 0.289961 0.047859
v -4.385142 0.289726 0.049732
v -4.410583 1.501261 -0.064453
v -4.400936 1.501261 -0.071875
v -4.385188 1.501261 -0.074609
v -4.242002 1.500327 0.073078
v -4.287576 1.500990 0.074438
v -4.328147 1.501227 0.074930
v -4.242002 0.348036 0.073078
v -4.287576 0.347707 0.074438
v -4.328147 0.347590 0.074930
v -4.410583 0.347573 -0.064453
v -4.400936 0.347573 -0.071875
v -4.385188 0.347573 -0.074609
v -4.255178 1.290648 0.069427
v -4.291378 1.290648 0.073349
v -4.328622 1.290648 0.074794
v -4.410583 1.290648 -0.064453
v -4.400936 1.290648 -0.071875
v -4.385188 1.290648 -0.074609
v -4.410583 0.551622 -0.064453
v -4.400936 0.551622 -0.071875
v -4.385188 0.551622 -0.074609
v -4.255178 0.551622 0.069427
v -4.291378 0.551622 0.073349
v -4.328622 0.551622 0.074794
v -4.361330 0.442699 0.075000
v -4.361330 0.383893 0.075000
v -4.361330 0.357939 0.075000
v -4.361330 0.442699 -0.075000
v -4.361331 0.383893 -0.075000
v -4.361331 0.357939 -0.075000
v -4.361330 1.122604 -0.075000
v -4.361331 0.920984 -0.075000
v -4.361331 0.719439 -0.075000
v -4.361330 1.122604 0.075000
v -4.361330 0.920984 0.075000
v -4.361330 0.719439 0.075000
v -4.361330 0.302653 -0.074609
v -4.361330 0.296921 -0.071875
v -4.361331 0.292649 -0.064453
v -4.361330 0.302653 0.074609
v -4.361330 0.296921 0.071875
v -4.361330 0.292649 0.064453
v -4.361330 1.487666 0.075000
v -4.361330 1.459800 0.075000
v -4.361330 1.400012 0.075000
v -4.361330 1.487666 -0.075000
v -4.361331 1.459800 -0.075000
v -4.361331 1.400012 -0.075000
v -4.361330 1.545711 -0.075000
v -4.361331 1.530404 -0.075000
v -4.361331 1.515009 -0.075000
v -4.361331 0.287933 -0.027344
v -4.361330 0.287347 0.000000
v -4.361330 0.287933 0.027344
v -4.361330 1.586739 -0.027344
v -4.361330 1.587347 0.000000
v -4.361330 1.586739 0.027344
v -4.361330 1.545711 0.075000
v -4.361330 1.530404 0.075000
v -4.361330 1.515009 0.075000
v -4.416136 0.338551 -0.050000
v -4.416136 0.328709 -0.050000
v -4.416136 0.318903 -0.050000
v 0.371728 0.338551 -0.050000
v 0.371728 0.328709 -0.050000
v 0.371728 0.318903 -0.050000
v 0.371728 0.338551 0.050000
v 0.371728 0.328709 0.050000
v 0.371728 0.318903 0.050000
v 0.143918 0.338805 0.073340
v 0.143328 0.328774 0.074536
v 0.143117 0.318911 0.074942
v -0.077518 0.338805 0.073340
v -0.077518 0.328774 0.074536
v -0.077518 0.318911 0.074942
v -0.306159 0.338805 0.073340
v -0.306159 0.328774 0.074536
v -0.306159 0.318911 0.074942
v -0.534800 0.338805 0.071183
v -0.534800 0.328774 0.073905
v -0.534800 0.318911 0.074863
v -0.763442 0.338805 0.071442
v -0.763441 0.328774 0.073967
v -0.763442 0.318911 0.074871
v -0.992083 0.338805 0.073599
v -0.992083 0.328774 0.074598
v -0.992083 0.318911 0.074950
v -1.220724 0.338805 0.073340
v -1.220724 0.328774 0.074536
v -1.220724 0.318911 0.074942
v -1.449365 0.338805 0.073340
v -1.449365 0.328774 0.074536
v -1.449365 0.318911 0.074942
v -1.678007 0.338805 0.073340
v -1.678007 0.328774 0.074536
v -1.678006 0.318911 0.074942
v -1.906648 0.338805 0.073340
v -1.906648 0.328774 0.074536
v -1.906648 0.318911 0.074942
v -2.135289 0.338805 0.073340
v -2.135289 0.328774 0.074536
v -2.135289 0.318911 0.074942
v -2.363931 0.338805 0.073340
v -2.363930 0.328774 0.074536
v -2.363930 0.318911 0.074942
v -2.592571 0.338805 0.073340
v -2.592572 0.328774 0.074536
v -2.592571 0.318911 0.074942
v -2.821213 0.338805 0.073340
v -2.821213 0.328774 0.074536
v -2.821213 0.318911 0.074942
v -3.049854 0.338805 0.073340
v -3.049854 0.328774 0.074536
v -3.049855 0.318911 0.074942
v -3.278495 0.338805 0.073340
v -3.278495 0.328774 0.074536
v -3.278496 0.318911 0.074942
v -3.507137 0.338805 0.073340
v -3.507137 0.328774 0.074536
v -3.507137 0.318911 0.074942
v -3.735778 0.338805 0.073340
v -3.735778 0.328774 0.074536
v -3.735778 0.318911 0.074942
v -3.964419 0.338805 0.073340
v -3.964419 0.328774 0.074536
v -3.964419 0.318911 0.074942
v -4.188070 0.338805 0.073340
v -4.187661 0.328774 0.074536
v -4.187516 0.318911 0.074942
v -4.187494 0.338551 -0.075000
v -4.187494 0.328709 -0.075000
v -4.187494 0.318903 -0.075000
v -3.964419 0.338551 -0.075000
v -3.964419 0.328709 -0.075000
v -3.964419 0.318903 -0.075000
v -3.735778 0.338551 -0.075000
v -3.735778 0.328709 -0.075000
v -3.735778 0.318903 -0.075000
v -3.507136 0.338551 -0.075000
v -3.507137 0.328709 -0.075000
v -3.507136 0.318903 -0.075000
v -3.278495 0.338551 -0.075000
v -3.278496 0.328709 -0.075000
v -3.278495 0.318903 -0.075000
v -3.049854 0.338551 -0.075000
v -3.049854 0.328709 -0.075000
v -3.049854 0.318903 -0.075000
v -2.821213 0.338551 -0.075000
v -2.821213 0.328709 -0.075000
v -2.821213 0.318903 -0.075000
v -2.592571 0.338551 -0.075000
v -2.592571 0.328709 -0.075000
v -2.592572 0.318903 -0.075000
v -2.363930 0.338551 -0.075000
v -2.363930 0.328709 -0.075000
v -2.363930 0.318903 -0.075000
v -2.135289 0.338551 -0.075000
v -2.135289 0.328709 -0.075000
v -2.135289 0.318903 -0.075000
v -1.906648 0.338551 -0.075000
v -1.906648 0.328709 -0.075000
v -1.906648 0.318903 -0.075000
v -1.678006 0.338551 -0.075000
v -1.678007 0.328709 -0.075000
v -1.678006 0.318903 -0.075000
v -1.449365 0.338551 -0.075000
v -1.449365 0.328709 -0.075000
v -1.449365 0.318903 -0.075000
v -1.220724 0.338551 -0.075000
v -1.220724 0.328709 -0.075000
v -1.220724 0.318903 -0.075000
v -0.992083 0.338551 -0.075000
v -0.992083 0.328709 -0.075000
v -0.992083 0.318903 -0.075000
v -0.763441 0.338551 -0.075000
v -0.763441 0.328709 -0.075000
v -0.763441 0.318903 -0.075000
v -0.534800 0.338551 -0.075000
v -0.534800 0.328709 -0.075000
v -0.534800 0.318903 -0.075000
v -0.306159 0.338551 -0.075000
v -0.306159 0.328709 -0.075000
v -0.306159 0.318903 -0.075000
v -0.077518 0.338551 -0.075000
v -0.077518 0.328709 -0.075000
v -0.077518 0.318903 -0.075000
v 0.143087 0.338551 -0.075000
v 0.143087 0.328709 -0.075000
v 0.143087 0.318903 -0.075000
v -4.414630 0.293311 0.043238
v -4.415658 0.297123 0.047859
v -4.416076 0.302678 0.049732
v 0.309510 0.338551 0.075000
v 0.309510 0.328709 0.075000
v 0.309510 0.318903 0.075000
v 0.309510 0.338551 -0.075000
v 0.309510 0.328709 -0.075000
v 0.309510 0.318903 -0.075000
v -4.361330 0.338551 -0.075000
v -4.361331 0.328709 -0.075000
v -4.361331 0.318903 -0.075000
v -4.361330 0.338551 0.075000
v -4.361330 0.328709 0.075000
v -4.361330 0.318903 0.075000
v -4.239101 0.309988 0.075000
v -4.286615 0.309988 0.075000
v -4.328027 0.309988 0.075000
v -4.410583 0.309988 -0.064453
v -4.400936 0.309988 -0.071875
v -4.385188 0.309988 -0.074609
v 0.192493 0.309988 -0.075000
v 0.237574 0.309988 -0.075000
v 0.277017 0.309988 -0.075000
v 0.363974 0.309988 0.064453
v 0.351895 0.309988 0.071875
v 0.334178 0.309988 0.074609
v -0.020483 0.309988 -0.075000
v 0.035798 0.309988 -0.075000
v 0.090573 0.309988 -0.075000
v -0.248999 0.309988 -0.075000
v -0.191838 0.309988 -0.075000
v -0.134678 0.309988 -0.075000
v -0.477640 0.309988 -0.075000
v -0.420479 0.309988 -0.075000
v -0.363319 0.309988 -0.075000
v -0.706281 0.309988 -0.075000
v -0.649121 0.309988 -0.075000
v -0.591960 0.309988 -0.075000
v -0.934922 0.309988 -0.075000
v -0.877762 0.309988 -0.075000
v -0.820602 0.309988 -0.075000
v -1.163564 0.309988 -0.075000
v -1.106403 0.309988 -0.075000
v -1.049243 0.309988 -0.075000
v -1.392205 0.309988 -0.075000
v -1.335045 0.309988 -0.075000
v -1.277884 0.309988 -0.075000
v -1.620846 0.309988 -0.075000
v -1.563686 0.309988 -0.075000
v -1.506525 0.309988 -0.075000
v -1.849488 0.309988 -0.075000
v -1.792327 0.309988 -0.075000
v -1.735167 0.309988 -0.075000
v -2.078129 0.309988 -0.075000
v -2.020968 0.309988 -0.075000
v -1.963808 0.309988 -0.075000
v -2.306770 0.309988 -0.075000
v -2.249610 0.309988 -0.075000
v -2.192449 0.309988 -0.075000
v -2.535411 0.309988 -0.075000
v -2.478251 0.309988 -0.075000
v -2.421091 0.309988 -0.075000
v -2.764052 0.309988 -0.075000
v -2.706892 0.309988 -0.075000
v -2.649732 0.309988 -0.075000
v -2.992694 0.309988 -0.075000
v -2.935533 0.309988 -0.075000
v -2.878373 0.309988 -0.075000
v -3.221335 0.309988 -0.075000
v -3.164175 0.309988 -0.075000
v -3.107014 0.309988 -0.075000
v -3.449975 0.309988 -0.075000
v -3.392816 0.309988 -0.075000
v -3.335655 0.309988 -0.075000
v -3.678617 0.309988 -0.075000
v -3.621457 0.309988 -0.075000
v -3.564297 0.309988 -0.075000
v -3.907259 0.309988 -0.075000
v -3.850098 0.309988 -0.075000
v -3.792938 0.309988 -0.075000
v -4.133552 0.309988 -0.075000
v -4.078043 0.309988 -0.075000
v -4.021492 0.309988 -0.075000
v -4.328027 0.309988 -0.075000
v -4.286615 0.309988 -0.075000
v -4.239102 0.309988 -0.075000
v -4.021493 0.309988 0.075000
v -4.078044 0.309988 0.075000
v -4.133552 0.309988 0.075000
v -3.792938 0.309988 0.075000
v -3.850098 0.309988 0.075000
v -3.907259 0.309988 0.075000
v -3.564297 0.309988 0.075000
v -3.621458 0.309988 0.075000
v -3.678618 0.309988 0.075000
v -3.335656 0.309988 0.075000
v -3.392816 0.309988 0.075000
v -3.449976 0.309988 0.075000
v -3.107015 0.309988 0.075000
v -3.164175 0.309988 0.075000
v -3.221335 0.309988 0.075000
v -2.878373 0.309988 0.075000
v -2.935534 0.309988 0.075000
v -2.992694 0.309988 0.075000
v -2.649732 0.309988 0.075000
v -2.706892 0.309988 0.075000
v -2.764053 0.309988 0.075000
v -2.421091 0.309988 0.075000
v -2.478251 0.309988 0.075000
v -2.535411 0.309988 0.075000
v -2.192449 0.309988 0.075000
v -2.249610 0.309988 0.075000
v -2.306770 0.309988 0.075000
v -1.963808 0.309988 0.075000
v -2.020968 0.309988 0.075000
v -2.078128 0.309988 0.075000
v -1.735167 0.309988 0.075000
v -1.792327 0.309988 0.075000
v -1.849488 0.309988 0.075000
v -1.506526 0.309988 0.075000
v -1.563686 0.309988 0.075000
v -1.620846 0.309988 0.075000
v -1.277884 0.309988 0.075000
v -1.335045 0.309988 0.075000
v -1.392205 0.309988 0.075000
v -1.049243 0.309988 0.075000
v -1.106403 0.309988 0.075000
v -1.163564 0.309988 0.075000
v -0.820602 0.309988 0.075000
v -0.877762 0.309988 0.075000
v -0.934922 0.309988 0.075000
v -0.591961 0.309988 0.075000
v -0.649121 0.309988 0.075000
v -0.706281 0.309988 0.075000
v -0.363319 0.309988 0.075000
v -0.420480 0.309988 0.075000
v -0.477640 0.309988 0.075000
v -0.134678 0.309988 0.075000
v -0.191838 0.309988 0.075000
v -0.248999 0.309988 0.075000
v 0.090573 0.309988 0.075000
v 0.035798 0.309988 0.075000
v -0.020483 0.309988 0.075000
v 0.277017 0.309988 0.075000
v 0.237574 0.309988 0.075000
v 0.192493 0.309988 0.075000
v -4.385187 0.309988 0.074609
v -4.400935 0.309988 0.071875
v -4.410583 0.309988 0.064453
v 0.376249 0.309988 -0.027344
v 0.377756 0.309988 0.000000
v 0.376249 0.309988 0.027344
v 0.334178 0.309988 -0.074609
v 0.351895 0.309988 -0.071875
v 0.363974 0.309988 -0.064453
v -4.419266 0.309988 0.027344
v -4.420310 0.309988 0.000000
v -4.419266 0.309988 -0.027344
v -4.416135 1.515009 0.050000
v -4.416135 1.530404 0.050000
v -4.416136 1.545711 0.050000
v -4.414629 1.581086 -0.043238
v -4.415659 1.576620 -0.047859
v -4.416076 1.569473 -0.049732
v 0.369554 1.581086 -0.043238
v 0.371039 1.576620 -0.047859
v 0.371642 1.569473 -0.049732
v 0.369554 1.581086 0.043238
v 0.371039 1.576620 0.047859
v 0.371642 1.569473 0.049732
v 0.143087 1.581774 0.064453
v 0.143087 1.576831 0.071875
v 0.143087 1.569499 0.074609
v -0.077518 1.581774 0.064453
v -0.077518 1.576831 0.071875
v -0.077518 1.569499 0.074609
v -0.306159 1.581774 0.064453
v -0.306159 1.576831 0.071875
v -0.306159 1.569499 0.074609
v -0.534800 1.581774 0.064453
v -0.534800 1.576831 0.071875
v -0.534800 1.569499 0.074609
v -0.763441 1.581774 0.064453
v -0.763441 1.576831 0.071875
v -0.763441 1.569499 0.074609
v -0.992083 1.581774 0.064453
v -0.992083 1.576831 0.071875
v -0.992083 1.569499 0.074609
v -1.220724 1.581774 0.064453
v -1.220724 1.576831 0.071875
v -1.220724 1.569499 0.074609
v -1.449365 1.581774 0.064453
v -1.449365 1.576831 0.071875
v -1.449365 1.569499 0.074609
v -1.678006 1.581774 0.064453
v -1.678007 1.576831 0.071875
v -1.678006 1.569499 0.074609
v -1.906648 1.581774 0.064453
v -1.906648 1.576831 0.071875
v -1.906648 1.569499 0.074609
v -2.135289 1.581774 0.064453
v -2.135289 1.576831 0.071875
v -2.135289 1.569499 0.074609
v -2.363930 1.581774 0.064453
v -2.363930 1.576831 0.071875
v -2.363930 1.569499 0.074609
v -2.592571 1.581774 0.064453
v -2.592571 1.576831 0.071875
v -2.592571 1.569499 0.074609
v -2.821213 1.581774 0.064453
v -2.821213 1.576831 0.071875
v -2.821213 1.569499 0.074609
v -3.049854 1.581774 0.064453
v -3.049854 1.576831 0.071875
v -3.049855 1.569499 0.074609
v -3.278495 1.581774 0.064453
v -3.278495 1.576831 0.071875
v -3.278495 1.569499 0.074609
v -3.507137 1.581774 0.064453
v -3.507137 1.576831 0.071875
v -3.507136 1.569499 0.074609
v -3.735778 1.581774 0.064453
v -3.735777 1.576831 0.071875
v -3.735778 1.569499 0.074609
v -3.964419 1.581774 0.064453
v -3.964419 1.576831 0.071875
v -3.964419 1.569499 0.074609
v -4.187494 1.581774 0.064453
v -4.187494 1.576831 0.071875
v -4.187494 1.569499 0.074609
v -4.187494 1.581774 -0.064453
v -4.187494 1.576831 -0.071875
v -4.187494 1.569499 -0.074609
v -3.964419 1.581774 -0.064453
v -3.964419 1.576831 -0.071875
v -3.964419 1.569499 -0.074609
v -3.735778 1.581774 -0.064453
v -3.735778 1.576831 -0.071875
v -3.735778 1.569499 -0.074609
v -3.507137 1.581774 -0.064453
v -3.507136 1.576831 -0.071875
v -3.507137 1.569499 -0.074609
v -3.278496 1.581774 -0.064453
v -3.278496 1.576831 -0.071875
v -3.278496 1.569499 -0.074609
v -3.049854 1.581774 -0.064453
v -3.049854 1.576831 -0.071875
v -3.049855 1.569499 -0.074609
v -2.821213 1.581774 -0.064453
v -2.821213 1.576831 -0.071875
v -2.821213 1.569499 -0.074609
v -2.592572 1.581774 -0.064453
v -2.592571 1.576831 -0.071875
v -2.592571 1.569499 -0.074609
v -2.363930 1.581774 -0.064453
v -2.363930 1.576831 -0.071875
v -2.363930 1.569499 -0.074609
v -2.135289 1.581774 -0.064453
v -2.135289 1.576831 -0.071875
v -2.135289 1.569499 -0.074609
v -1.906648 1.581774 -0.064453
v -1.906648 1.576831 -0.071875
v -1.906648 1.569499 -0.074609
v -1.678006 1.581774 -0.064453
v -1.678007 1.576831 -0.071875
v -1.678007 1.569499 -0.074609
v -1.449365 1.581774 -0.064453
v -1.449365 1.576831 -0.071875
v -1.449365 1.569499 -0.074609
v -1.220724 1.581774 -0.064453
v -1.220724 1.576831 -0.071875
v -1.220724 1.569499 -0.074609
v -0.992083 1.581774 -0.064453
v -0.992083 1.576831 -0.071875
v -0.992083 1.569499 -0.074609
v -0.763441 1.581774 -0.064453
v -0.763442 1.576831 -0.071875
v -0.763442 1.569499 -0.074609
v -0.534800 1.581774 -0.064453
v -0.534800 1.576831 -0.071875
v -0.534800 1.569499 -0.074609
v -0.306159 1.581774 -0.064453
v -0.306159 1.576831 -0.071875
v -0.306159 1.569499 -0.074609
v -0.077518 1.581774 -0.064453
v -0.077518 1.576831 -0.071875
v -0.077518 1.569499 -0.074609
v 0.143087 1.581774 -0.064453
v 0.143087 1.576831 -0.071875
v 0.143087 1.569499 -0.074609
v 0.309510 1.581774 0.064453
v 0.309510 1.576831 0.071875
v 0.309510 1.569499 0.074609
v 0.309510 1.581774 -0.064453
v 0.309510 1.576831 -0.071875
v 0.309510 1.569499 -0.074609
v -4.361330 1.581774 -0.064453
v -4.361330 1.576831 -0.071875
v -4.361330 1.569499 -0.074609
v -4.361330 1.581774 0.064453
v -4.361330 1.576831 0.071875
v -4.361330 1.569499 0.074609
v -4.239101 1.559192 0.075000
v -4.286615 1.559192 0.075000
v -4.328027 1.559192 0.075000
v -4.410583 1.559192 -0.064453
v -4.400936 1.559192 -0.071875
v -4.385187 1.559192 -0.074609
v 0.192493 1.559192 -0.075000
v 0.237574 1.559192 -0.075000
v 0.277017 1.559192 -0.075000
v 0.363974 1.559192 0.064453
v 0.351895 1.559192 0.071875
v 0.334178 1.559192 0.074609
v -0.020483 1.559192 -0.075000
v 0.035798 1.559192 -0.075000
v 0.090573 1.559192 -0.075000
v -0.248999 1.559192 -0.075000
v -0.191838 1.559192 -0.075000
v -0.134678 1.559192 -0.075000
v -0.477640 1.559192 -0.075000
v -0.420480 1.559192 -0.075000
v -0.363319 1.559192 -0.075000
v -0.706281 1.559192 -0.075000
v -0.649121 1.559192 -0.075000
v -0.591961 1.559192 -0.075000
v -0.934922 1.559192 -0.075000
v -0.877762 1.559192 -0.075000
v -0.820602 1.559192 -0.075000
v -1.163564 1.559192 -0.075000
v -1.106403 1.559192 -0.075000
v -1.049243 1.559192 -0.075000
v -1.392205 1.559192 -0.075000
v -1.335045 1.559192 -0.075000
v -1.277884 1.559192 -0.075000
v -1.620846 1.559192 -0.075000
v -1.563686 1.559192 -0.075000
v -1.506526 1.559192 -0.075000
v -1.849487 1.559192 -0.075000
v -1.792327 1.559192 -0.075000
v -1.735167 1.559192 -0.075000
v -2.078129 1.559192 -0.075000
v -2.020968 1.559192 -0.075000
v -1.963808 1.559192 -0.075000
v -2.306770 1.559192 -0.075000
v -2.249609 1.559192 -0.075000
v -2.192449 1.559192 -0.075000
v -2.535411 1.559192 -0.075000
v -2.478251 1.559192 -0.075000
v -2.421090 1.559192 -0.075000
v -2.764052 1.559192 -0.075000
v -2.706892 1.559192 -0.075000
v -2.649732 1.559192 -0.075000
v -2.992694 1.559192 -0.075000
v -2.935533 1.559192 -0.075000
v -2.878373 1.559192 -0.075000
v -3.221335 1.559192 -0.075000
v -3.164175 1.559192 -0.075000
v -3.107015 1.559192 -0.075000
v -3.449977 1.559192 -0.075000
v -3.392816 1.559192 -0.075000
v -3.335656 1.559192 -0.075000
v -3.678618 1.559192 -0.075000
v -3.621457 1.559192 -0.075000
v -3.564297 1.559192 -0.075000
v -3.907259 1.559192 -0.075000
v -3.850099 1.559192 -0.075000
v -3.792938 1.559192 -0.075000
v -4.133552 1.559192 -0.075000
v -4.078044 1.559192 -0.075000
v -4.021493 1.559192 -0.075000
v -4.328027 1.559192 -0.075000
v -4.286615 1.559192 -0.075000
v -4.239102 1.559192 -0.075000
v -4.021492 1.559192 0.075000
v -4.078044 1.559192 0.075000
v -4.133552 1.559192 0.075000
v -3.792938 1.559192 0.075000
v -3.850098 1.559192 0.075000
v -3.907259 1.559192 0.075000
v -3.564297 1.559192 0.075000
v -3.621457 1.559192 0.075000
v -3.678618 1.559192 0.075000
v -3.335656 1.559192 0.075000
v -3.392816 1.559192 0.075000
v -3.449976 1.559192 0.075000
v -3.107015 1.559192 0.075000
v -3.164175 1.559192 0.075000
v -3.221335 1.559192 0.075000
v -2.878373 1.559192 0.075000
v -2.935534 1.559192 0.075000
v -2.992694 1.559192 0.075000
v -2.649732 1.559192 0.075000
v -2.706892 1.559192 0.075000
v -2.764052 1.559192 0.075000
v -2.421090 1.559192 0.075000
v -2.478251 1.559192 0.075000
v -2.535411 1.559192 0.075000
v -2.192449 1.559192 0.075000
v -2.249609 1.559192 0.075000
v -2.306770 1.559192 0.075000
v -1.963808 1.559192 0.075000
v -2.020968 1.559192 0.075000
v -2.078128 1.559192 0.075000
v -1.735167 1.559192 0.075000
v -1.792327 1.559192 0.075000
v -1.849488 1.559192 0.075000
v -1.506526 1.559192 0.075000
v -1.563686 1.559192 0.075000
v -1.620846 1.559192 0.075000
v -1.277884 1.559192 0.075000
v -1.335045 1.559192 0.075000
v -1.392205 1.559192 0.075000
v -1.049243 1.559192 0.075000
v -1.106403 1.559192 0.075000
v -1.163564 1.559192 0.075000
v -0.820602 1.559192 0.075000
v -0.877762 1.559192 0.075000
v -0.934922 1.559192 0.075000
v -0.591961 1.559192 0.075000
v -0.649121 1.559192 0.075000
v -0.706281 1.559192 0.075000
v -0.363319 1.559192 0.075000
v -0.420480 1.559192 0.075000
v -0.477640 1.559192 0.075000
v -0.134678 1.559192 0.075000
v -0.191838 1.559192 0.075000
v -0.248999 1.559192 0.075000
v 0.090573 1.559192 0.075000
v 0.035798 1.559192 0.075000
v -0.020483 1.559192 0.075000
v 0.277017 1.559192 0.075000
v 0.237574 1.559192 0.075000
v 0.192493 1.559192 0.075000
v -4.385187 1.559192 0.074609
v -4.400935 1.559192 0.071875
v -4.410583 1.559192 0.064453
v 0.376249 1.559192 -0.027344
v 0.377756 1.559192 -0.000000
v 0.376249 1.559192 0.027344
v 0.334178 1.559192 -0.074609
v 0.351895 1.559192 -0.071875
v 0.363974 1.559192 -0.064453
v -4.419266 1.559192 0.027344
v -4.420310 1.559192 0.000000
v -4.419266 1.559192 -0.027344
v -4.419190 1.569479 0.027196
v -4.418663 1.576673 0.026165
v -4.417252 1.581282 0.023859
v -4.420230 1.569486 0.000000
v -4.419666 1.576725 -0.000000
v -4.418139 1.581454 -0.000000
v -4.419191 1.569479 -0.027196
v -4.418663 1.576673 -0.026165
v -4.417252 1.581282 -0.023859
v 0.334176 1.569498 -0.074221
v 0.334161 1.576825 -0.071499
v 0.334131 1.581754 -0.064112
v 0.351879 1.569493 -0.071499
v 0.351765 1.576778 -0.068866
v 0.351521 1.581614 -0.061726
v 0.363925 1.569480 -0.064112
v 0.363579 1.576680 -0.061726
v 0.362807 1.581303 -0.055354
v 0.376140 1.569479 -0.027196
v 0.375377 1.576673 -0.026165
v 0.373340 1.581282 -0.023859
v 0.377639 1.569486 -0.000000
v 0.376825 1.576726 0.000000
v 0.374621 1.581454 0.000000
v 0.376140 1.569479 0.027196
v 0.375377 1.576673 0.026165
v 0.373340 1.581282 0.023859
v -4.385185 1.569498 0.074221
v -4.385175 1.576825 0.071499
v -4.385155 1.581754 0.064112
v -4.400924 1.569493 0.071499
v -4.400846 1.576778 0.068866
v -4.400677 1.581614 0.061726
v -4.410548 1.569480 0.064112
v -4.410309 1.576680 0.061726
v -4.409774 1.581303 0.055354
v 0.334129 0.287976 -0.027196
v 0.351504 0.288273 -0.026165
v 0.362758 0.289066 -0.023859
v 0.334145 0.287392 0.000000
v 0.351635 0.287709 0.000000
v 0.363184 0.288567 0.000000
v 0.334129 0.287976 0.027196
v 0.351504 0.288273 0.026165
v 0.362758 0.289066 0.023859
v -4.385153 1.586694 -0.027196
v -4.400665 1.586386 -0.026165
v -4.409740 1.585564 -0.023859
v -4.385165 1.587300 0.000000
v -4.400756 1.586971 0.000000
v -4.410036 1.586081 0.000000
v -4.385153 1.586695 0.027196
v -4.400665 1.586386 0.026165
v -4.409740 1.585564 0.023859
v 0.277017 1.586739 -0.027344
v 0.237574 1.586739 -0.027344
v 0.192493 1.586739 -0.027344
v 0.277017 1.587347 0.000000
v 0.237574 1.587347 0.000000
v 0.192493 1.587347 0.000000
v 0.277017 1.586738 0.027344
v 0.237574 1.586738 0.027344
v 0.192493 1.586738 0.027344
v 0.090573 1.586739 -0.027344
v 0.035798 1.586739 -0.027344
v -0.020483 1.586739 -0.027344
v 0.090573 1.587347 0.000000
v 0.035798 1.587347 0.000000
v -0.020483 1.587347 -0.000000
v 0.090573 1.586738 0.027344
v 0.035798 1.586738 0.027344
v -0.020483 1.586739 0.027344
v -0.134678 1.586739 -0.027344
v -0.191838 1.586739 -0.027344
v -0.248999 1.586739 -0.027344
v -0.134678 1.587347 0.000000
v -0.191838 1.587347 0.000000
v -0.248999 1.587347 -0.000000
v -0.134678 1.586738 0.027344
v -0.191838 1.586738 0.027344
v -0.248999 1.586739 0.027344
v -0.363319 1.586739 -0.027344
v -0.420480 1.586739 -0.027344
v -0.477640 1.586739 -0.027344
v -0.363319 1.587347 0.000000
v -0.420480 1.587347 0.000000
v -0.477640 1.587347 -0.000000
v -0.363319 1.586738 0.027344
v -0.420480 1.586738 0.027344
v -0.477640 1.586739 0.027344
v -0.591960 1.586739 -0.027344
v -0.649121 1.586739 -0.027344
v -0.706281 1.586739 -0.027344
v -0.591960 1.587347 0.000000
v -0.649121 1.587347 0.000000
v -0.706281 1.587347 -0.000000
v -0.591960 1.586738 0.027344
v -0.649121 1.586738 0.027344
v -0.706281 1.586739 0.027344
v -0.820602 1.586739 -0.027344
v -0.877762 1.586739 -0.027344
v -0.934922 1.586739 -0.027344
v -0.820602 1.587347 0.000000
v -0.877762 1.587347 0.000000
v -0.934922 1.587347 -0.000000
v -0.820602 1.586738 0.027344
v -0.877762 1.586738 0.027344
v -0.934922 1.586739 0.027344
v -1.049243 1.586739 -0.027344
v -1.106403 1.586739 -0.027344
v -1.163564 1.586739 -0.027344
v -1.049243 1.587347 0.000000
v -1.106403 1.587347 0.000000
v -1.163564 1.587347 -0.000000
v -1.049243 1.586738 0.027344
v -1.106403 1.586738 0.027344
v -1.163564 1.586739 0.027344
v -1.277884 1.586739 -0.027344
v -1.335045 1.586739 -0.027344
v -1.392205 1.586739 -0.027344
v -1.277884 1.587347 0.000000
v -1.335045 1.587347 0.000000
v -1.392205 1.587347 -0.000000
v -1.277884 1.586738 0.027344
v -1.335045 1.586738 0.027344
v -1.392205 1.586739 0.027344
v -1.506526 1.586739 -0.027344
v -1.563686 1.586739 -0.027344
v -1.620846 1.586739 -0.027344
v -1.506526 1.587347 0.000000
v -1.563686 1.587347 0.000000
v -1.620846 1.587347 -0.000000
v -1.506526 1.586738 0.027344
v -1.563686 1.586738 0.027344
v -1.620846 1.586739 0.027344
v -1.735167 1.586739 -0.027344
v -1.792327 1.586739 -0.027344
v -1.849487 1.586739 -0.027344
v -1.735167 1.587347 0.000000
v -1.792327 1.587347 0.000000
v -1.849487 1.587347 -0.000000
v -1.735167 1.586738 0.027344
v -1.792327 1.586738 0.027344
v -1.849487 1.586739 0.027344
v -1.963808 1.586739 -0.027344
v -2.020968 1.586739 -0.027344
v -2.078129 1.586739 -0.027344
v -1.963808 1.587347 0.000000
v -2.020968 1.587347 0.000000
v -2.078129 1.587347 -0.000000
v -1.963808 1.586738 0.027344
v -2.020968 1.586738 0.027344
v -2.078128 1.586739 0.027344
v -2.192449 1.586739 -0.027344
v -2.249610 1.586739 -0.027344
v -2.306770 1.586739 -0.027344
v -2.192449 1.587347 0.000000
v -2.249610 1.587347 0.000000
v -2.306770 1.587347 -0.000000
v -2.192449 1.586738 0.027344
v -2.249609 1.586738 0.027344
v -2.306770 1.586739 0.027344
v -2.421090 1.586739 -0.027344
v -2.478251 1.586739 -0.027344
v -2.535411 1.586739 -0.027344
v -2.421091 1.587347 0.000000
v -2.478251 1.587347 0.000000
v -2.535411 1.587347 -0.000000
v -2.421090 1.586738 0.027344
v -2.478251 1.586738 0.027344
v -2.535411 1.586739 0.027344
v -2.649732 1.586739 -0.027344
v -2.706892 1.586739 -0.027344
v -2.764053 1.586739 -0.027344
v -2.649732 1.587347 0.000000
v -2.706892 1.587347 0.000000
v -2.764053 1.587347 -0.000000
v -2.649732 1.586738 0.027344
v -2.706892 1.586738 0.027344
v -2.764053 1.586739 0.027344
v -2.878373 1.586739 -0.027344
v -2.935533 1.586739 -0.027344
v -2.992694 1.586739 -0.027344
v -2.878373 1.587347 0.000000
v -2.935534 1.587347 0.000000
v -2.992694 1.587347 -0.000000
v -2.878373 1.586738 0.027344
v -2.935534 1.586738 0.027344
v -2.992694 1.586739 0.027344
v -3.107014 1.586739 -0.027344
v -3.164174 1.586739 -0.027344
v -3.221335 1.586739 -0.027344
v -3.107014 1.587347 0.000000
v -3.164175 1.587347 0.000000
v -3.221335 1.587347 -0.000000
v -3.107014 1.586738 0.027344
v -3.164174 1.586738 0.027344
v -3.221335 1.586739 0.027344
v -3.335656 1.586739 -0.027344
v -3.392816 1.586739 -0.027344
v -3.449976 1.586739 -0.027344
v -3.335655 1.587347 0.000000
v -3.392816 1.587347 0.000000
v -3.449977 1.587347 -0.000000
v -3.335656 1.586738 0.027344
v -3.392816 1.586738 0.027344
v -3.449976 1.586739 0.027344
v -3.564296 1.586739 -0.027344
v -3.621457 1.586739 -0.027344
v -3.678617 1.586739 -0.027344
v -3.564297 1.587347 0.000000
v -3.621457 1.587347 0.000000
v -3.678617 1.587347 -0.000000
v -3.564296 1.586738 0.027344
v -3.621457 1.586738 0.027344
v -3.678617 1.586739 0.027344
v -3.792938 1.586739 -0.027344
v -3.850098 1.586739 -0.027344
v -3.907259 1.586739 -0.027344
v -3.792938 1.587347 0.000000
v -3.850098 1.587347 0.000000
v -3.907259 1.587347 -0.000000
v -3.792938 1.586738 0.027344
v -3.850098 1.586738 0.027344
v -3.907258 1.586739 0.027344
v -4.021492 1.586739 -0.027344
v -4.078043 1.586739 -0.027344
v -4.133552 1.586739 -0.027344
v -4.021492 1.587347 0.000000
v -4.078044 1.587347 0.000000
v -4.133552 1.587347 -0.000000
v -4.021492 1.586738 0.027344
v -4.078043 1.586738 0.027344
v -4.133552 1.586739 0.027344
v -4.328027 0.287933 -0.027344
v -4.286614 0.287933 -0.027344
v -4.239101 0.287933 -0.027344
v -4.328027 0.287347 -0.000000
v -4.286614 0.287347 0.000000
v -4.239101 0.287347 -0.000000
v -4.328027 0.287933 0.027344
v -4.286615 0.287933 0.027344
v -4.239101 0.287933 0.027344
v -4.133552 0.287933 -0.027344
v -4.078044 0.287933 -0.027344
v -4.021492 0.287933 -0.027344
v -4.133552 0.287347 0.000000
v -4.078044 0.287347 0.000000
v -4.021492 0.287347 -0.000000
v -4.133552 0.287933 0.027344
v -4.078043 0.287933 0.027344
v -4.021492 0.287933 0.027344
v -3.907259 0.287933 -0.027344
v -3.850098 0.287933 -0.027344
v -3.792938 0.287933 -0.027344
v -3.907259 0.287347 0.000000
v -3.850098 0.287347 0.000000
v -3.792938 0.287347 -0.000000
v -3.907259 0.287933 0.027344
v -3.850098 0.287933 0.027344
v -3.792938 0.287933 0.027344
v -3.678617 0.287933 -0.027344
v -3.621457 0.287933 -0.027344
v -3.564297 0.287933 -0.027344
v -3.678617 0.287347 0.000000
v -3.621457 0.287347 0.000000
v -3.564297 0.287347 -0.000000
v -3.678617 0.287933 0.027344
v -3.621457 0.287933 0.027344
v -3.564297 0.287933 0.027344
v -3.449976 0.287933 -0.027344
v -3.392816 0.287933 -0.027344
v -3.335655 0.287933 -0.027344
v -3.449976 0.287347 0.000000
v -3.392816 0.287347 0.000000
v -3.335655 0.287347 -0.000000
v -3.449976 0.287933 0.027344
v -3.392816 0.287933 0.027344
v -3.335655 0.287933 0.027344
v -3.221335 0.287933 -0.027344
v -3.164175 0.287933 -0.027344
v -3.107014 0.287933 -0.027344
v -3.221335 0.287347 0.000000
v -3.164175 0.287347 0.000000
v -3.107015 0.287347 -0.000000
v -3.221335 0.287933 0.027344
v -3.164175 0.287933 0.027344
v -3.107014 0.287933 0.027344
v -2.992694 0.287933 -0.027344
v -2.935534 0.287933 -0.027344
v -2.878373 0.287933 -0.027344
v -2.992693 0.287347 0.000000
v -2.935534 0.287347 0.000000
v -2.878373 0.287347 -0.000000
v -2.992694 0.287933 0.027344
v -2.935534 0.287933 0.027344
v -2.878373 0.287933 0.027344
v -2.764052 0.287933 -0.027344
v -2.706892 0.287933 -0.027344
v -2.649732 0.287933 -0.027344
v -2.764052 0.287347 0.000000
v -2.706892 0.287347 0.000000
v -2.649732 0.287347 -0.000000
v -2.764052 0.287933 0.027344
v -2.706892 0.287933 0.027344
v -2.649732 0.287933 0.027344
v -2.535411 0.287933 -0.027344
v -2.478251 0.287933 -0.027344
v -2.421091 0.287933 -0.027344
v -2.535411 0.287347 0.000000
v -2.478251 0.287347 0.000000
v -2.421091 0.287347 -0.000000
v -2.535411 0.287933 0.027344
v -2.478251 0.287933 0.027344
v -2.421091 0.287933 0.027344
v -2.306770 0.287933 -0.027344
v -2.249609 0.287933 -0.027344
v -2.192449 0.287933 -0.027344
v -2.306770 0.287347 0.000000
v -2.249609 0.287347 0.000000
v -2.192449 0.287347 -0.000000
v -2.306770 0.287933 0.027344
v -2.249610 0.287933 0.027344
v -2.192449 0.287933 0.027344
v -2.078129 0.287933 -0.027344
v -2.020968 0.287933 -0.027344
v -1.963808 0.287933 -0.027344
v -2.078129 0.287347 0.000000
v -2.020968 0.287347 0.000000
v -1.963808 0.287347 -0.000000
v -2.078129 0.287933 0.027344
v -2.020968 0.287933 0.027344
v -1.963808 0.287933 0.027344
v -1.849487 0.287933 -0.027344
v -1.792327 0.287933 -0.027344
v -1.735167 0.287933 -0.027344
v -1.849487 0.287347 0.000000
v -1.792327 0.287347 0.000000
v -1.735167 0.287347 -0.000000
v -1.849487 0.287933 0.027344
v -1.792327 0.287933 0.027344
v -1.735167 0.287933 0.027344
v -1.620846 0.287933 -0.027344
v -1.563686 0.287933 -0.027344
v -1.506525 0.287933 -0.027344
v -1.620846 0.287347 0.000000
v -1.563686 0.287347 0.000000
v -1.506526 0.287347 -0.000000
v -1.620846 0.287933 0.027344
v -1.563686 0.287933 0.027344
v -1.506526 0.287933 0.027344
v -1.392205 0.287933 -0.027344
v -1.335045 0.287933 -0.027344
v -1.277884 0.287933 -0.027344
v -1.392205 0.287347 0.000000
v -1.335045 0.287347 0.000000
v -1.277884 0.287347 -0.000000
v -1.392205 0.287933 0.027344
v -1.335045 0.287933 0.027344
v -1.277884 0.287933 0.027344
v -1.163564 0.287933 -0.027344
v -1.106403 0.287933 -0.027344
v -1.049243 0.287933 -0.027344
v -1.163564 0.287347 0.000000
v -1.106403 0.287347 0.000000
v -1.049243 0.287347 -0.000000
v -1.163564 0.287933 0.027344
v -1.106403 0.287933 0.027344
v -1.049243 0.287933 0.027344
v -0.934922 0.287933 -0.027344
v -0.877762 0.287933 -0.027344
v -0.820602 0.287933 -0.027344
v -0.934922 0.287347 0.000000
v -0.877762 0.287347 0.000000
v -0.820602 0.287347 -0.000000
v -0.934922 0.287933 0.027344
v -0.877762 0.287933 0.027344
v -0.820602 0.287933 0.027344
v -0.706281 0.287933 -0.027344
v -0.649121 0.287933 -0.027344
v -0.591960 0.287933 -0.027344
v -0.706281 0.287347 0.000000
v -0.649121 0.287347 0.000000
v -0.591960 0.287347 -0.000000
v -0.706281 0.287933 0.027344
v -0.649121 0.287933 0.027344
v -0.591961 0.287933 0.027344
v -0.477640 0.287933 -0.027344
v -0.420480 0.287933 -0.027344
v -0.363319 0.287933 -0.027344
v -0.477640 0.287347 0.000000
v -0.420480 0.287347 0.000000
v -0.363319 0.287347 -0.000000
v -0.477640 0.287933 0.027344
v -0.420480 0.287933 0.027344
v -0.363319 0.287933 0.027344
v -0.248999 0.287933 -0.027344
v -0.191838 0.287933 -0.027344
v -0.134678 0.287933 -0.027344
v -0.248999 0.287347 0.000000
v -0.191838 0.287347 0.000000
v -0.134678 0.287347 -0.000000
v -0.248999 0.287933 0.027344
v -0.191838 0.287933 0.027344
v -0.134678 0.287933 0.027344
v -0.020483 0.287933 -0.027344
v 0.035798 0.287933 -0.027344
v 0.090573 0.287933 -0.027344
v -0.020483 0.287347 0.000000
v 0.035798 0.287347 0.000000
v 0.090573 0.287347 -0.000000
v -0.020483 0.287933 0.027344
v 0.035798 0.287933 0.027344
v 0.090573 0.287933 0.027344
v 0.277017 1.569499 0.074609
v 0.277017 1.576831 0.071875
v 0.277017 1.581774 0.064453
v 0.237574 1.569499 0.074609
v 0.237574 1.576831 0.071875
v 0.237574 1.581774 0.064453
v 0.192493 1.569499 0.074609
v 0.192493 1.576831 0.071875
v 0.192493 1.581774 0.064453
v 0.090573 1.569499 0.074609
v 0.090573 1.576831 0.071875
v 0.090573 1.581774 0.064453
v 0.035798 1.569499 0.074609
v 0.035798 1.576831 0.071875
v 0.035798 1.581774 0.064453
v -0.020483 1.569499 0.074609
v -0.020483 1.576831 0.071875
v -0.020483 1.581774 0.064453
v -0.134678 1.569499 0.074609
v -0.134678 1.576831 0.071875
v -0.134678 1.581774 0.064453
v -0.191838 1.569499 0.074609
v -0.191838 1.576831 0.071875
v -0.191838 1.581774 0.064453
v -0.248999 1.569499 0.074609
v -0.248999 1.576831 0.071875
v -0.248999 1.581774 0.064453
v -0.363319 1.569499 0.074609
v -0.363319 1.576831 0.071875
v -0.363319 1.581774 0.064453
v -0.420480 1.569499 0.074609
v -0.420480 1.576831 0.071875
v -0.420480 1.581774 0.064453
v -0.477640 1.569499 0.074609
v -0.477640 1.576831 0.071875
v -0.477640 1.581774 0.064453
v -0.591960 1.569499 0.074609
v -0.591960 1.576831 0.071875
v -0.591960 1.581774 0.064453
v -0.649121 1.569499 0.074609
v -0.649121 1.576831 0.071875
v -0.649121 1.581774 0.064453
v -0.706281 1.569499 0.074609
v -0.706281 1.576831 0.071875
v -0.706281 1.581774 0.064453
v -0.820602 1.569499 0.074609
v -0.820602 1.576831 0.071875
v -0.820602 1.581774 0.064453
v -0.877762 1.569499 0.074609
v -0.877762 1.576831 0.071875
v -0.877762 1.581774 0.064453
v -0.934922 1.569499 0.074609
v -0.934922 1.576831 0.071875
v -0.934922 1.581774 0.064453
v -1.049243 1.569499 0.074609
v -1.049243 1.576831 0.071875
v -1.049243 1.581774 0.064453
v -1.106403 1.569499 0.074609
v -1.106403 1.576831 0.071875
v -1.106403 1.581774 0.064453
v -1.163564 1.569499 0.074609
v -1.163564 1.576831 0.071875
v -1.163564 1.581774 0.064453
v -1.277884 1.569499 0.074609
v -1.277884 1.576831 0.071875
v -1.277884 1.581774 0.064453
v -1.335045 1.569499 0.074609
v -1.335044 1.576831 0.071875
v -1.335044 1.581774 0.064453
v -1.392205 1.569499 0.074609
v -1.392205 1.576831 0.071875
v -1.392205 1.581774 0.064453
v -1.506526 1.569499 0.074609
v -1.506525 1.576831 0.071875
v -1.506525 1.581774 0.064453
v -1.563686 1.569499 0.074609
v -1.563686 1.576831 0.071875
v -1.563686 1.581774 0.064453
v -1.620846 1.569499 0.074609
v -1.620846 1.576831 0.071875
v -1.620846 1.581774 0.064453
v -1.735167 1.569499 0.074609
v -1.735167 1.576831 0.071875
v -1.735167 1.581774 0.064453
v -1.792327 1.569499 0.074609
v -1.792327 1.576831 0.071875
v -1.792327 1.581774 0.064453
v -1.849487 1.569499 0.074609
v -1.849487 1.576831 0.071875
v -1.849487 1.581774 0.064453
v -1.963808 1.569499 0.074609
v -1.963808 1.576831 0.071875
v -1.963808 1.581774 0.064453
v -2.020968 1.569499 0.074609
v -2.020968 1.576831 0.071875
v -2.020968 1.581774 0.064453
v -2.078129 1.569499 0.074609
v -2.078128 1.576831 0.071875
v -2.078129 1.581774 0.064453
v -2.192449 1.569499 0.074609
v -2.192449 1.576831 0.071875
v -2.192449 1.581774 0.064453
v -2.249609 1.569499 0.074609
v -2.249610 1.576831 0.071875
v -2.249609 1.581774 0.064453
v -2.306770 1.569499 0.074609
v -2.306770 1.576831 0.071875
v -2.306770 1.581774 0.064453
v -2.421091 1.569499 0.074609
v -2.421090 1.576831 0.071875
v -2.421090 1.581774 0.064453
v -2.478251 1.569499 0.074609
v -2.478251 1.576831 0.071875
v -2.478251 1.581774 0.064453
v -2.535411 1.569499 0.074609
v -2.535411 1.576831 0.071875
v -2.535412 1.581774 0.064453
v -2.649732 1.569499 0.074609
v -2.649732 1.576831 0.071875
v -2.649732 1.581774 0.064453
v -2.706892 1.569499 0.074609
v -2.706892 1.576831 0.071875
v -2.706892 1.581774 0.064453
v -2.764052 1.569499 0.074609
v -2.764052 1.576831 0.071875
v -2.764052 1.581774 0.064453
v -2.878373 1.569499 0.074609
v -2.878373 1.576831 0.071875
v -2.878373 1.581774 0.064453
v -2.935534 1.569499 0.074609
v -2.935534 1.576831 0.071875
v -2.935533 1.581774 0.064453
v -2.992694 1.569499 0.074609
v -2.992694 1.576831 0.071875
v -2.992694 1.581774 0.064453
v -3.107014 1.569499 0.074609
v -3.107014 1.576831 0.071875
v -3.107014 1.581774 0.064453
v -3.164175 1.569499 0.074609
v -3.164175 1.576831 0.071875
v -3.164175 1.581774 0.064453
v -3.221335 1.569499 0.074609
v -3.221334 1.576831 0.071875
v -3.221335 1.581774 0.064453
v -3.335656 1.569499 0.074609
v -3.335655 1.576831 0.071875
v -3.335656 1.581774 0.064453
v -3.392816 1.569499 0.074609
v -3.392816 1.576831 0.071875
v -3.392816 1.581774 0.064453
v -3.449976 1.569499 0.074609
v -3.449976 1.576831 0.071875
v -3.449976 1.581774 0.064453
v -3.564297 1.569499 0.074609
v -3.564297 1.576831 0.071875
v -3.564296 1.581774 0.064453
v -3.621457 1.569499 0.074609
v -3.621457 1.576831 0.071875
v -3.621457 1.581774 0.064453
v -3.678618 1.569499 0.074609
v -3.678617 1.576831 0.071875
v -3.678617 1.581774 0.064453
v -3.792938 1.569499 0.074609
v -3.792938 1.576831 0.071875
v -3.792938 1.581774 0.064453
v -3.850099 1.569499 0.074609
v -3.850099 1.576831 0.071875
v -3.850098 1.581774 0.064453
v -3.907259 1.569499 0.074609
v -3.907259 1.576831 0.071875
v -3.907259 1.581774 0.064453
v -4.021492 1.569499 0.074609
v -4.021492 1.576831 0.071875
v -4.021492 1.581774 0.064453
v -4.078044 1.569499 0.074609
v -4.078044 1.576831 0.071875
v -4.078043 1.581774 0.064453
v -4.133552 1.569499 0.074609
v -4.133551 1.576831 0.071875
v -4.133552 1.581774 0.064453
v -4.328027 1.569499 -0.074609
v -4.328027 1.576831 -0.071875
v -4.328027 1.581774 -0.064453
v -4.286615 1.569499 -0.074609
v -4.286614 1.576831 -0.071875
v -4.286614 1.581774 -0.064453
v -4.239102 1.569499 -0.074609
v -4.239101 1.576831 -0.071875
v -4.239101 1.581774 -0.064453
v -4.133553 1.569499 -0.074609
v -4.133552 1.576831 -0.071875
v -4.133552 1.581774 -0.064453
v -4.078044 1.569499 -0.074609
v -4.078044 1.576831 -0.071875
v -4.078043 1.581774 -0.064453
v -4.021492 1.569499 -0.074609
v -4.021492 1.576831 -0.071875
v -4.021492 1.581774 -0.064453
v -3.907259 1.569499 -0.074609
v -3.907259 1.576831 -0.071875
v -3.907259 1.581774 -0.064453
v -3.850099 1.569499 -0.074609
v -3.850099 1.576831 -0.071875
v -3.850098 1.581774 -0.064453
v -3.792938 1.569499 -0.074609
v -3.792938 1.576831 -0.071875
v -3.792938 1.581774 -0.064453
v -3.678618 1.569499 -0.074609
v -3.678617 1.576831 -0.071875
v -3.678617 1.581774 -0.064453
v -3.621457 1.569499 -0.074609
v -3.621458 1.576831 -0.071875
v -3.621457 1.581774 -0.064453
v -3.564297 1.569499 -0.074609
v -3.564297 1.576831 -0.071875
v -3.564297 1.581774 -0.064453
v -3.449976 1.569499 -0.074609
v -3.449977 1.576831 -0.071875
v -3.449977 1.581774 -0.064453
v -3.392817 1.569499 -0.074609
v -3.392816 1.576831 -0.071875
v -3.392816 1.581774 -0.064453
v -3.335656 1.569499 -0.074609
v -3.335656 1.576831 -0.071875
v -3.335655 1.581774 -0.064453
v -3.221335 1.569499 -0.074609
v -3.221335 1.576831 -0.071875
v -3.221335 1.581774 -0.064453
v -3.164175 1.569499 -0.074609
v -3.164175 1.576831 -0.071875
v -3.164175 1.581774 -0.064453
v -3.107014 1.569499 -0.074609
v -3.107015 1.576831 -0.071875
v -3.107014 1.581774 -0.064453
v -2.992694 1.569499 -0.074609
v -2.992693 1.576831 -0.071875
v -2.992694 1.581774 -0.064453
v -2.935534 1.569499 -0.074609
v -2.935534 1.576831 -0.071875
v -2.935534 1.581774 -0.064453
v -2.878373 1.569499 -0.074609
v -2.878373 1.576831 -0.071875
v -2.878373 1.581774 -0.064453
v -2.764053 1.569499 -0.074609
v -2.764053 1.576831 -0.071875
v -2.764053 1.581774 -0.064453
v -2.706892 1.569499 -0.074609
v -2.706892 1.576831 -0.071875
v -2.706892 1.581774 -0.064453
v -2.649732 1.569499 -0.074609
v -2.649732 1.576831 -0.071875
v -2.649732 1.581774 -0.064453
v -2.535411 1.569499 -0.074609
v -2.535411 1.576831 -0.071875
v -2.535411 1.581774 -0.064453
v -2.478251 1.569499 -0.074609
v -2.478251 1.576831 -0.071875
v -2.478251 1.581774 -0.064453
v -2.421091 1.569499 -0.074609
v -2.421091 1.576831 -0.071875
v -2.421091 1.581774 -0.064453
v -2.306770 1.569499 -0.074609
v -2.306770 1.576831 -0.071875
v -2.306770 1.581774 -0.064453
v -2.249610 1.569499 -0.074609
v -2.249610 1.576831 -0.071875
v -2.249610 1.581774 -0.064453
v -2.192449 1.569499 -0.074609
v -2.192449 1.576831 -0.071875
v -2.192449 1.581774 -0.064453
v -2.078129 1.569499 -0.074609
v -2.078129 1.576831 -0.071875
v -2.078129 1.581774 -0.064453
v -2.020968 1.569499 -0.074609
v -2.020968 1.576831 -0.071875
v -2.020968 1.581774 -0.064453
v -1.963808 1.569499 -0.074609
v -1.963808 1.576831 -0.071875
v -1.963808 1.581774 -0.064453
v -1.849487 1.569499 -0.074609
v -1.849487 1.576831 -0.071875
v -1.849487 1.581774 -0.064453
v -1.792327 1.569499 -0.074609
v -1.792327 1.576831 -0.071875
v -1.792327 1.581774 -0.064453
v -1.735167 1.569499 -0.074609
v -1.735167 1.576831 -0.071875
v -1.735167 1.581774 -0.064453
v -1.620846 1.569499 -0.074609
v -1.620846 1.576831 -0.071875
v -1.620846 1.581774 -0.064453
v -1.563686 1.569499 -0.074609
v -1.563686 1.576831 -0.071875
v -1.563686 1.581774 -0.064453
v -1.506526 1.569499 -0.074609
v -1.506526 1.576831 -0.071875
v -1.506526 1.581774 -0.064453
v -1.392205 1.569499 -0.074609
v -1.392205 1.576831 -0.071875
v -1.392205 1.581774 -0.064453
v -1.335045 1.569499 -0.074609
v -1.335045 1.576831 -0.071875
v -1.335045 1.581774 -0.064453
v -1.277884 1.569499 -0.074609
v -1.277884 1.576831 -0.071875
v -1.277884 1.581774 -0.064453
v -1.163564 1.569499 -0.074609
v -1.163564 1.576831 -0.071875
v -1.163564 1.581774 -0.064453
v -1.106404 1.569499 -0.074609
v -1.106403 1.576831 -0.071875
v -1.106403 1.581774 -0.064453
v -1.049243 1.569499 -0.074609
v -1.049243 1.576831 -0.071875
v -1.049243 1.581774 -0.064453
v -0.934922 1.569499 -0.074609
v -0.934923 1.576831 -0.071875
v -0.934922 1.581774 -0.064453
v -0.877762 1.569499 -0.074609
v -0.877762 1.576831 -0.071875
v -0.877762 1.581774 -0.064453
v -0.820602 1.569499 -0.074609
v -0.820602 1.576831 -0.071875
v -0.820602 1.581774 -0.064453
v -0.706281 1.569499 -0.074609
v -0.706281 1.576831 -0.071875
v -0.706281 1.581774 -0.064453
v -0.649121 1.569499 -0.074609
v -0.649121 1.576831 -0.071875
v -0.649121 1.581774 -0.064453
v -0.591961 1.569499 -0.074609
v -0.591961 1.576831 -0.071875
v -0.591961 1.581774 -0.064453
v -0.477640 1.569499 -0.074609
v -0.477640 1.576831 -0.071875
v -0.477640 1.581774 -0.064453
v -0.420480 1.569499 -0.074609
v -0.420480 1.576831 -0.071875
v -0.420480 1.581774 -0.064453
v -0.363319 1.569499 -0.074609
v -0.363319 1.576831 -0.071875
v -0.363319 1.581774 -0.064453
v -0.248999 1.569499 -0.074609
v -0.248999 1.576831 -0.071875
v -0.248999 1.581774 -0.064453
v -0.191838 1.569499 -0.074609
v -0.191838 1.576831 -0.071875
v -0.191838 1.581774 -0.064453
v -0.134678 1.569499 -0.074609
v -0.134678 1.576831 -0.071875
v -0.134678 1.581774 -0.064453
v -0.020483 1.569499 -0.074609
v -0.020483 1.576831 -0.071875
v -0.020483 1.581774 -0.064453
v 0.035798 1.569499 -0.074609
v 0.035798 1.576831 -0.071875
v 0.035798 1.581774 -0.064453
v 0.090573 1.569499 -0.074609
v 0.090573 1.576831 -0.071875
v 0.090573 1.581774 -0.064453
v -0.020483 1.400012 -0.075000
v -0.020483 1.459800 -0.075000
v -0.020483 1.487666 -0.075000
v 0.035798 1.400012 -0.075000
v 0.035798 1.459800 -0.075000
v 0.035798 1.487666 -0.075000
v 0.090573 1.400012 -0.075000
v 0.090573 1.459800 -0.075000
v 0.090573 1.487666 -0.075000
v -0.248999 1.400012 -0.075000
v -0.248999 1.459800 -0.075000
v -0.248999 1.487666 -0.075000
v -0.191838 1.400012 -0.075000
v -0.191838 1.459800 -0.075000
v -0.191838 1.487666 -0.075000
v -0.134678 1.400012 -0.075000
v -0.134678 1.459800 -0.075000
v -0.134678 1.487666 -0.075000
v -0.477640 1.400012 -0.075000
v -0.477640 1.459800 -0.075000
v -0.477640 1.487666 -0.075000
v -0.420480 1.400012 -0.075000
v -0.420480 1.459800 -0.075000
v -0.420480 1.487666 -0.075000
v -0.363319 1.400012 -0.075000
v -0.363319 1.459800 -0.075000
v -0.363319 1.487666 -0.075000
v -0.706281 1.400012 -0.075000
v -0.706281 1.459800 -0.075000
v -0.706281 1.487666 -0.075000
v -0.649121 1.400012 -0.075000
v -0.649121 1.459800 -0.075000
v -0.649121 1.487666 -0.075000
v -0.591961 1.400012 -0.075000
v -0.591961 1.459800 -0.075000
v -0.591961 1.487666 -0.075000
v -0.934922 1.400012 -0.075000
v -0.934923 1.459800 -0.075000
v -0.934922 1.487666 -0.075000
v -0.877762 1.400012 -0.075000
v -0.877762 1.459800 -0.075000
v -0.877762 1.487666 -0.075000
v -0.820602 1.400012 -0.075000
v -0.820602 1.459800 -0.075000
v -0.820602 1.487666 -0.075000
v -1.163563 1.400012 -0.075000
v -1.163563 1.459800 -0.075000
v -1.163564 1.487666 -0.075000
v -1.106403 1.400012 -0.075000
v -1.106403 1.459800 -0.075000
v -1.106403 1.487666 -0.075000
v -1.049243 1.400012 -0.075000
v -1.049243 1.459800 -0.075000
v -1.049243 1.487666 -0.075000
v -1.392205 1.400012 -0.075000
v -1.392205 1.459800 -0.075000
v -1.392205 1.487666 -0.075000
v -1.335045 1.400012 -0.075000
v -1.335045 1.459800 -0.075000
v -1.335045 1.487666 -0.075000
v -1.277884 1.400012 -0.075000
v -1.277884 1.459800 -0.075000
v -1.277884 1.487666 -0.075000
v -1.620846 1.400012 -0.075000
v -1.620846 1.459800 -0.075000
v -1.620846 1.487666 -0.075000
v -1.563686 1.400012 -0.075000
v -1.563686 1.459800 -0.075000
v -1.563686 1.487666 -0.075000
v -1.506526 1.400012 -0.075000
v -1.506526 1.459800 -0.075000
v -1.506526 1.487666 -0.075000
v -1.849487 1.400012 -0.075000
v -1.849487 1.459800 -0.075000
v -1.849488 1.487666 -0.075000
v -1.792327 1.400012 -0.075000
v -1.792327 1.459800 -0.075000
v -1.792327 1.487666 -0.075000
v -1.735167 1.400012 -0.075000
v -1.735167 1.459800 -0.075000
v -1.735167 1.487666 -0.075000
v -2.078129 1.400012 -0.075000
v -2.078129 1.459800 -0.075000
v -2.078129 1.487666 -0.075000
v -2.020968 1.400012 -0.075000
v -2.020969 1.459800 -0.075000
v -2.020968 1.487666 -0.075000
v -1.963808 1.400012 -0.075000
v -1.963808 1.459800 -0.075000
v -1.963808 1.487666 -0.075000
v -2.306770 1.400012 -0.075000
v -2.306770 1.459800 -0.075000
v -2.306770 1.487666 -0.075000
v -2.249610 1.400012 -0.075000
v -2.249610 1.459800 -0.075000
v -2.249609 1.487666 -0.075000
v -2.192449 1.400012 -0.075000
v -2.192449 1.459800 -0.075000
v -2.192449 1.487666 -0.075000
v -2.535411 1.400012 -0.075000
v -2.535412 1.459800 -0.075000
v -2.535411 1.487666 -0.075000
v -2.478251 1.400012 -0.075000
v -2.478251 1.459800 -0.075000
v -2.478251 1.487666 -0.075000
v -2.421091 1.400012 -0.075000
v -2.421090 1.459800 -0.075000
v -2.421091 1.487666 -0.075000
v -2.764053 1.400012 -0.075000
v -2.764052 1.459800 -0.075000
v -2.764052 1.487666 -0.075000
v -2.706892 1.400012 -0.075000
v -2.706892 1.459800 -0.075000
v -2.706892 1.487666 -0.075000
v -2.649731 1.400012 -0.075000
v -2.649732 1.459800 -0.075000
v -2.649731 1.487666 -0.075000
v -2.992694 1.400012 -0.075000
v -2.992694 1.459800 -0.075000
v -2.992694 1.487666 -0.075000
v -2.935534 1.400012 -0.075000
v -2.935534 1.459800 -0.075000
v -2.935534 1.487666 -0.075000
v -2.878373 1.400012 -0.075000
v -2.878373 1.459800 -0.075000
v -2.878373 1.487666 -0.075000
v -3.221335 1.400012 -0.075000
v -3.221335 1.459800 -0.075000
v -3.221335 1.487666 -0.075000
v -3.164175 1.400012 -0.075000
v -3.164175 1.459800 -0.075000
v -3.164175 1.487666 -0.075000
v -3.107014 1.400012 -0.075000
v -3.107015 1.459800 -0.075000
v -3.107015 1.487666 -0.075000
v -3.449976 1.400012 -0.075000
v -3.449976 1.459800 -0.075000
v -3.449977 1.487666 -0.075000
v -3.392816 1.400012 -0.075000
v -3.392816 1.459800 -0.075000
v -3.392816 1.487666 -0.075000
v -3.335656 1.400012 -0.075000
v -3.335655 1.459800 -0.075000
v -3.335656 1.487666 -0.075000
v -3.678617 1.400012 -0.075000
v -3.678617 1.459800 -0.075000
v -3.678618 1.487666 -0.075000
v -3.621457 1.400012 -0.075000
v -3.621457 1.459800 -0.075000
v -3.621457 1.487666 -0.075000
v -3.564297 1.400012 -0.075000
v -3.564297 1.459800 -0.075000
v -3.564297 1.487666 -0.075000
v -3.907259 1.400012 -0.075000
v -3.907259 1.459800 -0.075000
v -3.907259 1.487666 -0.075000
v -3.850098 1.400012 -0.075000
v -3.850099 1.459800 -0.075000
v -3.850098 1.487666 -0.075000
v -3.792938 1.400012 -0.075000
v -3.792938 1.459800 -0.075000
v -3.792938 1.487666 -0.075000
v -4.133552 1.400012 -0.075000
v -4.133552 1.459800 -0.075000
v -4.133552 1.487666 -0.075000
v -4.078044 1.400012 -0.075000
v -4.078044 1.459800 -0.075000
v -4.078043 1.487666 -0.075000
v -4.021493 1.400012 -0.075000
v -4.021492 1.459800 -0.075000
v -4.021492 1.487666 -0.075000
v -4.328026 1.400012 -0.075000
v -4.328026 1.459800 -0.075000
v -4.328026 1.487666 -0.075000
v -4.286615 1.400012 -0.075000
v -4.286615 1.459800 -0.075000
v -4.286615 1.487666 -0.075000
v -4.239101 1.400012 -0.075000
v -4.239101 1.459800 -0.075000
v -4.239101 1.487666 -0.075000
v -4.126693 0.350584 0.063735
v -4.078512 0.349810 0.064098
v -4.030025 0.350584 0.063735
v -4.120677 0.353000 0.056145
v -4.078666 0.352349 0.056798
v -4.036566 0.353000 0.056145
v -4.115365 0.354587 0.047675
v -4.078731 0.354051 0.048245
v -4.042086 0.354587 0.047675
v -3.808134 1.399983 0.069857
v -3.806137 1.459564 0.070732
v -3.801187 1.486975 0.071816
v -3.850099 1.399995 0.072063
v -3.850098 1.459665 0.072575
v -3.850098 1.487276 0.073215
v -3.892063 1.399983 0.069857
v -3.894060 1.459564 0.070732
v -3.899009 1.486975 0.071816
v -2.120389 1.399887 0.052527
v -2.124450 1.458802 0.055894
v -2.135808 1.484189 0.059424
v -2.135862 1.399830 0.039607
v -2.139876 1.458345 0.044722
v -2.150858 1.482709 0.049817
v -2.151289 1.399794 0.026688
v -2.154927 1.458059 0.033568
v -2.164651 1.481825 0.040267
v -3.350852 1.399983 0.069857
v -3.348854 1.459564 0.070732
v -3.343905 1.486975 0.071816
v -3.392816 1.399995 0.072063
v -3.392816 1.459665 0.072575
v -3.392816 1.487276 0.073215
v -3.434780 1.399983 0.069857
v -3.436778 1.459564 0.070732
v -3.441727 1.486975 0.071816
v -1.743640 1.495268 0.063735
v -1.792327 1.496260 0.064098
v -1.841014 1.495268 0.063735
v -1.750163 1.491564 0.056145
v -1.792327 1.492335 0.056798
v -1.834491 1.491564 0.056145
v -1.755674 1.489434 0.047675
v -1.792327 1.490040 0.048245
v -1.828980 1.489435 0.047675
v -2.893569 1.399983 0.069857
v -2.891572 1.459564 0.070732
v -2.886622 1.486975 0.071816
v -2.935533 1.399995 0.072063
v -2.935534 1.459665 0.072575
v -2.935534 1.487276 0.073215
v -2.977498 1.399983 0.069857
v -2.979495 1.459564 0.070732
v -2.984445 1.486975 0.071816
v -0.926449 0.350584 0.064996
v -0.877762 0.349810 0.064322
v -0.829076 0.350584 0.062962
v -0.919927 0.353000 0.059053
v -0.877762 0.352349 0.058451
v -0.835598 0.353000 0.057271
v -0.914415 0.354587 0.053587
v -0.877762 0.354051 0.052919
v -0.841109 0.354587 0.052216
v -2.436286 1.399983 0.069857
v -2.434289 1.459564 0.070732
v -2.429340 1.486975 0.071816
v -2.478251 1.399995 0.072063
v -2.478251 1.459665 0.072575
v -2.478251 1.487276 0.073215
v -2.520216 1.399983 0.069857
v -2.522213 1.459564 0.070732
v -2.527162 1.486975 0.071816
v -1.921548 0.442773 0.052527
v -1.917487 0.384482 0.055894
v -1.906128 0.360000 0.059424
v -1.906074 0.442811 0.039607
v -1.902061 0.384791 0.044722
v -1.891079 0.360996 0.049817
v -1.890647 0.442838 0.026688
v -1.887010 0.385004 0.033568
v -1.877285 0.361656 0.040267
v -1.979004 1.399983 0.069857
v -1.977007 1.459564 0.070732
v -1.972057 1.486975 0.071816
v -2.020968 1.399995 0.072063
v -2.020968 1.459665 0.072575
v -2.020968 1.487276 0.073215
v -2.062933 1.399983 0.069857
v -2.064930 1.459564 0.070732
v -2.069880 1.486975 0.071816
v -3.670144 0.350584 0.063735
v -3.621457 0.349810 0.064098
v -3.572770 0.350584 0.063735
v -3.663622 0.353000 0.056145
v -3.621457 0.352349 0.056798
v -3.579293 0.353000 0.056145
v -3.658110 0.354587 0.047675
v -3.621457 0.354051 0.048245
v -3.584804 0.354587 0.047675
v -1.521721 1.399983 0.069857
v -1.519724 1.459564 0.070732
v -1.514774 1.486975 0.071816
v -1.563686 1.399995 0.072063
v -1.563686 1.459665 0.072575
v -1.563686 1.487276 0.073215
v -1.605650 1.399983 0.069857
v -1.607648 1.459564 0.070732
v -1.612597 1.486975 0.071816
v -1.663106 1.399887 0.052527
v -1.667168 1.458802 0.055894
v -1.678526 1.484189 0.059424
v -1.678580 1.399830 0.039607
v -1.682593 1.458345 0.044722
v -1.693576 1.482709 0.049817
v -1.694007 1.399794 0.026688
v -1.697644 1.458059 0.033568
v -1.707369 1.481825 0.040267
v -1.064439 1.399983 0.072544
v -1.062442 1.459564 0.072678
v -1.057492 1.486975 0.072989
v -1.106403 1.399995 0.072859
v -1.106403 1.459665 0.073151
v -1.106403 1.487276 0.073561
v -1.148368 1.399983 0.069956
v -1.150365 1.459564 0.070804
v -1.155314 1.486975 0.071859
v -2.200923 1.495268 0.063735
v -2.249609 1.496260 0.064098
v -2.298296 1.495268 0.063735
v -2.207445 1.491564 0.056145
v -2.249609 1.492335 0.056798
v -2.291774 1.491564 0.056145
v -2.212956 1.489434 0.047675
v -2.249609 1.490040 0.048245
v -2.286263 1.489435 0.047675
v -0.607156 1.399983 0.034511
v -0.605159 1.459564 0.044996
v -0.600209 1.486975 0.055902
v -0.649121 1.399995 0.036210
v -0.649121 1.459665 0.046405
v -0.649121 1.487276 0.056841
v -0.691085 1.399983 0.037098
v -0.693083 1.459564 0.046870
v -0.698032 1.486975 0.057032
v -0.469166 0.350584 0.061626
v -0.420480 0.349810 0.063500
v -0.371793 0.350584 0.063660
v -0.462644 0.353000 0.054296
v -0.420480 0.352349 0.056256
v -0.378315 0.353000 0.056078
v -0.457133 0.354587 0.046250
v -0.420480 0.354051 0.047815
v -0.383826 0.354587 0.047621
v -0.149874 1.399983 0.069857
v -0.147876 1.459564 0.070732
v -0.142927 1.486975 0.071816
v -0.191838 1.399995 0.072063
v -0.191838 1.459665 0.072575
v -0.191838 1.487276 0.073215
v -0.233803 1.399983 0.069857
v -0.235800 1.459564 0.070732
v -0.240750 1.486975 0.071816
v -1.464266 0.442773 0.052527
v -1.460204 0.384482 0.055894
v -1.448846 0.360000 0.059424
v -1.448792 0.442811 0.039607
v -1.444778 0.384791 0.044722
v -1.433796 0.360996 0.049817
v -1.433365 0.442838 0.026688
v -1.429727 0.385004 0.033568
v -1.420003 0.361656 0.040267
v 0.277601 1.400011 0.074816
v 0.277521 1.459792 0.074848
v 0.277337 1.487641 0.074888
v 0.242246 1.400004 0.073531
v 0.241604 1.459733 0.073788
v 0.240129 1.487471 0.074107
v 0.208294 1.399984 0.070040
v 0.206361 1.459573 0.070884
v 0.201571 1.487000 0.071928
v -4.385187 1.400012 0.074609
v -4.385187 1.459800 0.074609
v -4.385187 1.487666 0.074609
v -4.400935 1.400012 0.071875
v -4.400935 1.459800 0.071875
v -4.400935 1.487665 0.071875
v -4.410583 1.400012 0.064453
v -4.410583 1.459800 0.064453
v -4.410583 1.487666 0.064453
v 0.376249 1.400012 -0.027344
v 0.376249 1.459800 -0.027344
v 0.376249 1.487666 -0.027344
v 0.377756 1.400012 0.000000
v 0.377756 1.459800 -0.000000
v 0.377756 1.487666 -0.000000
v 0.376249 1.400012 0.027344
v 0.376249 1.459800 0.027344
v 0.376249 1.487666 0.027344
v 0.334178 1.400012 -0.074609
v 0.334178 1.459800 -0.074609
v 0.334178 1.487666 -0.074609
v 0.351895 1.400012 -0.071875
v 0.351895 1.459800 -0.071875
v 0.351895 1.487666 -0.071875
v 0.363974 1.400012 -0.064453
v 0.363974 1.459800 -0.064453
v 0.363974 1.487666 -0.064453
v -4.419266 1.400012 0.027344
v -4.419266 1.459800 0.027344
v -4.419266 1.487666 0.027344
v -4.420310 1.400012 -0.000000
v -4.420310 1.459800 0.000000
v -4.420310 1.487666 -0.000000
v -4.419267 1.400012 -0.027344
v -4.419266 1.459800 -0.027344
v -4.419267 1.487666 -0.027344
v -4.419266 0.318903 0.027344
v -4.419266 0.328709 0.027344
v -4.419266 0.338551 0.027344
v -4.420310 0.318903 -0.000000
v -4.420310 0.328709 0.000000
v -4.420310 0.338551 -0.000000
v -4.419267 0.318903 -0.027344
v -4.419266 0.328709 -0.027344
v -4.419267 0.338551 -0.027344
v 0.334178 0.318903 -0.074609
v 0.334178 0.328709 -0.074609
v 0.334178 0.338551 -0.074609
v 0.351895 0.318903 -0.071875
v 0.351895 0.328709 -0.071875
v 0.351895 0.338551 -0.071875
v 0.363974 0.318903 -0.064453
v 0.363974 0.328709 -0.064453
v 0.363974 0.338551 -0.064453
v 0.376249 0.318903 -0.027344
v 0.376249 0.328709 -0.027344
v 0.376249 0.338551 -0.027344
v 0.377756 0.318903 0.000000
v 0.377756 0.328709 -0.000000
v 0.377756 0.338551 -0.000000
v 0.376249 0.318903 0.027344
v 0.376249 0.328709 0.027344
v 0.376249 0.338551 0.027344
v -4.385187 0.318903 0.074609
v -4.385187 0.328709 0.074609
v -4.385187 0.338551 0.074609
v -4.400935 0.318903 0.071875
v -4.400935 0.328709 0.071875
v -4.400935 0.338551 0.071875
v -4.410583 0.318903 0.064453
v -4.410583 0.328709 0.064453
v -4.410583 0.338551 0.064453
v 0.277018 0.318904 0.074999
v 0.277025 0.328714 0.074989
v 0.277051 0.338563 0.074965
v 0.237582 0.318907 0.074989
v 0.237635 0.328743 0.074912
v 0.237847 0.338648 0.074721
v 0.192515 0.318914 0.074967
v 0.192667 0.328797 0.074733
v 0.193235 0.338828 0.074115
v 0.090594 0.318891 0.074926
v 0.090746 0.328611 0.074412
v 0.090949 0.338140 0.072936
v 0.035806 0.318877 0.074922
v 0.035859 0.328500 0.074372
v 0.035992 0.337759 0.072833
v -0.020482 0.318891 0.074926
v -0.020475 0.328611 0.074412
v -0.020260 0.338140 0.072936
v -0.134678 0.318915 0.074965
v -0.134678 0.328801 0.074722
v -0.134877 0.338840 0.074080
v -0.191838 0.318911 0.074978
v -0.191838 0.328777 0.074824
v -0.191838 0.338744 0.074442
v -0.248999 0.318915 0.074965
v -0.248999 0.328801 0.074722
v -0.248800 0.338840 0.074080
v -0.363319 0.318891 0.074925
v -0.363319 0.328611 0.074398
v -0.363518 0.338140 0.072896
v -0.420480 0.318877 0.074908
v -0.420480 0.328500 0.074263
v -0.420480 0.337759 0.072507
v -0.477640 0.318891 0.074884
v -0.477640 0.328611 0.074074
v -0.477442 0.338140 0.071878
v -0.591961 0.318915 0.074855
v -0.591961 0.328801 0.073837
v -0.592159 0.338840 0.071017
v -0.649121 0.318911 0.074855
v -0.649121 0.328777 0.073843
v -0.649121 0.338744 0.071073
v -0.706281 0.318915 0.074860
v -0.706281 0.328801 0.073880
v -0.706083 0.338840 0.071181
v -0.820602 0.318891 0.074890
v -0.820602 0.328611 0.074121
v -0.820800 0.338140 0.072057
v -0.877762 0.318877 0.074912
v -0.877762 0.328500 0.074295
v -0.877762 0.337759 0.072621
v -0.934922 0.318891 0.074931
v -0.934922 0.328611 0.074445
v -0.934724 0.338140 0.073074
v -1.049243 0.318915 0.074971
v -1.049243 0.328801 0.074767
v -1.049442 0.338840 0.074252
v -1.106403 0.318911 0.074980
v -1.106403 0.328777 0.074840
v -1.106403 0.338744 0.074499
v -1.163564 0.318915 0.074966
v -1.163564 0.328801 0.074724
v -1.163365 0.338840 0.074087
v -1.277884 0.318891 0.074926
v -1.277884 0.328611 0.074412
v -1.278083 0.338140 0.072936
v -1.335045 0.318877 0.074922
v -1.335044 0.328500 0.074372
v -1.335045 0.337759 0.072833
v -1.392205 0.318891 0.074926
v -1.392205 0.328611 0.074412
v -1.392007 0.338140 0.072936
v -1.506526 0.318915 0.074965
v -1.506525 0.328801 0.074722
v -1.506724 0.338840 0.074080
v -1.563686 0.318911 0.074978
v -1.563686 0.328777 0.074824
v -1.563686 0.338744 0.074442
v -1.620846 0.318915 0.074965
v -1.620846 0.328801 0.074722
v -1.620648 0.338840 0.074080
v -1.735167 0.318891 0.074926
v -1.735167 0.328611 0.074412
v -1.735365 0.338140 0.072936
v -1.792327 0.318877 0.074922
v -1.792327 0.328500 0.074372
v -1.792327 0.337759 0.072833
v -1.849488 0.318891 0.074926
v -1.849487 0.328611 0.074412
v -1.849289 0.338140 0.072936
v -1.963808 0.318915 0.074965
v -1.963808 0.328801 0.074722
v -1.964007 0.338840 0.074080
v -2.020968 0.318911 0.074978
v -2.020968 0.328777 0.074824
v -2.020968 0.338744 0.074442
v -2.078129 0.318915 0.074965
v -2.078129 0.328801 0.074722
v -2.077930 0.338840 0.074080
v -2.192449 0.318891 0.074926
v -2.192450 0.328611 0.074412
v -2.192648 0.338140 0.072936
v -2.249609 0.318877 0.074922
v -2.249610 0.328500 0.074372
v -2.249609 0.337759 0.072833
v -2.306770 0.318891 0.074926
v -2.306770 0.328611 0.074412
v -2.306572 0.338140 0.072936
v -2.421091 0.318915 0.074965
v -2.421091 0.328801 0.074722
v -2.421289 0.338840 0.074080
v -2.478251 0.318911 0.074978
v -2.478251 0.328777 0.074824
v -2.478251 0.338744 0.074442
v -2.535411 0.318915 0.074965
v -2.535411 0.328801 0.074722
v -2.535213 0.338840 0.074080
v -2.649732 0.318891 0.074926
v -2.649732 0.328611 0.074412
v -2.649930 0.338140 0.072936
v -2.706892 0.318877 0.074922
v -2.706892 0.328500 0.074372
v -2.706892 0.337759 0.072833
v -2.764052 0.318891 0.074926
v -2.764053 0.328611 0.074412
v -2.763854 0.338140 0.072936
v -2.878373 0.318915 0.074965
v -2.878373 0.328801 0.074722
v -2.878572 0.338840 0.074080
v -2.935534 0.318911 0.074978
v -2.935534 0.328777 0.074824
v -2.935534 0.338744 0.074442
v -2.992694 0.318915 0.074965
v -2.992694 0.328801 0.074722
v -2.992496 0.338840 0.074080
v -3.107014 0.318891 0.074926
v -3.107014 0.328611 0.074412
v -3.107213 0.338140 0.072936
v -3.164175 0.318877 0.074922
v -3.164175 0.328500 0.074372
v -3.164175 0.337759 0.072833
v -3.221335 0.318891 0.074926
v -3.221335 0.328611 0.074412
v -3.221137 0.338140 0.072936
v -3.335656 0.318915 0.074965
v -3.335656 0.328801 0.074722
v -3.335855 0.338840 0.074080
v -3.392816 0.318911 0.074978
v -3.392816 0.328777 0.074824
v -3.392816 0.338744 0.074442
v -3.449977 0.318915 0.074965
v -3.449976 0.328801 0.074722
v -3.449778 0.338840 0.074080
v -3.564297 0.318891 0.074926
v -3.564297 0.328611 0.074412
v -3.564495 0.338140 0.072936
v -3.621457 0.318877 0.074922
v -3.621457 0.328500 0.074372
v -3.621457 0.337759 0.072833
v -3.678618 0.318891 0.074926
v -3.678618 0.328611 0.074412
v -3.678419 0.338140 0.072936
v -3.792938 0.318915 0.074965
v -3.792938 0.328801 0.074722
v -3.793137 0.338840 0.074080
v -3.850099 0.318911 0.074978
v -3.850099 0.328777 0.074824
v -3.850099 0.338744 0.074442
v -3.907259 0.318915 0.074965
v -3.907259 0.328801 0.074722
v -3.907061 0.338840 0.074080
v -4.021493 0.318891 0.074926
v -4.021498 0.328611 0.074412
v -4.021708 0.338140 0.072936
v -4.078049 0.318877 0.074922
v -4.078085 0.328500 0.074372
v -4.078178 0.337759 0.072833
v -4.133566 0.318891 0.074926
v -4.133672 0.328611 0.074412
v -4.133751 0.338140 0.072936
v -4.328026 0.318903 -0.075000
v -4.328026 0.328709 -0.075000
v -4.328026 0.338551 -0.075000
v -4.286615 0.318903 -0.075000
v -4.286615 0.328709 -0.075000
v -4.286615 0.338551 -0.075000
v -4.239101 0.318903 -0.075000
v -4.239101 0.328709 -0.075000
v -4.239101 0.338551 -0.075000
v -4.133552 0.318903 -0.075000
v -4.133552 0.328709 -0.075000
v -4.133552 0.338551 -0.075000
v -4.078043 0.318903 -0.075000
v -4.078043 0.328709 -0.075000
v -4.078043 0.338551 -0.075000
v -4.021492 0.318903 -0.075000
v -4.021492 0.328709 -0.075000
v -4.021492 0.338551 -0.075000
v -3.907259 0.318903 -0.075000
v -3.907259 0.328709 -0.075000
v -3.907259 0.338551 -0.075000
v -3.850098 0.318903 -0.075000
v -3.850099 0.328709 -0.075000
v -3.850098 0.338551 -0.075000
v -3.792938 0.318903 -0.075000
v -3.792938 0.328709 -0.075000
v -3.792938 0.338551 -0.075000
v -3.678617 0.318903 -0.075000
v -3.678617 0.328709 -0.075000
v -3.678617 0.338551 -0.075000
v -3.621457 0.318903 -0.075000
v -3.621457 0.328709 -0.075000
v -3.621457 0.338551 -0.075000
v -3.564297 0.318903 -0.075000
v -3.564297 0.328709 -0.075000
v -3.564297 0.338551 -0.075000
v -3.449976 0.318903 -0.075000
v -3.449976 0.328709 -0.075000
v -3.449976 0.338551 -0.075000
v -3.392816 0.318903 -0.075000
v -3.392815 0.328709 -0.075000
v -3.392816 0.338551 -0.075000
v -3.335655 0.318903 -0.075000
v -3.335655 0.328709 -0.075000
v -3.335656 0.338551 -0.075000
v -3.221335 0.318903 -0.075000
v -3.221335 0.328709 -0.075000
v -3.221335 0.338551 -0.075000
v -3.164175 0.318903 -0.075000
v -3.164175 0.328709 -0.075000
v -3.164175 0.338551 -0.075000
v -3.107014 0.318903 -0.075000
v -3.107015 0.328709 -0.075000
v -3.107014 0.338551 -0.075000
v -2.992694 0.318903 -0.075000
v -2.992694 0.328709 -0.075000
v -2.992694 0.338551 -0.075000
v -2.935534 0.318903 -0.075000
v -2.935534 0.328709 -0.075000
v -2.935533 0.338551 -0.075000
v -2.878373 0.318903 -0.075000
v -2.878373 0.328709 -0.075000
v -2.878373 0.338551 -0.075000
v -2.764052 0.318903 -0.075000
v -2.764052 0.328709 -0.075000
v -2.764052 0.338551 -0.075000
v -2.706892 0.318903 -0.075000
v -2.706892 0.328709 -0.075000
v -2.706892 0.338551 -0.075000
v -2.649731 0.318903 -0.075000
v -2.649732 0.328709 -0.075000
v -2.649731 0.338551 -0.075000
v -2.535411 0.318903 -0.075000
v -2.535411 0.328709 -0.075000
v -2.535411 0.338551 -0.075000
v -2.478251 0.318903 -0.075000
v -2.478251 0.328709 -0.075000
v -2.478251 0.338551 -0.075000
v -2.421091 0.318903 -0.075000
v -2.421090 0.328709 -0.075000
v -2.421091 0.338551 -0.075000
v -2.306770 0.318903 -0.075000
v -2.306770 0.328709 -0.075000
v -2.306770 0.338551 -0.075000
v -2.249610 0.318903 -0.075000
v -2.249610 0.328709 -0.075000
v -2.249609 0.338551 -0.075000
v -2.192449 0.318903 -0.075000
v -2.192449 0.328709 -0.075000
v -2.192449 0.338551 -0.075000
v -2.078129 0.318903 -0.075000
v -2.078129 0.328709 -0.075000
v -2.078129 0.338551 -0.075000
v -2.020968 0.318903 -0.075000
v -2.020968 0.328709 -0.075000
v -2.020968 0.338551 -0.075000
v -1.963808 0.318903 -0.075000
v -1.963808 0.328709 -0.075000
v -1.963808 0.338551 -0.075000
v -1.849487 0.318903 -0.075000
v -1.849487 0.328709 -0.075000
v -1.849487 0.338551 -0.075000
v -1.792327 0.318903 -0.075000
v -1.792327 0.328709 -0.075000
v -1.792327 0.338551 -0.075000
v -1.735167 0.318903 -0.075000
v -1.735167 0.328709 -0.075000
v -1.735167 0.338551 -0.075000
v -1.620846 0.318903 -0.075000
v -1.620846 0.328709 -0.075000
v -1.620846 0.338551 -0.075000
v -1.563686 0.318903 -0.075000
v -1.563686 0.328709 -0.075000
v -1.563686 0.338551 -0.075000
v -1.506525 0.318903 -0.075000
v -1.506525 0.328709 -0.075000
v -1.506526 0.338551 -0.075000
v -1.392205 0.318903 -0.075000
v -1.392205 0.328709 -0.075000
v -1.392205 0.338551 -0.075000
v -1.335045 0.318903 -0.075000
v -1.335044 0.328709 -0.075000
v -1.335045 0.338551 -0.075000
v -1.277884 0.318903 -0.075000
v -1.277884 0.328709 -0.075000
v -1.277884 0.338551 -0.075000
v -1.163563 0.318903 -0.075000
v -1.163563 0.328709 -0.075000
v -1.163564 0.338551 -0.075000
v -1.106403 0.318903 -0.075000
v -1.106403 0.328709 -0.075000
v -1.106403 0.338551 -0.075000
v -1.049243 0.318903 -0.075000
v -1.049243 0.328709 -0.075000
v -1.049243 0.338551 -0.075000
v -0.934922 0.318903 -0.075000
v -0.934922 0.328709 -0.075000
v -0.934922 0.338551 -0.075000
v -0.877762 0.318903 -0.075000
v -0.877762 0.328709 -0.075000
v -0.877762 0.338551 -0.075000
v -0.820602 0.318903 -0.075000
v -0.820602 0.328709 -0.075000
v -0.820602 0.338551 -0.075000
v -0.706281 0.318903 -0.075000
v -0.706281 0.328709 -0.075000
v -0.706281 0.338551 -0.075000
v -0.649121 0.318903 -0.075000
v -0.649121 0.328709 -0.075000
v -0.649121 0.338551 -0.075000
v -0.591960 0.318903 -0.075000
v -0.591960 0.328709 -0.075000
v -0.591960 0.338551 -0.075000
v -0.477640 0.318903 -0.075000
v -0.477640 0.328709 -0.075000
v -0.477640 0.338551 -0.075000
v -0.420479 0.318903 -0.075000
v -0.420479 0.328709 -0.075000
v -0.420479 0.338551 -0.075000
v -0.363319 0.318903 -0.075000
v -0.363319 0.328709 -0.075000
v -0.363319 0.338551 -0.075000
v -0.248999 0.318903 -0.075000
v -0.248999 0.328709 -0.075000
v -0.248999 0.338551 -0.075000
v -0.191838 0.318903 -0.075000
v -0.191838 0.328709 -0.075000
v -0.191838 0.338551 -0.075000
v -0.134678 0.318903 -0.075000
v -0.134678 0.328709 -0.075000
v -0.134678 0.338551 -0.075000
v -0.020483 0.318903 -0.075000
v -0.020483 0.328709 -0.075000
v -0.020483 0.338551 -0.075000
v 0.035798 0.318903 -0.075000
v 0.035798 0.328709 -0.075000
v 0.035798 0.338551 -0.075000
v 0.090573 0.318903 -0.075000
v 0.090573 0.328709 -0.075000
v 0.090573 0.338551 -0.075000
v -4.037285 1.399791 0.009398
v -4.038857 1.458027 0.019041
v -4.042372 1.481727 0.029078
v -4.078740 1.399798 0.007207
v -4.078740 1.458087 0.017320
v -4.078740 1.481925 0.028082
v -4.120194 1.399791 0.009398
v -4.118622 1.458027 0.019041
v -4.115108 1.481727 0.029078
v -3.580002 1.399791 0.009398
v -3.581574 1.458027 0.019041
v -3.585089 1.481727 0.029078
v -3.621457 1.399798 0.007207
v -3.621458 1.458087 0.017320
v -3.621457 1.481925 0.028082
v -3.662912 1.399791 0.009398
v -3.661339 1.458027 0.019041
v -3.657825 1.481727 0.029078
v -3.122720 1.399791 0.009398
v -3.124292 1.458027 0.019041
v -3.127807 1.481727 0.029078
v -3.164175 1.399798 0.007207
v -3.164175 1.458087 0.017320
v -3.164175 1.481925 0.028082
v -3.205629 1.399791 0.009398
v -3.204057 1.458027 0.019041
v -3.200542 1.481727 0.029078
v -2.665437 1.399791 0.009398
v -2.667010 1.458027 0.019041
v -2.670524 1.481727 0.029078
v -2.706892 1.399798 0.007207
v -2.706892 1.458087 0.017320
v -2.706892 1.481925 0.028082
v -2.748347 1.399791 0.009398
v -2.746774 1.458027 0.019041
v -2.743260 1.481727 0.029078
v -2.208155 1.399791 0.009398
v -2.209728 1.458027 0.019041
v -2.213242 1.481727 0.029078
v -2.249609 1.399798 0.007207
v -2.249610 1.458087 0.017320
v -2.249610 1.481925 0.028082
v -2.291065 1.399791 0.009398
v -2.289492 1.458027 0.019041
v -2.285978 1.481727 0.029078
v -1.750872 1.399791 0.009398
v -1.752445 1.458027 0.019041
v -1.755959 1.481727 0.029078
v -1.792327 1.399798 0.007207
v -1.792327 1.458087 0.017320
v -1.792327 1.481925 0.028082
v -1.833782 1.399791 0.009398
v -1.832209 1.458027 0.019041
v -1.828695 1.481727 0.029078
v -1.293590 1.399791 0.009398
v -1.295162 1.458027 0.019041
v -1.298677 1.481727 0.029078
v -1.335045 1.399798 0.007207
v -1.335045 1.458087 0.017320
v -1.335045 1.481925 0.028082
v -1.376499 1.399791 0.009398
v -1.374927 1.458027 0.019041
v -1.371413 1.481727 0.029078
v -0.836307 1.399791 0.042219
v -0.837880 1.458027 0.043405
v -0.841394 1.481727 0.045357
v -0.877762 1.399798 0.043105
v -0.877762 1.458087 0.043850
v -0.877762 1.481925 0.045503
v -0.919217 1.399791 0.044816
v -0.917644 1.458027 0.045355
v -0.914130 1.481727 0.046750
v -0.379025 1.399791 0.009298
v -0.380597 1.458027 0.018965
v -0.384112 1.481727 0.029023
v -0.420480 1.399798 0.006407
v -0.420480 1.458087 0.016717
v -0.420480 1.481925 0.027644
v -0.461934 1.399791 0.006701
v -0.460362 1.458027 0.017015
v -0.456847 1.481727 0.027630
v 0.078258 1.399791 0.009398
v 0.076685 1.458027 0.019041
v 0.073171 1.481727 0.029078
v 0.036803 1.399798 0.007207
v 0.036803 1.458087 0.017320
v 0.036803 1.481925 0.028082
v -0.004652 1.399791 0.009398
v -0.003079 1.458027 0.019041
v 0.000435 1.481727 0.029078
v -2.378831 0.442773 0.052527
v -2.374769 0.384482 0.055894
v -2.363411 0.360000 0.059424
v -2.363357 0.442811 0.039607
v -2.359343 0.384791 0.044722
v -2.348361 0.360996 0.049817
v -2.347930 0.442838 0.026688
v -2.344292 0.385004 0.033568
v -2.334568 0.361656 0.040267
v -1.383731 0.350584 0.063735
v -1.335045 0.349810 0.064098
v -1.286358 0.350584 0.063735
v -1.377209 0.353000 0.056145
v -1.335045 0.352349 0.056798
v -1.292880 0.353000 0.056145
v -1.371698 0.354587 0.047675
v -1.335045 0.354051 0.048245
v -1.298391 0.354587 0.047675
v -1.286358 1.495267 0.063735
v -1.335044 1.496260 0.064098
v -1.383731 1.495268 0.063735
v -1.292880 1.491564 0.056145
v -1.335044 1.492335 0.056798
v -1.377209 1.491564 0.056145
v -1.298391 1.489434 0.047675
v -1.335045 1.490040 0.048245
v -1.371698 1.489435 0.047675
v -2.577671 1.399887 0.052527
v -2.581733 1.458802 0.055894
v -2.593091 1.484189 0.059424
v -2.593145 1.399830 0.039607
v -2.597158 1.458345 0.044722
v -2.608141 1.482709 0.049817
v -2.608572 1.399794 0.026688
v -2.612209 1.458059 0.033568
v -2.621934 1.481825 0.040267
v -2.836113 0.442773 0.052527
v -2.832052 0.384482 0.055894
v -2.820693 0.360000 0.059424
v -2.820639 0.442811 0.039607
v -2.816626 0.384791 0.044722
v -2.805644 0.360996 0.049817
v -2.805212 0.442838 0.026688
v -2.801575 0.385004 0.033568
v -2.791851 0.361656 0.040267
v -4.030025 1.495267 0.063735
v -4.078512 1.496260 0.064098
v -4.126694 1.495268 0.063735
v -4.036566 1.491564 0.056145
v -4.078665 1.492335 0.056798
v -4.120677 1.491564 0.056145
v -4.042086 1.489434 0.047675
v -4.078731 1.490040 0.048245
v -4.115364 1.489435 0.047675
v 0.162655 1.399887 0.052527
v 0.158745 1.458802 0.055894
v 0.147788 1.484189 0.059424
v 0.149553 1.399830 0.039607
v 0.145592 1.458345 0.044722
v 0.134744 1.482709 0.049817
v 0.134998 1.399794 0.026688
v 0.131368 1.458059 0.033568
v 0.121660 1.481825 0.040267
v -1.841014 0.350584 0.063735
v -1.792327 0.349810 0.064098
v -1.743640 0.350584 0.063735
v -1.834492 0.353000 0.056145
v -1.792327 0.352349 0.056798
v -1.750163 0.353000 0.056145
v -1.828980 0.354587 0.047675
v -1.792327 0.354051 0.048245
v -1.755674 0.354587 0.047675
v -0.829075 1.495267 0.062962
v -0.877762 1.496260 0.064322
v -0.926449 1.495268 0.064996
v -0.835598 1.491564 0.057271
v -0.877762 1.492335 0.058451
v -0.919927 1.491564 0.059053
v -0.841109 1.489434 0.052216
v -0.877762 1.490040 0.052919
v -0.914415 1.489435 0.053587
v -3.034954 1.399887 0.052527
v -3.039015 1.458802 0.055894
v -3.050374 1.484189 0.059424
v -3.050428 1.399830 0.039607
v -3.054442 1.458345 0.044722
v -3.065423 1.482709 0.049817
v -3.065854 1.399794 0.026688
v -3.069492 1.458059 0.033568
v -3.079216 1.481825 0.040267
v -0.092418 0.442773 0.052527
v -0.088357 0.384482 0.055894
v -0.076998 0.360000 0.059424
v -0.076944 0.442811 0.039607
v -0.072931 0.384791 0.044722
v -0.061949 0.360996 0.049817
v -0.061517 0.442838 0.026688
v -0.057880 0.385004 0.033568
v -0.048155 0.361656 0.040267
v -3.293396 0.442773 0.052527
v -3.289335 0.384482 0.055894
v -3.277976 0.360000 0.059424
v -3.277922 0.442812 0.039607
v -3.273909 0.384791 0.044722
v -3.262926 0.360996 0.049817
v -3.262495 0.442838 0.026688
v -3.258857 0.385004 0.033568
v -3.249133 0.361656 0.040267
v -3.572770 1.495267 0.063735
v -3.621457 1.496260 0.064098
v -3.670144 1.495268 0.063735
v -3.579292 1.491564 0.056145
v -3.621457 1.492335 0.056798
v -3.663622 1.491564 0.056145
v -3.584804 1.489434 0.047675
v -3.621457 1.490040 0.048245
v -3.658110 1.489435 0.047675
v -0.291258 1.399887 0.052527
v -0.295320 1.458802 0.055894
v -0.306679 1.484189 0.059424
v -0.306732 1.399830 0.039607
v -0.310746 1.458345 0.044722
v -0.321728 1.482709 0.049817
v -0.322159 1.399794 0.026688
v -0.325797 1.458059 0.033568
v -0.335522 1.481825 0.040267
v -2.298296 0.350584 0.063735
v -2.249610 0.349810 0.064098
v -2.200923 0.350584 0.063735
v -2.291774 0.353000 0.056145
v -2.249610 0.352349 0.056798
v -2.207445 0.353000 0.056145
v -2.286263 0.354587 0.047675
v -2.249610 0.354051 0.048245
v -2.212957 0.354587 0.047675
v -0.371793 1.495267 0.063660
v -0.420480 1.496260 0.063500
v -0.469166 1.495268 0.061626
v -0.378315 1.491564 0.056078
v -0.420480 1.492335 0.056256
v -0.462644 1.491564 0.054296
v -0.383826 1.489434 0.047622
v -0.420480 1.490040 0.047815
v -0.457133 1.489435 0.046250
v -3.492236 1.399887 0.052527
v -3.496298 1.458802 0.055894
v -3.507656 1.484189 0.059424
v -3.507710 1.399830 0.039607
v -3.511724 1.458345 0.044722
v -3.522706 1.482709 0.049817
v -3.523137 1.399794 0.026688
v -3.526774 1.458059 0.033568
v -3.536499 1.481825 0.040267
v -0.549701 0.442773 0.026446
v -0.545639 0.384482 0.036939
v -0.534281 0.360000 0.047799
v -0.534227 0.442812 0.020483
v -0.530213 0.384791 0.030746
v -0.519231 0.360996 0.041032
v -0.518800 0.442838 0.014528
v -0.515163 0.385004 0.024614
v -0.505438 0.361656 0.034460
v -3.750679 0.442773 0.052527
v -3.746617 0.384482 0.055894
v -3.735258 0.360000 0.059424
v -3.735205 0.442812 0.039607
v -3.731191 0.384791 0.044722
v -3.720208 0.360996 0.049817
v -3.719777 0.442838 0.026688
v -3.716140 0.385004 0.033568
v -3.706415 0.361656 0.040267
v -3.115488 1.495267 0.063735
v -3.164175 1.496260 0.064098
v -3.212861 1.495268 0.063735
v -3.122010 1.491564 0.056145
v -3.164175 1.492335 0.056798
v -3.206339 1.491564 0.056145
v -3.127521 1.489434 0.047675
v -3.164175 1.490040 0.048245
v -3.200828 1.489435 0.047675
v -0.748541 1.399887 0.038599
v -0.752603 1.458802 0.045838
v -0.763961 1.484189 0.053429
v -0.764015 1.399830 0.039627
v -0.768028 1.458345 0.044888
v -0.779011 1.482709 0.050319
v -0.779442 1.399794 0.040678
v -0.783079 1.458059 0.044123
v -0.792804 1.481825 0.047800
v -2.755579 0.350584 0.063735
v -2.706892 0.349810 0.064098
v -2.658206 0.350584 0.063735
v -2.749057 0.353000 0.056145
v -2.706892 0.352349 0.056798
v -2.664727 0.353000 0.056145
v -2.743546 0.354587 0.047675
v -2.706892 0.354051 0.048245
v -2.670239 0.354587 0.047675
v 0.084432 1.495267 0.063735
v 0.036474 1.496260 0.064098
v -0.011925 1.495268 0.063735
v 0.078638 1.491564 0.056145
v 0.036696 1.492335 0.056798
v -0.005375 1.491564 0.056145
v 0.073415 1.489434 0.047675
v 0.036790 1.490040 0.048245
v 0.000148 1.489435 0.047675
v -3.949518 1.399887 0.052527
v -3.953580 1.458802 0.055894
v -3.964938 1.484189 0.059424
v -3.964993 1.399830 0.039607
v -3.969006 1.458345 0.044722
v -3.979988 1.482709 0.049817
v -3.980420 1.399794 0.026688
v -3.984057 1.458059 0.033568
v -3.993782 1.481825 0.040267
v -1.006983 0.442773 0.064681
v -1.002922 0.384482 0.064793
v -0.991563 0.360000 0.065054
v -0.991509 0.442811 0.058751
v -0.987496 0.384791 0.058864
v -0.976514 0.360996 0.059105
v -0.976082 0.442838 0.052839
v -0.972445 0.385004 0.053077
v -0.962720 0.361656 0.053607
v -4.205628 0.442773 0.052527
v -4.201671 0.384482 0.055894
v -4.190590 0.360000 0.059424
v -4.191797 0.442812 0.039607
v -4.187819 0.384791 0.044722
v -4.176930 0.360996 0.049817
v -4.176974 0.442838 0.026688
v -4.173341 0.385004 0.033568
v -4.163627 0.361656 0.040267
v -0.011925 0.350584 0.063735
v 0.036474 0.349810 0.064098
v 0.084432 0.350584 0.063735
v -0.005375 0.353000 0.056145
v 0.036696 0.352349 0.056798
v 0.078638 0.353000 0.056145
v 0.000148 0.354587 0.047675
v 0.036789 0.354051 0.048245
v 0.073415 0.354587 0.047675
v -2.658206 1.495267 0.063735
v -2.706892 1.496260 0.064098
v -2.755579 1.495268 0.063735
v -2.664727 1.491564 0.056145
v -2.706892 1.492335 0.056798
v -2.749057 1.491564 0.056145
v -2.670239 1.489434 0.047675
v -2.706892 1.490040 0.048245
v -2.743546 1.489435 0.047675
v -1.205823 1.399887 0.052527
v -1.209885 1.458802 0.055894
v -1.221244 1.484189 0.059424
v -1.221297 1.399830 0.039607
v -1.225311 1.458345 0.044722
v -1.236293 1.482709 0.049817
v -1.236724 1.399794 0.026688
v -1.240362 1.458059 0.033568
v -1.250086 1.481825 0.040267
v -3.212861 0.350584 0.063735
v -3.164175 0.349810 0.064098
v -3.115488 0.350584 0.063735
v -3.206339 0.353000 0.056145
v -3.164175 0.352349 0.056798
v -3.122010 0.353000 0.056145
v -3.200828 0.354587 0.047675
v -3.164175 0.354051 0.048245
v -3.127522 0.354587 0.047675
v -1.205243 0.719439 0.048149
v -1.205243 0.920984 0.047592
v -1.205243 1.122604 0.048149
v -1.220724 0.719439 0.032743
v -1.220724 0.920984 0.031867
v -1.220724 1.122604 0.032743
v -1.236205 0.719439 0.017337
v -1.236205 0.920984 0.016141
v -1.236205 1.122604 0.017337
v -4.190590 1.484189 0.059424
v -4.201671 1.458802 0.055894
v -4.205628 1.399887 0.052527
v -4.176930 1.482709 0.049817
v -4.187820 1.458345 0.044722
v -4.191797 1.399830 0.039607
v -4.163628 1.481825 0.040267
v -4.173341 1.458059 0.033568
v -4.176974 1.399794 0.026688
v -0.991563 1.484189 0.065054
v -1.002921 1.458802 0.064793
v -1.006983 1.399887 0.064681
v -0.976514 1.482709 0.059105
v -0.987496 1.458345 0.058864
v -0.991509 1.399830 0.058751
v -0.962720 1.481825 0.053607
v -0.972445 1.458059 0.053077
v -0.976082 1.399794 0.052839
v -3.948938 0.719439 0.048149
v -3.948938 0.920984 0.047592
v -3.948938 1.122604 0.048149
v -3.964419 0.719439 0.032743
v -3.964418 0.920984 0.031867
v -3.964419 1.122604 0.032743
v -3.979900 0.719439 0.017337
v -3.979900 0.920984 0.016141
v -3.979900 1.122604 0.017337
v -0.747960 0.719439 0.029196
v -0.747960 0.920984 0.028001
v -0.747961 1.122604 0.029196
v -0.763441 0.719439 0.032743
v -0.763441 0.920984 0.031867
v -0.763441 1.122604 0.032743
v -0.778922 0.719439 0.036289
v -0.778922 0.920984 0.035733
v -0.778922 1.122604 0.036289
v -3.735258 1.484189 0.059424
v -3.746617 1.458802 0.055894
v -3.750679 1.399887 0.052527
v -3.720209 1.482709 0.049817
v -3.731191 1.458345 0.044722
v -3.735205 1.399830 0.039607
v -3.706415 1.481825 0.040267
v -3.716140 1.458059 0.033568
v -3.719778 1.399794 0.026688
v -0.534280 1.484189 0.047799
v -0.545639 1.458802 0.036939
v -0.549701 1.399887 0.026446
v -0.519231 1.482709 0.041032
v -0.530213 1.458345 0.030746
v -0.534227 1.399830 0.020483
v -0.505438 1.481825 0.034460
v -0.515162 1.458059 0.024614
v -0.518800 1.399794 0.014528
v -3.491656 0.719439 0.048149
v -3.491655 0.920984 0.047592
v -3.491655 1.122604 0.048149
v -3.507137 0.719439 0.032743
v -3.507137 0.920984 0.031867
v -3.507137 1.122604 0.032743
v -3.522617 0.719439 0.017337
v -3.522617 0.920984 0.016141
v -3.522618 1.122604 0.017337
v -0.290678 0.719439 0.048149
v -0.290678 0.920984 0.047592
v -0.290678 1.122604 0.048149
v -0.306159 0.719439 0.032743
v -0.306159 0.920984 0.031867
v -0.306159 1.122604 0.032743
v -0.321640 0.719439 0.017337
v -0.321640 0.920984 0.016141
v -0.321640 1.122604 0.017337
v -3.277976 1.484189 0.059424
v -3.289334 1.458802 0.055894
v -3.293396 1.399887 0.052527
v -3.262926 1.482709 0.049817
v -3.273909 1.458345 0.044722
v -3.277922 1.399830 0.039607
v -3.249133 1.481825 0.040267
v -3.258858 1.458059 0.033568
v -3.262495 1.399794 0.026688
v -0.076998 1.484189 0.059424
v -0.088356 1.458802 0.055894
v -0.092418 1.399887 0.052527
v -0.061949 1.482709 0.049817
v -0.072931 1.458345 0.044722
v -0.076944 1.399830 0.039607
v -0.048155 1.481825 0.040267
v -0.057880 1.458059 0.033568
v -0.061517 1.399794 0.026688
v -3.034373 0.719439 0.048149
v -3.034373 0.920984 0.047592
v -3.034373 1.122604 0.048149
v -3.049854 0.719439 0.032743
v -3.049854 0.920984 0.031867
v -3.049854 1.122604 0.032743
v -3.065335 0.719439 0.017337
v -3.065335 0.920984 0.016141
v -3.065335 1.122604 0.017337
v 0.163214 0.719439 0.048149
v 0.163214 0.920984 0.047592
v 0.163214 1.122604 0.048149
v 0.150119 0.719439 0.032743
v 0.150119 0.920984 0.031867
v 0.150119 1.122604 0.032743
v 0.135517 0.719439 0.017337
v 0.135517 0.920984 0.016141
v 0.135517 1.122604 0.017337
v -2.820693 1.484189 0.059424
v -2.832052 1.458802 0.055894
v -2.836113 1.399887 0.052527
v -2.805644 1.482709 0.049817
v -2.816625 1.458345 0.044722
v -2.820640 1.399830 0.039607
v -2.791850 1.481825 0.040267
v -2.801575 1.458059 0.033568
v -2.805212 1.399794 0.026688
v -2.577091 0.719439 0.048149
v -2.577091 0.920984 0.047592
v -2.577091 1.122604 0.048149
v -2.592571 0.719439 0.032743
v -2.592572 0.920984 0.031867
v -2.592571 1.122604 0.032743
v -2.608052 0.719439 0.017337
v -2.608052 0.920984 0.016141
v -2.608052 1.122604 0.017337
v -2.363410 1.484189 0.059424
v -2.374769 1.458802 0.055894
v -2.378831 1.399887 0.052527
v -2.348361 1.482709 0.049817
v -2.359343 1.458345 0.044722
v -2.363357 1.399830 0.039607
v -2.334568 1.481825 0.040267
v -2.344292 1.458059 0.033568
v -2.347930 1.399794 0.026688
v 0.078482 0.719439 -0.003352
v 0.078482 0.920984 -0.004976
v 0.078482 1.122604 -0.003352
v 0.036803 0.719439 -0.005993
v 0.036803 0.920984 -0.007672
v 0.036803 1.122604 -0.005993
v -0.004876 0.719439 -0.003352
v -0.004876 0.920984 -0.004976
v -0.004876 1.122604 -0.003352
v -0.378800 0.719439 -0.003487
v -0.378800 0.920984 -0.005116
v -0.378800 1.122604 -0.003487
v -0.420480 0.719439 -0.007076
v -0.420480 0.920984 -0.008792
v -0.420480 1.122604 -0.007076
v -0.462159 0.719439 -0.007007
v -0.462159 0.920984 -0.008755
v -0.462159 1.122604 -0.007007
v -0.836083 0.719439 0.041187
v -0.836083 0.920984 0.041064
v -0.836083 1.122604 0.041187
v -0.877762 0.719439 0.042743
v -0.877762 0.920984 0.042706
v -0.877762 1.122604 0.042743
v -0.919442 0.719439 0.044707
v -0.919442 0.920984 0.044702
v -0.919441 1.122604 0.044707
v -1.293365 0.719439 -0.003352
v -1.293365 0.920984 -0.004976
v -1.293365 1.122604 -0.003352
v -1.335045 0.719439 -0.005993
v -1.335044 0.920984 -0.007672
v -1.335044 1.122604 -0.005993
v -1.376724 0.719439 -0.003352
v -1.376724 0.920984 -0.004976
v -1.376724 1.122604 -0.003352
v -1.750648 0.719439 -0.003352
v -1.750648 0.920984 -0.004976
v -1.750648 1.122604 -0.003352
v -1.792327 0.719439 -0.005993
v -1.792327 0.920984 -0.007672
v -1.792327 1.122604 -0.005993
v -1.834007 0.719439 -0.003352
v -1.834007 0.920984 -0.004976
v -1.834006 1.122604 -0.003352
v -2.207930 0.719439 -0.003352
v -2.207930 0.920984 -0.004976
v -2.207930 1.122604 -0.003352
v -2.249610 0.719439 -0.005993
v -2.249610 0.920984 -0.007672
v -2.249610 1.122604 -0.005993
v -2.291289 0.719439 -0.003352
v -2.291290 0.920984 -0.004976
v -2.291289 1.122604 -0.003352
v -2.665213 0.719439 -0.003352
v -2.665213 0.920984 -0.004976
v -2.665213 1.122604 -0.003352
v -2.706892 0.719439 -0.005993
v -2.706892 0.920984 -0.007672
v -2.706892 1.122604 -0.005993
v -2.748572 0.719439 -0.003352
v -2.748572 0.920984 -0.004976
v -2.748572 1.122604 -0.003352
v -3.122495 0.719439 -0.003352
v -3.122496 0.920984 -0.004976
v -3.122495 1.122604 -0.003352
v -3.164175 0.719439 -0.005993
v -3.164174 0.920984 -0.007672
v -3.164175 1.122604 -0.005993
v -3.205854 0.719439 -0.003352
v -3.205854 0.920984 -0.004976
v -3.205854 1.122604 -0.003352
v -3.579777 0.719439 -0.003352
v -3.579777 0.920984 -0.004976
v -3.579777 1.122604 -0.003352
v -3.621457 0.719439 -0.005993
v -3.621458 0.920984 -0.007672
v -3.621457 1.122604 -0.005993
v -3.663137 0.719439 -0.003352
v -3.663137 0.920984 -0.004976
v -3.663137 1.122604 -0.003352
v -4.037061 0.719439 -0.003352
v -4.037061 0.920984 -0.004976
v -4.037060 1.122604 -0.003352
v -4.078740 0.719439 -0.005993
v -4.078740 0.920984 -0.007672
v -4.078740 1.122604 -0.005993
v -4.120419 0.719439 -0.003352
v -4.120419 0.920984 -0.004976
v -4.120419 1.122604 -0.003352
v -4.419266 0.719439 0.027344
v -4.419266 0.920984 0.027344
v -4.419266 1.122604 0.027344
v -4.420310 0.719439 -0.000000
v -4.420310 0.920984 0.000000
v -4.420310 1.122604 -0.000000
v -4.419267 0.719439 -0.027344
v -4.419266 0.920984 -0.027344
v -4.419267 1.122604 -0.027344
v 0.334178 0.719439 -0.074609
v 0.334178 0.920984 -0.074609
v 0.334178 1.122604 -0.074609
v 0.351895 0.719439 -0.071875
v 0.351895 0.920984 -0.071875
v 0.351895 1.122604 -0.071875
v 0.363974 0.719439 -0.064453
v 0.363974 0.920984 -0.064453
v 0.363974 1.122604 -0.064453
v 0.376249 0.719439 -0.027344
v 0.376249 0.920984 -0.027344
v 0.376249 1.122604 -0.027344
v 0.377756 0.719439 0.000000
v 0.377756 0.920984 -0.000000
v 0.377756 1.122604 -0.000000
v 0.376249 0.719439 0.027344
v 0.376249 0.920984 0.027344
v 0.376249 1.122604 0.027344
v -4.385187 0.719439 0.074609
v -4.385187 0.920984 0.074609
v -4.385187 1.122604 0.074609
v -4.400935 0.719439 0.071875
v -4.400935 0.920984 0.071875
v -4.400935 1.122604 0.071875
v -4.410583 0.719439 0.064453
v -4.410583 0.920984 0.064453
v -4.410583 1.122604 0.064453
v 0.277613 0.719439 0.074780
v 0.277613 0.920984 0.074775
v 0.277613 1.122604 0.074780
v 0.242338 0.719439 0.073239
v 0.242338 0.920984 0.073203
v 0.242338 1.122604 0.073239
v 0.208570 0.719439 0.069058
v 0.208570 0.920984 0.068934
v 0.208570 1.122604 0.069058
v -1.448846 1.484189 0.059424
v -1.460204 1.458802 0.055894
v -1.464266 1.399887 0.052527
v -1.433796 1.482709 0.049817
v -1.444778 1.458345 0.044722
v -1.448792 1.399830 0.039607
v -1.420002 1.481825 0.040267
v -1.429727 1.458059 0.033568
v -1.433365 1.399794 0.026688
v -0.150159 0.719439 0.068838
v -0.150159 0.920984 0.068710
v -0.150159 1.122604 0.068838
v -0.191838 0.719439 0.071479
v -0.191838 0.920984 0.071406
v -0.191838 1.122604 0.071479
v -0.233518 0.719439 0.068838
v -0.233518 0.920984 0.068710
v -0.233518 1.122604 0.068838
v -0.607441 0.719439 0.020779
v -0.607441 0.920984 0.019031
v -0.607441 1.122604 0.020779
v -0.649121 0.719439 0.022743
v -0.649121 0.920984 0.021027
v -0.649121 1.122604 0.022743
v -0.690800 0.719439 0.024299
v -0.690800 0.920984 0.022670
v -0.690800 1.122604 0.024299
v -1.064724 0.719439 0.072493
v -1.064724 0.920984 0.072488
v -1.064724 1.122604 0.072493
v -1.106403 0.719439 0.072562
v -1.106403 0.920984 0.072525
v -1.106403 1.122605 0.072562
v -1.148083 0.719439 0.068973
v -1.148083 0.920984 0.068850
v -1.148083 1.122604 0.068973
v -1.662526 0.719439 0.048149
v -1.662526 0.920984 0.047592
v -1.662526 1.122604 0.048149
v -1.678007 0.719439 0.032743
v -1.678007 0.920984 0.031867
v -1.678007 1.122604 0.032743
v -1.693488 0.719439 0.017337
v -1.693487 0.920984 0.016141
v -1.693487 1.122604 0.017337
v -1.522007 0.719439 0.068838
v -1.522006 0.920984 0.068710
v -1.522006 1.122604 0.068838
v -1.563686 0.719439 0.071479
v -1.563686 0.920984 0.071406
v -1.563686 1.122605 0.071479
v -1.605365 0.719439 0.068838
v -1.605365 0.920984 0.068710
v -1.605365 1.122604 0.068838
v -1.979289 0.719439 0.068838
v -1.979289 0.920984 0.068710
v -1.979289 1.122604 0.068838
v -2.020968 0.719439 0.071479
v -2.020968 0.920984 0.071406
v -2.020968 1.122604 0.071479
v -2.062648 0.719439 0.068838
v -2.062648 0.920984 0.068710
v -2.062647 1.122604 0.068838
v -1.906128 1.484189 0.059424
v -1.917487 1.458802 0.055894
v -1.921548 1.399887 0.052527
v -1.891079 1.482709 0.049817
v -1.902061 1.458345 0.044722
v -1.906074 1.399830 0.039607
v -1.877285 1.481825 0.040267
v -1.887010 1.458059 0.033568
v -1.890647 1.399794 0.026688
v -2.436571 0.719439 0.068838
v -2.436571 0.920984 0.068710
v -2.436571 1.122604 0.068838
v -2.478251 0.719439 0.071479
v -2.478251 0.920984 0.071406
v -2.478251 1.122605 0.071479
v -2.519931 0.719439 0.068838
v -2.519930 0.920984 0.068710
v -2.519931 1.122604 0.068838
v -2.893854 0.719439 0.068838
v -2.893854 0.920984 0.068710
v -2.893854 1.122604 0.068838
v -2.935533 0.719439 0.071479
v -2.935534 0.920984 0.071406
v -2.935533 1.122605 0.071479
v -2.977213 0.719439 0.068838
v -2.977213 0.920984 0.068710
v -2.977213 1.122604 0.068838
v -3.351137 0.719439 0.068838
v -3.351137 0.920984 0.068710
v -3.351137 1.122604 0.068838
v -3.392816 0.719439 0.071479
v -3.392816 0.920984 0.071406
v -3.392816 1.122604 0.071479
v -3.434495 0.719439 0.068838
v -3.434495 0.920984 0.068710
v -3.434495 1.122604 0.068838
v -2.119808 0.719439 0.048149
v -2.119808 0.920984 0.047592
v -2.119808 1.122604 0.048149
v -2.135289 0.719439 0.032743
v -2.135289 0.920984 0.031867
v -2.135289 1.122604 0.032743
v -2.150770 0.719439 0.017337
v -2.150770 0.920984 0.016141
v -2.150770 1.122604 0.017337
v -3.808420 0.719439 0.068838
v -3.808419 0.920984 0.068710
v -3.808419 1.122604 0.068838
v -3.850098 0.719439 0.071479
v -3.850098 0.920984 0.071406
v -3.850098 1.122604 0.071479
v -3.891778 0.719439 0.068838
v -3.891778 0.920984 0.068710
v -3.891778 1.122604 0.068838
v -4.328026 0.719439 -0.075000
v -4.328026 0.920984 -0.075000
v -4.328026 1.122604 -0.075000
v -4.286615 0.719439 -0.075000
v -4.286615 0.920984 -0.075000
v -4.286615 1.122604 -0.075000
v -4.239101 0.719439 -0.075000
v -4.239101 0.920984 -0.075000
v -4.239101 1.122604 -0.075000
v -4.133552 0.719439 -0.075000
v -4.133552 0.920984 -0.075000
v -4.133552 1.122604 -0.075000
v -4.078043 0.719439 -0.075000
v -4.078044 0.920984 -0.075000
v -4.078043 1.122604 -0.075000
v -4.021492 0.719439 -0.075000
v -4.021492 0.920984 -0.075000
v -4.021492 1.122604 -0.075000
v -3.907259 0.719439 -0.075000
v -3.907259 0.920984 -0.075000
v -3.907259 1.122604 -0.075000
v -3.850098 0.719439 -0.075000
v -3.850099 0.920984 -0.075000
v -3.850098 1.122604 -0.075000
v -3.792938 0.719439 -0.075000
v -3.792938 0.920984 -0.075000
v -3.792938 1.122604 -0.075000
v -3.678617 0.719439 -0.075000
v -3.678617 0.920984 -0.075000
v -3.678618 1.122604 -0.075000
v -3.621457 0.719439 -0.075000
v -3.621457 0.920984 -0.075000
v -3.621457 1.122604 -0.075000
v -3.564297 0.719439 -0.075000
v -3.564297 0.920984 -0.075000
v -3.564297 1.122604 -0.075000
v -3.449976 0.719439 -0.075000
v -3.449976 0.920984 -0.075000
v -3.449976 1.122604 -0.075000
v -3.392816 0.719439 -0.075000
v -3.392816 0.920984 -0.075000
v -3.392816 1.122604 -0.075000
v -3.335656 0.719439 -0.075000
v -3.335655 0.920984 -0.075000
v -3.335656 1.122604 -0.075000
v -3.221335 0.719439 -0.075000
v -3.221335 0.920984 -0.075000
v -3.221335 1.122604 -0.075000
v -3.164175 0.719439 -0.075000
v -3.164175 0.920984 -0.075000
v -3.164175 1.122604 -0.075000
v -3.107014 0.719439 -0.075000
v -3.107015 0.920984 -0.075000
v -3.107015 1.122604 -0.075000
v -2.992694 0.719439 -0.075000
v -2.992694 0.920984 -0.075000
v -2.992694 1.122604 -0.075000
v -2.935534 0.719439 -0.075000
v -2.935534 0.920984 -0.075000
v -2.935533 1.122604 -0.075000
v -2.878373 0.719439 -0.075000
v -2.878373 0.920984 -0.075000
v -2.878373 1.122604 -0.075000
v -2.764052 0.719439 -0.075000
v -2.764052 0.920984 -0.075000
v -2.764052 1.122604 -0.075000
v -2.706892 0.719439 -0.075000
v -2.706892 0.920984 -0.075000
v -2.706892 1.122604 -0.075000
v -2.649731 0.719439 -0.075000
v -2.649732 0.920984 -0.075000
v -2.649731 1.122604 -0.075000
v -2.535411 0.719439 -0.075000
v -2.535412 0.920984 -0.075000
v -2.535411 1.122604 -0.075000
v -2.478251 0.719439 -0.075000
v -2.478251 0.920984 -0.075000
v -2.478251 1.122604 -0.075000
v -2.421091 0.719439 -0.075000
v -2.421090 0.920984 -0.075000
v -2.421091 1.122604 -0.075000
v -2.306770 0.719439 -0.075000
v -2.306770 0.920984 -0.075000
v -2.306770 1.122604 -0.075000
v -2.249610 0.719439 -0.075000
v -2.249610 0.920984 -0.075000
v -2.249609 1.122604 -0.075000
v -2.192449 0.719439 -0.075000
v -2.192449 0.920984 -0.075000
v -2.192449 1.122604 -0.075000
v -2.078129 0.719439 -0.075000
v -2.078129 0.920984 -0.075000
v -2.078129 1.122604 -0.075000
v -2.020968 0.719439 -0.075000
v -2.020969 0.920984 -0.075000
v -2.020968 1.122604 -0.075000
v -1.963808 0.719439 -0.075000
v -1.963808 0.920984 -0.075000
v -1.963808 1.122604 -0.075000
v -1.849487 0.719439 -0.075000
v -1.849487 0.920984 -0.075000
v -1.849488 1.122604 -0.075000
v -1.792327 0.719439 -0.075000
v -1.792327 0.920984 -0.075000
v -1.792327 1.122604 -0.075000
v -1.735167 0.719439 -0.075000
v -1.735167 0.920984 -0.075000
v -1.735167 1.122604 -0.075000
v -1.620846 0.719439 -0.075000
v -1.620846 0.920984 -0.075000
v -1.620846 1.122604 -0.075000
v -1.563686 0.719439 -0.075000
v -1.563686 0.920984 -0.075000
v -1.563686 1.122604 -0.075000
v -1.506525 0.719439 -0.075000
v -1.506525 0.920984 -0.075000
v -1.506526 1.122604 -0.075000
v -1.392205 0.719439 -0.075000
v -1.392205 0.920984 -0.075000
v -1.392205 1.122604 -0.075000
v -1.335045 0.719439 -0.075000
v -1.335045 0.920984 -0.075000
v -1.335045 1.122604 -0.075000
v -1.277884 0.719439 -0.075000
v -1.277884 0.920984 -0.075000
v -1.277884 1.122604 -0.075000
v -1.163563 0.719439 -0.075000
v -1.163563 0.920984 -0.075000
v -1.163564 1.122604 -0.075000
v -1.106403 0.719439 -0.075000
v -1.106403 0.920984 -0.075000
v -1.106403 1.122604 -0.075000
v -1.049243 0.719439 -0.075000
v -1.049243 0.920984 -0.075000
v -1.049243 1.122604 -0.075000
v -0.934922 0.719439 -0.075000
v -0.934922 0.920984 -0.075000
v -0.934922 1.122604 -0.075000
v -0.877762 0.719439 -0.075000
v -0.877762 0.920984 -0.075000
v -0.877762 1.122604 -0.075000
v -0.820602 0.719439 -0.075000
v -0.820602 0.920984 -0.075000
v -0.820602 1.122604 -0.075000
v -0.706281 0.719439 -0.075000
v -0.706281 0.920984 -0.075000
v -0.706281 1.122604 -0.075000
v -0.649121 0.719439 -0.075000
v -0.649121 0.920984 -0.075000
v -0.649121 1.122604 -0.075000
v -0.591960 0.719439 -0.075000
v -0.591960 0.920984 -0.075000
v -0.591961 1.122604 -0.075000
v -0.477640 0.719439 -0.075000
v -0.477640 0.920984 -0.075000
v -0.477640 1.122604 -0.075000
v -0.420480 0.719439 -0.075000
v -0.420480 0.920984 -0.075000
v -0.420480 1.122604 -0.075000
v -0.363319 0.719439 -0.075000
v -0.363319 0.920984 -0.075000
v -0.363319 1.122604 -0.075000
v -0.248999 0.719439 -0.075000
v -0.248999 0.920984 -0.075000
v -0.248999 1.122604 -0.075000
v -0.191838 0.719439 -0.075000
v -0.191838 0.920984 -0.075000
v -0.191838 1.122604 -0.075000
v -0.134678 0.719439 -0.075000
v -0.134678 0.920984 -0.075000
v -0.134678 1.122604 -0.075000
v -0.020483 0.719439 -0.075000
v -0.020483 0.920984 -0.075000
v -0.020483 1.122604 -0.075000
v 0.035798 0.719439 -0.075000
v 0.035798 0.920984 -0.075000
v 0.035798 1.122604 -0.075000
v 0.090573 0.719439 -0.075000
v 0.090573 0.920984 -0.075000
v 0.090573 1.122604 -0.075000
v -0.020483 0.357939 -0.075000
v -0.020483 0.383893 -0.075000
v -0.020483 0.442699 -0.075000
v 0.035798 0.357939 -0.075000
v 0.035798 0.383893 -0.075000
v 0.035798 0.442699 -0.075000
v 0.090573 0.357939 -0.075000
v 0.090573 0.383893 -0.075000
v 0.090573 0.442699 -0.075000
v -0.248999 0.357939 -0.075000
v -0.248999 0.383893 -0.075000
v -0.248999 0.442699 -0.075000
v -0.191838 0.357939 -0.075000
v -0.191838 0.383893 -0.075000
v -0.191838 0.442699 -0.075000
v -0.134678 0.357939 -0.075000
v -0.134678 0.383893 -0.075000
v -0.134678 0.442699 -0.075000
v -0.477640 0.357939 -0.075000
v -0.477640 0.383893 -0.075000
v -0.477640 0.442699 -0.075000
v -0.420479 0.357939 -0.075000
v -0.420479 0.383893 -0.075000
v -0.420480 0.442699 -0.075000
v -0.363319 0.357939 -0.075000
v -0.363319 0.383893 -0.075000
v -0.363319 0.442699 -0.075000
v -0.706281 0.357939 -0.075000
v -0.706281 0.383893 -0.075000
v -0.706281 0.442699 -0.075000
v -0.649121 0.357939 -0.075000
v -0.649121 0.383893 -0.075000
v -0.649121 0.442699 -0.075000
v -0.591960 0.357939 -0.075000
v -0.591960 0.383893 -0.075000
v -0.591960 0.442699 -0.075000
v -0.934922 0.357939 -0.075000
v -0.934922 0.383893 -0.075000
v -0.934922 0.442699 -0.075000
v -0.877762 0.357939 -0.075000
v -0.877762 0.383893 -0.075000
v -0.877762 0.442699 -0.075000
v -0.820602 0.357939 -0.075000
v -0.820602 0.383893 -0.075000
v -0.820602 0.442699 -0.075000
v -1.163563 0.357939 -0.075000
v -1.163563 0.383893 -0.075000
v -1.163564 0.442699 -0.075000
v -1.106403 0.357939 -0.075000
v -1.106403 0.383893 -0.075000
v -1.106403 0.442699 -0.075000
v -1.049243 0.357939 -0.075000
v -1.049243 0.383893 -0.075000
v -1.049243 0.442699 -0.075000
v -1.392205 0.357939 -0.075000
v -1.392205 0.383893 -0.075000
v -1.392205 0.442699 -0.075000
v -1.335045 0.357939 -0.075000
v -1.335044 0.383893 -0.075000
v -1.335045 0.442699 -0.075000
v -1.277884 0.357939 -0.075000
v -1.277884 0.383893 -0.075000
v -1.277884 0.442699 -0.075000
v -1.620846 0.357939 -0.075000
v -1.620846 0.383893 -0.075000
v -1.620846 0.442699 -0.075000
v -1.563686 0.357939 -0.075000
v -1.563686 0.383893 -0.075000
v -1.563686 0.442699 -0.075000
v -1.506525 0.357939 -0.075000
v -1.506525 0.383893 -0.075000
v -1.506526 0.442699 -0.075000
v -1.849487 0.357939 -0.075000
v -1.849487 0.383893 -0.075000
v -1.849487 0.442699 -0.075000
v -1.792327 0.357939 -0.075000
v -1.792327 0.383893 -0.075000
v -1.792327 0.442699 -0.075000
v -1.735167 0.357939 -0.075000
v -1.735167 0.383893 -0.075000
v -1.735167 0.442699 -0.075000
v -2.078129 0.357939 -0.075000
v -2.078129 0.383893 -0.075000
v -2.078129 0.442699 -0.075000
v -2.020968 0.357939 -0.075000
v -2.020968 0.383893 -0.075000
v -2.020968 0.442699 -0.075000
v -1.963808 0.357939 -0.075000
v -1.963808 0.383893 -0.075000
v -1.963808 0.442699 -0.075000
v -2.306770 0.357939 -0.075000
v -2.306770 0.383893 -0.075000
v -2.306770 0.442699 -0.075000
v -2.249610 0.357939 -0.075000
v -2.249610 0.383893 -0.075000
v -2.249609 0.442699 -0.075000
v -2.192449 0.357939 -0.075000
v -2.192449 0.383893 -0.075000
v -2.192449 0.442699 -0.075000
v -2.535411 0.357939 -0.075000
v -2.535411 0.383893 -0.075000
v -2.535411 0.442699 -0.075000
v -2.478251 0.357939 -0.075000
v -2.478251 0.383893 -0.075000
v -2.478251 0.442699 -0.075000
v -2.421091 0.357939 -0.075000
v -2.421090 0.383893 -0.075000
v -2.421091 0.442699 -0.075000
v -2.764052 0.357939 -0.075000
v -2.764052 0.383893 -0.075000
v -2.764052 0.442699 -0.075000
v -2.706892 0.357939 -0.075000
v -2.706892 0.383893 -0.075000
v -2.706892 0.442699 -0.075000
v -2.649731 0.357939 -0.075000
v -2.649732 0.383893 -0.075000
v -2.649731 0.442699 -0.075000
v -2.992694 0.357939 -0.075000
v -2.992694 0.383893 -0.075000
v -2.992694 0.442699 -0.075000
v -2.935534 0.357939 -0.075000
v -2.935534 0.383893 -0.075000
v -2.935533 0.442699 -0.075000
v -2.878373 0.357939 -0.075000
v -2.878373 0.383893 -0.075000
v -2.878373 0.442699 -0.075000
v -3.221335 0.357939 -0.075000
v -3.221335 0.383893 -0.075000
v -3.221335 0.442699 -0.075000
v -3.164175 0.357939 -0.075000
v -3.164175 0.383893 -0.075000
v -3.164175 0.442699 -0.075000
v -3.107014 0.357939 -0.075000
v -3.107015 0.383893 -0.075000
v -3.107014 0.442699 -0.075000
v -3.449976 0.357939 -0.075000
v -3.449976 0.383893 -0.075000
v -3.449976 0.442699 -0.075000
v -3.392816 0.357939 -0.075000
v -3.392815 0.383893 -0.075000
v -3.392816 0.442699 -0.075000
v -3.335655 0.357939 -0.075000
v -3.335655 0.383893 -0.075000
v -3.335656 0.442699 -0.075000
v -3.678617 0.357939 -0.075000
v -3.678617 0.383893 -0.075000
v -3.678617 0.442699 -0.075000
v -3.621457 0.357939 -0.075000
v -3.621457 0.383893 -0.075000
v -3.621457 0.442699 -0.075000
v -3.564297 0.357939 -0.075000
v -3.564297 0.383893 -0.075000
v -3.564297 0.442699 -0.075000
v -3.907259 0.357939 -0.075000
v -3.907259 0.383893 -0.075000
v -3.907259 0.442699 -0.075000
v -3.850098 0.357939 -0.075000
v -3.850099 0.383893 -0.075000
v -3.850098 0.442699 -0.075000
v -3.792938 0.357939 -0.075000
v -3.792938 0.383893 -0.075000
v -3.792938 0.442699 -0.075000
v -4.133552 0.357939 -0.075000
v -4.133552 0.383893 -0.075000
v -4.133552 0.442699 -0.075000
v -4.078043 0.357939 -0.075000
v -4.078043 0.383893 -0.075000
v -4.078043 0.442699 -0.075000
v -4.021492 0.357939 -0.075000
v -4.021492 0.383893 -0.075000
v -4.021492 0.442699 -0.075000
v -4.328026 0.357939 -0.075000
v -4.328026 0.383893 -0.075000
v -4.328026 0.442699 -0.075000
v -4.286615 0.357939 -0.075000
v -4.286615 0.383893 -0.075000
v -4.286615 0.442699 -0.075000
v -4.239101 0.357939 -0.075000
v -4.239101 0.383893 -0.075000
v -4.239101 0.442699 -0.075000
v -3.801187 0.358289 0.071816
v -3.806137 0.384014 0.070732
v -3.808134 0.442714 0.069857
v -3.850099 0.358132 0.073215
v -3.850098 0.383960 0.072575
v -3.850099 0.442708 0.072063
v -3.899009 0.358289 0.071816
v -3.894061 0.384014 0.070732
v -3.892063 0.442714 0.069857
v -2.135809 0.360000 0.059424
v -2.124450 0.384483 0.055894
v -2.120389 0.442773 0.052527
v -2.150858 0.360996 0.049817
v -2.139876 0.384791 0.044722
v -2.135863 0.442812 0.039607
v -2.164652 0.361656 0.040267
v -2.154927 0.385004 0.033568
v -2.151290 0.442838 0.026688
v -3.343905 0.358289 0.071816
v -3.348855 0.384014 0.070732
v -3.350852 0.442714 0.069857
v -3.392816 0.358131 0.073215
v -3.392816 0.383960 0.072575
v -3.392816 0.442708 0.072063
v -3.441727 0.358289 0.071816
v -3.436778 0.384014 0.070732
v -3.434781 0.442714 0.069857
v -2.886622 0.358289 0.071816
v -2.891572 0.384014 0.070732
v -2.893569 0.442714 0.069857
v -2.935534 0.358131 0.073215
v -2.935534 0.383960 0.072575
v -2.935533 0.442708 0.072063
v -2.984445 0.358289 0.071816
v -2.979496 0.384014 0.070732
v -2.977498 0.442714 0.069857
v -2.429340 0.358289 0.071816
v -2.434289 0.384014 0.070732
v -2.436286 0.442714 0.069857
v -2.478251 0.358131 0.073215
v -2.478251 0.383960 0.072575
v -2.478251 0.442708 0.072063
v -2.527162 0.358289 0.071816
v -2.522213 0.384014 0.070732
v -2.520216 0.442714 0.069857
v -1.972057 0.358289 0.071816
v -1.977007 0.384014 0.070732
v -1.979004 0.442714 0.069857
v -2.020968 0.358131 0.073215
v -2.020968 0.383960 0.072575
v -2.020968 0.442708 0.072063
v -2.069880 0.358289 0.071816
v -2.064930 0.384014 0.070732
v -2.062933 0.442714 0.069857
v -1.514775 0.358289 0.071816
v -1.519724 0.384014 0.070732
v -1.521721 0.442714 0.069857
v -1.563686 0.358131 0.073215
v -1.563686 0.383960 0.072575
v -1.563686 0.442708 0.072063
v -1.612597 0.358289 0.071816
v -1.607648 0.384014 0.070732
v -1.605651 0.442714 0.069857
v -1.678526 0.360000 0.059424
v -1.667168 0.384483 0.055894
v -1.663106 0.442773 0.052527
v -1.693576 0.360996 0.049817
v -1.682594 0.384791 0.044722
v -1.678580 0.442812 0.039607
v -1.707369 0.361656 0.040267
v -1.697644 0.385004 0.033568
v -1.694007 0.442838 0.026688
v -1.057492 0.358289 0.072989
v -1.062442 0.384014 0.072678
v -1.064439 0.442714 0.072544
v -1.106403 0.358132 0.073561
v -1.106403 0.383960 0.073151
v -1.106403 0.442708 0.072859
v -1.155315 0.358289 0.071859
v -1.150365 0.384014 0.070804
v -1.148368 0.442714 0.069956
v -0.600210 0.358289 0.055902
v -0.605159 0.384014 0.044996
v -0.607156 0.442714 0.034511
v -0.649121 0.358132 0.056841
v -0.649121 0.383960 0.046405
v -0.649121 0.442708 0.036210
v -0.698032 0.358289 0.057032
v -0.693083 0.384014 0.046870
v -0.691086 0.442714 0.037098
v -0.142927 0.358289 0.071816
v -0.147877 0.384014 0.070732
v -0.149874 0.442714 0.069857
v -0.191838 0.358131 0.073215
v -0.191838 0.383960 0.072575
v -0.191838 0.442708 0.072063
v -0.240750 0.358289 0.071816
v -0.235800 0.384014 0.070732
v -0.233803 0.442714 0.069857
v 0.277337 0.357951 0.074888
v 0.277521 0.383897 0.074848
v 0.277601 0.442700 0.074816
v 0.240129 0.358035 0.074107
v 0.241604 0.383926 0.073788
v 0.242246 0.442703 0.073531
v 0.201571 0.358277 0.071928
v 0.206361 0.384010 0.070884
v 0.208294 0.442714 0.070040
v -4.385186 0.357939 0.074609
v -4.385187 0.383893 0.074609
v -4.385187 0.442699 0.074609
v -4.400935 0.357939 0.071875
v -4.400935 0.383893 0.071875
v -4.400935 0.442699 0.071875
v -4.410583 0.357939 0.064453
v -4.410583 0.383893 0.064453
v -4.410583 0.442699 0.064453
v 0.376249 0.357939 -0.027344
v 0.376249 0.383893 -0.027344
v 0.376249 0.442699 -0.027344
v 0.377756 0.357939 0.000000
v 0.377756 0.383893 -0.000000
v 0.377756 0.442699 -0.000000
v 0.376249 0.357939 0.027344
v 0.376249 0.383893 0.027344
v 0.376249 0.442699 0.027344
v 0.334178 0.357939 -0.074609
v 0.334178 0.383893 -0.074609
v 0.334178 0.442699 -0.074609
v 0.351895 0.357939 -0.071875
v 0.351895 0.383893 -0.071875
v 0.351895 0.442699 -0.071875
v 0.363974 0.357939 -0.064453
v 0.363974 0.383893 -0.064453
v 0.363974 0.442699 -0.064453
v -4.419266 0.357939 0.027344
v -4.419266 0.383893 0.027344
v -4.419266 0.442699 0.027344
v -4.420310 0.357939 -0.000000
v -4.420310 0.383893 0.000000
v -4.420310 0.442699 -0.000000
v -4.419267 0.357939 -0.027344
v -4.419266 0.383893 -0.027344
v -4.419267 0.442699 -0.027344
v -4.042372 0.361725 0.029078
v -4.038858 0.385027 0.019041
v -4.037285 0.442841 0.009398
v -4.078740 0.361549 0.028082
v -4.078740 0.384973 0.017320
v -4.078740 0.442834 0.007207
v -4.115108 0.361725 0.029078
v -4.118622 0.385027 0.019041
v -4.120195 0.442841 0.009398
v -3.585089 0.361725 0.029078
v -3.581575 0.385027 0.019041
v -3.580002 0.442841 0.009398
v -3.621457 0.361549 0.028082
v -3.621458 0.384973 0.017320
v -3.621457 0.442834 0.007207
v -3.657825 0.361725 0.029078
v -3.661340 0.385027 0.019041
v -3.662912 0.442841 0.009398
v -3.127807 0.361725 0.029078
v -3.124293 0.385027 0.019041
v -3.122720 0.442841 0.009398
v -3.164175 0.361549 0.028082
v -3.164175 0.384973 0.017320
v -3.164175 0.442834 0.007207
v -3.200543 0.361725 0.029078
v -3.204057 0.385027 0.019041
v -3.205629 0.442841 0.009398
v -2.670525 0.361725 0.029078
v -2.667010 0.385027 0.019041
v -2.665437 0.442841 0.009398
v -2.706892 0.361549 0.028082
v -2.706892 0.384973 0.017320
v -2.706892 0.442834 0.007207
v -2.743260 0.361725 0.029078
v -2.746775 0.385027 0.019041
v -2.748347 0.442841 0.009398
v -2.213242 0.361725 0.029078
v -2.209727 0.385027 0.019041
v -2.208155 0.442841 0.009398
v -2.249610 0.361549 0.028082
v -2.249610 0.384973 0.017320
v -2.249610 0.442834 0.007207
v -2.285978 0.361725 0.029078
v -2.289492 0.385027 0.019041
v -2.291065 0.442841 0.009398
v -1.755959 0.361725 0.029078
v -1.752445 0.385027 0.019041
v -1.750872 0.442841 0.009398
v -1.792327 0.361549 0.028082
v -1.792327 0.384973 0.017320
v -1.792327 0.442834 0.007207
v -1.828695 0.361725 0.029078
v -1.832209 0.385027 0.019041
v -1.833782 0.442841 0.009398
v -1.298677 0.361725 0.029078
v -1.295162 0.385027 0.019041
v -1.293590 0.442841 0.009398
v -1.335045 0.361549 0.028082
v -1.335045 0.384973 0.017320
v -1.335045 0.442834 0.007207
v -1.371413 0.361725 0.029078
v -1.374927 0.385027 0.019041
v -1.376499 0.442841 0.009398
v -0.841394 0.361725 0.045357
v -0.837880 0.385027 0.043405
v -0.836307 0.442841 0.042219
v -0.877762 0.361549 0.045503
v -0.877762 0.384973 0.043850
v -0.877762 0.442834 0.043105
v -0.914130 0.361725 0.046750
v -0.917644 0.385027 0.045355
v -0.919217 0.442841 0.044816
v -0.384112 0.361725 0.029023
v -0.380598 0.385027 0.018965
v -0.379025 0.442841 0.009298
v -0.420480 0.361549 0.027644
v -0.420480 0.384973 0.016717
v -0.420480 0.442834 0.006407
v -0.456848 0.361725 0.027630
v -0.460362 0.385027 0.017015
v -0.461934 0.442841 0.006701
v 0.073171 0.361725 0.029078
v 0.076685 0.385027 0.019041
v 0.078258 0.442841 0.009398
v 0.036803 0.361549 0.028082
v 0.036803 0.384973 0.017320
v 0.036803 0.442834 0.007207
v 0.000435 0.361725 0.029078
v -0.003079 0.385027 0.019041
v -0.004652 0.442841 0.009398
v -2.593091 0.360000 0.059424
v -2.581733 0.384483 0.055894
v -2.577671 0.442773 0.052527
v -2.608141 0.360996 0.049817
v -2.597158 0.384791 0.044722
v -2.593145 0.442812 0.039607
v -2.621934 0.361656 0.040267
v -2.612210 0.385004 0.033568
v -2.608572 0.442838 0.026688
v 0.147788 0.360000 0.059424
v 0.158745 0.384483 0.055894
v 0.162655 0.442773 0.052527
v 0.134744 0.360996 0.049817
v 0.145592 0.384791 0.044722
v 0.149553 0.442812 0.039607
v 0.121660 0.361656 0.040267
v 0.131368 0.385004 0.033568
v 0.134998 0.442838 0.026688
v -3.050374 0.360000 0.059424
v -3.039016 0.384483 0.055894
v -3.034953 0.442773 0.052527
v -3.065423 0.360996 0.049817
v -3.054441 0.384791 0.044722
v -3.050428 0.442812 0.039607
v -3.079217 0.361656 0.040267
v -3.069492 0.385004 0.033568
v -3.065855 0.442838 0.026688
v -0.306679 0.360000 0.059424
v -0.295320 0.384483 0.055894
v -0.291258 0.442773 0.052527
v -0.321728 0.360996 0.049817
v -0.310746 0.384791 0.044722
v -0.306732 0.442812 0.039607
v -0.335522 0.361656 0.040267
v -0.325797 0.385004 0.033568
v -0.322160 0.442838 0.026688
v -3.507656 0.360000 0.059424
v -3.496298 0.384482 0.055894
v -3.492236 0.442773 0.052527
v -3.522706 0.360996 0.049817
v -3.511724 0.384791 0.044722
v -3.507710 0.442811 0.039607
v -3.536499 0.361656 0.040267
v -3.526775 0.385004 0.033568
v -3.523137 0.442838 0.026688
v -0.763961 0.360000 0.053429
v -0.752603 0.384483 0.045838
v -0.748541 0.442773 0.038599
v -0.779011 0.360996 0.050319
v -0.768028 0.384791 0.044888
v -0.764015 0.442812 0.039627
v -0.792804 0.361656 0.047800
v -0.783079 0.385004 0.044123
v -0.779442 0.442838 0.040678
v -3.964939 0.360000 0.059424
v -3.953580 0.384483 0.055894
v -3.949519 0.442773 0.052527
v -3.979989 0.360996 0.049817
v -3.969006 0.384791 0.044722
v -3.964993 0.442812 0.039607
v -3.993782 0.361656 0.040267
v -3.984057 0.385004 0.033568
v -3.980420 0.442838 0.026688
v -1.221244 0.360000 0.059424
v -1.209885 0.384483 0.055894
v -1.205823 0.442773 0.052527
v -1.236293 0.360996 0.049817
v -1.225311 0.384791 0.044722
v -1.221297 0.442812 0.039607
v -1.250087 0.361656 0.040267
v -1.240362 0.385004 0.033568
v -1.236724 0.442838 0.026688
v -4.206192 1.122605 0.048149
v -4.206192 0.920984 0.047592
v -4.206192 0.719439 0.048149
v -4.192365 1.122604 0.032743
v -4.192365 0.920984 0.031867
v -4.192365 0.719439 0.032743
v -4.177492 1.122604 0.017337
v -4.177492 0.920984 0.016141
v -4.177493 0.719439 0.017337
v -1.007564 1.122604 0.064665
v -1.007564 0.920984 0.064665
v -1.007564 0.719439 0.064665
v -0.992083 1.122604 0.058735
v -0.992083 0.920984 0.058735
v -0.992083 0.719439 0.058735
v -0.976602 1.122604 0.052805
v -0.976602 0.920984 0.052805
v -0.976602 0.719439 0.052805
v -3.751259 1.122605 0.048149
v -3.751259 0.920984 0.047592
v -3.751259 0.719439 0.048149
v -3.735777 1.122604 0.032743
v -3.735778 0.920984 0.031867
v -3.735777 0.719439 0.032743
v -3.720297 1.122604 0.017337
v -3.720297 0.920984 0.016141
v -3.720297 0.719439 0.017337
v -0.550281 1.122605 0.012680
v -0.550281 0.920984 0.010928
v -0.550281 0.719439 0.012680
v -0.534800 1.122604 0.006751
v -0.534800 0.920984 0.004998
v -0.534800 0.719439 0.006751
v -0.519319 1.122604 0.000821
v -0.519319 0.920984 -0.000932
v -0.519319 0.719439 0.000821
v -3.293976 1.122605 0.048149
v -3.293976 0.920984 0.047592
v -3.293977 0.719439 0.048149
v -3.278495 1.122604 0.032743
v -3.278495 0.920984 0.031867
v -3.278495 0.719439 0.032743
v -3.263014 1.122604 0.017337
v -3.263014 0.920984 0.016141
v -3.263015 0.719439 0.017337
v -0.092999 1.122604 0.048149
v -0.092999 0.920984 0.047592
v -0.092999 0.719439 0.048149
v -0.077518 1.122604 0.032743
v -0.077518 0.920984 0.031867
v -0.077518 0.719439 0.032743
v -0.062037 1.122604 0.017337
v -0.062037 0.920984 0.016141
v -0.062037 0.719439 0.017337
v -2.836694 1.122604 0.048149
v -2.836694 0.920984 0.047592
v -2.836694 0.719439 0.048149
v -2.821213 1.122604 0.032743
v -2.821213 0.920984 0.031867
v -2.821213 0.719439 0.032743
v -2.805732 1.122604 0.017337
v -2.805732 0.920984 0.016141
v -2.805732 0.719439 0.017337
v -2.379411 1.122604 0.048149
v -2.379411 0.920984 0.047592
v -2.379411 0.719439 0.048149
v -2.363930 1.122604 0.032743
v -2.363930 0.920984 0.031867
v -2.363930 0.719439 0.032743
v -2.348449 1.122604 0.017337
v -2.348449 0.920984 0.016141
v -2.348449 0.719439 0.017337
v -1.464846 1.122604 0.048149
v -1.464846 0.920984 0.047592
v -1.464846 0.719439 0.048149
v -1.449365 1.122604 0.032743
v -1.449365 0.920984 0.031867
v -1.449365 0.719439 0.032743
v -1.433884 1.122604 0.017337
v -1.433884 0.920984 0.016141
v -1.433884 0.719439 0.017337
v -1.922129 1.122604 0.048149
v -1.922129 0.920984 0.047592
v -1.922129 0.719439 0.048149
v -1.906647 1.122604 0.032743
v -1.906648 0.920984 0.031867
v -1.906648 0.719439 0.032743
v -1.891167 1.122604 0.017337
v -1.891167 0.920984 0.016141
v -1.891167 0.719439 0.017337
v 0.192493 0.357939 -0.075000
v 0.192493 0.383893 -0.075000
v 0.192493 0.442699 -0.075000
v 0.237574 0.357939 -0.075000
v 0.237574 0.383893 -0.075000
v 0.237574 0.442699 -0.075000
v 0.277017 0.357939 -0.075000
v 0.277017 0.383893 -0.075000
v 0.277017 0.442699 -0.075000
v 0.363974 0.357939 0.064453
v 0.363974 0.383893 0.064453
v 0.363974 0.442699 0.064453
v 0.351895 0.357939 0.071875
v 0.351895 0.383893 0.071875
v 0.351895 0.442699 0.071875
v 0.334178 0.357939 0.074609
v 0.334178 0.383893 0.074609
v 0.334178 0.442699 0.074609
v 0.363974 0.719439 0.064453
v 0.363974 0.920984 0.064453
v 0.363974 1.122604 0.064453
v 0.351895 0.719439 0.071875
v 0.351895 0.920984 0.071875
v 0.351895 1.122604 0.071875
v 0.334178 0.719439 0.074609
v 0.334178 0.920984 0.074609
v 0.334178 1.122604 0.074609
v 0.192493 0.719439 -0.075000
v 0.192493 0.920984 -0.075000
v 0.192493 1.122604 -0.075000
v 0.237574 0.719439 -0.075000
v 0.237574 0.920984 -0.075000
v 0.237574 1.122604 -0.075000
v 0.277017 0.719439 -0.075000
v 0.277017 0.920984 -0.075000
v 0.277017 1.122604 -0.075000
v 0.363974 0.318903 0.064453
v 0.363974 0.328709 0.064453
v 0.363974 0.338551 0.064453
v 0.351895 0.318903 0.071875
v 0.351895 0.328709 0.071875
v 0.351895 0.338551 0.071875
v 0.334178 0.318903 0.074609
v 0.334178 0.328709 0.074609
v 0.334178 0.338551 0.074609
v 0.192493 0.318903 -0.075000
v 0.192493 0.328709 -0.075000
v 0.192493 0.338551 -0.075000
v 0.237574 0.318903 -0.075000
v 0.237574 0.328709 -0.075000
v 0.237574 0.338551 -0.075000
v 0.277017 0.318903 -0.075000
v 0.277017 0.328709 -0.075000
v 0.277017 0.338551 -0.075000
v 0.192493 1.400012 -0.075000
v 0.192493 1.459800 -0.075000
v 0.192493 1.487666 -0.075000
v 0.237574 1.400012 -0.075000
v 0.237574 1.459800 -0.075000
v 0.237574 1.487666 -0.075000
v 0.277017 1.400012 -0.075000
v 0.277017 1.459800 -0.075000
v 0.277017 1.487666 -0.075000
v 0.363974 1.400012 0.064453
v 0.363974 1.459800 0.064453
v 0.363974 1.487666 0.064453
v 0.351895 1.400012 0.071875
v 0.351895 1.459800 0.071875
v 0.351895 1.487666 0.071875
v 0.334178 1.400012 0.074609
v 0.334178 1.459800 0.074609
v 0.334178 1.487666 0.074609
v 0.363925 1.569480 0.064112
v 0.363579 1.576680 0.061726
v 0.362807 1.581303 0.055354
v 0.351879 1.569493 0.071499
v 0.351765 1.576778 0.068866
v 0.351521 1.581614 0.061726
v 0.334176 1.569498 0.074221
v 0.334161 1.576824 0.071499
v 0.334131 1.581754 0.064112
v 0.362758 1.585564 -0.023859
v 0.351504 1.586386 -0.026165
v 0.334129 1.586695 -0.027196
v 0.363184 1.586081 0.000000
v 0.351635 1.586971 0.000000
v 0.334145 1.587300 -0.000000
v 0.362758 1.585564 0.023859
v 0.351504 1.586387 0.026165
v 0.334129 1.586695 0.027196
v 0.192493 0.287933 -0.027344
v 0.237574 0.287933 -0.027344
v 0.277017 0.287933 -0.027344
v 0.192493 0.287347 0.000000
v 0.237574 0.287347 0.000000
v 0.277017 0.287347 -0.000000
v 0.192493 0.287933 0.027344
v 0.237574 0.287933 0.027344
v 0.277017 0.287933 0.027344
v 0.192493 1.569499 -0.074609
v 0.192493 1.576831 -0.071875
v 0.192493 1.581774 -0.064453
v 0.237574 1.569499 -0.074609
v 0.237574 1.576831 -0.071875
v 0.237574 1.581774 -0.064453
v 0.277017 1.569499 -0.074609
v 0.277017 1.576831 -0.071875
v 0.277017 1.581774 -0.064453
v -4.248015 0.358277 0.071928
v -4.252916 0.384009 0.070884
v -4.254896 0.442714 0.070041
v -4.289116 0.358035 0.074107
v -4.290626 0.383926 0.073788
v -4.291284 0.442703 0.073531
v -4.328340 0.357951 0.074888
v -4.328528 0.383897 0.074848
v -4.328610 0.442700 0.074816
v -4.410583 0.357939 -0.064453
v -4.410583 0.383893 -0.064453
v -4.410583 0.442699 -0.064453
v -4.400935 0.357939 -0.071875
v -4.400936 0.383893 -0.071875
v -4.400935 0.442699 -0.071875
v -4.385188 0.357939 -0.074609
v -4.385187 0.383893 -0.074609
v -4.385188 0.442699 -0.074609
v -4.410583 0.719439 -0.064453
v -4.410583 0.920984 -0.064453
v -4.410583 1.122604 -0.064453
v -4.400935 0.719439 -0.071875
v -4.400936 0.920984 -0.071875
v -4.400935 1.122604 -0.071875
v -4.385188 0.719439 -0.074609
v -4.385187 0.920984 -0.074609
v -4.385188 1.122604 -0.074609
v -4.255177 0.719439 0.069058
v -4.255177 0.920984 0.068934
v -4.255177 1.122604 0.069058
v -4.291378 0.719439 0.073239
v -4.291378 0.920984 0.073203
v -4.291378 1.122604 0.073239
v -4.328622 0.719439 0.074780
v -4.328622 0.920984 0.074775
v -4.328622 1.122604 0.074780
v -4.410583 0.318903 -0.064453
v -4.410583 0.328709 -0.064453
v -4.410583 0.338551 -0.064453
v -4.400935 0.318903 -0.071875
v -4.400936 0.328709 -0.071875
v -4.400935 0.338551 -0.071875
v -4.385188 0.318903 -0.074609
v -4.385187 0.328709 -0.074609
v -4.385188 0.338551 -0.074609
v -4.239117 0.318914 0.074967
v -4.239222 0.328797 0.074733
v -4.239680 0.338828 0.074115
v -4.286620 0.318907 0.074989
v -4.286657 0.328743 0.074912
v -4.286834 0.338648 0.074721
v -4.328028 0.318904 0.074999
v -4.328032 0.328714 0.074989
v -4.328054 0.338563 0.074965
v -4.254896 1.399984 0.070041
v -4.252916 1.459573 0.070884
v -4.248015 1.487000 0.071928
v -4.291284 1.400004 0.073531
v -4.290626 1.459733 0.073788
v -4.289117 1.487471 0.074107
v -4.328610 1.400011 0.074816
v -4.328528 1.459792 0.074848
v -4.328340 1.487641 0.074888
v -4.410583 1.400012 -0.064453
v -4.410583 1.459800 -0.064453
v -4.410583 1.487666 -0.064453
v -4.400935 1.400012 -0.071875
v -4.400936 1.459800 -0.071875
v -4.400935 1.487666 -0.071875
v -4.385188 1.400012 -0.074609
v -4.385187 1.459800 -0.074609
v -4.385188 1.487666 -0.074609
v -4.410548 1.569480 -0.064112
v -4.410309 1.576680 -0.061726
v -4.409775 1.581303 -0.055354
v -4.400924 1.569493 -0.071499
v -4.400845 1.576778 -0.068866
v -4.400676 1.581614 -0.061726
v -4.385185 1.569498 -0.074221
v -4.385175 1.576824 -0.071499
v -4.385154 1.581754 -0.064112
v -4.409740 0.289066 -0.023859
v -4.400665 0.288273 -0.026165
v -4.385153 0.287976 -0.027196
v -4.410036 0.288567 0.000000
v -4.400755 0.287709 0.000000
v -4.385164 0.287392 -0.000000
v -4.409740 0.289066 0.023859
v -4.400665 0.288273 0.026165
v -4.385153 0.287976 0.027196
v -4.239101 1.586739 -0.027344
v -4.286615 1.586739 -0.027344
v -4.328027 1.586739 -0.027344
v -4.239102 1.587347 0.000000
v -4.286615 1.587347 0.000000
v -4.328026 1.587347 -0.000000
v -4.239102 1.586738 0.027344
v -4.286615 1.586738 0.027344
v -4.328027 1.586739 0.027344
v -4.239102 1.569499 0.074609
v -4.239101 1.576831 0.071875
v -4.239102 1.581774 0.064453
v -4.286615 1.569499 0.074609
v -4.286615 1.576831 0.071875
v -4.286615 1.581774 0.064453
v -4.328027 1.569499 0.074609
v -4.328027 1.576831 0.071875
v -4.328026 1.581774 0.064453
v -4.239102 0.292649 0.064453
v -4.239101 0.296921 0.071875
v -4.239102 0.302653 0.074609
v -4.286615 0.292649 0.064453
v -4.286615 0.296921 0.071875
v -4.286615 0.302653 0.074609
v -4.328026 0.292649 0.064453
v -4.328027 0.296921 0.071875
v -4.328027 0.302653 0.074609
v -4.409775 0.293103 -0.055354
v -4.410308 0.297066 -0.061726
v -4.410549 0.302671 -0.064112
v -4.400677 0.292802 -0.061726
v -4.400845 0.296971 -0.068866
v -4.400924 0.302659 -0.071499
v -4.385154 0.292668 -0.064112
v -4.385176 0.296927 -0.071499
v -4.385185 0.302653 -0.074221
v 0.192493 0.292649 -0.064453
v 0.192493 0.296921 -0.071875
v 0.192494 0.302653 -0.074609
v 0.237574 0.292649 -0.064453
v 0.237574 0.296921 -0.071875
v 0.237574 0.302653 -0.074609
v 0.277017 0.292649 -0.064453
v 0.277017 0.296921 -0.071875
v 0.277017 0.302653 -0.074609
v 0.362807 0.293103 0.055354
v 0.363579 0.297066 0.061726
v 0.363925 0.302671 0.064112
v 0.351521 0.292802 0.061726
v 0.351765 0.296971 0.068866
v 0.351879 0.302659 0.071499
v 0.334131 0.292668 0.064112
v 0.334161 0.296927 0.071499
v 0.334176 0.302653 0.074221
v -0.020483 0.292649 -0.064453
v -0.020483 0.296921 -0.071875
v -0.020483 0.302653 -0.074609
v 0.035798 0.292649 -0.064453
v 0.035798 0.296921 -0.071875
v 0.035798 0.302653 -0.074609
v 0.090573 0.292649 -0.064453
v 0.090573 0.296921 -0.071875
v 0.090573 0.302653 -0.074609
v -0.248999 0.292649 -0.064453
v -0.248999 0.296921 -0.071875
v -0.248999 0.302653 -0.074609
v -0.191838 0.292649 -0.064453
v -0.191838 0.296921 -0.071875
v -0.191838 0.302653 -0.074609
v -0.134678 0.292649 -0.064453
v -0.134678 0.296921 -0.071875
v -0.134678 0.302653 -0.074609
v -0.477640 0.292649 -0.064453
v -0.477640 0.296921 -0.071875
v -0.477640 0.302653 -0.074609
v -0.420479 0.292649 -0.064453
v -0.420480 0.296921 -0.071875
v -0.420480 0.302653 -0.074609
v -0.363319 0.292649 -0.064453
v -0.363319 0.296921 -0.071875
v -0.363319 0.302653 -0.074609
v -0.706281 0.292649 -0.064453
v -0.706281 0.296921 -0.071875
v -0.706281 0.302653 -0.074609
v -0.649121 0.292649 -0.064453
v -0.649121 0.296921 -0.071875
v -0.649121 0.302653 -0.074609
v -0.591960 0.292649 -0.064453
v -0.591960 0.296921 -0.071875
v -0.591960 0.302653 -0.074609
v -0.934922 0.292649 -0.064453
v -0.934922 0.296921 -0.071875
v -0.934922 0.302653 -0.074609
v -0.877762 0.292649 -0.064453
v -0.877762 0.296921 -0.071875
v -0.877762 0.302653 -0.074609
v -0.820602 0.292649 -0.064453
v -0.820602 0.296921 -0.071875
v -0.820602 0.302653 -0.074609
v -1.163564 0.292649 -0.064453
v -1.163564 0.296921 -0.071875
v -1.163563 0.302653 -0.074609
v -1.106403 0.292649 -0.064453
v -1.106403 0.296921 -0.071875
v -1.106403 0.302653 -0.074609
v -1.049243 0.292649 -0.064453
v -1.049243 0.296921 -0.071875
v -1.049243 0.302653 -0.074609
v -1.392205 0.292649 -0.064453
v -1.392205 0.296921 -0.071875
v -1.392205 0.302653 -0.074609
v -1.335045 0.292649 -0.064453
v -1.335045 0.296921 -0.071875
v -1.335045 0.302653 -0.074609
v -1.277884 0.292649 -0.064453
v -1.277884 0.296921 -0.071875
v -1.277884 0.302653 -0.074609
v -1.620846 0.292649 -0.064453
v -1.620846 0.296921 -0.071875
v -1.620846 0.302653 -0.074609
v -1.563686 0.292649 -0.064453
v -1.563686 0.296921 -0.071875
v -1.563686 0.302653 -0.074609
v -1.506526 0.292649 -0.064453
v -1.506526 0.296921 -0.071875
v -1.506525 0.302653 -0.074609
v -1.849487 0.292649 -0.064453
v -1.849487 0.296921 -0.071875
v -1.849487 0.302653 -0.074609
v -1.792327 0.292649 -0.064453
v -1.792327 0.296921 -0.071875
v -1.792327 0.302653 -0.074609
v -1.735167 0.292649 -0.064453
v -1.735167 0.296921 -0.071875
v -1.735167 0.302653 -0.074609
v -2.078129 0.292649 -0.064453
v -2.078129 0.296921 -0.071875
v -2.078129 0.302653 -0.074609
v -2.020968 0.292649 -0.064453
v -2.020968 0.296921 -0.071875
v -2.020968 0.302653 -0.074609
v -1.963808 0.292649 -0.064453
v -1.963808 0.296921 -0.071875
v -1.963808 0.302653 -0.074609
v -2.306770 0.292649 -0.064453
v -2.306770 0.296921 -0.071875
v -2.306770 0.302653 -0.074609
v -2.249610 0.292649 -0.064453
v -2.249609 0.296921 -0.071875
v -2.249609 0.302653 -0.074609
v -2.192449 0.292649 -0.064453
v -2.192449 0.296921 -0.071875
v -2.192449 0.302653 -0.074609
v -2.535411 0.292649 -0.064453
v -2.535411 0.296921 -0.071875
v -2.535411 0.302653 -0.074609
v -2.478251 0.292649 -0.064453
v -2.478251 0.296921 -0.071875
v -2.478251 0.302653 -0.074609
v -2.421091 0.292649 -0.064453
v -2.421090 0.296921 -0.071875
v -2.421091 0.302653 -0.074609
v -2.764053 0.292649 -0.064453
v -2.764052 0.296921 -0.071875
v -2.764053 0.302653 -0.074609
v -2.706892 0.292649 -0.064453
v -2.706892 0.296921 -0.071875
v -2.706892 0.302653 -0.074609
v -2.649732 0.292649 -0.064453
v -2.649732 0.296921 -0.071875
v -2.649732 0.302653 -0.074609
v -2.992693 0.292649 -0.064453
v -2.992694 0.296921 -0.071875
v -2.992694 0.302653 -0.074609
v -2.935534 0.292649 -0.064453
v -2.935533 0.296921 -0.071875
v -2.935534 0.302653 -0.074609
v -2.878373 0.292649 -0.064453
v -2.878373 0.296921 -0.071875
v -2.878373 0.302653 -0.074609
v -3.221335 0.292649 -0.064453
v -3.221335 0.296921 -0.071875
v -3.221335 0.302653 -0.074609
v -3.164174 0.292649 -0.064453
v -3.164175 0.296921 -0.071875
v -3.164175 0.302653 -0.074609
v -3.107014 0.292649 -0.064453
v -3.107014 0.296921 -0.071875
v -3.107014 0.302653 -0.074609
v -3.449976 0.292649 -0.064453
v -3.449976 0.296921 -0.071875
v -3.449976 0.302653 -0.074609
v -3.392816 0.292649 -0.064453
v -3.392816 0.296921 -0.071875
v -3.392816 0.302653 -0.074609
v -3.335655 0.292649 -0.064453
v -3.335656 0.296921 -0.071875
v -3.335655 0.302653 -0.074609
v -3.678617 0.292649 -0.064453
v -3.678618 0.296921 -0.071875
v -3.678618 0.302653 -0.074609
v -3.621458 0.292649 -0.064453
v -3.621458 0.296921 -0.071875
v -3.621457 0.302653 -0.074609
v -3.564297 0.292649 -0.064453
v -3.564297 0.296921 -0.071875
v -3.564297 0.302653 -0.074609
v -3.907259 0.292649 -0.064453
v -3.907259 0.296921 -0.071875
v -3.907259 0.302653 -0.074609
v -3.850098 0.292649 -0.064453
v -3.850099 0.296921 -0.071875
v -3.850099 0.302653 -0.074609
v -3.792938 0.292649 -0.064453
v -3.792938 0.296921 -0.071875
v -3.792938 0.302653 -0.074609
v -4.133552 0.292649 -0.064453
v -4.133552 0.296921 -0.071875
v -4.133553 0.302653 -0.074609
v -4.078043 0.292649 -0.064453
v -4.078044 0.296921 -0.071875
v -4.078044 0.302653 -0.074609
v -4.021492 0.292649 -0.064453
v -4.021492 0.296921 -0.071875
v -4.021492 0.302653 -0.074609
v -4.328027 0.292649 -0.064453
v -4.328027 0.296921 -0.071875
v -4.328027 0.302653 -0.074609
v -4.286614 0.292649 -0.064453
v -4.286615 0.296921 -0.071875
v -4.286615 0.302653 -0.074609
v -4.239101 0.292649 -0.064453
v -4.239101 0.296921 -0.071875
v -4.239102 0.302653 -0.074609
v -4.021492 0.292649 0.064453
v -4.021493 0.296921 0.071875
v -4.021493 0.302653 0.074609
v -4.078044 0.292649 0.064453
v -4.078044 0.296921 0.071875
v -4.078044 0.302653 0.074609
v -4.133551 0.292649 0.064453
v -4.133552 0.296921 0.071875
v -4.133552 0.302653 0.074609
v -3.792938 0.292649 0.064453
v -3.792938 0.296921 0.071875
v -3.792938 0.302653 0.074609
v -3.850098 0.292649 0.064453
v -3.850099 0.296921 0.071875
v -3.850099 0.302653 0.074609
v -3.907259 0.292649 0.064453
v -3.907259 0.296921 0.071875
v -3.907259 0.302653 0.074609
v -3.564296 0.292649 0.064453
v -3.564297 0.296921 0.071875
v -3.564297 0.302653 0.074609
v -3.621457 0.292649 0.064453
v -3.621457 0.296921 0.071875
v -3.621457 0.302653 0.074609
v -3.678618 0.292649 0.064453
v -3.678617 0.296921 0.071875
v -3.678617 0.302653 0.074609
v -3.335656 0.292649 0.064453
v -3.335656 0.296921 0.071875
v -3.335657 0.302653 0.074609
v -3.392816 0.292649 0.064453
v -3.392816 0.296921 0.071875
v -3.392816 0.302653 0.074609
v -3.449976 0.292649 0.064453
v -3.449976 0.296921 0.071875
v -3.449977 0.302653 0.074609
v -3.107014 0.292649 0.064453
v -3.107015 0.296921 0.071875
v -3.107014 0.302653 0.074609
v -3.164175 0.292649 0.064453
v -3.164175 0.296921 0.071875
v -3.164175 0.302653 0.074609
v -3.221335 0.292649 0.064453
v -3.221335 0.296921 0.071875
v -3.221335 0.302653 0.074609
v -2.878373 0.292649 0.064453
v -2.878374 0.296921 0.071875
v -2.878373 0.302653 0.074609
v -2.935534 0.292649 0.064453
v -2.935534 0.296921 0.071875
v -2.935534 0.302653 0.074609
v -2.992694 0.292649 0.064453
v -2.992694 0.296921 0.071875
v -2.992694 0.302653 0.074609
v -2.649732 0.292649 0.064453
v -2.649732 0.296921 0.071875
v -2.649732 0.302653 0.074609
v -2.706892 0.292649 0.064453
v -2.706892 0.296921 0.071875
v -2.706892 0.302653 0.074609
v -2.764053 0.292649 0.064453
v -2.764053 0.296921 0.071875
v -2.764052 0.302653 0.074609
v -2.421090 0.292649 0.064453
v -2.421091 0.296921 0.071875
v -2.421091 0.302653 0.074609
v -2.478251 0.292649 0.064453
v -2.478251 0.296921 0.071875
v -2.478251 0.302653 0.074609
v -2.535411 0.292649 0.064453
v -2.535411 0.296921 0.071875
v -2.535411 0.302653 0.074609
v -2.192450 0.292649 0.064453
v -2.192449 0.296921 0.071875
v -2.192449 0.302653 0.074609
v -2.249610 0.292649 0.064453
v -2.249610 0.296921 0.071875
v -2.249609 0.302653 0.074609
v -2.306770 0.292649 0.064453
v -2.306770 0.296921 0.071875
v -2.306770 0.302653 0.074609
v -1.963808 0.292649 0.064453
v -1.963808 0.296921 0.071875
v -1.963808 0.302653 0.074609
v -2.020968 0.292649 0.064453
v -2.020968 0.296921 0.071875
v -2.020968 0.302653 0.074609
v -2.078129 0.292649 0.064453
v -2.078129 0.296921 0.071875
v -2.078129 0.302653 0.074609
v -1.735167 0.292649 0.064453
v -1.735167 0.296921 0.071875
v -1.735167 0.302653 0.074609
v -1.792327 0.292649 0.064453
v -1.792327 0.296921 0.071875
v -1.792327 0.302653 0.074609
v -1.849487 0.292649 0.064453
v -1.849487 0.296921 0.071875
v -1.849487 0.302653 0.074609
v -1.506525 0.292649 0.064453
v -1.506526 0.296921 0.071875
v -1.506526 0.302653 0.074609
v -1.563686 0.292649 0.064453
v -1.563686 0.296921 0.071875
v -1.563686 0.302653 0.074609
v -1.620846 0.292649 0.064453
v -1.620846 0.296921 0.071875
v -1.620846 0.302653 0.074609
v -1.277884 0.292649 0.064453
v -1.277884 0.296921 0.071875
v -1.277884 0.302653 0.074609
v -1.335045 0.292649 0.064453
v -1.335045 0.296921 0.071875
v -1.335045 0.302653 0.074609
v -1.392205 0.292649 0.064453
v -1.392205 0.296921 0.071875
v -1.392205 0.302653 0.074609
v -1.049243 0.292649 0.064453
v -1.049243 0.296921 0.071875
v -1.049243 0.302653 0.074609
v -1.106403 0.292649 0.064453
v -1.106403 0.296921 0.071875
v -1.106403 0.302653 0.074609
v -1.163564 0.292649 0.064453
v -1.163564 0.296921 0.071875
v -1.163564 0.302653 0.074609
v -0.820602 0.292649 0.064453
v -0.820602 0.296921 0.071875
v -0.820602 0.302653 0.074609
v -0.877762 0.292649 0.064453
v -0.877762 0.296921 0.071875
v -0.877762 0.302653 0.074609
v -0.934922 0.292649 0.064453
v -0.934923 0.296921 0.071875
v -0.934922 0.302653 0.074609
v -0.591961 0.292649 0.064453
v -0.591961 0.296921 0.071875
v -0.591961 0.302653 0.074609
v -0.649121 0.292649 0.064453
v -0.649121 0.296921 0.071875
v -0.649121 0.302653 0.074609
v -0.706281 0.292649 0.064453
v -0.706281 0.296921 0.071875
v -0.706281 0.302653 0.074609
v -0.363319 0.292649 0.064453
v -0.363319 0.296921 0.071875
v -0.363319 0.302653 0.074609
v -0.420480 0.292649 0.064453
v -0.420480 0.296921 0.071875
v -0.420480 0.302653 0.074609
v -0.477640 0.292649 0.064453
v -0.477640 0.296921 0.071875
v -0.477640 0.302653 0.074609
v -0.134678 0.292649 0.064453
v -0.134678 0.296921 0.071875
v -0.134678 0.302653 0.074609
v -0.191838 0.292649 0.064453
v -0.191838 0.296921 0.071875
v -0.191838 0.302653 0.074609
v -0.248999 0.292649 0.064453
v -0.248999 0.296921 0.071875
v -0.248999 0.302653 0.074609
v 0.090573 0.292649 0.064453
v 0.090573 0.296921 0.071875
v 0.090573 0.302653 0.074609
v 0.035798 0.292649 0.064453
v 0.035798 0.296921 0.071875
v 0.035798 0.302653 0.074609
v -0.020483 0.292649 0.064453
v -0.020483 0.296921 0.071875
v -0.020483 0.302653 0.074609
v 0.277017 0.292649 0.064453
v 0.277017 0.296921 0.071875
v 0.277017 0.302653 0.074609
v 0.237574 0.292649 0.064453
v 0.237574 0.296921 0.071875
v 0.237574 0.302653 0.074609
v 0.192493 0.292649 0.064453
v 0.192493 0.296921 0.071875
v 0.192493 0.302653 0.074609
v -4.385154 0.292668 0.064112
v -4.385176 0.296927 0.071499
v -4.385185 0.302653 0.074221
v -4.400677 0.292802 0.061726
v -4.400845 0.296971 0.068866
v -4.400924 0.302659 0.071499
v -4.409774 0.293103 0.055354
v -4.410309 0.297066 0.061726
v -4.410549 0.302671 0.064112
v 0.373340 0.293122 -0.023859
v 0.375377 0.297073 -0.026165
v 0.376140 0.302672 -0.027196
v 0.374621 0.292956 0.000000
v 0.376825 0.297022 0.000000
v 0.377639 0.302665 0.000000
v 0.373340 0.293122 0.023859
v 0.375377 0.297073 0.026165
v 0.376140 0.302672 0.027196
v 0.334131 0.292668 -0.064112
v 0.334161 0.296927 -0.071499
v 0.334176 0.302653 -0.074221
v 0.351521 0.292802 -0.061726
v 0.351765 0.296971 -0.068866
v 0.351879 0.302659 -0.071499
v 0.362807 0.293103 -0.055354
v 0.363579 0.297066 -0.061726
v 0.363925 0.302671 -0.064112
v -4.417251 0.293122 0.023859
v -4.418663 0.297073 0.026165
v -4.419191 0.302672 0.027196
v -4.418139 0.292956 -0.000000
v -4.419666 0.297022 -0.000000
v -4.420229 0.302665 -0.000000
v -4.417252 0.293122 -0.023859
v -4.418662 0.297073 -0.026165
v -4.419191 0.302672 -0.027196
v -4.239680 1.514434 0.074115
v -4.239222 1.530219 0.074733
v -4.239117 1.545687 0.074967
v -4.286834 1.514814 0.074721
v -4.286656 1.530337 0.074912
v -4.286620 1.545702 0.074989
v -4.328054 1.514984 0.074965
v -4.328032 1.530396 0.074989
v -4.328028 1.545710 0.074999
v -4.410583 1.515009 -0.064453
v -4.410583 1.530404 -0.064453
v -4.410583 1.545711 -0.064453
v -4.400935 1.515009 -0.071875
v -4.400936 1.530404 -0.071875
v -4.400935 1.545711 -0.071875
v -4.385188 1.515009 -0.074609
v -4.385187 1.530404 -0.074609
v -4.385188 1.545711 -0.074609
v 0.192493 1.515009 -0.075000
v 0.192493 1.530404 -0.075000
v 0.192493 1.545711 -0.075000
v 0.237574 1.515009 -0.075000
v 0.237574 1.530404 -0.075000
v 0.237574 1.545711 -0.075000
v 0.277017 1.515009 -0.075000
v 0.277017 1.530404 -0.075000
v 0.277017 1.545711 -0.075000
v 0.363974 1.515009 0.064453
v 0.363974 1.530404 0.064453
v 0.363974 1.545711 0.064453
v 0.351895 1.515009 0.071875
v 0.351895 1.530404 0.071875
v 0.351895 1.545711 0.071875
v 0.334178 1.515009 0.074609
v 0.334178 1.530404 0.074609
v 0.334178 1.545711 0.074609
v -0.020483 1.515009 -0.075000
v -0.020483 1.530404 -0.075000
v -0.020483 1.545711 -0.075000
v 0.035798 1.515009 -0.075000
v 0.035798 1.530404 -0.075000
v 0.035798 1.545711 -0.075000
v 0.090573 1.515009 -0.075000
v 0.090573 1.530404 -0.075000
v 0.090573 1.545711 -0.075000
v -0.248999 1.515009 -0.075000
v -0.248999 1.530404 -0.075000
v -0.248999 1.545711 -0.075000
v -0.191838 1.515009 -0.075000
v -0.191838 1.530404 -0.075000
v -0.191838 1.545711 -0.075000
v -0.134678 1.515009 -0.075000
v -0.134678 1.530404 -0.075000
v -0.134678 1.545711 -0.075000
v -0.477640 1.515009 -0.075000
v -0.477640 1.530404 -0.075000
v -0.477640 1.545711 -0.075000
v -0.420480 1.515009 -0.075000
v -0.420480 1.530404 -0.075000
v -0.420480 1.545711 -0.075000
v -0.363319 1.515009 -0.075000
v -0.363319 1.530404 -0.075000
v -0.363319 1.545711 -0.075000
v -0.706281 1.515009 -0.075000
v -0.706281 1.530404 -0.075000
v -0.706281 1.545711 -0.075000
v -0.649121 1.515009 -0.075000
v -0.649121 1.530404 -0.075000
v -0.649121 1.545711 -0.075000
v -0.591961 1.515009 -0.075000
v -0.591961 1.530404 -0.075000
v -0.591961 1.545711 -0.075000
v -0.934922 1.515009 -0.075000
v -0.934923 1.530404 -0.075000
v -0.934922 1.545711 -0.075000
v -0.877762 1.515009 -0.075000
v -0.877762 1.530404 -0.075000
v -0.877762 1.545711 -0.075000
v -0.820602 1.515009 -0.075000
v -0.820602 1.530404 -0.075000
v -0.820602 1.545711 -0.075000
v -1.163563 1.515009 -0.075000
v -1.163563 1.530404 -0.075000
v -1.163564 1.545711 -0.075000
v -1.106403 1.515009 -0.075000
v -1.106403 1.530404 -0.075000
v -1.106403 1.545711 -0.075000
v -1.049243 1.515009 -0.075000
v -1.049243 1.530404 -0.075000
v -1.049243 1.545711 -0.075000
v -1.392205 1.515009 -0.075000
v -1.392205 1.530404 -0.075000
v -1.392205 1.545711 -0.075000
v -1.335045 1.515009 -0.075000
v -1.335045 1.530404 -0.075000
v -1.335045 1.545711 -0.075000
v -1.277884 1.515009 -0.075000
v -1.277884 1.530404 -0.075000
v -1.277884 1.545711 -0.075000
v -1.620846 1.515009 -0.075000
v -1.620846 1.530404 -0.075000
v -1.620846 1.545711 -0.075000
v -1.563686 1.515009 -0.075000
v -1.563686 1.530404 -0.075000
v -1.563686 1.545711 -0.075000
v -1.506526 1.515009 -0.075000
v -1.506526 1.530404 -0.075000
v -1.506526 1.545711 -0.075000
v -1.849487 1.515009 -0.075000
v -1.849487 1.530404 -0.075000
v -1.849488 1.545711 -0.075000
v -1.792327 1.515009 -0.075000
v -1.792327 1.530404 -0.075000
v -1.792327 1.545711 -0.075000
v -1.735167 1.515009 -0.075000
v -1.735167 1.530404 -0.075000
v -1.735167 1.545711 -0.075000
v -2.078129 1.515009 -0.075000
v -2.078129 1.530404 -0.075000
v -2.078129 1.545711 -0.075000
v -2.020968 1.515009 -0.075000
v -2.020969 1.530404 -0.075000
v -2.020968 1.545711 -0.075000
v -1.963808 1.515009 -0.075000
v -1.963808 1.530404 -0.075000
v -1.963808 1.545711 -0.075000
v -2.306770 1.515009 -0.075000
v -2.306770 1.530404 -0.075000
v -2.306770 1.545711 -0.075000
v -2.249610 1.515009 -0.075000
v -2.249610 1.530404 -0.075000
v -2.249609 1.545711 -0.075000
v -2.192449 1.515009 -0.075000
v -2.192449 1.530404 -0.075000
v -2.192449 1.545711 -0.075000
v -2.535411 1.515009 -0.075000
v -2.535412 1.530404 -0.075000
v -2.535411 1.545711 -0.075000
v -2.478251 1.515009 -0.075000
v -2.478251 1.530404 -0.075000
v -2.478251 1.545711 -0.075000
v -2.421091 1.515009 -0.075000
v -2.421090 1.530404 -0.075000
v -2.421091 1.545711 -0.075000
v -2.764053 1.515009 -0.075000
v -2.764052 1.530404 -0.075000
v -2.764052 1.545711 -0.075000
v -2.706892 1.515009 -0.075000
v -2.706892 1.530404 -0.075000
v -2.706892 1.545711 -0.075000
v -2.649731 1.515009 -0.075000
v -2.649732 1.530404 -0.075000
v -2.649731 1.545711 -0.075000
v -2.992694 1.515009 -0.075000
v -2.992694 1.530404 -0.075000
v -2.992694 1.545711 -0.075000
v -2.935534 1.515009 -0.075000
v -2.935534 1.530404 -0.075000
v -2.935534 1.545711 -0.075000
v -2.878373 1.515009 -0.075000
v -2.878373 1.530404 -0.075000
v -2.878373 1.545711 -0.075000
v -3.221335 1.515009 -0.075000
v -3.221335 1.530404 -0.075000
v -3.221335 1.545711 -0.075000
v -3.164175 1.515009 -0.075000
v -3.164175 1.530404 -0.075000
v -3.164175 1.545711 -0.075000
v -3.107014 1.515009 -0.075000
v -3.107015 1.530404 -0.075000
v -3.107015 1.545711 -0.075000
v -3.449976 1.515009 -0.075000
v -3.449976 1.530404 -0.075000
v -3.449977 1.545711 -0.075000
v -3.392816 1.515009 -0.075000
v -3.392816 1.530404 -0.075000
v -3.392816 1.545711 -0.075000
v -3.335656 1.515009 -0.075000
v -3.335655 1.530404 -0.075000
v -3.335656 1.545711 -0.075000
v -3.678617 1.515009 -0.075000
v -3.678617 1.530404 -0.075000
v -3.678618 1.545711 -0.075000
v -3.621457 1.515009 -0.075000
v -3.621457 1.530404 -0.075000
v -3.621457 1.545711 -0.075000
v -3.564297 1.515009 -0.075000
v -3.564297 1.530404 -0.075000
v -3.564297 1.545711 -0.075000
v -3.907259 1.515009 -0.075000
v -3.907259 1.530404 -0.075000
v -3.907259 1.545711 -0.075000
v -3.850098 1.515009 -0.075000
v -3.850099 1.530404 -0.075000
v -3.850098 1.545711 -0.075000
v -3.792938 1.515009 -0.075000
v -3.792938 1.530404 -0.075000
v -3.792938 1.545711 -0.075000
v -4.133552 1.515009 -0.075000
v -4.133552 1.530404 -0.075000
v -4.133552 1.545711 -0.075000
v -4.078044 1.515009 -0.075000
v -4.078044 1.530404 -0.075000
v -4.078043 1.545711 -0.075000
v -4.021493 1.515009 -0.075000
v -4.021492 1.530404 -0.075000
v -4.021492 1.545711 -0.075000
v -4.328026 1.515009 -0.075000
v -4.328026 1.530404 -0.075000
v -4.328026 1.545711 -0.075000
v -4.286615 1.515009 -0.075000
v -4.286615 1.530404 -0.075000
v -4.286615 1.545711 -0.075000
v -4.239101 1.515009 -0.075000
v -4.239101 1.530404 -0.075000
v -4.239101 1.545711 -0.075000
v -4.021708 1.515194 0.072936
v -4.021498 1.530424 0.074412
v -4.021493 1.545713 0.074926
v -4.078179 1.515724 0.072833
v -4.078085 1.530579 0.074372
v -4.078049 1.545733 0.074922
v -4.133752 1.515194 0.072936
v -4.133672 1.530424 0.074412
v -4.133566 1.545713 0.074926
v -3.793137 1.514410 0.074080
v -3.792938 1.530211 0.074722
v -3.792938 1.545686 0.074965
v -3.850099 1.514620 0.074442
v -3.850098 1.530269 0.074824
v -3.850099 1.545694 0.074978
v -3.907060 1.514410 0.074080
v -3.907259 1.530211 0.074722
v -3.907259 1.545686 0.074965
v -3.564495 1.515194 0.072936
v -3.564297 1.530424 0.074412
v -3.564297 1.545713 0.074926
v -3.621457 1.515724 0.072833
v -3.621457 1.530579 0.074372
v -3.621457 1.545733 0.074922
v -3.678419 1.515194 0.072936
v -3.678617 1.530424 0.074412
v -3.678617 1.545713 0.074926
v -3.335854 1.514410 0.074080
v -3.335656 1.530211 0.074722
v -3.335656 1.545686 0.074965
v -3.392816 1.514620 0.074442
v -3.392816 1.530269 0.074824
v -3.392816 1.545694 0.074978
v -3.449777 1.514410 0.074080
v -3.449976 1.530211 0.074722
v -3.449976 1.545686 0.074965
v -3.107213 1.515194 0.072936
v -3.107015 1.530424 0.074412
v -3.107014 1.545713 0.074926
v -3.164175 1.515724 0.072833
v -3.164175 1.530579 0.074372
v -3.164175 1.545733 0.074922
v -3.221136 1.515194 0.072936
v -3.221335 1.530424 0.074412
v -3.221335 1.545713 0.074926
v -2.878572 1.514410 0.074080
v -2.878373 1.530211 0.074722
v -2.878373 1.545686 0.074965
v -2.935533 1.514620 0.074442
v -2.935534 1.530269 0.074824
v -2.935534 1.545694 0.074978
v -2.992495 1.514410 0.074080
v -2.992694 1.530211 0.074722
v -2.992694 1.545686 0.074965
v -2.649930 1.515194 0.072936
v -2.649732 1.530424 0.074412
v -2.649732 1.545713 0.074926
v -2.706892 1.515724 0.072833
v -2.706892 1.530579 0.074372
v -2.706892 1.545733 0.074922
v -2.763854 1.515194 0.072936
v -2.764052 1.530424 0.074412
v -2.764052 1.545713 0.074926
v -2.421289 1.514410 0.074080
v -2.421090 1.530211 0.074722
v -2.421091 1.545686 0.074965
v -2.478251 1.514620 0.074442
v -2.478251 1.530269 0.074824
v -2.478251 1.545694 0.074978
v -2.535213 1.514410 0.074080
v -2.535411 1.530211 0.074722
v -2.535411 1.545686 0.074965
v -2.192648 1.515194 0.072936
v -2.192449 1.530424 0.074412
v -2.192449 1.545713 0.074926
v -2.249609 1.515724 0.072833
v -2.249609 1.530579 0.074372
v -2.249609 1.545733 0.074922
v -2.306571 1.515194 0.072936
v -2.306770 1.530424 0.074412
v -2.306770 1.545713 0.074926
v -1.964007 1.514410 0.074080
v -1.963808 1.530211 0.074722
v -1.963808 1.545686 0.074965
v -2.020968 1.514620 0.074442
v -2.020968 1.530269 0.074824
v -2.020968 1.545694 0.074978
v -2.077930 1.514410 0.074080
v -2.078128 1.530211 0.074722
v -2.078129 1.545686 0.074965
v -1.735365 1.515194 0.072936
v -1.735167 1.530424 0.074412
v -1.735167 1.545713 0.074926
v -1.792327 1.515724 0.072833
v -1.792327 1.530579 0.074372
v -1.792327 1.545733 0.074922
v -1.849289 1.515194 0.072936
v -1.849487 1.530424 0.074412
v -1.849487 1.545713 0.074926
v -1.506724 1.514410 0.074080
v -1.506525 1.530211 0.074722
v -1.506526 1.545686 0.074965
v -1.563686 1.514620 0.074442
v -1.563686 1.530269 0.074824
v -1.563686 1.545694 0.074978
v -1.620648 1.514410 0.074080
v -1.620846 1.530211 0.074722
v -1.620846 1.545686 0.074965
v -1.278083 1.515194 0.072936
v -1.277884 1.530424 0.074412
v -1.277884 1.545713 0.074926
v -1.335044 1.515724 0.072833
v -1.335045 1.530579 0.074372
v -1.335045 1.545733 0.074922
v -1.392006 1.515194 0.072936
v -1.392205 1.530424 0.074412
v -1.392205 1.545713 0.074926
v -1.049442 1.514410 0.074252
v -1.049243 1.530211 0.074767
v -1.049243 1.545686 0.074971
v -1.106403 1.514620 0.074499
v -1.106403 1.530269 0.074840
v -1.106403 1.545694 0.074980
v -1.163365 1.514410 0.074087
v -1.163564 1.530211 0.074724
v -1.163564 1.545686 0.074966
v -0.820800 1.515194 0.072057
v -0.820602 1.530424 0.074121
v -0.820602 1.545713 0.074890
v -0.877762 1.515724 0.072621
v -0.877762 1.530579 0.074295
v -0.877762 1.545733 0.074912
v -0.934724 1.515194 0.073074
v -0.934922 1.530424 0.074445
v -0.934922 1.545713 0.074931
v -0.592159 1.514410 0.071017
v -0.591960 1.530211 0.073837
v -0.591960 1.545686 0.074855
v -0.649121 1.514620 0.071073
v -0.649121 1.530269 0.073843
v -0.649121 1.545694 0.074855
v -0.706083 1.514410 0.071181
v -0.706281 1.530211 0.073880
v -0.706281 1.545686 0.074860
v -0.363518 1.515194 0.072896
v -0.363319 1.530424 0.074398
v -0.363319 1.545713 0.074925
v -0.420480 1.515724 0.072507
v -0.420480 1.530579 0.074263
v -0.420480 1.545733 0.074908
v -0.477441 1.515194 0.071878
v -0.477640 1.530424 0.074074
v -0.477640 1.545713 0.074884
v -0.134876 1.514410 0.074080
v -0.134678 1.530211 0.074722
v -0.134678 1.545686 0.074965
v -0.191838 1.514620 0.074442
v -0.191838 1.530269 0.074824
v -0.191838 1.545694 0.074978
v -0.248800 1.514410 0.074080
v -0.248999 1.530211 0.074722
v -0.248999 1.545686 0.074965
v 0.090949 1.515194 0.072936
v 0.090746 1.530424 0.074412
v 0.090594 1.545713 0.074926
v 0.035993 1.515724 0.072833
v 0.035859 1.530579 0.074372
v 0.035806 1.545733 0.074922
v -0.020260 1.515194 0.072936
v -0.020475 1.530424 0.074412
v -0.020482 1.545713 0.074926
v 0.277051 1.514985 0.074965
v 0.277025 1.530396 0.074989
v 0.277018 1.545710 0.074999
v 0.237847 1.514814 0.074721
v 0.237635 1.530337 0.074912
v 0.237582 1.545702 0.074989
v 0.193235 1.514434 0.074115
v 0.192667 1.530219 0.074733
v 0.192515 1.545688 0.074967
v -4.385186 1.515009 0.074609
v -4.385187 1.530404 0.074609
v -4.385187 1.545711 0.074609
v -4.400935 1.515009 0.071875
v -4.400935 1.530404 0.071875
v -4.400935 1.545711 0.071875
v -4.410583 1.515009 0.064453
v -4.410583 1.530404 0.064453
v -4.410583 1.545711 0.064453
v 0.376249 1.515009 -0.027344
v 0.376249 1.530404 -0.027344
v 0.376249 1.545711 -0.027344
v 0.377756 1.515009 0.000000
v 0.377756 1.530404 -0.000000
v 0.377756 1.545711 -0.000000
v 0.376249 1.515009 0.027344
v 0.376249 1.530404 0.027344
v 0.376249 1.545711 0.027344
v 0.334178 1.515009 -0.074609
v 0.334178 1.530404 -0.074609
v 0.334178 1.545711 -0.074609
v 0.351895 1.515009 -0.071875
v 0.351895 1.530404 -0.071875
v 0.351895 1.545711 -0.071875
v 0.363974 1.515009 -0.064453
v 0.363974 1.530404 -0.064453
v 0.363974 1.545711 -0.064453
v -4.419266 1.515009 0.027344
v -4.419266 1.530404 0.027344
v -4.419266 1.545711 0.027344
v -4.420310 1.515009 -0.000000
v -4.420310 1.530404 -0.000000
v -4.420310 1.545711 -0.000000
v -4.419267 1.515009 -0.027344
v -4.419266 1.530404 -0.027344
v -4.419267 1.545711 -0.027344
vt 0.621786 0.061867
vt 0.623021 0.061961
vt 0.622940 0.120690
vt 0.621535 0.119936
vt 0.624052 0.062190
vt 0.624041 0.122522
vt 0.622907 0.172522
vt 0.621439 0.170354
vt 0.624037 0.178220
vt 0.621261 0.000000
vt 0.622195 0.000000
vt 0.619988 0.061853
vt 0.623130 0.000000
vt 0.624065 0.000000
vt 0.625000 0.000000
vt 0.625000 0.062500
vt 0.625000 0.125000
vt 0.625000 0.187500
vt 0.625000 0.250000
vt 0.624037 0.221122
vt 0.622902 0.212071
vt 0.621426 0.209054
vt 0.619455 0.170044
vt 0.619436 0.208623
vt 0.619588 0.119828
vt 0.621426 0.498273
vt 0.622902 0.498239
vt 0.622902 0.502922
vt 0.621426 0.503653
vt 0.624037 0.498168
vt 0.624037 0.501146
vt 0.622902 0.514288
vt 0.621426 0.516448
vt 0.624036 0.508615
vt 0.619436 0.496342
vt 0.621426 0.496354
vt 0.619436 0.498278
vt 0.622902 0.496438
vt 0.624037 0.496689
vt 0.625000 0.497489
vt 0.625000 0.498117
vt 0.625000 0.498745
vt 0.625000 0.499372
vt 0.625000 0.500000
vt 0.624024 0.528842
vt 0.622898 0.537811
vt 0.621425 0.540819
vt 0.619436 0.516756
vt 0.619436 0.541248
vt 0.619436 0.503757
vt 0.621424 0.578962
vt 0.622890 0.576894
vt 0.622885 0.625000
vt 0.621424 0.625000
vt 0.623991 0.571657
vt 0.623975 0.625000
vt 0.622890 0.673106
vt 0.621424 0.671038
vt 0.623991 0.678343
vt 0.619436 0.579257
vt 0.624859 0.564971
vt 0.624829 0.625000
vt 0.624859 0.685030
vt 0.625000 0.750000
vt 0.624024 0.721159
vt 0.622898 0.712189
vt 0.621425 0.709182
vt 0.619436 0.670743
vt 0.619436 0.708752
vt 0.619436 0.625000
vt 0.621439 0.998114
vt 0.622907 0.998188
vt 0.622940 0.998984
vt 0.621535 0.998959
vt 0.624037 0.998381
vt 0.624041 0.999047
vt 0.623021 0.999547
vt 0.621786 0.999544
vt 0.624052 0.999555
vt 0.619436 0.996857
vt 0.621426 0.996871
vt 0.619455 0.998103
vt 0.622902 0.996974
vt 0.624037 0.997281
vt 0.625000 0.998261
vt 0.625000 0.998696
vt 0.625000 0.999131
vt 0.625000 0.999565
vt 0.625000 1.000000
vt 0.624065 1.000000
vt 0.623130 1.000000
vt 0.622195 1.000000
vt 0.619988 0.999543
vt 0.621261 1.000000
vt 0.619588 0.998955
vt 0.372870 0.562500
vt 0.373689 0.562500
vt 0.373664 0.625000
vt 0.372772 0.625000
vt 0.374404 0.562715
vt 0.374415 0.625000
vt 0.373689 0.687500
vt 0.372869 0.687500
vt 0.374404 0.687285
vt 0.372489 0.500000
vt 0.373117 0.500000
vt 0.371700 0.562500
vt 0.373745 0.500000
vt 0.374372 0.500000
vt 0.375000 0.500000
vt 0.375126 0.564971
vt 0.375152 0.625000
vt 0.375126 0.685030
vt 0.375000 0.750000
vt 0.374372 0.750000
vt 0.373745 0.750000
vt 0.373117 0.750000
vt 0.371701 0.687500
vt 0.372489 0.750000
vt 0.371533 0.625000
vt 0.873391 0.562500
vt 0.874050 0.562500
vt 0.874014 0.625000
vt 0.873272 0.625000
vt 0.874555 0.562500
vt 0.874551 0.625000
vt 0.874050 0.687500
vt 0.873391 0.687500
vt 0.874555 0.687500
vt 0.873261 0.500000
vt 0.873696 0.500000
vt 0.872296 0.562500
vt 0.874131 0.500000
vt 0.874565 0.500000
vt 0.875000 0.500000
vt 0.875000 0.562500
vt 0.875000 0.625000
vt 0.875000 0.687500
vt 0.875000 0.750000
vt 0.874565 0.750000
vt 0.874131 0.750000
vt 0.873696 0.750000
vt 0.872295 0.687500
vt 0.873261 0.750000
vt 0.872091 0.625000
vt 0.630111 0.562500
vt 0.632298 0.562500
vt 0.632338 0.625000
vt 0.630210 0.625000
vt 0.634655 0.562500
vt 0.634695 0.625000
vt 0.632298 0.687500
vt 0.630111 0.687500
vt 0.634655 0.687500
vt 0.627511 0.500000
vt 0.629859 0.500000
vt 0.628300 0.562500
vt 0.632208 0.500000
vt 0.634556 0.500000
vt 0.636905 0.500000
vt 0.637192 0.562500
vt 0.637253 0.625000
vt 0.637192 0.687500
vt 0.636905 0.750000
vt 0.634556 0.750000
vt 0.632208 0.750000
vt 0.629859 0.750000
vt 0.628300 0.687500
vt 0.627511 0.750000
vt 0.628467 0.625000
vt 0.639972 0.562500
vt 0.642881 0.562500
vt 0.642892 0.625000
vt 0.640007 0.625000
vt 0.645836 0.562500
vt 0.645838 0.625000
vt 0.642881 0.687500
vt 0.639972 0.687500
vt 0.645836 0.687500
vt 0.639881 0.500000
vt 0.642857 0.500000
vt 0.645833 0.500000
vt 0.648809 0.500000
vt 0.648810 0.562500
vt 0.648810 0.625000
vt 0.648810 0.687500
vt 0.648809 0.750000
vt 0.645833 0.750000
vt 0.642857 0.750000
vt 0.639881 0.750000
vt 0.651786 0.562500
vt 0.654762 0.562500
vt 0.654762 0.625000
vt 0.651786 0.625000
vt 0.657738 0.562500
vt 0.657738 0.625000
vt 0.654762 0.687500
vt 0.651786 0.687500
vt 0.657738 0.687500
vt 0.651786 0.500000
vt 0.654762 0.500000
vt 0.657738 0.500000
vt 0.660714 0.500000
vt 0.660714 0.562500
vt 0.660714 0.625000
vt 0.660714 0.687500
vt 0.660714 0.750000
vt 0.657738 0.750000
vt 0.654762 0.750000
vt 0.651786 0.750000
vt 0.663691 0.562500
vt 0.666667 0.562500
vt 0.666667 0.625000
vt 0.663691 0.625000
vt 0.669643 0.562500
vt 0.669643 0.625000
vt 0.666667 0.687500
vt 0.663691 0.687500
vt 0.669643 0.687500
vt 0.663691 0.500000
vt 0.666667 0.500000
vt 0.669643 0.500000
vt 0.672619 0.500000
vt 0.672619 0.562500
vt 0.672619 0.625000
vt 0.672619 0.687500
vt 0.672619 0.750000
vt 0.669643 0.750000
vt 0.666667 0.750000
vt 0.663691 0.750000
vt 0.675595 0.562500
vt 0.678571 0.562500
vt 0.678571 0.625000
vt 0.675595 0.625000
vt 0.681548 0.562500
vt 0.681548 0.625000
vt 0.678571 0.687500
vt 0.675595 0.687500
vt 0.681548 0.687500
vt 0.675595 0.500000
vt 0.678571 0.500000
vt 0.681548 0.500000
vt 0.684524 0.500000
vt 0.684524 0.562500
vt 0.684524 0.625000
vt 0.684524 0.687500
vt 0.684524 0.750000
vt 0.681548 0.750000
vt 0.678571 0.750000
vt 0.675595 0.750000
vt 0.687500 0.562500
vt 0.690476 0.562500
vt 0.690476 0.625000
vt 0.687500 0.625000
vt 0.693452 0.562500
vt 0.693452 0.625000
vt 0.690476 0.687500
vt 0.687500 0.687500
vt 0.693452 0.687500
vt 0.687500 0.500000
vt 0.690476 0.500000
vt 0.693452 0.500000
vt 0.696429 0.500000
vt 0.696429 0.562500
vt 0.696429 0.625000
vt 0.696429 0.687500
vt 0.696429 0.750000
vt 0.693452 0.750000
vt 0.690476 0.750000
vt 0.687500 0.750000
vt 0.699405 0.562500
vt 0.702381 0.562500
vt 0.702381 0.625000
vt 0.699405 0.625000
vt 0.705357 0.562500
vt 0.705357 0.625000
vt 0.702381 0.687500
vt 0.699405 0.687500
vt 0.705357 0.687500
vt 0.699405 0.500000
vt 0.702381 0.500000
vt 0.705357 0.500000
vt 0.708333 0.500000
vt 0.708333 0.562500
vt 0.708333 0.625000
vt 0.708333 0.687500
vt 0.708333 0.750000
vt 0.705357 0.750000
vt 0.702381 0.750000
vt 0.699405 0.750000
vt 0.711309 0.562500
vt 0.714286 0.562500
vt 0.714286 0.625000
vt 0.711309 0.625000
vt 0.717262 0.562500
vt 0.717262 0.625000
vt 0.714286 0.687500
vt 0.711309 0.687500
vt 0.717262 0.687500
vt 0.711310 0.500000
vt 0.714286 0.500000
vt 0.717262 0.500000
vt 0.720238 0.500000
vt 0.720238 0.562500
vt 0.720238 0.625000
vt 0.720238 0.687500
vt 0.720238 0.750000
vt 0.717262 0.750000
vt 0.714286 0.750000
vt 0.711310 0.750000
vt 0.723214 0.562500
vt 0.726190 0.562500
vt 0.726190 0.625000
vt 0.723214 0.625000
vt 0.729167 0.562500
vt 0.729167 0.625000
vt 0.726190 0.687500
vt 0.723214 0.687500
vt 0.729167 0.687500
vt 0.723214 0.500000
vt 0.726190 0.500000
vt 0.729167 0.500000
vt 0.732143 0.500000
vt 0.732143 0.562500
vt 0.732143 0.625000
vt 0.732143 0.687500
vt 0.732143 0.750000
vt 0.729167 0.750000
vt 0.726191 0.750000
vt 0.723214 0.750000
vt 0.735119 0.562500
vt 0.738095 0.562500
vt 0.738095 0.625000
vt 0.735119 0.625000
vt 0.741071 0.562500
vt 0.741071 0.625000
vt 0.738095 0.687500
vt 0.735119 0.687500
vt 0.741071 0.687500
vt 0.735119 0.500000
vt 0.738095 0.500000
vt 0.741071 0.500000
vt 0.744048 0.500000
vt 0.744048 0.562500
vt 0.744048 0.625000
vt 0.744048 0.687500
vt 0.744048 0.750000
vt 0.741071 0.750000
vt 0.738095 0.750000
vt 0.735119 0.750000
vt 0.747024 0.562500
vt 0.750000 0.562500
vt 0.750000 0.625000
vt 0.747024 0.625000
vt 0.752976 0.562500
vt 0.752976 0.625000
vt 0.750000 0.687500
vt 0.747024 0.687500
vt 0.752976 0.687500
vt 0.747024 0.500000
vt 0.750000 0.500000
vt 0.752976 0.500000
vt 0.755952 0.500000
vt 0.755952 0.562500
vt 0.755952 0.625000
vt 0.755952 0.687500
vt 0.755952 0.750000
vt 0.752976 0.750000
vt 0.750000 0.750000
vt 0.747024 0.750000
vt 0.758929 0.562500
vt 0.761905 0.562500
vt 0.761905 0.625000
vt 0.758928 0.625000
vt 0.764881 0.562500
vt 0.764881 0.625000
vt 0.761905 0.687500
vt 0.758929 0.687500
vt 0.764881 0.687500
vt 0.758929 0.500000
vt 0.761905 0.500000
vt 0.764881 0.500000
vt 0.767857 0.500000
vt 0.767857 0.562500
vt 0.767857 0.625000
vt 0.767857 0.687500
vt 0.767857 0.750000
vt 0.764881 0.750000
vt 0.761905 0.750000
vt 0.758929 0.750000
vt 0.770833 0.562500
vt 0.773809 0.562500
vt 0.773809 0.625000
vt 0.770833 0.625000
vt 0.776786 0.562500
vt 0.776786 0.625000
vt 0.773809 0.687500
vt 0.770833 0.687500
vt 0.776786 0.687500
vt 0.770833 0.500000
vt 0.773810 0.500000
vt 0.776786 0.500000
vt 0.779762 0.500000
vt 0.779762 0.562500
vt 0.779762 0.625000
vt 0.779762 0.687500
vt 0.779762 0.750000
vt 0.776786 0.750000
vt 0.773809 0.750000
vt 0.770833 0.750000
vt 0.782738 0.562500
vt 0.785714 0.562500
vt 0.785714 0.625000
vt 0.782738 0.625000
vt 0.788690 0.562500
vt 0.788690 0.625000
vt 0.785714 0.687500
vt 0.782738 0.687500
vt 0.788690 0.687500
vt 0.782738 0.500000
vt 0.785714 0.500000
vt 0.788691 0.500000
vt 0.791667 0.500000
vt 0.791667 0.562500
vt 0.791667 0.625000
vt 0.791667 0.687500
vt 0.791667 0.750000
vt 0.788690 0.750000
vt 0.785714 0.750000
vt 0.782738 0.750000
vt 0.794643 0.562500
vt 0.797619 0.562500
vt 0.797619 0.625000
vt 0.794643 0.625000
vt 0.800595 0.562500
vt 0.800595 0.625000
vt 0.797619 0.687500
vt 0.794643 0.687500
vt 0.800595 0.687500
vt 0.794643 0.500000
vt 0.797619 0.500000
vt 0.800595 0.500000
vt 0.803571 0.500000
vt 0.803571 0.562500
vt 0.803571 0.625000
vt 0.803571 0.687500
vt 0.803571 0.750000
vt 0.800595 0.750000
vt 0.797619 0.750000
vt 0.794643 0.750000
vt 0.806548 0.562500
vt 0.809524 0.562500
vt 0.809524 0.625000
vt 0.806548 0.625000
vt 0.812500 0.562500
vt 0.812500 0.625000
vt 0.809524 0.687500
vt 0.806548 0.687500
vt 0.812500 0.687500
vt 0.806548 0.500000
vt 0.809524 0.500000
vt 0.812500 0.500000
vt 0.815476 0.500000
vt 0.815476 0.562500
vt 0.815476 0.625000
vt 0.815476 0.687500
vt 0.815476 0.750000
vt 0.812500 0.750000
vt 0.809524 0.750000
vt 0.806548 0.750000
vt 0.818452 0.562500
vt 0.821428 0.562500
vt 0.821428 0.625000
vt 0.818452 0.625000
vt 0.824405 0.562500
vt 0.824405 0.625000
vt 0.821428 0.687500
vt 0.818452 0.687500
vt 0.824405 0.687500
vt 0.818452 0.500000
vt 0.821429 0.500000
vt 0.824405 0.500000
vt 0.827381 0.500000
vt 0.827381 0.562500
vt 0.827381 0.625000
vt 0.827381 0.687500
vt 0.827381 0.750000
vt 0.824405 0.750000
vt 0.821429 0.750000
vt 0.818452 0.750000
vt 0.830357 0.562500
vt 0.833333 0.562500
vt 0.833333 0.625000
vt 0.830357 0.625000
vt 0.836309 0.562500
vt 0.836310 0.625000
vt 0.833333 0.687500
vt 0.830357 0.687500
vt 0.836309 0.687500
vt 0.830357 0.500000
vt 0.833333 0.500000
vt 0.836310 0.500000
vt 0.839286 0.500000
vt 0.839286 0.562500
vt 0.839286 0.625000
vt 0.839286 0.687500
vt 0.839286 0.750000
vt 0.836310 0.750000
vt 0.833333 0.750000
vt 0.830357 0.750000
vt 0.842262 0.562500
vt 0.845238 0.562500
vt 0.845238 0.625000
vt 0.842262 0.625000
vt 0.848214 0.562500
vt 0.848214 0.625000
vt 0.845238 0.687500
vt 0.842262 0.687500
vt 0.848214 0.687500
vt 0.842262 0.500000
vt 0.845238 0.500000
vt 0.848214 0.500000
vt 0.851190 0.500000
vt 0.851191 0.562500
vt 0.851191 0.625000
vt 0.851191 0.687500
vt 0.851190 0.750000
vt 0.848214 0.750000
vt 0.845238 0.750000
vt 0.842262 0.750000
vt 0.854165 0.562500
vt 0.857126 0.562500
vt 0.857119 0.625000
vt 0.854164 0.625000
vt 0.860056 0.562500
vt 0.860032 0.625000
vt 0.857126 0.687500
vt 0.854165 0.687500
vt 0.860056 0.687500
vt 0.854167 0.500000
vt 0.857143 0.500000
vt 0.860119 0.500000
vt 0.863095 0.500000
vt 0.862896 0.562500
vt 0.862854 0.625000
vt 0.862896 0.687500
vt 0.863095 0.750000
vt 0.860119 0.750000
vt 0.857143 0.750000
vt 0.854167 0.750000
vt 0.129587 0.562500
vt 0.131919 0.562500
vt 0.131963 0.625000
vt 0.129708 0.625000
vt 0.134436 0.562500
vt 0.134466 0.625000
vt 0.131919 0.687500
vt 0.129587 0.687500
vt 0.134436 0.687500
vt 0.126739 0.500000
vt 0.129280 0.500000
vt 0.127705 0.562500
vt 0.131822 0.500000
vt 0.134363 0.500000
vt 0.136905 0.500000
vt 0.137104 0.562500
vt 0.137146 0.625000
vt 0.137104 0.687500
vt 0.136905 0.750000
vt 0.134363 0.750000
vt 0.131822 0.750000
vt 0.129280 0.750000
vt 0.127705 0.687500
vt 0.126739 0.750000
vt 0.127909 0.625000
vt 0.139944 0.562500
vt 0.142874 0.562500
vt 0.142881 0.625000
vt 0.139969 0.625000
vt 0.145835 0.562500
vt 0.145836 0.625000
vt 0.142874 0.687500
vt 0.139944 0.687500
vt 0.145835 0.687500
vt 0.139881 0.500000
vt 0.142857 0.500000
vt 0.145833 0.500000
vt 0.148810 0.500000
vt 0.148810 0.562500
vt 0.148810 0.625000
vt 0.148810 0.687500
vt 0.148810 0.750000
vt 0.145833 0.750000
vt 0.142857 0.750000
vt 0.139881 0.750000
vt 0.151786 0.562500
vt 0.154762 0.562500
vt 0.154762 0.625000
vt 0.151786 0.625000
vt 0.157738 0.562500
vt 0.157738 0.625000
vt 0.154762 0.687500
vt 0.151786 0.687500
vt 0.157738 0.687500
vt 0.151786 0.500000
vt 0.154762 0.500000
vt 0.157738 0.500000
vt 0.160714 0.500000
vt 0.160714 0.562500
vt 0.160714 0.625000
vt 0.160714 0.687500
vt 0.160714 0.750000
vt 0.157738 0.750000
vt 0.154762 0.750000
vt 0.151786 0.750000
vt 0.163690 0.562500
vt 0.166667 0.562500
vt 0.166667 0.625000
vt 0.163690 0.625000
vt 0.169643 0.562500
vt 0.169643 0.625000
vt 0.166667 0.687500
vt 0.163690 0.687500
vt 0.169643 0.687500
vt 0.163691 0.500000
vt 0.166667 0.500000
vt 0.169643 0.500000
vt 0.172619 0.500000
vt 0.172619 0.562500
vt 0.172619 0.625000
vt 0.172619 0.687500
vt 0.172619 0.750000
vt 0.169643 0.750000
vt 0.166667 0.750000
vt 0.163690 0.750000
vt 0.175595 0.562500
vt 0.178571 0.562500
vt 0.178571 0.625000
vt 0.175595 0.625000
vt 0.181548 0.562500
vt 0.181548 0.625000
vt 0.178571 0.687500
vt 0.175595 0.687500
vt 0.181548 0.687500
vt 0.175595 0.500000
vt 0.178571 0.500000
vt 0.181548 0.500000
vt 0.184524 0.500000
vt 0.184524 0.562500
vt 0.184524 0.625000
vt 0.184524 0.687500
vt 0.184524 0.750000
vt 0.181548 0.750000
vt 0.178571 0.750000
vt 0.175595 0.750000
vt 0.187500 0.562500
vt 0.190476 0.562500
vt 0.190476 0.625000
vt 0.187500 0.625000
vt 0.193452 0.562500
vt 0.193452 0.625000
vt 0.190476 0.687500
vt 0.187500 0.687500
vt 0.193452 0.687500
vt 0.187500 0.500000
vt 0.190476 0.500000
vt 0.193452 0.500000
vt 0.196429 0.500000
vt 0.196429 0.562500
vt 0.196429 0.625000
vt 0.196429 0.687500
vt 0.196429 0.750000
vt 0.193452 0.750000
vt 0.190476 0.750000
vt 0.187500 0.750000
vt 0.199405 0.562500
vt 0.202381 0.562500
vt 0.202381 0.625000
vt 0.199405 0.625000
vt 0.205357 0.562500
vt 0.205357 0.625000
vt 0.202381 0.687500
vt 0.199405 0.687500
vt 0.205357 0.687500
vt 0.199405 0.500000
vt 0.202381 0.500000
vt 0.205357 0.500000
vt 0.208333 0.500000
vt 0.208333 0.562500
vt 0.208333 0.625000
vt 0.208333 0.687500
vt 0.208333 0.750000
vt 0.205357 0.750000
vt 0.202381 0.750000
vt 0.199405 0.750000
vt 0.211310 0.562500
vt 0.214286 0.562500
vt 0.214286 0.625000
vt 0.211310 0.625000
vt 0.217262 0.562500
vt 0.217262 0.625000
vt 0.214286 0.687500
vt 0.211310 0.687500
vt 0.217262 0.687500
vt 0.211310 0.500000
vt 0.214286 0.500000
vt 0.217262 0.500000
vt 0.220238 0.500000
vt 0.220238 0.562500
vt 0.220238 0.625000
vt 0.220238 0.687500
vt 0.220238 0.750000
vt 0.217262 0.750000
vt 0.214286 0.750000
vt 0.211310 0.750000
vt 0.223214 0.562500
vt 0.226191 0.562500
vt 0.226191 0.625000
vt 0.223214 0.625000
vt 0.229167 0.562500
vt 0.229167 0.625000
vt 0.226191 0.687500
vt 0.223214 0.687500
vt 0.229167 0.687500
vt 0.223214 0.500000
vt 0.226191 0.500000
vt 0.229167 0.500000
vt 0.232143 0.500000
vt 0.232143 0.562500
vt 0.232143 0.625000
vt 0.232143 0.687500
vt 0.232143 0.750000
vt 0.229167 0.750000
vt 0.226191 0.750000
vt 0.223214 0.750000
vt 0.235119 0.562500
vt 0.238095 0.562500
vt 0.238095 0.625000
vt 0.235119 0.625000
vt 0.241071 0.562500
vt 0.241071 0.625000
vt 0.238095 0.687500
vt 0.235119 0.687500
vt 0.241071 0.687500
vt 0.235119 0.500000
vt 0.238095 0.500000
vt 0.241071 0.500000
vt 0.244048 0.500000
vt 0.244048 0.562500
vt 0.244048 0.625000
vt 0.244048 0.687500
vt 0.244048 0.750000
vt 0.241071 0.750000
vt 0.238095 0.750000
vt 0.235119 0.750000
vt 0.247024 0.562500
vt 0.250000 0.562500
vt 0.250000 0.625000
vt 0.247024 0.625000
vt 0.252976 0.562500
vt 0.252976 0.625000
vt 0.250000 0.687500
vt 0.247024 0.687500
vt 0.252976 0.687500
vt 0.247024 0.500000
vt 0.250000 0.500000
vt 0.252976 0.500000
vt 0.255952 0.500000
vt 0.255952 0.562500
vt 0.255952 0.625000
vt 0.255952 0.687500
vt 0.255952 0.750000
vt 0.252976 0.750000
vt 0.250000 0.750000
vt 0.247024 0.750000
vt 0.258929 0.562500
vt 0.261905 0.562500
vt 0.261905 0.625000
vt 0.258929 0.625000
vt 0.264881 0.562500
vt 0.264881 0.625000
vt 0.261905 0.687500
vt 0.258929 0.687500
vt 0.264881 0.687500
vt 0.258929 0.500000
vt 0.261905 0.500000
vt 0.264881 0.500000
vt 0.267857 0.500000
vt 0.267857 0.562500
vt 0.267857 0.625000
vt 0.267857 0.687500
vt 0.267857 0.750000
vt 0.264881 0.750000
vt 0.261905 0.750000
vt 0.258929 0.750000
vt 0.270833 0.562500
vt 0.273810 0.562500
vt 0.273810 0.625000
vt 0.270833 0.625000
vt 0.276786 0.562500
vt 0.276786 0.625000
vt 0.273810 0.687500
vt 0.270833 0.687500
vt 0.276786 0.687500
vt 0.270833 0.500000
vt 0.273810 0.500000
vt 0.276786 0.500000
vt 0.279762 0.500000
vt 0.279762 0.562500
vt 0.279762 0.625000
vt 0.279762 0.687500
vt 0.279762 0.750000
vt 0.276786 0.750000
vt 0.273810 0.750000
vt 0.270833 0.750000
vt 0.282738 0.562500
vt 0.285714 0.562500
vt 0.285714 0.625000
vt 0.282738 0.625000
vt 0.288691 0.562500
vt 0.288690 0.625000
vt 0.285714 0.687500
vt 0.282738 0.687500
vt 0.288691 0.687500
vt 0.282738 0.500000
vt 0.285714 0.500000
vt 0.288691 0.500000
vt 0.291667 0.500000
vt 0.291667 0.562500
vt 0.291667 0.625000
vt 0.291667 0.687500
vt 0.291667 0.750000
vt 0.288691 0.750000
vt 0.285714 0.750000
vt 0.282738 0.750000
vt 0.294643 0.562500
vt 0.297619 0.562500
vt 0.297619 0.625000
vt 0.294643 0.625000
vt 0.300595 0.562500
vt 0.300595 0.625000
vt 0.297619 0.687500
vt 0.294643 0.687500
vt 0.300595 0.687500
vt 0.294643 0.500000
vt 0.297619 0.500000
vt 0.300595 0.500000
vt 0.303571 0.500000
vt 0.303571 0.562500
vt 0.303571 0.625000
vt 0.303571 0.687500
vt 0.303571 0.750000
vt 0.300595 0.750000
vt 0.297619 0.750000
vt 0.294643 0.750000
vt 0.306548 0.562500
vt 0.309524 0.562500
vt 0.309524 0.625000
vt 0.306548 0.625000
vt 0.312500 0.562500
vt 0.312500 0.625000
vt 0.309524 0.687500
vt 0.306548 0.687500
vt 0.312500 0.687500
vt 0.306548 0.500000
vt 0.309524 0.500000
vt 0.312500 0.500000
vt 0.315476 0.500000
vt 0.315476 0.562500
vt 0.315476 0.625000
vt 0.315476 0.687500
vt 0.315476 0.750000
vt 0.312500 0.750000
vt 0.309524 0.750000
vt 0.306548 0.750000
vt 0.318452 0.562500
vt 0.321429 0.562500
vt 0.321429 0.625000
vt 0.318452 0.625000
vt 0.324405 0.562500
vt 0.324405 0.625000
vt 0.321429 0.687500
vt 0.318452 0.687500
vt 0.324405 0.687500
vt 0.318452 0.500000
vt 0.321429 0.500000
vt 0.324405 0.500000
vt 0.327381 0.500000
vt 0.327381 0.562500
vt 0.327381 0.625000
vt 0.327381 0.687500
vt 0.327381 0.750000
vt 0.324405 0.750000
vt 0.321429 0.750000
vt 0.318452 0.750000
vt 0.330357 0.562500
vt 0.333333 0.562500
vt 0.333333 0.625000
vt 0.330357 0.625000
vt 0.336310 0.562500
vt 0.336310 0.625000
vt 0.333333 0.687500
vt 0.330357 0.687500
vt 0.336310 0.687500
vt 0.330357 0.500000
vt 0.333333 0.500000
vt 0.336310 0.500000
vt 0.339286 0.500000
vt 0.339286 0.562500
vt 0.339286 0.625000
vt 0.339286 0.687500
vt 0.339286 0.750000
vt 0.336310 0.750000
vt 0.333333 0.750000
vt 0.330357 0.750000
vt 0.342262 0.562500
vt 0.345238 0.562500
vt 0.345238 0.625000
vt 0.342262 0.625000
vt 0.348214 0.562500
vt 0.348214 0.625000
vt 0.345238 0.687500
vt 0.342262 0.687500
vt 0.348214 0.687500
vt 0.342262 0.500000
vt 0.345238 0.500000
vt 0.348214 0.500000
vt 0.351190 0.500000
vt 0.351191 0.562500
vt 0.351191 0.625000
vt 0.351191 0.687500
vt 0.351190 0.750000
vt 0.348214 0.750000
vt 0.345238 0.750000
vt 0.342262 0.750000
vt 0.354164 0.562500
vt 0.357119 0.562500
vt 0.357108 0.625000
vt 0.354162 0.625000
vt 0.360028 0.562500
vt 0.359993 0.625000
vt 0.357119 0.687500
vt 0.354164 0.687500
vt 0.360028 0.687500
vt 0.354167 0.500000
vt 0.357143 0.500000
vt 0.360119 0.500000
vt 0.363095 0.500000
vt 0.362808 0.562500
vt 0.362747 0.625000
vt 0.362808 0.687500
vt 0.363095 0.750000
vt 0.360119 0.750000
vt 0.357143 0.750000
vt 0.354167 0.750000
vt 0.621426 0.755341
vt 0.622902 0.755280
vt 0.622902 0.757371
vt 0.621426 0.757399
vt 0.624037 0.755120
vt 0.624037 0.757302
vt 0.622902 0.759723
vt 0.621426 0.759747
vt 0.624037 0.759659
vt 0.619436 0.753658
vt 0.621426 0.753646
vt 0.619436 0.755350
vt 0.622902 0.753562
vt 0.624037 0.753311
vt 0.625000 0.752511
vt 0.625000 0.754859
vt 0.625000 0.757208
vt 0.625000 0.759556
vt 0.625000 0.761905
vt 0.624037 0.762197
vt 0.622902 0.762288
vt 0.621426 0.762319
vt 0.619436 0.759751
vt 0.619436 0.762323
vt 0.619436 0.757404
vt 0.621426 0.765054
vt 0.622902 0.765032
vt 0.622902 0.767901
vt 0.621426 0.767909
vt 0.624037 0.764975
vt 0.624037 0.767882
vt 0.622902 0.770839
vt 0.621426 0.770840
vt 0.624037 0.770837
vt 0.619436 0.765058
vt 0.625000 0.764881
vt 0.625000 0.767857
vt 0.625000 0.770833
vt 0.625000 0.773810
vt 0.624037 0.773810
vt 0.622902 0.773810
vt 0.621426 0.773810
vt 0.619436 0.770840
vt 0.619436 0.773810
vt 0.619436 0.767910
vt 0.621426 0.776786
vt 0.622902 0.776786
vt 0.622902 0.779762
vt 0.621426 0.779762
vt 0.624037 0.776786
vt 0.624037 0.779762
vt 0.622902 0.782738
vt 0.621426 0.782738
vt 0.624037 0.782738
vt 0.619436 0.776786
vt 0.625000 0.776786
vt 0.625000 0.779762
vt 0.625000 0.782738
vt 0.625000 0.785714
vt 0.624037 0.785714
vt 0.622902 0.785714
vt 0.621426 0.785714
vt 0.619436 0.782738
vt 0.619436 0.785714
vt 0.619436 0.779762
vt 0.621426 0.788691
vt 0.622902 0.788691
vt 0.622902 0.791667
vt 0.621426 0.791667
vt 0.624037 0.788691
vt 0.624037 0.791667
vt 0.622902 0.794643
vt 0.621426 0.794643
vt 0.624037 0.794643
vt 0.619436 0.788691
vt 0.625000 0.788691
vt 0.625000 0.791667
vt 0.625000 0.794643
vt 0.625000 0.797619
vt 0.624037 0.797619
vt 0.622902 0.797619
vt 0.621426 0.797619
vt 0.619436 0.794643
vt 0.619436 0.797619
vt 0.619436 0.791667
vt 0.621426 0.800595
vt 0.622902 0.800595
vt 0.622902 0.803571
vt 0.621426 0.803571
vt 0.624037 0.800595
vt 0.624037 0.803571
vt 0.622902 0.806548
vt 0.621426 0.806548
vt 0.624037 0.806548
vt 0.619436 0.800595
vt 0.625000 0.800595
vt 0.625000 0.803572
vt 0.625000 0.806548
vt 0.625000 0.809524
vt 0.624037 0.809524
vt 0.622902 0.809524
vt 0.621426 0.809524
vt 0.619436 0.806548
vt 0.619436 0.809524
vt 0.619436 0.803571
vt 0.621426 0.812500
vt 0.622902 0.812500
vt 0.622902 0.815476
vt 0.621426 0.815476
vt 0.624037 0.812500
vt 0.624037 0.815476
vt 0.622902 0.818453
vt 0.621426 0.818453
vt 0.624037 0.818452
vt 0.619436 0.812500
vt 0.625000 0.812500
vt 0.625000 0.815476
vt 0.625000 0.818452
vt 0.625000 0.821429
vt 0.624037 0.821429
vt 0.622902 0.821429
vt 0.621426 0.821429
vt 0.619436 0.818452
vt 0.619436 0.821429
vt 0.619436 0.815476
vt 0.621426 0.824405
vt 0.622902 0.824405
vt 0.622902 0.827381
vt 0.621426 0.827381
vt 0.624037 0.824405
vt 0.624037 0.827381
vt 0.622902 0.830357
vt 0.621426 0.830357
vt 0.624037 0.830357
vt 0.619436 0.824405
vt 0.625000 0.824405
vt 0.625000 0.827381
vt 0.625000 0.830357
vt 0.625000 0.833333
vt 0.624037 0.833333
vt 0.622902 0.833334
vt 0.621426 0.833334
vt 0.619436 0.830357
vt 0.619436 0.833334
vt 0.619436 0.827381
vt 0.621426 0.836310
vt 0.622902 0.836310
vt 0.622902 0.839286
vt 0.621426 0.839286
vt 0.624037 0.836310
vt 0.624037 0.839286
vt 0.622902 0.842262
vt 0.621426 0.842262
vt 0.624037 0.842262
vt 0.619436 0.836310
vt 0.625000 0.836310
vt 0.625000 0.839286
vt 0.625000 0.842262
vt 0.625000 0.845238
vt 0.624037 0.845238
vt 0.622902 0.845238
vt 0.621426 0.845238
vt 0.619436 0.842262
vt 0.619436 0.845238
vt 0.619436 0.839286
vt 0.621426 0.848215
vt 0.622902 0.848215
vt 0.622902 0.851191
vt 0.621426 0.851191
vt 0.624037 0.848214
vt 0.624037 0.851191
vt 0.622902 0.854167
vt 0.621426 0.854167
vt 0.624037 0.854167
vt 0.619436 0.848215
vt 0.625000 0.848215
vt 0.625000 0.851191
vt 0.625000 0.854167
vt 0.625000 0.857143
vt 0.624037 0.857143
vt 0.622902 0.857143
vt 0.621426 0.857143
vt 0.619436 0.854167
vt 0.619436 0.857143
vt 0.619436 0.851191
vt 0.621426 0.860119
vt 0.622902 0.860119
vt 0.622902 0.863096
vt 0.621426 0.863096
vt 0.624037 0.860119
vt 0.624037 0.863096
vt 0.622902 0.866072
vt 0.621426 0.866072
vt 0.624037 0.866072
vt 0.619436 0.860119
vt 0.625000 0.860119
vt 0.625000 0.863096
vt 0.625000 0.866072
vt 0.625000 0.869048
vt 0.624037 0.869048
vt 0.622902 0.869048
vt 0.621426 0.869048
vt 0.619436 0.866072
vt 0.619436 0.869048
vt 0.619436 0.863096
vt 0.621426 0.872024
vt 0.622902 0.872024
vt 0.622902 0.875000
vt 0.621426 0.875000
vt 0.624037 0.872024
vt 0.624037 0.875000
vt 0.622902 0.877976
vt 0.621426 0.877976
vt 0.624037 0.877976
vt 0.619436 0.872024
vt 0.625000 0.872024
vt 0.625000 0.875000
vt 0.625000 0.877976
vt 0.625000 0.880952
vt 0.624037 0.880953
vt 0.622902 0.880953
vt 0.621426 0.880953
vt 0.619436 0.877976
vt 0.619436 0.880953
vt 0.619436 0.875000
vt 0.621426 0.883929
vt 0.622902 0.883929
vt 0.622902 0.886905
vt 0.621426 0.886905
vt 0.624037 0.883929
vt 0.624037 0.886905
vt 0.622902 0.889881
vt 0.621426 0.889881
vt 0.624037 0.889881
vt 0.619436 0.883929
vt 0.625000 0.883929
vt 0.625000 0.886905
vt 0.625000 0.889881
vt 0.625000 0.892857
vt 0.624037 0.892857
vt 0.622902 0.892857
vt 0.621426 0.892857
vt 0.619436 0.889881
vt 0.619436 0.892857
vt 0.619436 0.886905
vt 0.621426 0.895833
vt 0.622902 0.895834
vt 0.622902 0.898810
vt 0.621426 0.898810
vt 0.624037 0.895834
vt 0.624037 0.898810
vt 0.622902 0.901786
vt 0.621426 0.901786
vt 0.624037 0.901786
vt 0.619436 0.895834
vt 0.625000 0.895834
vt 0.625000 0.898810
vt 0.625000 0.901786
vt 0.625000 0.904762
vt 0.624037 0.904762
vt 0.622902 0.904762
vt 0.621426 0.904762
vt 0.619436 0.901786
vt 0.619436 0.904762
vt 0.619436 0.898810
vt 0.621426 0.907738
vt 0.622902 0.907738
vt 0.622902 0.910715
vt 0.621426 0.910715
vt 0.624037 0.907738
vt 0.624037 0.910715
vt 0.622902 0.913691
vt 0.621426 0.913691
vt 0.624037 0.913691
vt 0.619436 0.907738
vt 0.625000 0.907738
vt 0.625000 0.910714
vt 0.625000 0.913691
vt 0.625000 0.916667
vt 0.624037 0.916667
vt 0.622902 0.916667
vt 0.621426 0.916667
vt 0.619436 0.913691
vt 0.619436 0.916667
vt 0.619436 0.910715
vt 0.621426 0.919643
vt 0.622902 0.919643
vt 0.622902 0.922619
vt 0.621426 0.922619
vt 0.624037 0.919643
vt 0.624037 0.922619
vt 0.622902 0.925595
vt 0.621426 0.925595
vt 0.624037 0.925595
vt 0.619436 0.919643
vt 0.625000 0.919643
vt 0.625000 0.922619
vt 0.625000 0.925595
vt 0.625000 0.928572
vt 0.624037 0.928572
vt 0.622902 0.928572
vt 0.621426 0.928572
vt 0.619436 0.925595
vt 0.619436 0.928572
vt 0.619436 0.922619
vt 0.621426 0.931548
vt 0.622902 0.931548
vt 0.622902 0.934524
vt 0.621426 0.934524
vt 0.624037 0.931548
vt 0.624037 0.934524
vt 0.622902 0.937500
vt 0.621426 0.937500
vt 0.624037 0.937500
vt 0.619436 0.931548
vt 0.625000 0.931548
vt 0.625000 0.934524
vt 0.625000 0.937500
vt 0.625000 0.940476
vt 0.624037 0.940476
vt 0.622902 0.940476
vt 0.621426 0.940476
vt 0.619436 0.937500
vt 0.619436 0.940476
vt 0.619436 0.934524
vt 0.621426 0.943453
vt 0.622902 0.943453
vt 0.622902 0.946429
vt 0.621426 0.946429
vt 0.624037 0.943453
vt 0.624037 0.946429
vt 0.622902 0.949405
vt 0.621426 0.949405
vt 0.624037 0.949405
vt 0.619436 0.943453
vt 0.625000 0.943453
vt 0.625000 0.946429
vt 0.625000 0.949405
vt 0.625000 0.952381
vt 0.624037 0.952381
vt 0.622902 0.952381
vt 0.621426 0.952381
vt 0.619436 0.949405
vt 0.619436 0.952381
vt 0.619436 0.946429
vt 0.621426 0.955357
vt 0.622902 0.955357
vt 0.622902 0.958333
vt 0.621426 0.958334
vt 0.624037 0.955357
vt 0.624037 0.958333
vt 0.622902 0.961310
vt 0.621426 0.961309
vt 0.624037 0.961310
vt 0.619436 0.955357
vt 0.625000 0.955357
vt 0.625000 0.958334
vt 0.625000 0.961310
vt 0.625000 0.964286
vt 0.624037 0.964286
vt 0.622902 0.964286
vt 0.621426 0.964286
vt 0.619436 0.961310
vt 0.619436 0.964286
vt 0.619436 0.958333
vt 0.621426 0.967262
vt 0.622902 0.967262
vt 0.622902 0.970238
vt 0.621426 0.970238
vt 0.624037 0.967262
vt 0.624037 0.970238
vt 0.622902 0.973214
vt 0.621426 0.973214
vt 0.624037 0.973214
vt 0.619436 0.967262
vt 0.625000 0.967262
vt 0.625000 0.970238
vt 0.625000 0.973214
vt 0.625000 0.976190
vt 0.624037 0.976190
vt 0.622902 0.976191
vt 0.621426 0.976191
vt 0.619436 0.973214
vt 0.619436 0.976191
vt 0.619436 0.970238
vt 0.621426 0.979162
vt 0.622902 0.979163
vt 0.622902 0.982113
vt 0.621426 0.982107
vt 0.624037 0.979165
vt 0.624037 0.982126
vt 0.622902 0.985014
vt 0.621426 0.984999
vt 0.624037 0.985054
vt 0.619436 0.979162
vt 0.625000 0.979167
vt 0.625000 0.982143
vt 0.625000 0.985119
vt 0.625000 0.988095
vt 0.624037 0.987893
vt 0.622902 0.987830
vt 0.621426 0.987809
vt 0.619436 0.984997
vt 0.619436 0.987806
vt 0.619436 0.982107
vt 0.621426 0.254867
vt 0.622902 0.254793
vt 0.622902 0.256998
vt 0.621426 0.257029
vt 0.624037 0.254598
vt 0.624037 0.256923
vt 0.622902 0.259487
vt 0.621426 0.259505
vt 0.624037 0.259439
vt 0.619436 0.253143
vt 0.621426 0.253129
vt 0.619436 0.254877
vt 0.622902 0.253026
vt 0.624037 0.252719
vt 0.625000 0.251739
vt 0.625000 0.254280
vt 0.625000 0.256822
vt 0.625000 0.259363
vt 0.625000 0.261905
vt 0.624037 0.262107
vt 0.622902 0.262170
vt 0.621426 0.262192
vt 0.619436 0.259508
vt 0.619436 0.262195
vt 0.619436 0.257034
vt 0.621426 0.265001
vt 0.622902 0.264986
vt 0.622902 0.267887
vt 0.621426 0.267893
vt 0.624037 0.264946
vt 0.624037 0.267875
vt 0.622902 0.270837
vt 0.621426 0.270838
vt 0.624037 0.270836
vt 0.619436 0.265003
vt 0.625000 0.264881
vt 0.625000 0.267857
vt 0.625000 0.270833
vt 0.625000 0.273810
vt 0.624037 0.273810
vt 0.622902 0.273810
vt 0.621426 0.273810
vt 0.619436 0.270838
vt 0.619436 0.273810
vt 0.619436 0.267893
vt 0.621426 0.276786
vt 0.622902 0.276786
vt 0.622902 0.279762
vt 0.621426 0.279762
vt 0.624037 0.276786
vt 0.624037 0.279762
vt 0.622902 0.282738
vt 0.621426 0.282738
vt 0.624037 0.282738
vt 0.619436 0.276786
vt 0.625000 0.276786
vt 0.625000 0.279762
vt 0.625000 0.282738
vt 0.625000 0.285714
vt 0.624037 0.285714
vt 0.622902 0.285714
vt 0.621426 0.285714
vt 0.619436 0.282738
vt 0.619436 0.285714
vt 0.619436 0.279762
vt 0.621426 0.288690
vt 0.622902 0.288691
vt 0.622902 0.291667
vt 0.621426 0.291667
vt 0.624037 0.288690
vt 0.624037 0.291667
vt 0.622902 0.294643
vt 0.621426 0.294643
vt 0.624037 0.294643
vt 0.619436 0.288691
vt 0.625000 0.288690
vt 0.625000 0.291667
vt 0.625000 0.294643
vt 0.625000 0.297619
vt 0.624037 0.297619
vt 0.622902 0.297619
vt 0.621426 0.297619
vt 0.619436 0.294643
vt 0.619436 0.297619
vt 0.619436 0.291667
vt 0.621426 0.300595
vt 0.622902 0.300595
vt 0.622902 0.303571
vt 0.621426 0.303571
vt 0.624037 0.300595
vt 0.624037 0.303571
vt 0.622902 0.306548
vt 0.621426 0.306548
vt 0.624037 0.306548
vt 0.619436 0.300595
vt 0.625000 0.300595
vt 0.625000 0.303571
vt 0.625000 0.306548
vt 0.625000 0.309524
vt 0.624037 0.309524
vt 0.622902 0.309524
vt 0.621426 0.309524
vt 0.619436 0.306548
vt 0.619436 0.309524
vt 0.619436 0.303571
vt 0.621426 0.312500
vt 0.622902 0.312500
vt 0.622902 0.315476
vt 0.621426 0.315476
vt 0.624037 0.312500
vt 0.624037 0.315476
vt 0.622902 0.318452
vt 0.621426 0.318452
vt 0.624037 0.318452
vt 0.619436 0.312500
vt 0.625000 0.312500
vt 0.625000 0.315476
vt 0.625000 0.318452
vt 0.625000 0.321429
vt 0.624037 0.321429
vt 0.622902 0.321429
vt 0.621426 0.321429
vt 0.619436 0.318453
vt 0.619436 0.321429
vt 0.619436 0.315476
vt 0.621426 0.324405
vt 0.622902 0.324405
vt 0.622902 0.327381
vt 0.621426 0.327381
vt 0.624037 0.324405
vt 0.624037 0.327381
vt 0.622902 0.330357
vt 0.621426 0.330357
vt 0.624037 0.330357
vt 0.619436 0.324405
vt 0.625000 0.324405
vt 0.625000 0.327381
vt 0.625000 0.330357
vt 0.625000 0.333333
vt 0.624037 0.333333
vt 0.622902 0.333333
vt 0.621426 0.333333
vt 0.619436 0.330357
vt 0.619436 0.333333
vt 0.619436 0.327381
vt 0.621426 0.336310
vt 0.622902 0.336310
vt 0.622902 0.339286
vt 0.621426 0.339286
vt 0.624037 0.336310
vt 0.624037 0.339286
vt 0.622902 0.342262
vt 0.621426 0.342262
vt 0.624037 0.342262
vt 0.619436 0.336310
vt 0.625000 0.336310
vt 0.625000 0.339286
vt 0.625000 0.342262
vt 0.625000 0.345238
vt 0.624037 0.345238
vt 0.622902 0.345238
vt 0.621426 0.345238
vt 0.619436 0.342262
vt 0.619436 0.345238
vt 0.619436 0.339286
vt 0.621426 0.348214
vt 0.622902 0.348214
vt 0.622902 0.351191
vt 0.621426 0.351191
vt 0.624037 0.348214
vt 0.624037 0.351191
vt 0.622902 0.354167
vt 0.621426 0.354167
vt 0.624037 0.354167
vt 0.619436 0.348214
vt 0.625000 0.348214
vt 0.625000 0.351191
vt 0.625000 0.354167
vt 0.625000 0.357143
vt 0.624037 0.357143
vt 0.622902 0.357143
vt 0.621426 0.357143
vt 0.619436 0.354167
vt 0.619436 0.357143
vt 0.619436 0.351191
vt 0.621426 0.360119
vt 0.622902 0.360119
vt 0.622902 0.363095
vt 0.621426 0.363095
vt 0.624037 0.360119
vt 0.624037 0.363095
vt 0.622902 0.366071
vt 0.621426 0.366071
vt 0.624037 0.366071
vt 0.619436 0.360119
vt 0.625000 0.360119
vt 0.625000 0.363095
vt 0.625000 0.366071
vt 0.625000 0.369048
vt 0.624037 0.369048
vt 0.622902 0.369048
vt 0.621426 0.369048
vt 0.619436 0.366072
vt 0.619436 0.369048
vt 0.619436 0.363095
vt 0.621426 0.372024
vt 0.622902 0.372024
vt 0.622902 0.375000
vt 0.621426 0.375000
vt 0.624037 0.372024
vt 0.624037 0.375000
vt 0.622902 0.377976
vt 0.621426 0.377976
vt 0.624037 0.377976
vt 0.619436 0.372024
vt 0.625000 0.372024
vt 0.625000 0.375000
vt 0.625000 0.377976
vt 0.625000 0.380952
vt 0.624037 0.380952
vt 0.622902 0.380952
vt 0.621426 0.380952
vt 0.619436 0.377976
vt 0.619436 0.380952
vt 0.619436 0.375000
vt 0.621426 0.383929
vt 0.622902 0.383929
vt 0.622902 0.386905
vt 0.621426 0.386905
vt 0.624037 0.383929
vt 0.624037 0.386905
vt 0.622902 0.389881
vt 0.621426 0.389881
vt 0.624037 0.389881
vt 0.619436 0.383929
vt 0.625000 0.383929
vt 0.625000 0.386905
vt 0.625000 0.389881
vt 0.625000 0.392857
vt 0.624037 0.392857
vt 0.622902 0.392857
vt 0.621426 0.392857
vt 0.619436 0.389881
vt 0.619436 0.392857
vt 0.619436 0.386905
vt 0.621426 0.395833
vt 0.622902 0.395833
vt 0.622902 0.398810
vt 0.621426 0.398810
vt 0.624037 0.395833
vt 0.624037 0.398810
vt 0.622902 0.401786
vt 0.621426 0.401786
vt 0.624037 0.401786
vt 0.619436 0.395833
vt 0.625000 0.395833
vt 0.625000 0.398810
vt 0.625000 0.401786
vt 0.625000 0.404762
vt 0.624037 0.404762
vt 0.622902 0.404762
vt 0.621426 0.404762
vt 0.619436 0.401786
vt 0.619436 0.404762
vt 0.619436 0.398810
vt 0.621426 0.407738
vt 0.622902 0.407738
vt 0.622902 0.410714
vt 0.621426 0.410714
vt 0.624037 0.407738
vt 0.624037 0.410714
vt 0.622902 0.413691
vt 0.621426 0.413690
vt 0.624037 0.413691
vt 0.619436 0.407738
vt 0.625000 0.407738
vt 0.625000 0.410714
vt 0.625000 0.413691
vt 0.625000 0.416667
vt 0.624037 0.416667
vt 0.622902 0.416667
vt 0.621426 0.416667
vt 0.619436 0.413691
vt 0.619436 0.416667
vt 0.619436 0.410714
vt 0.621426 0.419643
vt 0.622902 0.419643
vt 0.622902 0.422619
vt 0.621426 0.422619
vt 0.624037 0.419643
vt 0.624037 0.422619
vt 0.622902 0.425595
vt 0.621426 0.425595
vt 0.624037 0.425595
vt 0.619436 0.419643
vt 0.625000 0.419643
vt 0.625000 0.422619
vt 0.625000 0.425595
vt 0.625000 0.428571
vt 0.624037 0.428571
vt 0.622902 0.428571
vt 0.621426 0.428571
vt 0.619436 0.425595
vt 0.619436 0.428571
vt 0.619436 0.422619
vt 0.621426 0.431548
vt 0.622902 0.431548
vt 0.622902 0.434524
vt 0.621426 0.434524
vt 0.624037 0.431548
vt 0.624037 0.434524
vt 0.622902 0.437500
vt 0.621426 0.437500
vt 0.624037 0.437500
vt 0.619436 0.431548
vt 0.625000 0.431548
vt 0.625000 0.434524
vt 0.625000 0.437500
vt 0.625000 0.440476
vt 0.624037 0.440476
vt 0.622902 0.440476
vt 0.621426 0.440476
vt 0.619436 0.437500
vt 0.619436 0.440476
vt 0.619436 0.434524
vt 0.621426 0.443452
vt 0.622902 0.443452
vt 0.622902 0.446429
vt 0.621426 0.446429
vt 0.624037 0.443453
vt 0.624037 0.446429
vt 0.622902 0.449405
vt 0.621426 0.449405
vt 0.624037 0.449405
vt 0.619436 0.443452
vt 0.625000 0.443452
vt 0.625000 0.446429
vt 0.625000 0.449405
vt 0.625000 0.452381
vt 0.624037 0.452381
vt 0.622902 0.452381
vt 0.621426 0.452381
vt 0.619436 0.449405
vt 0.619436 0.452381
vt 0.619436 0.446429
vt 0.621426 0.455357
vt 0.622902 0.455357
vt 0.622902 0.458333
vt 0.621426 0.458333
vt 0.624037 0.455357
vt 0.624037 0.458333
vt 0.622902 0.461310
vt 0.621426 0.461310
vt 0.624037 0.461310
vt 0.619436 0.455357
vt 0.625000 0.455357
vt 0.625000 0.458333
vt 0.625000 0.461310
vt 0.625000 0.464286
vt 0.624037 0.464286
vt 0.622902 0.464286
vt 0.621426 0.464286
vt 0.619436 0.461310
vt 0.619436 0.464286
vt 0.619436 0.458333
vt 0.621426 0.467262
vt 0.622902 0.467262
vt 0.622902 0.470238
vt 0.621426 0.470238
vt 0.624037 0.467262
vt 0.624037 0.470238
vt 0.622902 0.473214
vt 0.621426 0.473214
vt 0.624037 0.473214
vt 0.619436 0.467262
vt 0.625000 0.467262
vt 0.625000 0.470238
vt 0.625000 0.473214
vt 0.625000 0.476190
vt 0.624037 0.476191
vt 0.622902 0.476191
vt 0.621426 0.476191
vt 0.619436 0.473214
vt 0.619436 0.476191
vt 0.619436 0.470238
vt 0.621426 0.479160
vt 0.622902 0.479161
vt 0.622902 0.482099
vt 0.621426 0.482092
vt 0.624037 0.479164
vt 0.624037 0.482118
vt 0.622902 0.484968
vt 0.621426 0.484946
vt 0.624037 0.485025
vt 0.619436 0.479160
vt 0.625000 0.479167
vt 0.625000 0.482143
vt 0.625000 0.485119
vt 0.625000 0.488095
vt 0.624037 0.487803
vt 0.622902 0.487712
vt 0.621426 0.487681
vt 0.619436 0.484943
vt 0.619436 0.487677
vt 0.619436 0.482091
vt 0.588862 0.479160
vt 0.600346 0.479160
vt 0.600346 0.482091
vt 0.588862 0.482091
vt 0.605698 0.479160
vt 0.605698 0.482091
vt 0.600346 0.484943
vt 0.588862 0.484943
vt 0.605698 0.484943
vt 0.567856 0.476191
vt 0.588862 0.476191
vt 0.567856 0.479160
vt 0.600346 0.476191
vt 0.605698 0.476191
vt 0.608309 0.476191
vt 0.608310 0.479160
vt 0.608310 0.482091
vt 0.608310 0.484943
vt 0.608309 0.487677
vt 0.605698 0.487677
vt 0.600346 0.487677
vt 0.588862 0.487677
vt 0.567856 0.484943
vt 0.567856 0.487677
vt 0.567857 0.482091
vt 0.588862 0.467262
vt 0.600346 0.467262
vt 0.600346 0.470238
vt 0.588862 0.470238
vt 0.605698 0.467262
vt 0.605698 0.470238
vt 0.600346 0.473214
vt 0.588862 0.473214
vt 0.605698 0.473214
vt 0.567856 0.464286
vt 0.588862 0.464286
vt 0.567856 0.467262
vt 0.600346 0.464286
vt 0.605698 0.464286
vt 0.608309 0.464286
vt 0.608310 0.467262
vt 0.608310 0.470238
vt 0.608310 0.473214
vt 0.567856 0.473214
vt 0.567857 0.470238
vt 0.588862 0.455357
vt 0.600346 0.455357
vt 0.600346 0.458333
vt 0.588862 0.458333
vt 0.605698 0.455357
vt 0.605698 0.458333
vt 0.600346 0.461310
vt 0.588862 0.461310
vt 0.605698 0.461310
vt 0.567856 0.452381
vt 0.588862 0.452381
vt 0.567856 0.455357
vt 0.600346 0.452381
vt 0.605698 0.452381
vt 0.608309 0.452381
vt 0.608310 0.455357
vt 0.608310 0.458333
vt 0.608310 0.461310
vt 0.567856 0.461310
vt 0.567857 0.458333
vt 0.588862 0.443453
vt 0.600346 0.443453
vt 0.600346 0.446429
vt 0.588862 0.446429
vt 0.605698 0.443452
vt 0.605698 0.446429
vt 0.600346 0.449405
vt 0.588862 0.449405
vt 0.605698 0.449405
vt 0.567856 0.440476
vt 0.588862 0.440476
vt 0.567856 0.443453
vt 0.600346 0.440476
vt 0.605698 0.440476
vt 0.608309 0.440476
vt 0.608310 0.443452
vt 0.608310 0.446429
vt 0.608310 0.449405
vt 0.567856 0.449405
vt 0.567857 0.446429
vt 0.588862 0.431548
vt 0.600346 0.431548
vt 0.600346 0.434524
vt 0.588862 0.434524
vt 0.605698 0.431548
vt 0.605698 0.434524
vt 0.600346 0.437500
vt 0.588862 0.437500
vt 0.605698 0.437500
vt 0.567856 0.428572
vt 0.588862 0.428572
vt 0.567856 0.431548
vt 0.600346 0.428572
vt 0.605698 0.428572
vt 0.608309 0.428572
vt 0.608310 0.431548
vt 0.608310 0.434524
vt 0.608310 0.437500
vt 0.567856 0.437500
vt 0.567857 0.434524
vt 0.588862 0.419643
vt 0.600346 0.419643
vt 0.600346 0.422619
vt 0.588862 0.422619
vt 0.605698 0.419643
vt 0.605698 0.422619
vt 0.600346 0.425595
vt 0.588862 0.425595
vt 0.605698 0.425595
vt 0.567856 0.416667
vt 0.588862 0.416667
vt 0.567856 0.419643
vt 0.600346 0.416667
vt 0.605698 0.416667
vt 0.608309 0.416667
vt 0.608310 0.419643
vt 0.608310 0.422619
vt 0.608310 0.425595
vt 0.567856 0.425595
vt 0.567857 0.422619
vt 0.588862 0.407738
vt 0.600346 0.407738
vt 0.600346 0.410714
vt 0.588862 0.410714
vt 0.605698 0.407738
vt 0.605698 0.410714
vt 0.600346 0.413691
vt 0.588862 0.413691
vt 0.605698 0.413691
vt 0.567856 0.404762
vt 0.588862 0.404762
vt 0.567856 0.407738
vt 0.600346 0.404762
vt 0.605698 0.404762
vt 0.608309 0.404762
vt 0.608310 0.407738
vt 0.608310 0.410714
vt 0.608310 0.413691
vt 0.567856 0.413691
vt 0.567857 0.410714
vt 0.588862 0.395833
vt 0.600346 0.395833
vt 0.600346 0.398810
vt 0.588862 0.398810
vt 0.605698 0.395833
vt 0.605698 0.398810
vt 0.600346 0.401786
vt 0.588862 0.401786
vt 0.605698 0.401786
vt 0.567856 0.392857
vt 0.588862 0.392857
vt 0.567856 0.395833
vt 0.600346 0.392857
vt 0.605698 0.392857
vt 0.608309 0.392857
vt 0.608310 0.395833
vt 0.608310 0.398810
vt 0.608310 0.401786
vt 0.567856 0.401786
vt 0.567857 0.398810
vt 0.588862 0.383929
vt 0.600346 0.383929
vt 0.600346 0.386905
vt 0.588862 0.386905
vt 0.605698 0.383929
vt 0.605698 0.386905
vt 0.600346 0.389881
vt 0.588862 0.389881
vt 0.605698 0.389881
vt 0.567856 0.380952
vt 0.588862 0.380952
vt 0.567856 0.383929
vt 0.600346 0.380952
vt 0.605698 0.380952
vt 0.608309 0.380952
vt 0.608310 0.383929
vt 0.608310 0.386905
vt 0.608310 0.389881
vt 0.567856 0.389881
vt 0.567857 0.386905
vt 0.588862 0.372024
vt 0.600346 0.372024
vt 0.600346 0.375000
vt 0.588862 0.375000
vt 0.605698 0.372024
vt 0.605698 0.375000
vt 0.600346 0.377976
vt 0.588862 0.377976
vt 0.605698 0.377976
vt 0.567856 0.369048
vt 0.588862 0.369048
vt 0.567856 0.372024
vt 0.600346 0.369048
vt 0.605698 0.369048
vt 0.608309 0.369048
vt 0.608310 0.372024
vt 0.608310 0.375000
vt 0.608310 0.377976
vt 0.567856 0.377976
vt 0.567857 0.375000
vt 0.588862 0.360119
vt 0.600346 0.360119
vt 0.600346 0.363095
vt 0.588862 0.363095
vt 0.605698 0.360119
vt 0.605698 0.363095
vt 0.600346 0.366071
vt 0.588862 0.366071
vt 0.605698 0.366071
vt 0.567856 0.357143
vt 0.588862 0.357143
vt 0.567856 0.360119
vt 0.600346 0.357143
vt 0.605698 0.357143
vt 0.608309 0.357143
vt 0.608310 0.360119
vt 0.608310 0.363095
vt 0.608310 0.366071
vt 0.567856 0.366071
vt 0.567857 0.363095
vt 0.588862 0.348214
vt 0.600346 0.348214
vt 0.600346 0.351191
vt 0.588862 0.351191
vt 0.605698 0.348214
vt 0.605698 0.351191
vt 0.600346 0.354167
vt 0.588862 0.354167
vt 0.605698 0.354167
vt 0.567856 0.345238
vt 0.588862 0.345238
vt 0.567856 0.348214
vt 0.600346 0.345238
vt 0.605698 0.345238
vt 0.608309 0.345238
vt 0.608310 0.348214
vt 0.608310 0.351191
vt 0.608310 0.354167
vt 0.567856 0.354167
vt 0.567857 0.351191
vt 0.588862 0.336310
vt 0.600346 0.336310
vt 0.600346 0.339286
vt 0.588862 0.339286
vt 0.605698 0.336310
vt 0.605698 0.339286
vt 0.600346 0.342262
vt 0.588862 0.342262
vt 0.605698 0.342262
vt 0.567856 0.333333
vt 0.588862 0.333333
vt 0.567856 0.336310
vt 0.600346 0.333333
vt 0.605698 0.333333
vt 0.608309 0.333333
vt 0.608310 0.336310
vt 0.608310 0.339286
vt 0.608310 0.342262
vt 0.567856 0.342262
vt 0.567857 0.339286
vt 0.588862 0.324405
vt 0.600346 0.324405
vt 0.600346 0.327381
vt 0.588862 0.327381
vt 0.605698 0.324405
vt 0.605698 0.327381
vt 0.600346 0.330357
vt 0.588862 0.330357
vt 0.605698 0.330357
vt 0.567856 0.321429
vt 0.588862 0.321429
vt 0.567856 0.324405
vt 0.600346 0.321429
vt 0.605698 0.321429
vt 0.608309 0.321429
vt 0.608310 0.324405
vt 0.608310 0.327381
vt 0.608310 0.330357
vt 0.567856 0.330357
vt 0.567857 0.327381
vt 0.588862 0.312500
vt 0.600346 0.312500
vt 0.600346 0.315476
vt 0.588862 0.315476
vt 0.605698 0.312500
vt 0.605698 0.315476
vt 0.600346 0.318452
vt 0.588862 0.318452
vt 0.605698 0.318452
vt 0.567856 0.309524
vt 0.588862 0.309524
vt 0.567856 0.312500
vt 0.600346 0.309524
vt 0.605698 0.309524
vt 0.608309 0.309524
vt 0.608310 0.312500
vt 0.608310 0.315476
vt 0.608310 0.318452
vt 0.567856 0.318452
vt 0.567857 0.315476
vt 0.588862 0.300595
vt 0.600346 0.300595
vt 0.600346 0.303571
vt 0.588862 0.303571
vt 0.605698 0.300595
vt 0.605698 0.303571
vt 0.600346 0.306548
vt 0.588862 0.306548
vt 0.605698 0.306548
vt 0.567856 0.297619
vt 0.588862 0.297619
vt 0.567856 0.300595
vt 0.600346 0.297619
vt 0.605698 0.297619
vt 0.608309 0.297619
vt 0.608310 0.300595
vt 0.608310 0.303571
vt 0.608310 0.306548
vt 0.567856 0.306548
vt 0.567857 0.303571
vt 0.588862 0.288690
vt 0.600346 0.288690
vt 0.600346 0.291667
vt 0.588862 0.291667
vt 0.605698 0.288690
vt 0.605698 0.291667
vt 0.600346 0.294643
vt 0.588862 0.294643
vt 0.605698 0.294643
vt 0.567856 0.285714
vt 0.588862 0.285714
vt 0.567856 0.288690
vt 0.600346 0.285714
vt 0.605698 0.285714
vt 0.608309 0.285714
vt 0.608310 0.288690
vt 0.608310 0.291667
vt 0.608310 0.294643
vt 0.567856 0.294643
vt 0.567857 0.291667
vt 0.588862 0.276786
vt 0.600346 0.276786
vt 0.600346 0.279762
vt 0.588862 0.279762
vt 0.605698 0.276786
vt 0.605698 0.279762
vt 0.600346 0.282738
vt 0.588862 0.282738
vt 0.605698 0.282738
vt 0.567856 0.273810
vt 0.588862 0.273810
vt 0.567856 0.276786
vt 0.600346 0.273810
vt 0.605698 0.273810
vt 0.608309 0.273810
vt 0.608310 0.276786
vt 0.608310 0.279762
vt 0.608310 0.282738
vt 0.567856 0.282738
vt 0.567857 0.279762
vt 0.588862 0.265003
vt 0.600346 0.265003
vt 0.600346 0.267893
vt 0.588862 0.267893
vt 0.605698 0.265003
vt 0.605698 0.267893
vt 0.600346 0.270838
vt 0.588862 0.270838
vt 0.605698 0.270838
vt 0.567856 0.262195
vt 0.588862 0.262195
vt 0.567856 0.265003
vt 0.600346 0.262195
vt 0.605698 0.262195
vt 0.608309 0.262195
vt 0.608310 0.265003
vt 0.608310 0.267893
vt 0.608310 0.270838
vt 0.567856 0.270838
vt 0.567857 0.267893
vt 0.588862 0.254877
vt 0.600346 0.254877
vt 0.600346 0.257034
vt 0.588862 0.257034
vt 0.605698 0.254877
vt 0.605698 0.257034
vt 0.600346 0.259508
vt 0.588862 0.259508
vt 0.605698 0.259508
vt 0.567856 0.253143
vt 0.588862 0.253143
vt 0.567856 0.254877
vt 0.600346 0.253143
vt 0.605698 0.253143
vt 0.608309 0.253143
vt 0.608310 0.254877
vt 0.608310 0.257034
vt 0.608310 0.259508
vt 0.567856 0.259508
vt 0.567857 0.257034
vt 0.387296 0.984640
vt 0.387148 0.982131
vt 0.387635 0.982139
vt 0.387760 0.984326
vt 0.387296 0.979606
vt 0.387760 0.979947
vt 0.387962 0.982143
vt 0.388065 0.984050
vt 0.388065 0.980234
vt 0.386958 0.987887
vt 0.386412 0.984928
vt 0.387768 0.986733
vt 0.386265 0.982121
vt 0.386412 0.979280
vt 0.386958 0.976191
vt 0.387768 0.977478
vt 0.388138 0.978138
vt 0.388369 0.978685
vt 0.388532 0.979167
vt 0.388392 0.980377
vt 0.388322 0.982143
vt 0.388392 0.983909
vt 0.388369 0.985598
vt 0.388532 0.985119
vt 0.388138 0.986126
vt 0.588857 0.968053
vt 0.600301 0.967949
vt 0.600320 0.970238
vt 0.588859 0.970238
vt 0.605566 0.967692
vt 0.605623 0.970238
vt 0.600301 0.972527
vt 0.588857 0.972423
vt 0.605566 0.972785
vt 0.567857 0.966270
vt 0.588850 0.966244
vt 0.567856 0.968068
vt 0.600243 0.966063
vt 0.605371 0.965552
vt 0.607824 0.964286
vt 0.608124 0.967378
vt 0.608205 0.970238
vt 0.608124 0.973098
vt 0.607824 0.976191
vt 0.605371 0.974925
vt 0.600243 0.974413
vt 0.588850 0.974232
vt 0.567856 0.972408
vt 0.567856 0.974206
vt 0.567856 0.970238
vt 0.588838 0.880177
vt 0.600154 0.880388
vt 0.600066 0.881191
vt 0.588827 0.880983
vt 0.605031 0.880980
vt 0.604746 0.881763
vt 0.600012 0.881975
vt 0.588821 0.881786
vt 0.604576 0.882482
vt 0.567857 0.878969
vt 0.588850 0.878994
vt 0.567856 0.880147
vt 0.600243 0.879175
vt 0.605371 0.879687
vt 0.607824 0.880953
vt 0.606561 0.882240
vt 0.606004 0.882900
vt 0.605694 0.883448
vt 0.605505 0.883929
vt 0.604514 0.883473
vt 0.599994 0.883107
vt 0.588818 0.882958
vt 0.567856 0.881759
vt 0.567856 0.882937
vt 0.567856 0.880953
vt 0.589115 0.944259
vt 0.600390 0.944145
vt 0.601037 0.946470
vt 0.590922 0.946553
vt 0.605577 0.943883
vt 0.605713 0.946434
vt 0.602453 0.948837
vt 0.595470 0.948995
vt 0.605835 0.948990
vt 0.567857 0.942461
vt 0.588850 0.942435
vt 0.568215 0.944284
vt 0.600243 0.942254
vt 0.605371 0.941742
vt 0.607824 0.940476
vt 0.608124 0.943569
vt 0.608205 0.946429
vt 0.608124 0.949289
vt 0.607824 0.952381
vt 0.605820 0.951136
vt 0.603830 0.950769
vt 0.601224 0.951020
vt 0.578214 0.949312
vt 0.602291 0.952381
vt 0.570726 0.946635
vt 0.607156 0.860576
vt 0.607329 0.863224
vt 0.606658 0.863334
vt 0.606455 0.860930
vt 0.607104 0.866088
vt 0.606668 0.866102
vt 0.606270 0.863431
vt 0.606052 0.861229
vt 0.606425 0.866114
vt 0.607824 0.857143
vt 0.608560 0.860241
vt 0.606561 0.858430
vt 0.608693 0.863137
vt 0.608274 0.866077
vt 0.606576 0.869048
vt 0.606576 0.869048
vt 0.606576 0.869048
vt 0.606576 0.869048
vt 0.606576 0.869048
vt 0.606070 0.866119
vt 0.605860 0.863472
vt 0.605676 0.861377
vt 0.605694 0.859638
vt 0.605505 0.860119
vt 0.606004 0.859090
vt 0.588857 0.920434
vt 0.600301 0.920330
vt 0.600320 0.922619
vt 0.588859 0.922619
vt 0.605566 0.920073
vt 0.605623 0.922619
vt 0.600301 0.924908
vt 0.588857 0.924804
vt 0.605566 0.925166
vt 0.567857 0.918651
vt 0.588850 0.918625
vt 0.567856 0.920449
vt 0.600243 0.918444
vt 0.605371 0.917933
vt 0.607824 0.916667
vt 0.608124 0.919759
vt 0.608205 0.922619
vt 0.608124 0.925479
vt 0.607824 0.928572
vt 0.605371 0.927306
vt 0.600243 0.926794
vt 0.588850 0.926613
vt 0.567856 0.924789
vt 0.567856 0.926587
vt 0.567856 0.922619
vt 0.387296 0.818011
vt 0.387148 0.815476
vt 0.387635 0.815476
vt 0.387760 0.817672
vt 0.387296 0.812941
vt 0.387760 0.813281
vt 0.387962 0.815476
vt 0.388065 0.817385
vt 0.388065 0.813568
vt 0.386958 0.821429
vt 0.386412 0.818336
vt 0.387768 0.820142
vt 0.386265 0.815476
vt 0.386412 0.812616
vt 0.386958 0.809524
vt 0.387768 0.810811
vt 0.388138 0.811471
vt 0.388369 0.812019
vt 0.388532 0.812500
vt 0.388392 0.813711
vt 0.388322 0.815476
vt 0.388392 0.817242
vt 0.388369 0.818934
vt 0.388532 0.818452
vt 0.388138 0.819481
vt 0.595470 0.896244
vt 0.602453 0.896402
vt 0.601037 0.898768
vt 0.590922 0.898686
vt 0.605835 0.896248
vt 0.605713 0.898805
vt 0.600390 0.901094
vt 0.589114 0.900979
vt 0.605577 0.901356
vt 0.602291 0.892857
vt 0.601224 0.894219
vt 0.578214 0.895926
vt 0.603830 0.894469
vt 0.605820 0.894103
vt 0.607824 0.892858
vt 0.608124 0.895950
vt 0.608205 0.898810
vt 0.608124 0.901670
vt 0.607824 0.904762
vt 0.605371 0.903496
vt 0.600243 0.902985
vt 0.588850 0.902804
vt 0.568215 0.900954
vt 0.567856 0.902778
vt 0.570726 0.898603
vt 0.390635 0.869448
vt 0.389583 0.869498
vt 0.389553 0.868809
vt 0.390451 0.869018
vt 0.388577 0.869006
vt 0.388757 0.868237
vt 0.389683 0.868139
vt 0.390647 0.868591
vt 0.388895 0.867533
vt 0.391398 0.869048
vt 0.392593 0.870409
vt 0.391398 0.869048
vt 0.390156 0.870660
vt 0.388439 0.870293
vt 0.386958 0.869048
vt 0.387768 0.867761
vt 0.388138 0.867100
vt 0.388369 0.866553
vt 0.388532 0.866072
vt 0.389025 0.866548
vt 0.390327 0.867059
vt 0.392615 0.867639
vt 0.391398 0.869048
vt 0.391398 0.869048
vt 0.391398 0.869048
vt 0.595652 0.871994
vt 0.602473 0.871998
vt 0.601014 0.874793
vt 0.590919 0.874757
vt 0.605631 0.872009
vt 0.605647 0.874876
vt 0.600387 0.877263
vt 0.589114 0.877155
vt 0.605569 0.877531
vt 0.602291 0.869048
vt 0.603362 0.869048
vt 0.578259 0.871993
vt 0.604434 0.869048
vt 0.605505 0.869048
vt 0.607785 0.872019
vt 0.608113 0.874959
vt 0.608112 0.877855
vt 0.568215 0.877139
vt 0.570726 0.874752
vt 0.387295 0.960852
vt 0.387139 0.958205
vt 0.387570 0.958095
vt 0.387752 0.960499
vt 0.387258 0.955341
vt 0.387535 0.955327
vt 0.387858 0.957998
vt 0.388052 0.960200
vt 0.387717 0.955315
vt 0.386958 0.964286
vt 0.386416 0.961188
vt 0.387768 0.962999
vt 0.386298 0.958292
vt 0.386541 0.955352
vt 0.387576 0.952381
vt 0.387576 0.952381
vt 0.387576 0.952381
vt 0.387576 0.952381
vt 0.387576 0.952381
vt 0.388028 0.955310
vt 0.388215 0.957957
vt 0.388379 0.960052
vt 0.388369 0.961791
vt 0.388532 0.961310
vt 0.388138 0.962338
vt 0.595470 0.848625
vt 0.602453 0.848783
vt 0.601037 0.851149
vt 0.590922 0.851067
vt 0.605835 0.848629
vt 0.605713 0.851186
vt 0.600390 0.853475
vt 0.589114 0.853360
vt 0.605577 0.853737
vt 0.602291 0.845238
vt 0.601224 0.846600
vt 0.578214 0.848307
vt 0.603830 0.846850
vt 0.605820 0.846484
vt 0.607824 0.845238
vt 0.608124 0.848331
vt 0.608205 0.851191
vt 0.608124 0.854051
vt 0.605371 0.855877
vt 0.600243 0.855366
vt 0.588850 0.855185
vt 0.568215 0.853335
vt 0.567856 0.855159
vt 0.570726 0.850984
vt 0.588838 0.856367
vt 0.600154 0.856579
vt 0.600066 0.857382
vt 0.588827 0.857173
vt 0.605031 0.857170
vt 0.604746 0.857954
vt 0.600012 0.858166
vt 0.588821 0.857976
vt 0.604576 0.858672
vt 0.567856 0.856337
vt 0.604514 0.859664
vt 0.599994 0.859297
vt 0.588818 0.859149
vt 0.567856 0.857949
vt 0.567856 0.859127
vt 0.567856 0.857143
vt 0.595652 0.824375
vt 0.602473 0.824379
vt 0.601014 0.827174
vt 0.590919 0.827138
vt 0.605631 0.824389
vt 0.605647 0.827257
vt 0.600387 0.829644
vt 0.589114 0.829536
vt 0.605569 0.829912
vt 0.602291 0.821429
vt 0.603362 0.821429
vt 0.578259 0.824374
vt 0.604434 0.821429
vt 0.605505 0.821429
vt 0.606576 0.821429
vt 0.607785 0.824400
vt 0.608113 0.827340
vt 0.608112 0.830236
vt 0.607824 0.833333
vt 0.605371 0.832068
vt 0.600243 0.831556
vt 0.588850 0.831375
vt 0.568215 0.829520
vt 0.567856 0.831349
vt 0.570726 0.827133
vt 0.607158 0.884370
vt 0.607349 0.886905
vt 0.606595 0.886905
vt 0.606447 0.884710
vt 0.607158 0.889440
vt 0.606447 0.889100
vt 0.606154 0.886905
vt 0.606038 0.884997
vt 0.606038 0.888813
vt 0.608570 0.884045
vt 0.608771 0.886905
vt 0.608570 0.889765
vt 0.606561 0.891570
vt 0.606004 0.890910
vt 0.605694 0.890362
vt 0.605505 0.889881
vt 0.605661 0.888671
vt 0.605740 0.886905
vt 0.605661 0.885139
vt 0.588857 0.801387
vt 0.600301 0.801283
vt 0.600320 0.803571
vt 0.588859 0.803571
vt 0.605566 0.801025
vt 0.605623 0.803572
vt 0.600301 0.805861
vt 0.588857 0.805757
vt 0.605566 0.806118
vt 0.567857 0.799603
vt 0.588850 0.799577
vt 0.567856 0.801401
vt 0.600243 0.799397
vt 0.605371 0.798885
vt 0.607824 0.797619
vt 0.608124 0.800712
vt 0.608205 0.803571
vt 0.608124 0.806431
vt 0.607824 0.809524
vt 0.605371 0.808258
vt 0.600243 0.807747
vt 0.588850 0.807566
vt 0.567856 0.805742
vt 0.567856 0.807540
vt 0.567856 0.803571
vt 0.387296 0.794202
vt 0.387148 0.791667
vt 0.387635 0.791667
vt 0.387760 0.793862
vt 0.387296 0.789132
vt 0.387760 0.789471
vt 0.387962 0.791667
vt 0.388065 0.793575
vt 0.388065 0.789758
vt 0.386958 0.797619
vt 0.386412 0.794527
vt 0.387768 0.796332
vt 0.386265 0.791667
vt 0.386412 0.788807
vt 0.386958 0.785715
vt 0.387768 0.787002
vt 0.388138 0.787662
vt 0.388369 0.788209
vt 0.388532 0.788691
vt 0.388392 0.789901
vt 0.388322 0.791667
vt 0.388392 0.793433
vt 0.388369 0.795124
vt 0.388532 0.794643
vt 0.388138 0.795672
vt 0.595728 0.777226
vt 0.602540 0.777380
vt 0.601732 0.779927
vt 0.592981 0.779876
vt 0.605838 0.777216
vt 0.605736 0.779881
vt 0.602563 0.782759
vt 0.595910 0.782742
vt 0.605642 0.782753
vt 0.602291 0.773810
vt 0.601224 0.775171
vt 0.578572 0.776905
vt 0.603830 0.775422
vt 0.605820 0.775055
vt 0.607824 0.773810
vt 0.608112 0.776907
vt 0.608113 0.779803
vt 0.607785 0.782743
vt 0.606576 0.785714
vt 0.605505 0.785714
vt 0.604434 0.785714
vt 0.603362 0.785714
vt 0.578572 0.782619
vt 0.602291 0.785714
vt 0.573596 0.779762
vt 0.390635 0.845638
vt 0.389583 0.845689
vt 0.389553 0.844999
vt 0.390451 0.845208
vt 0.388577 0.845197
vt 0.388757 0.844428
vt 0.389683 0.844329
vt 0.390647 0.844781
vt 0.388895 0.843724
vt 0.391398 0.845238
vt 0.392593 0.846600
vt 0.391398 0.845238
vt 0.390156 0.846850
vt 0.388439 0.846483
vt 0.386958 0.845238
vt 0.387768 0.843951
vt 0.388138 0.843291
vt 0.388369 0.842743
vt 0.388532 0.842262
vt 0.389025 0.842738
vt 0.390327 0.843249
vt 0.392615 0.843830
vt 0.391398 0.845238
vt 0.391398 0.845238
vt 0.391398 0.845238
vt 0.588862 0.755319
vt 0.600344 0.755324
vt 0.600333 0.757194
vt 0.588861 0.757160
vt 0.605694 0.755333
vt 0.605661 0.757270
vt 0.600302 0.759029
vt 0.588857 0.758928
vt 0.605570 0.759278
vt 0.567856 0.753658
vt 0.588862 0.753658
vt 0.567856 0.755319
vt 0.600346 0.753658
vt 0.605698 0.753658
vt 0.608310 0.753658
vt 0.608303 0.755343
vt 0.608257 0.757350
vt 0.608130 0.759587
vt 0.607824 0.762206
vt 0.605371 0.761014
vt 0.600243 0.760533
vt 0.588850 0.760363
vt 0.567856 0.758914
vt 0.567856 0.760339
vt 0.567856 0.757156
vt 0.589120 0.998103
vt 0.600431 0.998103
vt 0.601027 0.998955
vt 0.590920 0.998955
vt 0.605696 0.998103
vt 0.605684 0.998955
vt 0.602475 0.999543
vt 0.595652 0.999543
vt 0.605636 0.999543
vt 0.567856 0.996857
vt 0.588862 0.996857
vt 0.568215 0.998103
vt 0.600346 0.996857
vt 0.605698 0.996857
vt 0.608309 0.996857
vt 0.608292 0.998103
vt 0.608165 0.998955
vt 0.607786 0.999543
vt 0.606576 1.000000
vt 0.605505 1.000000
vt 0.604434 1.000000
vt 0.603362 1.000000
vt 0.578259 0.999543
vt 0.602291 1.000000
vt 0.570726 0.998955
vt 0.588862 0.579257
vt 0.600346 0.579257
vt 0.600346 0.625000
vt 0.588862 0.625000
vt 0.605698 0.579257
vt 0.605698 0.625000
vt 0.600346 0.670743
vt 0.588862 0.670743
vt 0.605698 0.670743
vt 0.567856 0.541248
vt 0.588862 0.541248
vt 0.567856 0.579257
vt 0.600346 0.541248
vt 0.605698 0.541248
vt 0.608309 0.541248
vt 0.608310 0.579257
vt 0.608310 0.625000
vt 0.608310 0.670743
vt 0.608309 0.708752
vt 0.605698 0.708752
vt 0.600346 0.708752
vt 0.588862 0.708752
vt 0.567856 0.670743
vt 0.567856 0.708752
vt 0.567857 0.625000
vt 0.588862 0.498277
vt 0.600346 0.498277
vt 0.600346 0.503757
vt 0.588862 0.503757
vt 0.605698 0.498277
vt 0.605698 0.503757
vt 0.600346 0.516756
vt 0.588862 0.516756
vt 0.605698 0.516756
vt 0.567856 0.496342
vt 0.588862 0.496342
vt 0.567856 0.498277
vt 0.600346 0.496342
vt 0.605698 0.496342
vt 0.608309 0.496342
vt 0.608310 0.498277
vt 0.608310 0.503757
vt 0.608310 0.516756
vt 0.567856 0.516756
vt 0.567857 0.503757
vt 0.595652 0.061853
vt 0.602475 0.061853
vt 0.601027 0.119828
vt 0.590920 0.119828
vt 0.605636 0.061853
vt 0.605684 0.119828
vt 0.600431 0.170044
vt 0.589120 0.170044
vt 0.605696 0.170044
vt 0.602291 0.000000
vt 0.603362 0.000000
vt 0.578259 0.061853
vt 0.604434 0.000000
vt 0.605505 0.000000
vt 0.606576 0.000000
vt 0.607786 0.061853
vt 0.608165 0.119828
vt 0.608291 0.170044
vt 0.608310 0.208623
vt 0.605698 0.208623
vt 0.600346 0.208623
vt 0.588862 0.208623
vt 0.568215 0.170044
vt 0.567856 0.208623
vt 0.570726 0.119828
vt 0.381041 0.061853
vt 0.383092 0.061853
vt 0.383094 0.119828
vt 0.381160 0.119828
vt 0.385147 0.061853
vt 0.385034 0.119828
vt 0.383095 0.170044
vt 0.381205 0.170044
vt 0.384991 0.170044
vt 0.378604 0.000000
vt 0.380847 0.000000
vt 0.379229 0.061853
vt 0.383090 0.000000
vt 0.385333 0.000000
vt 0.387576 0.000000
vt 0.386977 0.061853
vt 0.386789 0.119828
vt 0.386727 0.170044
vt 0.386718 0.208623
vt 0.384985 0.208623
vt 0.383095 0.208623
vt 0.381211 0.208623
vt 0.379490 0.170044
vt 0.379499 0.208623
vt 0.379424 0.119828
vt 0.381211 0.498278
vt 0.383095 0.498277
vt 0.383095 0.503757
vt 0.381211 0.503757
vt 0.384985 0.498278
vt 0.384985 0.503757
vt 0.383095 0.516756
vt 0.381211 0.516756
vt 0.384985 0.516756
vt 0.379499 0.496342
vt 0.381211 0.496342
vt 0.379499 0.498277
vt 0.383095 0.496342
vt 0.384985 0.496342
vt 0.386718 0.496342
vt 0.386718 0.498278
vt 0.386718 0.503757
vt 0.386718 0.516756
vt 0.386718 0.541248
vt 0.384985 0.541248
vt 0.383095 0.541248
vt 0.381211 0.541248
vt 0.379499 0.516756
vt 0.379499 0.541248
vt 0.379499 0.503757
vt 0.381211 0.579257
vt 0.383095 0.579257
vt 0.383095 0.625000
vt 0.381211 0.625000
vt 0.384985 0.579257
vt 0.384985 0.625000
vt 0.383095 0.670743
vt 0.381211 0.670743
vt 0.384985 0.670743
vt 0.379499 0.579257
vt 0.386718 0.579257
vt 0.386718 0.625000
vt 0.386718 0.670743
vt 0.386718 0.708752
vt 0.384985 0.708752
vt 0.383095 0.708752
vt 0.381211 0.708752
vt 0.379499 0.670743
vt 0.379499 0.708752
vt 0.379499 0.625000
vt 0.381205 0.998103
vt 0.383095 0.998103
vt 0.383094 0.998955
vt 0.381160 0.998955
vt 0.384991 0.998103
vt 0.385034 0.998955
vt 0.383092 0.999543
vt 0.381041 0.999543
vt 0.385147 0.999543
vt 0.379499 0.996857
vt 0.381211 0.996857
vt 0.379490 0.998103
vt 0.383095 0.996857
vt 0.384985 0.996857
vt 0.386718 0.996857
vt 0.386727 0.998103
vt 0.386789 0.998955
vt 0.386977 0.999543
vt 0.387576 1.000000
vt 0.385333 1.000000
vt 0.383090 1.000000
vt 0.380847 1.000000
vt 0.379229 0.999543
vt 0.378604 1.000000
vt 0.379424 0.998955
vt 0.381211 0.755350
vt 0.383096 0.755350
vt 0.383101 0.757400
vt 0.381212 0.757403
vt 0.384987 0.755348
vt 0.385004 0.757389
vt 0.383112 0.759742
vt 0.381213 0.759750
vt 0.385038 0.759712
vt 0.379499 0.753658
vt 0.381211 0.753658
vt 0.379499 0.755350
vt 0.383095 0.753658
vt 0.384985 0.753658
vt 0.386718 0.753658
vt 0.386721 0.755343
vt 0.386744 0.757350
vt 0.386807 0.759587
vt 0.386958 0.762206
vt 0.385034 0.762280
vt 0.383107 0.762311
vt 0.381213 0.762322
vt 0.379499 0.759751
vt 0.379499 0.762323
vt 0.379499 0.757404
vt 0.381209 0.765056
vt 0.383076 0.765048
vt 0.383055 0.767906
vt 0.381206 0.767909
vt 0.384906 0.765038
vt 0.384833 0.767899
vt 0.383076 0.770840
vt 0.381209 0.770840
vt 0.384906 0.770828
vt 0.379499 0.765058
vt 0.386412 0.765105
vt 0.386265 0.767888
vt 0.386412 0.770721
vt 0.386958 0.773810
vt 0.385034 0.773810
vt 0.383107 0.773810
vt 0.381213 0.773810
vt 0.379499 0.770840
vt 0.379499 0.773810
vt 0.379499 0.767909
vt 0.381213 0.776786
vt 0.383112 0.776786
vt 0.383108 0.779762
vt 0.381213 0.779762
vt 0.385041 0.776796
vt 0.385022 0.779762
vt 0.383112 0.782738
vt 0.381213 0.782738
vt 0.385041 0.782728
vt 0.379499 0.776786
vt 0.386810 0.776902
vt 0.386770 0.779762
vt 0.386810 0.782622
vt 0.385034 0.785715
vt 0.383107 0.785714
vt 0.381213 0.785714
vt 0.379499 0.782738
vt 0.379499 0.785714
vt 0.379499 0.779762
vt 0.381209 0.788691
vt 0.383076 0.788691
vt 0.383055 0.791667
vt 0.381206 0.791667
vt 0.384906 0.788701
vt 0.384833 0.791667
vt 0.383076 0.794643
vt 0.381209 0.794643
vt 0.384906 0.794633
vt 0.379499 0.788691
vt 0.385034 0.797619
vt 0.383107 0.797619
vt 0.381213 0.797619
vt 0.379499 0.794643
vt 0.379499 0.797619
vt 0.379499 0.791667
vt 0.381213 0.800595
vt 0.383112 0.800595
vt 0.383108 0.803571
vt 0.381213 0.803571
vt 0.385041 0.800606
vt 0.385022 0.803571
vt 0.383112 0.806548
vt 0.381213 0.806548
vt 0.385041 0.806537
vt 0.379499 0.800595
vt 0.386810 0.800712
vt 0.386769 0.803571
vt 0.386810 0.806431
vt 0.385034 0.809524
vt 0.383107 0.809524
vt 0.381213 0.809524
vt 0.379499 0.806548
vt 0.379499 0.809524
vt 0.379499 0.803571
vt 0.381209 0.812500
vt 0.383076 0.812500
vt 0.383055 0.815476
vt 0.381206 0.815476
vt 0.384906 0.812510
vt 0.384833 0.815476
vt 0.383076 0.818452
vt 0.381209 0.818453
vt 0.384906 0.818442
vt 0.379499 0.812500
vt 0.385034 0.821429
vt 0.383107 0.821429
vt 0.381213 0.821429
vt 0.379499 0.818452
vt 0.379499 0.821429
vt 0.379499 0.815476
vt 0.381213 0.824405
vt 0.383112 0.824405
vt 0.383108 0.827381
vt 0.381213 0.827381
vt 0.385041 0.824415
vt 0.385022 0.827381
vt 0.383112 0.830357
vt 0.381213 0.830357
vt 0.385041 0.830347
vt 0.379499 0.824405
vt 0.386810 0.824521
vt 0.386769 0.827381
vt 0.386810 0.830241
vt 0.386958 0.833333
vt 0.385034 0.833333
vt 0.383107 0.833333
vt 0.381213 0.833333
vt 0.379499 0.830357
vt 0.379499 0.833333
vt 0.379499 0.827381
vt 0.381209 0.836310
vt 0.383076 0.836310
vt 0.383055 0.839286
vt 0.381206 0.839286
vt 0.384906 0.836320
vt 0.384833 0.839286
vt 0.383076 0.842262
vt 0.381209 0.842262
vt 0.384906 0.842252
vt 0.379499 0.836310
vt 0.386412 0.836426
vt 0.386265 0.839286
vt 0.386412 0.842146
vt 0.385034 0.845238
vt 0.383107 0.845238
vt 0.381213 0.845238
vt 0.379499 0.842262
vt 0.379499 0.845238
vt 0.379499 0.839286
vt 0.381213 0.848214
vt 0.383112 0.848214
vt 0.383108 0.851191
vt 0.381213 0.851191
vt 0.385041 0.848225
vt 0.385022 0.851191
vt 0.383112 0.854167
vt 0.381213 0.854167
vt 0.385041 0.854156
vt 0.379499 0.848214
vt 0.386810 0.848331
vt 0.386769 0.851191
vt 0.386810 0.854051
vt 0.386958 0.857143
vt 0.385034 0.857143
vt 0.383107 0.857143
vt 0.381213 0.857143
vt 0.379499 0.854167
vt 0.379499 0.857143
vt 0.379499 0.851191
vt 0.381209 0.860119
vt 0.383076 0.860119
vt 0.383055 0.863095
vt 0.381206 0.863095
vt 0.384906 0.860130
vt 0.384833 0.863095
vt 0.383076 0.866072
vt 0.381209 0.866072
vt 0.384906 0.866061
vt 0.379499 0.860119
vt 0.386412 0.860235
vt 0.386265 0.863095
vt 0.386412 0.865955
vt 0.385034 0.869048
vt 0.383107 0.869048
vt 0.381213 0.869048
vt 0.379499 0.866072
vt 0.379499 0.869048
vt 0.379499 0.863095
vt 0.381213 0.872024
vt 0.383112 0.872024
vt 0.383108 0.875000
vt 0.381213 0.875000
vt 0.385041 0.872034
vt 0.385022 0.875000
vt 0.383112 0.877976
vt 0.381213 0.877976
vt 0.385041 0.877966
vt 0.379499 0.872024
vt 0.386810 0.872140
vt 0.386769 0.875000
vt 0.386810 0.877860
vt 0.386958 0.880953
vt 0.385034 0.880953
vt 0.383107 0.880953
vt 0.381213 0.880953
vt 0.379499 0.877976
vt 0.379499 0.880953
vt 0.379499 0.875000
vt 0.381209 0.883929
vt 0.383076 0.883929
vt 0.383055 0.886905
vt 0.381206 0.886905
vt 0.384906 0.883939
vt 0.384833 0.886905
vt 0.383076 0.889881
vt 0.381209 0.889881
vt 0.384906 0.889871
vt 0.379499 0.883929
vt 0.386412 0.884045
vt 0.386265 0.886905
vt 0.386412 0.889765
vt 0.386958 0.892857
vt 0.385034 0.892857
vt 0.383107 0.892857
vt 0.381213 0.892857
vt 0.379499 0.889881
vt 0.379499 0.892857
vt 0.379499 0.886905
vt 0.381213 0.895833
vt 0.383112 0.895833
vt 0.383108 0.898810
vt 0.381213 0.898810
vt 0.385041 0.895844
vt 0.385022 0.898810
vt 0.383112 0.901786
vt 0.381213 0.901786
vt 0.385041 0.901775
vt 0.379499 0.895833
vt 0.386810 0.895950
vt 0.386769 0.898810
vt 0.386810 0.901670
vt 0.386958 0.904762
vt 0.385034 0.904762
vt 0.383107 0.904762
vt 0.381213 0.904762
vt 0.379499 0.901786
vt 0.379499 0.904762
vt 0.379499 0.898810
vt 0.381209 0.907738
vt 0.383077 0.907738
vt 0.383066 0.910715
vt 0.381208 0.910715
vt 0.384910 0.907749
vt 0.384864 0.910720
vt 0.383109 0.913691
vt 0.381213 0.913691
vt 0.385006 0.913691
vt 0.379499 0.907738
vt 0.386416 0.907860
vt 0.386298 0.910756
vt 0.386541 0.913696
vt 0.387576 0.916667
vt 0.385200 0.916667
vt 0.383153 0.916667
vt 0.381219 0.916667
vt 0.379499 0.913691
vt 0.379499 0.916667
vt 0.379499 0.910715
vt 0.381218 0.919643
vt 0.383145 0.919643
vt 0.383119 0.922619
vt 0.381214 0.922619
vt 0.385144 0.919642
vt 0.385055 0.922614
vt 0.383114 0.925595
vt 0.381214 0.925595
vt 0.385045 0.925584
vt 0.379499 0.919643
vt 0.386977 0.919638
vt 0.386815 0.922578
vt 0.386816 0.925474
vt 0.386958 0.928571
vt 0.385034 0.928572
vt 0.383107 0.928572
vt 0.381213 0.928572
vt 0.379499 0.925595
vt 0.379499 0.928572
vt 0.379499 0.922619
vt 0.381209 0.931548
vt 0.383076 0.931548
vt 0.383055 0.934524
vt 0.381206 0.934524
vt 0.384906 0.931558
vt 0.384833 0.934524
vt 0.383076 0.937500
vt 0.381209 0.937500
vt 0.384906 0.937490
vt 0.379499 0.931548
vt 0.386412 0.931664
vt 0.386265 0.934524
vt 0.386412 0.937384
vt 0.386958 0.940476
vt 0.385034 0.940476
vt 0.383107 0.940476
vt 0.381213 0.940476
vt 0.379499 0.937500
vt 0.379499 0.940476
vt 0.379499 0.934524
vt 0.381214 0.943453
vt 0.383114 0.943452
vt 0.383119 0.946429
vt 0.381214 0.946429
vt 0.385045 0.943464
vt 0.385055 0.946434
vt 0.383145 0.949405
vt 0.381218 0.949405
vt 0.385144 0.949405
vt 0.379499 0.943453
vt 0.386816 0.943574
vt 0.386815 0.946470
vt 0.386977 0.949410
vt 0.385200 0.952381
vt 0.383153 0.952381
vt 0.381219 0.952381
vt 0.379499 0.949405
vt 0.379499 0.952381
vt 0.379499 0.946429
vt 0.381213 0.955357
vt 0.383109 0.955357
vt 0.383066 0.958333
vt 0.381208 0.958334
vt 0.385006 0.955357
vt 0.384864 0.958328
vt 0.383077 0.961310
vt 0.381209 0.961309
vt 0.384910 0.961299
vt 0.379499 0.955357
vt 0.385034 0.964286
vt 0.383107 0.964286
vt 0.381213 0.964286
vt 0.379499 0.961310
vt 0.379499 0.964286
vt 0.379499 0.958333
vt 0.381213 0.967262
vt 0.383112 0.967262
vt 0.383108 0.970238
vt 0.381213 0.970238
vt 0.385041 0.967272
vt 0.385022 0.970238
vt 0.383112 0.973214
vt 0.381213 0.973214
vt 0.385041 0.973204
vt 0.379499 0.967262
vt 0.386810 0.967378
vt 0.386769 0.970238
vt 0.386810 0.973098
vt 0.385034 0.976190
vt 0.383107 0.976191
vt 0.381213 0.976191
vt 0.379499 0.973214
vt 0.379499 0.976191
vt 0.379499 0.970238
vt 0.381209 0.979162
vt 0.383076 0.979162
vt 0.383055 0.982109
vt 0.381206 0.982107
vt 0.384906 0.979173
vt 0.384833 0.982114
vt 0.383076 0.985003
vt 0.381209 0.984998
vt 0.384906 0.985007
vt 0.379499 0.979162
vt 0.385034 0.987835
vt 0.383107 0.987814
vt 0.381213 0.987807
vt 0.379499 0.984997
vt 0.379499 0.987806
vt 0.379499 0.982107
vt 0.381211 0.254877
vt 0.383095 0.254877
vt 0.383095 0.257034
vt 0.381211 0.257034
vt 0.384985 0.254877
vt 0.384985 0.257034
vt 0.383095 0.259508
vt 0.381211 0.259508
vt 0.384985 0.259508
vt 0.379499 0.253143
vt 0.381211 0.253143
vt 0.379499 0.254877
vt 0.383095 0.253143
vt 0.384985 0.253143
vt 0.386718 0.253143
vt 0.386718 0.254877
vt 0.386718 0.257034
vt 0.386718 0.259508
vt 0.386718 0.262195
vt 0.384985 0.262195
vt 0.383095 0.262195
vt 0.381211 0.262195
vt 0.379499 0.259508
vt 0.379499 0.262195
vt 0.379499 0.257034
vt 0.381211 0.265003
vt 0.383095 0.265003
vt 0.383095 0.267893
vt 0.381211 0.267893
vt 0.384985 0.265003
vt 0.384985 0.267893
vt 0.383095 0.270838
vt 0.381211 0.270838
vt 0.384985 0.270838
vt 0.379499 0.265003
vt 0.386718 0.265003
vt 0.386718 0.267893
vt 0.386718 0.270838
vt 0.386718 0.273810
vt 0.384985 0.273810
vt 0.383095 0.273810
vt 0.381211 0.273810
vt 0.379499 0.270838
vt 0.379499 0.273810
vt 0.379499 0.267893
vt 0.381211 0.276786
vt 0.383095 0.276786
vt 0.383095 0.279762
vt 0.381211 0.279762
vt 0.384985 0.276786
vt 0.384985 0.279762
vt 0.383095 0.282738
vt 0.381211 0.282738
vt 0.384985 0.282738
vt 0.379499 0.276786
vt 0.386718 0.276786
vt 0.386718 0.279762
vt 0.386718 0.282738
vt 0.386718 0.285714
vt 0.384985 0.285714
vt 0.383095 0.285714
vt 0.381211 0.285714
vt 0.379499 0.282738
vt 0.379499 0.285714
vt 0.379499 0.279762
vt 0.381211 0.288690
vt 0.383095 0.288691
vt 0.383095 0.291667
vt 0.381211 0.291667
vt 0.384985 0.288690
vt 0.384985 0.291667
vt 0.383095 0.294643
vt 0.381211 0.294643
vt 0.384985 0.294643
vt 0.379499 0.288691
vt 0.386718 0.288691
vt 0.386718 0.291667
vt 0.386718 0.294643
vt 0.386718 0.297619
vt 0.384985 0.297619
vt 0.383095 0.297619
vt 0.381211 0.297619
vt 0.379499 0.294643
vt 0.379499 0.297619
vt 0.379499 0.291667
vt 0.381211 0.300595
vt 0.383095 0.300595
vt 0.383095 0.303571
vt 0.381211 0.303571
vt 0.384985 0.300595
vt 0.384985 0.303571
vt 0.383095 0.306548
vt 0.381211 0.306548
vt 0.384985 0.306548
vt 0.379499 0.300595
vt 0.386718 0.300595
vt 0.386718 0.303571
vt 0.386718 0.306548
vt 0.386718 0.309524
vt 0.384985 0.309524
vt 0.383095 0.309524
vt 0.381211 0.309524
vt 0.379499 0.306548
vt 0.379499 0.309524
vt 0.379499 0.303571
vt 0.381211 0.312500
vt 0.383095 0.312500
vt 0.383095 0.315476
vt 0.381211 0.315476
vt 0.384985 0.312500
vt 0.384985 0.315476
vt 0.383095 0.318452
vt 0.381211 0.318452
vt 0.384985 0.318452
vt 0.379499 0.312500
vt 0.386718 0.312500
vt 0.386718 0.315476
vt 0.386718 0.318452
vt 0.386718 0.321429
vt 0.384985 0.321429
vt 0.383095 0.321429
vt 0.381211 0.321429
vt 0.379499 0.318452
vt 0.379499 0.321429
vt 0.379499 0.315476
vt 0.381211 0.324405
vt 0.383095 0.324405
vt 0.383095 0.327381
vt 0.381211 0.327381
vt 0.384985 0.324405
vt 0.384985 0.327381
vt 0.383095 0.330357
vt 0.381211 0.330357
vt 0.384985 0.330357
vt 0.379499 0.324405
vt 0.386718 0.324405
vt 0.386718 0.327381
vt 0.386718 0.330357
vt 0.386718 0.333333
vt 0.384985 0.333333
vt 0.383095 0.333333
vt 0.381211 0.333333
vt 0.379499 0.330357
vt 0.379499 0.333333
vt 0.379499 0.327381
vt 0.381211 0.336310
vt 0.383095 0.336310
vt 0.383095 0.339286
vt 0.381211 0.339286
vt 0.384985 0.336310
vt 0.384985 0.339286
vt 0.383095 0.342262
vt 0.381211 0.342262
vt 0.384985 0.342262
vt 0.379499 0.336310
vt 0.386718 0.336310
vt 0.386718 0.339286
vt 0.386718 0.342262
vt 0.386718 0.345238
vt 0.384985 0.345238
vt 0.383095 0.345238
vt 0.381211 0.345238
vt 0.379499 0.342262
vt 0.379499 0.345238
vt 0.379499 0.339286
vt 0.381211 0.348214
vt 0.383095 0.348214
vt 0.383095 0.351191
vt 0.381211 0.351191
vt 0.384985 0.348214
vt 0.384985 0.351191
vt 0.383095 0.354167
vt 0.381211 0.354167
vt 0.384985 0.354167
vt 0.379499 0.348214
vt 0.386718 0.348214
vt 0.386718 0.351191
vt 0.386718 0.354167
vt 0.386718 0.357143
vt 0.384985 0.357143
vt 0.383095 0.357143
vt 0.381211 0.357143
vt 0.379499 0.354167
vt 0.379499 0.357143
vt 0.379499 0.351191
vt 0.381211 0.360119
vt 0.383095 0.360119
vt 0.383095 0.363095
vt 0.381211 0.363095
vt 0.384985 0.360119
vt 0.384985 0.363095
vt 0.383095 0.366071
vt 0.381211 0.366071
vt 0.384985 0.366071
vt 0.379499 0.360119
vt 0.386718 0.360119
vt 0.386718 0.363095
vt 0.386718 0.366071
vt 0.386718 0.369048
vt 0.384985 0.369048
vt 0.383095 0.369048
vt 0.381211 0.369048
vt 0.379499 0.366071
vt 0.379499 0.369048
vt 0.379499 0.363095
vt 0.381211 0.372024
vt 0.383095 0.372024
vt 0.383095 0.375000
vt 0.381211 0.375000
vt 0.384985 0.372024
vt 0.384985 0.375000
vt 0.383095 0.377976
vt 0.381211 0.377976
vt 0.384985 0.377976
vt 0.379499 0.372024
vt 0.386718 0.372024
vt 0.386718 0.375000
vt 0.386718 0.377976
vt 0.386718 0.380952
vt 0.384985 0.380952
vt 0.383095 0.380952
vt 0.381211 0.380952
vt 0.379499 0.377976
vt 0.379499 0.380952
vt 0.379499 0.375000
vt 0.381211 0.383929
vt 0.383095 0.383929
vt 0.383095 0.386905
vt 0.381211 0.386905
vt 0.384985 0.383929
vt 0.384985 0.386905
vt 0.383095 0.389881
vt 0.381211 0.389881
vt 0.384985 0.389881
vt 0.379499 0.383929
vt 0.386718 0.383929
vt 0.386718 0.386905
vt 0.386718 0.389881
vt 0.386718 0.392857
vt 0.384985 0.392857
vt 0.383095 0.392857
vt 0.381211 0.392857
vt 0.379499 0.389881
vt 0.379499 0.392857
vt 0.379499 0.386905
vt 0.381211 0.395833
vt 0.383095 0.395833
vt 0.383095 0.398810
vt 0.381211 0.398810
vt 0.384985 0.395833
vt 0.384985 0.398810
vt 0.383095 0.401786
vt 0.381211 0.401786
vt 0.384985 0.401786
vt 0.379499 0.395833
vt 0.386718 0.395833
vt 0.386718 0.398810
vt 0.386718 0.401786
vt 0.386718 0.404762
vt 0.384985 0.404762
vt 0.383095 0.404762
vt 0.381211 0.404762
vt 0.379499 0.401786
vt 0.379499 0.404762
vt 0.379499 0.398810
vt 0.381211 0.407738
vt 0.383095 0.407738
vt 0.383095 0.410714
vt 0.381211 0.410714
vt 0.384985 0.407738
vt 0.384985 0.410714
vt 0.383095 0.413690
vt 0.381211 0.413691
vt 0.384985 0.413691
vt 0.379499 0.407738
vt 0.386718 0.407738
vt 0.386718 0.410714
vt 0.386718 0.413691
vt 0.386718 0.416667
vt 0.384985 0.416667
vt 0.383095 0.416667
vt 0.381211 0.416667
vt 0.379499 0.413691
vt 0.379499 0.416667
vt 0.379499 0.410714
vt 0.381211 0.419643
vt 0.383095 0.419643
vt 0.383095 0.422619
vt 0.381211 0.422619
vt 0.384985 0.419643
vt 0.384985 0.422619
vt 0.383095 0.425595
vt 0.381211 0.425595
vt 0.384985 0.425595
vt 0.379499 0.419643
vt 0.386718 0.419643
vt 0.386718 0.422619
vt 0.386718 0.425595
vt 0.386718 0.428572
vt 0.384985 0.428571
vt 0.383095 0.428572
vt 0.381211 0.428571
vt 0.379499 0.425595
vt 0.379499 0.428572
vt 0.379499 0.422619
vt 0.381211 0.431548
vt 0.383095 0.431548
vt 0.383095 0.434524
vt 0.381211 0.434524
vt 0.384985 0.431548
vt 0.384985 0.434524
vt 0.383095 0.437500
vt 0.381211 0.437500
vt 0.384985 0.437500
vt 0.379499 0.431548
vt 0.386718 0.431548
vt 0.386718 0.434524
vt 0.386718 0.437500
vt 0.386718 0.440476
vt 0.384985 0.440476
vt 0.383095 0.440476
vt 0.381211 0.440476
vt 0.379499 0.437500
vt 0.379499 0.440476
vt 0.379499 0.434524
vt 0.381211 0.443452
vt 0.383095 0.443452
vt 0.383095 0.446429
vt 0.381211 0.446429
vt 0.384985 0.443452
vt 0.384985 0.446429
vt 0.383095 0.449405
vt 0.381211 0.449405
vt 0.384985 0.449405
vt 0.379499 0.443452
vt 0.386718 0.443452
vt 0.386718 0.446429
vt 0.386718 0.449405
vt 0.386718 0.452381
vt 0.384985 0.452381
vt 0.383095 0.452381
vt 0.381211 0.452381
vt 0.379499 0.449405
vt 0.379499 0.452381
vt 0.379499 0.446429
vt 0.381211 0.455357
vt 0.383095 0.455357
vt 0.383095 0.458333
vt 0.381211 0.458333
vt 0.384985 0.455357
vt 0.384985 0.458333
vt 0.383095 0.461310
vt 0.381211 0.461310
vt 0.384985 0.461310
vt 0.379499 0.455357
vt 0.386718 0.455357
vt 0.386718 0.458333
vt 0.386718 0.461310
vt 0.386718 0.464286
vt 0.384985 0.464286
vt 0.383095 0.464286
vt 0.381211 0.464286
vt 0.379499 0.461310
vt 0.379499 0.464286
vt 0.379499 0.458333
vt 0.381211 0.467262
vt 0.383095 0.467262
vt 0.383095 0.470238
vt 0.381211 0.470238
vt 0.384985 0.467262
vt 0.384985 0.470238
vt 0.383095 0.473214
vt 0.381211 0.473214
vt 0.384985 0.473214
vt 0.379499 0.467262
vt 0.386718 0.467262
vt 0.386718 0.470238
vt 0.386718 0.473214
vt 0.386718 0.476191
vt 0.384985 0.476191
vt 0.383095 0.476190
vt 0.381211 0.476191
vt 0.379499 0.473214
vt 0.379499 0.476191
vt 0.379499 0.470238
vt 0.381211 0.479160
vt 0.383095 0.479160
vt 0.383095 0.482091
vt 0.381211 0.482091
vt 0.384985 0.479160
vt 0.384985 0.482091
vt 0.383095 0.484943
vt 0.381211 0.484943
vt 0.384985 0.484943
vt 0.379499 0.479160
vt 0.386718 0.479160
vt 0.386718 0.482091
vt 0.386718 0.484943
vt 0.386718 0.487677
vt 0.384985 0.487677
vt 0.383095 0.487677
vt 0.381211 0.487677
vt 0.379499 0.484943
vt 0.379499 0.487677
vt 0.379499 0.482091
vt 0.588820 0.979985
vt 0.600005 0.980066
vt 0.600017 0.982143
vt 0.588821 0.982143
vt 0.604558 0.980249
vt 0.604595 0.982143
vt 0.600005 0.984219
vt 0.588820 0.984301
vt 0.604558 0.984037
vt 0.567857 0.978175
vt 0.588818 0.978196
vt 0.567856 0.979973
vt 0.599994 0.978345
vt 0.604514 0.978711
vt 0.605505 0.979167
vt 0.605661 0.980377
vt 0.605740 0.982143
vt 0.605661 0.983909
vt 0.605505 0.985119
vt 0.604514 0.985574
vt 0.599994 0.985941
vt 0.588818 0.986090
vt 0.567856 0.984313
vt 0.567856 0.986111
vt 0.567856 0.982143
vt 0.595433 0.955794
vt 0.602158 0.956138
vt 0.600734 0.958292
vt 0.590884 0.958210
vt 0.604827 0.956425
vt 0.604685 0.958328
vt 0.600095 0.960405
vt 0.589078 0.960476
vt 0.604569 0.960226
vt 0.602291 0.952381
vt 0.601193 0.953790
vt 0.578214 0.955450
vt 0.603581 0.954370
vt 0.604963 0.954881
vt 0.605505 0.955357
vt 0.605661 0.956568
vt 0.605740 0.958333
vt 0.605661 0.960099
vt 0.605505 0.961310
vt 0.604514 0.961765
vt 0.599994 0.962132
vt 0.588818 0.962281
vt 0.568215 0.960478
vt 0.567856 0.962302
vt 0.570726 0.958127
vt 0.588820 0.932366
vt 0.600005 0.932447
vt 0.600017 0.934524
vt 0.588821 0.934524
vt 0.604558 0.932631
vt 0.604595 0.934524
vt 0.600005 0.936601
vt 0.588820 0.936683
vt 0.604558 0.936418
vt 0.567857 0.930556
vt 0.588818 0.930577
vt 0.567856 0.932354
vt 0.599994 0.930726
vt 0.604514 0.931093
vt 0.605505 0.931548
vt 0.605661 0.932758
vt 0.605740 0.934524
vt 0.605661 0.936290
vt 0.605505 0.937500
vt 0.604514 0.937956
vt 0.599994 0.938322
vt 0.588818 0.938471
vt 0.567856 0.936694
vt 0.567856 0.938492
vt 0.567856 0.934524
vt 0.588820 0.908556
vt 0.600005 0.908638
vt 0.600017 0.910715
vt 0.588821 0.910715
vt 0.604558 0.908821
vt 0.604595 0.910715
vt 0.600005 0.912791
vt 0.588820 0.912873
vt 0.604558 0.912608
vt 0.567857 0.906746
vt 0.588818 0.906768
vt 0.567856 0.908544
vt 0.599994 0.906916
vt 0.604514 0.907283
vt 0.605505 0.907738
vt 0.605661 0.908949
vt 0.605740 0.910715
vt 0.605661 0.912480
vt 0.605505 0.913691
vt 0.604514 0.914146
vt 0.599994 0.914513
vt 0.588818 0.914662
vt 0.567856 0.912885
vt 0.567856 0.914683
vt 0.567856 0.910715
vt 0.589078 0.884762
vt 0.600095 0.884834
vt 0.600734 0.886946
vt 0.590884 0.887029
vt 0.604569 0.885012
vt 0.604685 0.886910
vt 0.602158 0.889100
vt 0.595433 0.889444
vt 0.604827 0.888813
vt 0.568215 0.884761
vt 0.604963 0.890357
vt 0.603581 0.890869
vt 0.601193 0.891449
vt 0.578214 0.889788
vt 0.602291 0.892857
vt 0.570726 0.887112
vt 0.589078 0.860969
vt 0.600098 0.861054
vt 0.600761 0.863376
vt 0.590887 0.863348
vt 0.604579 0.861244
vt 0.604763 0.863436
vt 0.602327 0.866107
vt 0.595634 0.866103
vt 0.605083 0.866114
vt 0.568215 0.860956
vt 0.605505 0.869048
vt 0.604434 0.869048
vt 0.603362 0.869048
vt 0.578259 0.866103
vt 0.602291 0.869048
vt 0.570726 0.863344
vt 0.589078 0.837143
vt 0.600095 0.837215
vt 0.600734 0.839327
vt 0.590884 0.839410
vt 0.604569 0.837393
vt 0.604685 0.839291
vt 0.602158 0.841481
vt 0.595433 0.841825
vt 0.604827 0.841195
vt 0.567857 0.835318
vt 0.588818 0.835339
vt 0.568215 0.837142
vt 0.599994 0.835488
vt 0.604514 0.835854
vt 0.605505 0.836310
vt 0.605661 0.837520
vt 0.605740 0.839286
vt 0.605661 0.841052
vt 0.605505 0.842262
vt 0.604963 0.842738
vt 0.603581 0.843249
vt 0.601193 0.843830
vt 0.578214 0.842169
vt 0.602291 0.845238
vt 0.570726 0.839493
vt 0.589078 0.813349
vt 0.600098 0.813435
vt 0.600761 0.815757
vt 0.590887 0.815728
vt 0.604578 0.813625
vt 0.604763 0.815817
vt 0.602327 0.818488
vt 0.595634 0.818484
vt 0.605083 0.818495
vt 0.567857 0.811508
vt 0.588818 0.811529
vt 0.568215 0.813337
vt 0.599994 0.811678
vt 0.604514 0.812045
vt 0.605505 0.812500
vt 0.605676 0.813758
vt 0.605860 0.815853
vt 0.606070 0.818500
vt 0.606576 0.821429
vt 0.605505 0.821429
vt 0.604434 0.821429
vt 0.603362 0.821429
vt 0.578259 0.818484
vt 0.602291 0.821429
vt 0.570726 0.815724
vt 0.595634 0.788670
vt 0.602327 0.788656
vt 0.600761 0.791387
vt 0.590887 0.791420
vt 0.605083 0.788648
vt 0.604763 0.791326
vt 0.600098 0.793708
vt 0.589078 0.793794
vt 0.604579 0.793518
vt 0.602291 0.785714
vt 0.603362 0.785714
vt 0.578214 0.788784
vt 0.604434 0.785714
vt 0.605505 0.785714
vt 0.606576 0.785714
vt 0.606070 0.788643
vt 0.605860 0.791290
vt 0.605676 0.793386
vt 0.605505 0.794643
vt 0.604514 0.795098
vt 0.599994 0.795465
vt 0.588818 0.795614
vt 0.568215 0.793811
vt 0.567856 0.795635
vt 0.570726 0.791460
vt 0.589078 0.765714
vt 0.600095 0.765786
vt 0.600734 0.767899
vt 0.590884 0.767981
vt 0.604569 0.765964
vt 0.604685 0.767862
vt 0.602158 0.770053
vt 0.595433 0.770397
vt 0.604827 0.769766
vt 0.567857 0.763889
vt 0.588818 0.763910
vt 0.568215 0.765713
vt 0.599994 0.764059
vt 0.604514 0.764426
vt 0.605505 0.764881
vt 0.605661 0.766091
vt 0.605740 0.767857
vt 0.605661 0.769623
vt 0.605505 0.770833
vt 0.604963 0.771309
vt 0.603581 0.771821
vt 0.601193 0.772401
vt 0.578214 0.770741
vt 0.602291 0.773810
vt 0.570726 0.768064
vt 0.390635 0.893257
vt 0.389583 0.893308
vt 0.389553 0.892618
vt 0.390451 0.892827
vt 0.388577 0.892816
vt 0.388757 0.892047
vt 0.389683 0.891948
vt 0.390647 0.892400
vt 0.388895 0.891343
vt 0.391398 0.892857
vt 0.392593 0.894219
vt 0.391398 0.892857
vt 0.390156 0.894469
vt 0.388439 0.894103
vt 0.387768 0.891570
vt 0.388138 0.890910
vt 0.388369 0.890362
vt 0.388532 0.889881
vt 0.389025 0.890357
vt 0.390327 0.890869
vt 0.392615 0.891449
vt 0.391398 0.892857
vt 0.391398 0.892857
vt 0.391398 0.892857
vt 0.387296 0.841821
vt 0.387148 0.839286
vt 0.387635 0.839286
vt 0.387760 0.841481
vt 0.387296 0.836751
vt 0.387760 0.837090
vt 0.387962 0.839286
vt 0.388065 0.841194
vt 0.388065 0.837377
vt 0.387768 0.834621
vt 0.388138 0.835281
vt 0.388369 0.835828
vt 0.388532 0.836310
vt 0.388392 0.837520
vt 0.388322 0.839286
vt 0.388392 0.841052
vt 0.607158 0.836751
vt 0.607349 0.839286
vt 0.606595 0.839286
vt 0.606447 0.837091
vt 0.607158 0.841821
vt 0.606447 0.841481
vt 0.606154 0.839286
vt 0.606038 0.837377
vt 0.606038 0.841194
vt 0.608570 0.836426
vt 0.606561 0.834621
vt 0.608771 0.839286
vt 0.608570 0.842146
vt 0.606561 0.843951
vt 0.606004 0.843291
vt 0.605694 0.842743
vt 0.605694 0.835829
vt 0.606004 0.835281
vt 0.588838 0.903987
vt 0.600154 0.904198
vt 0.600066 0.905001
vt 0.588827 0.904792
vt 0.605031 0.904789
vt 0.604746 0.905573
vt 0.600012 0.905785
vt 0.588821 0.905595
vt 0.604576 0.906291
vt 0.567856 0.903956
vt 0.606561 0.906049
vt 0.606004 0.906710
vt 0.605694 0.907257
vt 0.567856 0.905568
vt 0.567856 0.904762
vt 0.390443 0.916667
vt 0.389487 0.916667
vt 0.389487 0.916667
vt 0.390443 0.916667
vt 0.388532 0.916667
vt 0.388532 0.916667
vt 0.389487 0.916667
vt 0.390443 0.916667
vt 0.388532 0.916667
vt 0.391398 0.916667
vt 0.390443 0.916667
vt 0.391398 0.916667
vt 0.389487 0.916667
vt 0.388532 0.916667
vt 0.387576 0.916667
vt 0.387576 0.916667
vt 0.387576 0.916667
vt 0.387576 0.916667
vt 0.388532 0.916667
vt 0.389487 0.916667
vt 0.390443 0.916667
vt 0.391398 0.916667
vt 0.391398 0.916667
vt 0.391398 0.916667
vt 0.607158 0.979607
vt 0.607349 0.982131
vt 0.606595 0.982139
vt 0.606447 0.979947
vt 0.607158 0.984640
vt 0.606447 0.984327
vt 0.606154 0.982143
vt 0.606038 0.980234
vt 0.606038 0.984050
vt 0.608570 0.979280
vt 0.606561 0.977478
vt 0.608771 0.982121
vt 0.608570 0.984928
vt 0.607824 0.987887
vt 0.606561 0.986733
vt 0.606004 0.986126
vt 0.605694 0.985598
vt 0.605694 0.978686
vt 0.606004 0.978138
vt 0.588838 0.761304
vt 0.600154 0.761508
vt 0.600066 0.762193
vt 0.588827 0.761987
vt 0.605031 0.762078
vt 0.604746 0.762758
vt 0.600012 0.762933
vt 0.588821 0.762744
vt 0.604576 0.763439
vt 0.567856 0.761275
vt 0.606561 0.763300
vt 0.606004 0.763883
vt 0.605694 0.764404
vt 0.567856 0.762717
vt 0.567856 0.761957
vt 0.387296 0.865630
vt 0.387148 0.863095
vt 0.387635 0.863095
vt 0.387760 0.865291
vt 0.387296 0.860560
vt 0.387760 0.860900
vt 0.387962 0.863095
vt 0.388065 0.865004
vt 0.388065 0.861187
vt 0.387768 0.858430
vt 0.388138 0.859090
vt 0.388369 0.859638
vt 0.388532 0.860119
vt 0.388392 0.861330
vt 0.388322 0.863095
vt 0.388392 0.864861
vt 0.607156 0.812957
vt 0.607329 0.815604
vt 0.606658 0.815715
vt 0.606455 0.813311
vt 0.607104 0.818469
vt 0.606668 0.818482
vt 0.606270 0.815812
vt 0.606052 0.813610
vt 0.606425 0.818494
vt 0.608560 0.812622
vt 0.606561 0.810811
vt 0.608693 0.815518
vt 0.608274 0.818458
vt 0.606576 0.821429
vt 0.606576 0.821429
vt 0.606576 0.821429
vt 0.605694 0.812019
vt 0.606004 0.811471
vt 0.588838 0.927796
vt 0.600154 0.928007
vt 0.600066 0.928810
vt 0.588827 0.928602
vt 0.605031 0.928599
vt 0.604746 0.929382
vt 0.600012 0.929594
vt 0.588821 0.929405
vt 0.604576 0.930101
vt 0.567856 0.927766
vt 0.606561 0.929859
vt 0.606004 0.930519
vt 0.605694 0.931067
vt 0.567856 0.929378
vt 0.567856 0.928572
vt 0.390635 0.774209
vt 0.389583 0.774260
vt 0.389553 0.773571
vt 0.390451 0.773780
vt 0.388577 0.773768
vt 0.388757 0.772999
vt 0.389683 0.772901
vt 0.390647 0.773352
vt 0.388895 0.772295
vt 0.391398 0.773810
vt 0.392594 0.775171
vt 0.391398 0.773810
vt 0.390156 0.775422
vt 0.388439 0.775055
vt 0.387768 0.772522
vt 0.388138 0.771862
vt 0.388369 0.771315
vt 0.388532 0.770833
vt 0.389025 0.771309
vt 0.390327 0.771821
vt 0.392615 0.772401
vt 0.391398 0.773810
vt 0.391398 0.773810
vt 0.391398 0.773810
vt 0.405003 0.941252
vt 0.393807 0.941041
vt 0.393867 0.940237
vt 0.405011 0.940446
vt 0.389105 0.940449
vt 0.389296 0.939666
vt 0.393907 0.939454
vt 0.405016 0.939643
vt 0.389423 0.938947
vt 0.425910 0.942460
vt 0.404996 0.942435
vt 0.425910 0.941282
vt 0.393751 0.942254
vt 0.388888 0.941742
vt 0.387768 0.939189
vt 0.388138 0.938529
vt 0.388369 0.937981
vt 0.388532 0.937500
vt 0.389475 0.937955
vt 0.393922 0.938322
vt 0.405018 0.938471
vt 0.425910 0.939670
vt 0.425910 0.938492
vt 0.425910 0.940476
vt 0.607158 0.955799
vt 0.607349 0.958334
vt 0.606595 0.958333
vt 0.606447 0.956138
vt 0.607158 0.960869
vt 0.606447 0.960529
vt 0.606154 0.958333
vt 0.606038 0.956425
vt 0.606038 0.960242
vt 0.608570 0.955474
vt 0.606561 0.953668
vt 0.608771 0.958333
vt 0.608570 0.961194
vt 0.606561 0.962999
vt 0.606004 0.962339
vt 0.605694 0.961791
vt 0.605694 0.954876
vt 0.606004 0.954329
vt 0.603362 0.785714
vt 0.604434 0.785714
vt 0.604434 0.785714
vt 0.603362 0.785714
vt 0.605505 0.785714
vt 0.605505 0.785714
vt 0.604434 0.785714
vt 0.603362 0.785714
vt 0.605505 0.785714
vt 0.602291 0.785714
vt 0.606576 0.785714
vt 0.606576 0.785714
vt 0.606576 0.785714
vt 0.602291 0.785714
vt 0.602291 0.785714
vt 0.387296 0.889440
vt 0.387148 0.886905
vt 0.387635 0.886905
vt 0.387760 0.889100
vt 0.387296 0.884370
vt 0.387760 0.884710
vt 0.387962 0.886905
vt 0.388065 0.888813
vt 0.388065 0.884996
vt 0.387768 0.882240
vt 0.388138 0.882900
vt 0.388369 0.883447
vt 0.388532 0.883929
vt 0.388392 0.885139
vt 0.388322 0.886905
vt 0.388392 0.888671
vt 0.607104 0.788674
vt 0.607329 0.791539
vt 0.606658 0.791428
vt 0.606668 0.788661
vt 0.607156 0.794186
vt 0.606455 0.793832
vt 0.606270 0.791332
vt 0.606425 0.788649
vt 0.606052 0.793533
vt 0.608274 0.788685
vt 0.608693 0.791625
vt 0.608560 0.794521
vt 0.606561 0.796332
vt 0.606004 0.795672
vt 0.605694 0.795124
vt 0.603175 0.951981
vt 0.604369 0.951931
vt 0.604371 0.952620
vt 0.603355 0.952411
vt 0.605557 0.952422
vt 0.605284 0.953192
vt 0.604226 0.953290
vt 0.603157 0.952838
vt 0.605103 0.953896
vt 0.602291 0.952381
vt 0.602291 0.952381
vt 0.602291 0.952381
vt 0.405003 0.798395
vt 0.393807 0.798183
vt 0.393867 0.797380
vt 0.405011 0.797589
vt 0.389105 0.797592
vt 0.389296 0.796808
vt 0.393907 0.796597
vt 0.405016 0.796786
vt 0.389423 0.796090
vt 0.425910 0.799603
vt 0.404996 0.799578
vt 0.425910 0.798425
vt 0.393751 0.799397
vt 0.388888 0.798885
vt 0.389475 0.795098
vt 0.393922 0.795465
vt 0.405018 0.795614
vt 0.425910 0.796813
vt 0.425910 0.795635
vt 0.425910 0.797619
vt 0.405003 0.965062
vt 0.393807 0.964850
vt 0.393867 0.964047
vt 0.405011 0.964256
vt 0.389105 0.964259
vt 0.389296 0.963475
vt 0.393907 0.963263
vt 0.405016 0.963453
vt 0.389423 0.962757
vt 0.425910 0.966270
vt 0.404996 0.966244
vt 0.425910 0.965092
vt 0.393751 0.966063
vt 0.388888 0.965552
vt 0.389475 0.961765
vt 0.393922 0.962132
vt 0.405018 0.962280
vt 0.425910 0.963480
vt 0.425910 0.962302
vt 0.425910 0.964286
vt 0.607158 0.931989
vt 0.607349 0.934524
vt 0.606595 0.934524
vt 0.606447 0.932329
vt 0.607158 0.937059
vt 0.606447 0.936719
vt 0.606154 0.934524
vt 0.606038 0.932616
vt 0.606038 0.936432
vt 0.608570 0.931664
vt 0.608771 0.934524
vt 0.608570 0.937384
vt 0.606561 0.939189
vt 0.606004 0.938529
vt 0.605694 0.937981
vt 0.588838 0.808748
vt 0.600154 0.808960
vt 0.600066 0.809763
vt 0.588827 0.809554
vt 0.605031 0.809551
vt 0.604746 0.810335
vt 0.600012 0.810546
vt 0.588821 0.810357
vt 0.604576 0.811053
vt 0.567856 0.808718
vt 0.567856 0.810330
vt 0.567856 0.809524
vt 0.387258 0.913707
vt 0.387139 0.910842
vt 0.387570 0.910953
vt 0.387535 0.913720
vt 0.387295 0.908195
vt 0.387752 0.908549
vt 0.387858 0.911050
vt 0.387717 0.913733
vt 0.388052 0.908848
vt 0.387768 0.906049
vt 0.388138 0.906709
vt 0.388369 0.907257
vt 0.388532 0.907738
vt 0.388379 0.908996
vt 0.388215 0.911091
vt 0.388028 0.913738
vt 0.607158 0.765377
vt 0.607349 0.767874
vt 0.606595 0.767863
vt 0.606447 0.765679
vt 0.607158 0.770394
vt 0.606447 0.770053
vt 0.606154 0.767858
vt 0.606038 0.765951
vt 0.606038 0.769766
vt 0.608570 0.765105
vt 0.608771 0.767888
vt 0.608570 0.770721
vt 0.606561 0.772522
vt 0.606004 0.771862
vt 0.605694 0.771315
vt 0.588838 0.975415
vt 0.600154 0.975626
vt 0.600066 0.976430
vt 0.588827 0.976220
vt 0.605031 0.976218
vt 0.604746 0.977001
vt 0.600012 0.977213
vt 0.588821 0.977024
vt 0.604576 0.977719
vt 0.567856 0.975384
vt 0.567856 0.976997
vt 0.567856 0.976191
vt 0.390635 0.821829
vt 0.389583 0.821879
vt 0.389553 0.821190
vt 0.390451 0.821399
vt 0.388577 0.821387
vt 0.388757 0.820618
vt 0.389683 0.820520
vt 0.390647 0.820972
vt 0.388895 0.819914
vt 0.391398 0.821429
vt 0.392593 0.822790
vt 0.391398 0.821429
vt 0.390156 0.823041
vt 0.388439 0.822674
vt 0.389025 0.818929
vt 0.390327 0.819440
vt 0.392615 0.820020
vt 0.391398 0.821429
vt 0.391398 0.821429
vt 0.391398 0.821429
vt 0.405003 0.988750
vt 0.393807 0.988544
vt 0.393867 0.987822
vt 0.405011 0.988030
vt 0.389105 0.987967
vt 0.389296 0.987255
vt 0.393907 0.987069
vt 0.405016 0.987258
vt 0.389423 0.986563
vt 0.425910 0.989790
vt 0.404996 0.989765
vt 0.425910 0.988779
vt 0.393751 0.989592
vt 0.388888 0.989101
vt 0.389475 0.985574
vt 0.393922 0.985941
vt 0.405018 0.986090
vt 0.425910 0.987285
vt 0.425910 0.986111
vt 0.425910 0.988059
vt 0.387296 0.770394
vt 0.387148 0.767874
vt 0.387635 0.767863
vt 0.387760 0.770053
vt 0.387296 0.765377
vt 0.387760 0.765679
vt 0.387962 0.767858
vt 0.388065 0.769766
vt 0.388065 0.765951
vt 0.387768 0.763300
vt 0.388138 0.763883
vt 0.388369 0.764404
vt 0.388532 0.764881
vt 0.388392 0.766091
vt 0.388322 0.767857
vt 0.388392 0.769623
vt 0.607158 0.908180
vt 0.607349 0.910715
vt 0.606595 0.910715
vt 0.606447 0.908519
vt 0.607158 0.913249
vt 0.606447 0.912910
vt 0.606154 0.910715
vt 0.606038 0.908806
vt 0.606038 0.912623
vt 0.608570 0.907855
vt 0.608771 0.910715
vt 0.608570 0.913575
vt 0.606561 0.915380
vt 0.606004 0.914720
vt 0.605694 0.914172
vt 0.588838 0.832558
vt 0.600154 0.832769
vt 0.600066 0.833572
vt 0.588827 0.833363
vt 0.605031 0.833361
vt 0.604746 0.834144
vt 0.600012 0.834356
vt 0.588821 0.834167
vt 0.604576 0.834862
vt 0.567856 0.832528
vt 0.567856 0.834140
vt 0.567856 0.833333
vt 0.387296 0.937059
vt 0.387148 0.934524
vt 0.387635 0.934524
vt 0.387760 0.936719
vt 0.387296 0.931989
vt 0.387760 0.932328
vt 0.387962 0.934524
vt 0.388065 0.936432
vt 0.388065 0.932615
vt 0.387768 0.929859
vt 0.388138 0.930519
vt 0.388369 0.931067
vt 0.388532 0.931548
vt 0.388392 0.932758
vt 0.388322 0.934524
vt 0.388392 0.936290
vt 0.458143 0.832527
vt 0.496854 0.832527
vt 0.496854 0.833333
vt 0.458143 0.833333
vt 0.535580 0.832528
vt 0.535580 0.833333
vt 0.496854 0.834140
vt 0.458143 0.834139
vt 0.535580 0.834140
vt 0.425910 0.831349
vt 0.458143 0.831349
vt 0.425910 0.832527
vt 0.496854 0.831349
vt 0.535580 0.831349
vt 0.535580 0.835318
vt 0.496854 0.835318
vt 0.458143 0.835318
vt 0.425910 0.834140
vt 0.425910 0.835318
vt 0.425910 0.833334
vt 0.605031 0.987967
vt 0.600154 0.988544
vt 0.600066 0.987822
vt 0.604746 0.987255
vt 0.588838 0.988750
vt 0.588827 0.988030
vt 0.600012 0.987069
vt 0.604576 0.986563
vt 0.588821 0.987258
vt 0.605371 0.989101
vt 0.600243 0.989592
vt 0.588849 0.989765
vt 0.567856 0.989790
vt 0.567857 0.988779
vt 0.567856 0.988059
vt 0.567856 0.987285
vt 0.605258 0.821429
vt 0.602461 0.821429
vt 0.601564 0.821429
vt 0.605146 0.821429
vt 0.595897 0.821429
vt 0.592960 0.821429
vt 0.602461 0.821429
vt 0.605258 0.821429
vt 0.595897 0.821429
vt 0.578617 0.821429
vt 0.573596 0.821429
vt 0.578617 0.821429
vt 0.458143 0.975384
vt 0.496854 0.975385
vt 0.496854 0.976191
vt 0.458143 0.976191
vt 0.535580 0.975384
vt 0.535580 0.976191
vt 0.496854 0.976997
vt 0.458143 0.976997
vt 0.535580 0.976997
vt 0.425910 0.974206
vt 0.458143 0.974206
vt 0.425910 0.975384
vt 0.496854 0.974206
vt 0.535580 0.974206
vt 0.535580 0.978175
vt 0.496854 0.978175
vt 0.458143 0.978175
vt 0.425910 0.976997
vt 0.425910 0.978175
vt 0.425910 0.976191
vt 0.458143 0.808718
vt 0.496854 0.808718
vt 0.496854 0.809524
vt 0.458143 0.809524
vt 0.535580 0.808718
vt 0.535580 0.809524
vt 0.496854 0.810330
vt 0.458143 0.810330
vt 0.535580 0.810330
vt 0.425910 0.807540
vt 0.458143 0.807540
vt 0.425910 0.808718
vt 0.496854 0.807540
vt 0.535580 0.807540
vt 0.535580 0.811508
vt 0.496854 0.811508
vt 0.458143 0.811508
vt 0.425910 0.810330
vt 0.425910 0.811508
vt 0.425910 0.809524
vt 0.605031 0.964259
vt 0.600154 0.964850
vt 0.600066 0.964047
vt 0.604746 0.963475
vt 0.588838 0.965062
vt 0.588827 0.964256
vt 0.600012 0.963263
vt 0.604576 0.962757
vt 0.588821 0.963453
vt 0.567857 0.965092
vt 0.567856 0.964286
vt 0.567856 0.963480
vt 0.605031 0.797592
vt 0.600154 0.798184
vt 0.600066 0.797380
vt 0.604746 0.796809
vt 0.588838 0.798395
vt 0.588827 0.797589
vt 0.600012 0.796597
vt 0.604576 0.796090
vt 0.588821 0.796786
vt 0.567857 0.798425
vt 0.567856 0.797619
vt 0.567856 0.796813
vt 0.451604 0.952381
vt 0.498822 0.952381
vt 0.499721 0.952381
vt 0.454547 0.952381
vt 0.549815 0.952381
vt 0.549927 0.952381
vt 0.498822 0.952381
vt 0.451604 0.952381
vt 0.549815 0.952381
vt 0.391398 0.952381
vt 0.444122 0.952381
vt 0.415125 0.952381
vt 0.496845 0.952381
vt 0.549568 0.952381
vt 0.549568 0.952381
vt 0.496845 0.952381
vt 0.444122 0.952381
vt 0.415125 0.952381
vt 0.391398 0.952381
vt 0.420158 0.952381
vt 0.458670 0.784922
vt 0.501069 0.785022
vt 0.501159 0.785714
vt 0.458681 0.785714
vt 0.549917 0.785284
vt 0.550107 0.785714
vt 0.501069 0.786407
vt 0.458670 0.786506
vt 0.549917 0.786145
vt 0.425910 0.783730
vt 0.458592 0.783751
vt 0.425910 0.784908
vt 0.500441 0.783896
vt 0.547955 0.784327
vt 0.547955 0.787102
vt 0.500441 0.787533
vt 0.458592 0.787678
vt 0.425910 0.786521
vt 0.425910 0.787699
vt 0.425910 0.785714
vt 0.605031 0.940449
vt 0.600154 0.941041
vt 0.600066 0.940238
vt 0.604746 0.939666
vt 0.588838 0.941252
vt 0.588827 0.940447
vt 0.600012 0.939454
vt 0.604576 0.938948
vt 0.588821 0.939643
vt 0.567857 0.941282
vt 0.567856 0.940476
vt 0.567856 0.939670
vt 0.605557 0.773768
vt 0.604369 0.774260
vt 0.604371 0.773571
vt 0.605284 0.772999
vt 0.603175 0.774210
vt 0.603355 0.773780
vt 0.604226 0.772901
vt 0.605103 0.772295
vt 0.603157 0.773352
vt 0.602291 0.773810
vt 0.602291 0.773810
vt 0.602291 0.773810
vt 0.458143 0.927765
vt 0.496854 0.927766
vt 0.496854 0.928572
vt 0.458143 0.928572
vt 0.535580 0.927765
vt 0.535580 0.928572
vt 0.496854 0.929378
vt 0.458143 0.929378
vt 0.535580 0.929378
vt 0.425910 0.926587
vt 0.458143 0.926587
vt 0.425910 0.927765
vt 0.496854 0.926587
vt 0.535580 0.926587
vt 0.535580 0.930556
vt 0.496854 0.930556
vt 0.458143 0.930556
vt 0.425910 0.929378
vt 0.425910 0.930556
vt 0.425910 0.928572
vt 0.458143 0.761275
vt 0.496854 0.761275
vt 0.496854 0.761957
vt 0.458143 0.761957
vt 0.535580 0.761275
vt 0.535580 0.761957
vt 0.496854 0.762717
vt 0.458143 0.762717
vt 0.535580 0.762717
vt 0.425910 0.760339
vt 0.458143 0.760339
vt 0.425910 0.761275
vt 0.496854 0.760339
vt 0.535580 0.760339
vt 0.535580 0.763889
vt 0.496854 0.763889
vt 0.458143 0.763889
vt 0.425910 0.762717
vt 0.425910 0.763889
vt 0.425910 0.761957
vt 0.605031 0.916640
vt 0.600154 0.917231
vt 0.600066 0.916428
vt 0.604746 0.915856
vt 0.588838 0.917443
vt 0.588827 0.916637
vt 0.600012 0.915644
vt 0.604576 0.915138
vt 0.588821 0.915834
vt 0.567857 0.917473
vt 0.567856 0.916667
vt 0.567856 0.915861
vt 0.458143 0.903956
vt 0.496854 0.903956
vt 0.496854 0.904762
vt 0.458143 0.904762
vt 0.535580 0.903956
vt 0.535580 0.904762
vt 0.496854 0.905568
vt 0.458143 0.905568
vt 0.535580 0.905568
vt 0.425910 0.902778
vt 0.458143 0.902778
vt 0.425910 0.903956
vt 0.496854 0.902778
vt 0.535580 0.902778
vt 0.535580 0.906746
vt 0.496854 0.906746
vt 0.458143 0.906746
vt 0.425910 0.905568
vt 0.425910 0.906746
vt 0.425910 0.904762
vt 0.605557 0.892816
vt 0.604369 0.893308
vt 0.604371 0.892619
vt 0.605284 0.892047
vt 0.603175 0.893257
vt 0.603355 0.892827
vt 0.604226 0.891949
vt 0.605103 0.891343
vt 0.603157 0.892400
vt 0.602291 0.892857
vt 0.602291 0.892857
vt 0.602291 0.892857
vt 0.457896 0.765717
vt 0.496854 0.765718
vt 0.496853 0.768105
vt 0.456166 0.768100
vt 0.535827 0.765717
vt 0.537553 0.768100
vt 0.496849 0.770864
vt 0.451604 0.770853
vt 0.542103 0.770854
vt 0.425551 0.765713
vt 0.549568 0.773810
vt 0.496845 0.773810
vt 0.444122 0.773810
vt 0.415530 0.770740
vt 0.423034 0.768064
vt 0.458412 0.789482
vt 0.499007 0.789378
vt 0.497572 0.791625
vt 0.458233 0.791662
vt 0.542193 0.789116
vt 0.537643 0.791543
vt 0.496944 0.793832
vt 0.458154 0.793836
vt 0.535838 0.793821
vt 0.425910 0.789497
vt 0.535580 0.795635
vt 0.496854 0.795635
vt 0.458143 0.795635
vt 0.425910 0.793837
vt 0.425910 0.791667
vt 0.457896 0.813337
vt 0.496854 0.813337
vt 0.496853 0.815724
vt 0.456166 0.815719
vt 0.535827 0.813337
vt 0.537553 0.815724
vt 0.496849 0.818484
vt 0.451604 0.818473
vt 0.542103 0.818484
vt 0.425551 0.813332
vt 0.549568 0.821429
vt 0.496845 0.821429
vt 0.444122 0.821429
vt 0.415530 0.818360
vt 0.423034 0.815683
vt 0.457896 0.837146
vt 0.496854 0.837147
vt 0.496853 0.839534
vt 0.456166 0.839529
vt 0.535827 0.837146
vt 0.537553 0.839529
vt 0.496849 0.842293
vt 0.451604 0.842282
vt 0.542103 0.842282
vt 0.425551 0.837142
vt 0.549568 0.845238
vt 0.496845 0.845238
vt 0.444122 0.845238
vt 0.415530 0.842169
vt 0.423034 0.839493
vt 0.457896 0.860956
vt 0.496854 0.860956
vt 0.496853 0.863344
vt 0.456166 0.863338
vt 0.535827 0.860956
vt 0.537553 0.863344
vt 0.496849 0.866103
vt 0.451604 0.866092
vt 0.542103 0.866103
vt 0.425910 0.859127
vt 0.458143 0.859127
vt 0.425551 0.860951
vt 0.496854 0.859127
vt 0.535580 0.859127
vt 0.549568 0.869048
vt 0.496845 0.869048
vt 0.444122 0.869048
vt 0.415530 0.865978
vt 0.423034 0.863302
vt 0.457896 0.884765
vt 0.496854 0.884766
vt 0.496853 0.887153
vt 0.456166 0.887148
vt 0.535827 0.884765
vt 0.537553 0.887148
vt 0.496849 0.889912
vt 0.451604 0.889901
vt 0.542103 0.889901
vt 0.425910 0.882937
vt 0.458143 0.882937
vt 0.425551 0.884761
vt 0.496854 0.882937
vt 0.535580 0.882937
vt 0.549568 0.892857
vt 0.496845 0.892857
vt 0.444122 0.892857
vt 0.415530 0.889788
vt 0.423034 0.887112
vt 0.457885 0.908560
vt 0.496764 0.908549
vt 0.496135 0.910756
vt 0.456076 0.910838
vt 0.535569 0.908545
vt 0.535490 0.910720
vt 0.494697 0.913004
vt 0.451515 0.913266
vt 0.535310 0.912899
vt 0.425551 0.908570
vt 0.535131 0.914703
vt 0.493259 0.914848
vt 0.445740 0.915280
vt 0.415530 0.913598
vt 0.423034 0.910921
vt 0.458143 0.932354
vt 0.496854 0.932354
vt 0.496854 0.934524
vt 0.458143 0.934524
vt 0.535580 0.932354
vt 0.535580 0.934524
vt 0.496854 0.936694
vt 0.458143 0.936694
vt 0.535580 0.936694
vt 0.425910 0.932354
vt 0.535580 0.938492
vt 0.496854 0.938492
vt 0.458143 0.938492
vt 0.425910 0.936694
vt 0.425910 0.934524
vt 0.451604 0.955326
vt 0.496849 0.955326
vt 0.496853 0.958085
vt 0.456166 0.958086
vt 0.542103 0.955337
vt 0.537553 0.958091
vt 0.496854 0.960473
vt 0.457896 0.960473
vt 0.535827 0.960473
vt 0.415485 0.955326
vt 0.535580 0.962302
vt 0.496854 0.962302
vt 0.458143 0.962302
vt 0.425551 0.960473
vt 0.423034 0.958085
vt 0.458143 0.979973
vt 0.496854 0.979973
vt 0.496854 0.982143
vt 0.458143 0.982143
vt 0.535580 0.979973
vt 0.535580 0.982143
vt 0.496854 0.984313
vt 0.458143 0.984313
vt 0.535580 0.984313
vt 0.425910 0.979973
vt 0.535580 0.986111
vt 0.496854 0.986111
vt 0.458143 0.986111
vt 0.425910 0.984313
vt 0.425910 0.982143
vt 0.451604 0.061853
vt 0.496849 0.061853
vt 0.496853 0.119828
vt 0.456166 0.119828
vt 0.542103 0.061853
vt 0.537553 0.119828
vt 0.496854 0.170044
vt 0.457896 0.170044
vt 0.535827 0.170044
vt 0.391398 0.000000
vt 0.444122 0.000000
vt 0.415485 0.061853
vt 0.496845 0.000000
vt 0.549568 0.000000
vt 0.535580 0.208623
vt 0.496854 0.208623
vt 0.458143 0.208623
vt 0.425551 0.170044
vt 0.425910 0.208623
vt 0.423034 0.119828
vt 0.458143 0.498277
vt 0.496854 0.498277
vt 0.496854 0.503757
vt 0.458143 0.503757
vt 0.535580 0.498277
vt 0.535580 0.503757
vt 0.496854 0.516756
vt 0.458143 0.516756
vt 0.535580 0.516756
vt 0.425910 0.496342
vt 0.458143 0.496342
vt 0.425910 0.498278
vt 0.496854 0.496342
vt 0.535580 0.496342
vt 0.535580 0.541248
vt 0.496854 0.541248
vt 0.458143 0.541248
vt 0.425910 0.516756
vt 0.425910 0.541248
vt 0.425910 0.503757
vt 0.458143 0.579257
vt 0.496854 0.579257
vt 0.496854 0.625000
vt 0.458143 0.625000
vt 0.535580 0.579257
vt 0.535580 0.625000
vt 0.496854 0.670743
vt 0.458143 0.670743
vt 0.535580 0.670743
vt 0.425910 0.579257
vt 0.535580 0.708752
vt 0.496854 0.708752
vt 0.458143 0.708752
vt 0.425910 0.670743
vt 0.425910 0.708752
vt 0.425910 0.625000
vt 0.457896 0.998103
vt 0.496854 0.998103
vt 0.496853 0.998955
vt 0.456166 0.998955
vt 0.535827 0.998103
vt 0.537553 0.998955
vt 0.496849 0.999543
vt 0.451604 0.999543
vt 0.542103 0.999543
vt 0.425910 0.996857
vt 0.458143 0.996857
vt 0.425551 0.998103
vt 0.496854 0.996857
vt 0.535580 0.996857
vt 0.549568 1.000000
vt 0.496845 1.000000
vt 0.444121 1.000000
vt 0.415485 0.999543
vt 0.391398 1.000000
vt 0.423034 0.998955
vt 0.458143 0.755319
vt 0.496854 0.755319
vt 0.496854 0.757155
vt 0.458143 0.757156
vt 0.535580 0.755319
vt 0.535580 0.757156
vt 0.496854 0.758914
vt 0.458143 0.758914
vt 0.535580 0.758914
vt 0.425910 0.753658
vt 0.458143 0.753658
vt 0.425910 0.755319
vt 0.496854 0.753658
vt 0.535580 0.753658
vt 0.425910 0.758914
vt 0.425910 0.757156
vt 0.605557 0.845197
vt 0.604369 0.845689
vt 0.604371 0.844999
vt 0.605284 0.844428
vt 0.603175 0.845638
vt 0.603355 0.845208
vt 0.604226 0.844329
vt 0.605103 0.843724
vt 0.603157 0.844781
vt 0.602291 0.845238
vt 0.602291 0.845238
vt 0.602291 0.845238
vt 0.451615 0.776766
vt 0.496939 0.776760
vt 0.497570 0.779555
vt 0.456255 0.779524
vt 0.542361 0.776781
vt 0.539615 0.779643
vt 0.499006 0.782020
vt 0.458165 0.781917
vt 0.542440 0.782283
vt 0.444122 0.773810
vt 0.415530 0.776879
vt 0.496845 0.773810
vt 0.549568 0.773810
vt 0.425551 0.781906
vt 0.423034 0.779555
vt 0.458143 0.801401
vt 0.496854 0.801401
vt 0.496854 0.803572
vt 0.458143 0.803571
vt 0.535580 0.801401
vt 0.535580 0.803572
vt 0.496854 0.805742
vt 0.458143 0.805742
vt 0.535580 0.805742
vt 0.458143 0.799603
vt 0.425910 0.801401
vt 0.496854 0.799603
vt 0.535580 0.799603
vt 0.425910 0.805742
vt 0.425910 0.803572
vt 0.451604 0.824385
vt 0.496849 0.824374
vt 0.496853 0.827133
vt 0.456166 0.827138
vt 0.542103 0.824374
vt 0.537553 0.827133
vt 0.496854 0.829520
vt 0.457896 0.829521
vt 0.535827 0.829520
vt 0.444122 0.821429
vt 0.415530 0.824498
vt 0.496845 0.821429
vt 0.549568 0.821429
vt 0.425551 0.829525
vt 0.423034 0.827174
vt 0.458143 0.856337
vt 0.496854 0.856337
vt 0.496854 0.857143
vt 0.458143 0.857143
vt 0.535580 0.856337
vt 0.535580 0.857143
vt 0.496854 0.857949
vt 0.458143 0.857949
vt 0.535580 0.857949
vt 0.425910 0.855159
vt 0.458143 0.855159
vt 0.425910 0.856337
vt 0.496854 0.855159
vt 0.535580 0.855159
vt 0.425910 0.857949
vt 0.425910 0.857143
vt 0.451604 0.848194
vt 0.496849 0.848183
vt 0.496853 0.850942
vt 0.456166 0.850948
vt 0.542103 0.848194
vt 0.537553 0.850948
vt 0.496854 0.853330
vt 0.457896 0.853330
vt 0.535827 0.853330
vt 0.444122 0.845238
vt 0.415530 0.848307
vt 0.496845 0.845238
vt 0.549568 0.845238
vt 0.425551 0.853335
vt 0.423034 0.850984
vt 0.451604 0.872004
vt 0.496849 0.871993
vt 0.496853 0.874752
vt 0.456166 0.874757
vt 0.542103 0.871993
vt 0.537553 0.874752
vt 0.496854 0.877139
vt 0.457896 0.877140
vt 0.535827 0.877139
vt 0.444122 0.869048
vt 0.415530 0.872117
vt 0.496845 0.869048
vt 0.549568 0.869048
vt 0.535580 0.878968
vt 0.496854 0.878969
vt 0.458143 0.878968
vt 0.425551 0.877145
vt 0.425910 0.878969
vt 0.423034 0.874794
vt 0.605258 0.869048
vt 0.602461 0.869048
vt 0.601564 0.869048
vt 0.605146 0.869048
vt 0.595897 0.869048
vt 0.592960 0.869048
vt 0.602461 0.869048
vt 0.605258 0.869048
vt 0.595897 0.869048
vt 0.578617 0.869048
vt 0.573596 0.869048
vt 0.578617 0.869048
vt 0.451604 0.895813
vt 0.496849 0.895802
vt 0.496853 0.898562
vt 0.456166 0.898567
vt 0.542103 0.895814
vt 0.537553 0.898567
vt 0.496854 0.900949
vt 0.457896 0.900949
vt 0.535827 0.900949
vt 0.444122 0.892857
vt 0.415530 0.895926
vt 0.496845 0.892857
vt 0.549568 0.892857
vt 0.425551 0.900954
vt 0.423034 0.898603
vt 0.451515 0.920068
vt 0.494697 0.920330
vt 0.496135 0.922578
vt 0.456076 0.922495
vt 0.535311 0.920434
vt 0.535490 0.922614
vt 0.496764 0.924784
vt 0.457885 0.924774
vt 0.535569 0.924789
vt 0.445740 0.918054
vt 0.415530 0.919736
vt 0.493259 0.918486
vt 0.535131 0.918630
vt 0.425551 0.924763
vt 0.423034 0.922413
vt 0.457896 0.944290
vt 0.496854 0.944290
vt 0.496853 0.946677
vt 0.456166 0.946677
vt 0.535827 0.944289
vt 0.537553 0.946672
vt 0.496849 0.949436
vt 0.451604 0.949436
vt 0.542103 0.949425
vt 0.458143 0.942460
vt 0.425551 0.944290
vt 0.496854 0.942460
vt 0.535580 0.942461
vt 0.415485 0.949436
vt 0.423034 0.946677
vt 0.458143 0.880147
vt 0.496854 0.880147
vt 0.496854 0.880953
vt 0.458143 0.880953
vt 0.535580 0.880147
vt 0.535580 0.880953
vt 0.496854 0.881759
vt 0.458143 0.881759
vt 0.535580 0.881759
vt 0.425910 0.880147
vt 0.425910 0.881759
vt 0.425910 0.880953
vt 0.458143 0.968068
vt 0.496854 0.968068
vt 0.496854 0.970238
vt 0.458143 0.970238
vt 0.535580 0.968068
vt 0.535580 0.970238
vt 0.496854 0.972408
vt 0.458143 0.972408
vt 0.535580 0.972408
vt 0.458143 0.966270
vt 0.425910 0.968068
vt 0.496854 0.966270
vt 0.535580 0.966270
vt 0.425910 0.972408
vt 0.425910 0.970238
vt 0.458143 0.254877
vt 0.496854 0.254877
vt 0.496854 0.257034
vt 0.458143 0.257034
vt 0.535580 0.254877
vt 0.535580 0.257034
vt 0.496854 0.259508
vt 0.458143 0.259508
vt 0.535580 0.259508
vt 0.425910 0.253143
vt 0.458143 0.253143
vt 0.425910 0.254877
vt 0.496854 0.253143
vt 0.535580 0.253143
vt 0.535580 0.262195
vt 0.496854 0.262195
vt 0.458143 0.262195
vt 0.425910 0.259508
vt 0.425910 0.262195
vt 0.425910 0.257034
vt 0.458143 0.265003
vt 0.496854 0.265003
vt 0.496854 0.267893
vt 0.458143 0.267893
vt 0.535580 0.265003
vt 0.535580 0.267893
vt 0.496854 0.270838
vt 0.458143 0.270838
vt 0.535580 0.270838
vt 0.425910 0.265003
vt 0.535580 0.273810
vt 0.496854 0.273810
vt 0.458143 0.273810
vt 0.425910 0.270838
vt 0.425910 0.273810
vt 0.425910 0.267893
vt 0.458143 0.276786
vt 0.496854 0.276786
vt 0.496854 0.279762
vt 0.458143 0.279762
vt 0.535580 0.276786
vt 0.535580 0.279762
vt 0.496854 0.282738
vt 0.458143 0.282738
vt 0.535580 0.282738
vt 0.425910 0.276786
vt 0.535580 0.285714
vt 0.496854 0.285714
vt 0.458143 0.285714
vt 0.425910 0.282738
vt 0.425910 0.285714
vt 0.425910 0.279762
vt 0.458143 0.288691
vt 0.496854 0.288691
vt 0.496854 0.291667
vt 0.458143 0.291667
vt 0.535580 0.288690
vt 0.535580 0.291667
vt 0.496854 0.294643
vt 0.458143 0.294643
vt 0.535580 0.294643
vt 0.425910 0.288691
vt 0.535580 0.297619
vt 0.496854 0.297619
vt 0.458143 0.297619
vt 0.425910 0.294643
vt 0.425910 0.297619
vt 0.425910 0.291667
vt 0.458143 0.300595
vt 0.496854 0.300595
vt 0.496854 0.303571
vt 0.458143 0.303571
vt 0.535580 0.300595
vt 0.535580 0.303571
vt 0.496854 0.306548
vt 0.458143 0.306548
vt 0.535580 0.306548
vt 0.425910 0.300595
vt 0.535580 0.309524
vt 0.496854 0.309524
vt 0.458143 0.309524
vt 0.425910 0.306548
vt 0.425910 0.309524
vt 0.425910 0.303571
vt 0.458143 0.312500
vt 0.496854 0.312500
vt 0.496854 0.315476
vt 0.458143 0.315476
vt 0.535580 0.312500
vt 0.535580 0.315476
vt 0.496854 0.318452
vt 0.458143 0.318452
vt 0.535580 0.318452
vt 0.425910 0.312500
vt 0.535580 0.321429
vt 0.496854 0.321429
vt 0.458143 0.321429
vt 0.425910 0.318452
vt 0.425910 0.321429
vt 0.425910 0.315476
vt 0.458143 0.324405
vt 0.496854 0.324405
vt 0.496854 0.327381
vt 0.458143 0.327381
vt 0.535580 0.324405
vt 0.535580 0.327381
vt 0.496854 0.330357
vt 0.458143 0.330357
vt 0.535580 0.330357
vt 0.425910 0.324405
vt 0.535580 0.333333
vt 0.496854 0.333333
vt 0.458143 0.333333
vt 0.425910 0.330357
vt 0.425910 0.333333
vt 0.425910 0.327381
vt 0.458143 0.336310
vt 0.496854 0.336310
vt 0.496854 0.339286
vt 0.458143 0.339286
vt 0.535580 0.336310
vt 0.535580 0.339286
vt 0.496854 0.342262
vt 0.458143 0.342262
vt 0.535580 0.342262
vt 0.425910 0.336310
vt 0.535580 0.345238
vt 0.496854 0.345238
vt 0.458143 0.345238
vt 0.425910 0.342262
vt 0.425910 0.345238
vt 0.425910 0.339286
vt 0.458143 0.348214
vt 0.496854 0.348214
vt 0.496854 0.351191
vt 0.458143 0.351191
vt 0.535580 0.348214
vt 0.535580 0.351191
vt 0.496854 0.354167
vt 0.458143 0.354167
vt 0.535580 0.354167
vt 0.425910 0.348214
vt 0.535580 0.357143
vt 0.496854 0.357143
vt 0.458143 0.357143
vt 0.425910 0.354167
vt 0.425910 0.357143
vt 0.425910 0.351191
vt 0.458143 0.360119
vt 0.496854 0.360119
vt 0.496854 0.363095
vt 0.458143 0.363095
vt 0.535580 0.360119
vt 0.535580 0.363095
vt 0.496854 0.366071
vt 0.458143 0.366071
vt 0.535580 0.366071
vt 0.425910 0.360119
vt 0.535580 0.369048
vt 0.496854 0.369048
vt 0.458143 0.369048
vt 0.425910 0.366071
vt 0.425910 0.369048
vt 0.425910 0.363095
vt 0.458143 0.372024
vt 0.496854 0.372024
vt 0.496854 0.375000
vt 0.458143 0.375000
vt 0.535580 0.372024
vt 0.535580 0.375000
vt 0.496854 0.377976
vt 0.458143 0.377976
vt 0.535580 0.377976
vt 0.425910 0.372024
vt 0.535580 0.380952
vt 0.496854 0.380952
vt 0.458143 0.380952
vt 0.425910 0.377976
vt 0.425910 0.380952
vt 0.425910 0.375000
vt 0.458143 0.383929
vt 0.496854 0.383929
vt 0.496854 0.386905
vt 0.458143 0.386905
vt 0.535580 0.383929
vt 0.535580 0.386905
vt 0.496854 0.389881
vt 0.458143 0.389881
vt 0.535580 0.389881
vt 0.425910 0.383929
vt 0.535580 0.392857
vt 0.496854 0.392857
vt 0.458143 0.392857
vt 0.425910 0.389881
vt 0.425910 0.392857
vt 0.425910 0.386905
vt 0.458143 0.395833
vt 0.496854 0.395833
vt 0.496854 0.398810
vt 0.458143 0.398810
vt 0.535580 0.395833
vt 0.535580 0.398810
vt 0.496854 0.401786
vt 0.458143 0.401786
vt 0.535580 0.401786
vt 0.425910 0.395833
vt 0.535580 0.404762
vt 0.496854 0.404762
vt 0.458143 0.404762
vt 0.425910 0.401786
vt 0.425910 0.404762
vt 0.425910 0.398810
vt 0.458143 0.407738
vt 0.496854 0.407738
vt 0.496854 0.410714
vt 0.458143 0.410714
vt 0.535580 0.407738
vt 0.535580 0.410714
vt 0.496854 0.413691
vt 0.458143 0.413691
vt 0.535580 0.413691
vt 0.425910 0.407738
vt 0.535580 0.416667
vt 0.496854 0.416667
vt 0.458143 0.416667
vt 0.425910 0.413691
vt 0.425910 0.416667
vt 0.425910 0.410714
vt 0.458143 0.419643
vt 0.496854 0.419643
vt 0.496854 0.422619
vt 0.458143 0.422619
vt 0.535580 0.419643
vt 0.535580 0.422619
vt 0.496854 0.425595
vt 0.458143 0.425595
vt 0.535580 0.425595
vt 0.425910 0.419643
vt 0.535580 0.428572
vt 0.496854 0.428572
vt 0.458143 0.428572
vt 0.425910 0.425595
vt 0.425910 0.428572
vt 0.425910 0.422619
vt 0.458143 0.431548
vt 0.496854 0.431548
vt 0.496854 0.434524
vt 0.458143 0.434524
vt 0.535580 0.431548
vt 0.535580 0.434524
vt 0.496854 0.437500
vt 0.458143 0.437500
vt 0.535580 0.437500
vt 0.425910 0.431548
vt 0.535580 0.440476
vt 0.496854 0.440476
vt 0.458143 0.440476
vt 0.425910 0.437500
vt 0.425910 0.440476
vt 0.425910 0.434524
vt 0.458143 0.443453
vt 0.496854 0.443453
vt 0.496854 0.446429
vt 0.458143 0.446429
vt 0.535580 0.443453
vt 0.535580 0.446429
vt 0.496854 0.449405
vt 0.458143 0.449405
vt 0.535580 0.449405
vt 0.425910 0.443453
vt 0.535580 0.452381
vt 0.496854 0.452381
vt 0.458143 0.452381
vt 0.425910 0.449405
vt 0.425910 0.452381
vt 0.425910 0.446429
vt 0.458143 0.455357
vt 0.496854 0.455357
vt 0.496854 0.458333
vt 0.458143 0.458333
vt 0.535580 0.455357
vt 0.535580 0.458333
vt 0.496854 0.461310
vt 0.458143 0.461310
vt 0.535580 0.461310
vt 0.425910 0.455357
vt 0.535580 0.464286
vt 0.496854 0.464286
vt 0.458143 0.464286
vt 0.425910 0.461310
vt 0.425910 0.464286
vt 0.425910 0.458333
vt 0.458143 0.467262
vt 0.496854 0.467262
vt 0.496854 0.470238
vt 0.458143 0.470238
vt 0.535580 0.467262
vt 0.535580 0.470238
vt 0.496854 0.473214
vt 0.458143 0.473214
vt 0.535580 0.473214
vt 0.425910 0.467262
vt 0.535580 0.476190
vt 0.496854 0.476191
vt 0.458143 0.476191
vt 0.425910 0.473214
vt 0.425910 0.476191
vt 0.425910 0.470238
vt 0.458143 0.479160
vt 0.496854 0.479160
vt 0.496854 0.482091
vt 0.458143 0.482091
vt 0.535580 0.479160
vt 0.535580 0.482091
vt 0.496854 0.484943
vt 0.458143 0.484943
vt 0.535580 0.484943
vt 0.425910 0.479160
vt 0.535580 0.487677
vt 0.496854 0.487677
vt 0.458143 0.487677
vt 0.425910 0.484943
vt 0.425910 0.487677
vt 0.425910 0.482091
vt 0.388709 0.479160
vt 0.393694 0.479160
vt 0.393694 0.482091
vt 0.388709 0.482091
vt 0.404989 0.479160
vt 0.404989 0.482091
vt 0.393694 0.484943
vt 0.388709 0.484943
vt 0.404989 0.484943
vt 0.388709 0.476191
vt 0.393694 0.476190
vt 0.404989 0.476191
vt 0.404989 0.487677
vt 0.393694 0.487677
vt 0.388709 0.487677
vt 0.388709 0.467262
vt 0.393694 0.467262
vt 0.393694 0.470238
vt 0.388709 0.470238
vt 0.404989 0.467262
vt 0.404989 0.470238
vt 0.393694 0.473214
vt 0.388709 0.473214
vt 0.404989 0.473214
vt 0.388709 0.464286
vt 0.393694 0.464286
vt 0.404989 0.464286
vt 0.388709 0.455357
vt 0.393694 0.455357
vt 0.393694 0.458333
vt 0.388709 0.458333
vt 0.404989 0.455357
vt 0.404989 0.458333
vt 0.393694 0.461310
vt 0.388709 0.461310
vt 0.404989 0.461310
vt 0.388709 0.452381
vt 0.393694 0.452381
vt 0.404989 0.452381
vt 0.388709 0.443452
vt 0.393694 0.443452
vt 0.393694 0.446429
vt 0.388709 0.446429
vt 0.404989 0.443452
vt 0.404989 0.446429
vt 0.393694 0.449405
vt 0.388709 0.449405
vt 0.404989 0.449405
vt 0.388709 0.440476
vt 0.393694 0.440476
vt 0.404989 0.440476
vt 0.388709 0.431548
vt 0.393694 0.431548
vt 0.393694 0.434524
vt 0.388709 0.434524
vt 0.404989 0.431548
vt 0.404989 0.434524
vt 0.393694 0.437500
vt 0.388709 0.437500
vt 0.404989 0.437500
vt 0.388709 0.428572
vt 0.393694 0.428572
vt 0.404989 0.428572
vt 0.388709 0.419643
vt 0.393694 0.419643
vt 0.393694 0.422619
vt 0.388709 0.422619
vt 0.404989 0.419643
vt 0.404989 0.422619
vt 0.393694 0.425595
vt 0.388709 0.425595
vt 0.404989 0.425595
vt 0.388709 0.416667
vt 0.393694 0.416667
vt 0.404989 0.416667
vt 0.388709 0.407738
vt 0.393694 0.407738
vt 0.393694 0.410714
vt 0.388709 0.410714
vt 0.404989 0.407738
vt 0.404989 0.410714
vt 0.393694 0.413691
vt 0.388709 0.413691
vt 0.404989 0.413691
vt 0.388709 0.404762
vt 0.393694 0.404762
vt 0.404989 0.404762
vt 0.388709 0.395833
vt 0.393694 0.395833
vt 0.393694 0.398810
vt 0.388709 0.398810
vt 0.404989 0.395833
vt 0.404989 0.398810
vt 0.393694 0.401786
vt 0.388709 0.401786
vt 0.404989 0.401786
vt 0.388709 0.392857
vt 0.393694 0.392857
vt 0.404989 0.392857
vt 0.388709 0.383929
vt 0.393694 0.383929
vt 0.393694 0.386905
vt 0.388709 0.386905
vt 0.404989 0.383929
vt 0.404989 0.386905
vt 0.393694 0.389881
vt 0.388709 0.389881
vt 0.404989 0.389881
vt 0.388709 0.380952
vt 0.393694 0.380952
vt 0.404989 0.380952
vt 0.388709 0.372024
vt 0.393694 0.372024
vt 0.393694 0.375000
vt 0.388709 0.375000
vt 0.404989 0.372024
vt 0.404989 0.375000
vt 0.393694 0.377976
vt 0.388709 0.377976
vt 0.404989 0.377976
vt 0.388709 0.369048
vt 0.393694 0.369048
vt 0.404989 0.369048
vt 0.388709 0.360119
vt 0.393694 0.360119
vt 0.393694 0.363095
vt 0.388709 0.363095
vt 0.404989 0.360119
vt 0.404989 0.363095
vt 0.393694 0.366071
vt 0.388709 0.366071
vt 0.404989 0.366071
vt 0.388709 0.357143
vt 0.393694 0.357143
vt 0.404989 0.357143
vt 0.388709 0.348214
vt 0.393694 0.348214
vt 0.393694 0.351191
vt 0.388709 0.351191
vt 0.404989 0.348214
vt 0.404989 0.351191
vt 0.393694 0.354167
vt 0.388709 0.354167
vt 0.404989 0.354167
vt 0.388709 0.345238
vt 0.393694 0.345238
vt 0.404989 0.345238
vt 0.388709 0.336310
vt 0.393694 0.336310
vt 0.393694 0.339286
vt 0.388709 0.339286
vt 0.404989 0.336310
vt 0.404989 0.339286
vt 0.393694 0.342262
vt 0.388709 0.342262
vt 0.404989 0.342262
vt 0.388709 0.333333
vt 0.393694 0.333333
vt 0.404989 0.333333
vt 0.388709 0.324405
vt 0.393694 0.324405
vt 0.393694 0.327381
vt 0.388709 0.327381
vt 0.404989 0.324405
vt 0.404989 0.327381
vt 0.393694 0.330357
vt 0.388709 0.330357
vt 0.404989 0.330357
vt 0.388709 0.321429
vt 0.393694 0.321429
vt 0.404989 0.321429
vt 0.388709 0.312500
vt 0.393694 0.312500
vt 0.393694 0.315476
vt 0.388709 0.315476
vt 0.404989 0.312500
vt 0.404989 0.315476
vt 0.393694 0.318452
vt 0.388709 0.318452
vt 0.404989 0.318452
vt 0.388709 0.309524
vt 0.393694 0.309524
vt 0.404989 0.309524
vt 0.388709 0.300595
vt 0.393694 0.300595
vt 0.393694 0.303571
vt 0.388709 0.303571
vt 0.404989 0.300595
vt 0.404989 0.303571
vt 0.393694 0.306548
vt 0.388709 0.306548
vt 0.404989 0.306548
vt 0.388709 0.297619
vt 0.393694 0.297619
vt 0.404989 0.297619
vt 0.388709 0.288690
vt 0.393694 0.288691
vt 0.393694 0.291667
vt 0.388709 0.291667
vt 0.404989 0.288690
vt 0.404989 0.291667
vt 0.393694 0.294643
vt 0.388709 0.294643
vt 0.404989 0.294643
vt 0.388709 0.285714
vt 0.393694 0.285714
vt 0.404989 0.285714
vt 0.388709 0.276786
vt 0.393694 0.276786
vt 0.393694 0.279762
vt 0.388709 0.279762
vt 0.404989 0.276786
vt 0.404989 0.279762
vt 0.393694 0.282738
vt 0.388709 0.282738
vt 0.404989 0.282738
vt 0.388709 0.273810
vt 0.393694 0.273810
vt 0.404989 0.273810
vt 0.388709 0.265003
vt 0.393694 0.265003
vt 0.393694 0.267893
vt 0.388709 0.267893
vt 0.404989 0.265003
vt 0.404989 0.267893
vt 0.393694 0.270838
vt 0.388709 0.270838
vt 0.404989 0.270838
vt 0.388709 0.262195
vt 0.393694 0.262195
vt 0.404989 0.262195
vt 0.388709 0.254877
vt 0.393694 0.254877
vt 0.393694 0.257034
vt 0.388709 0.257034
vt 0.404989 0.254877
vt 0.404989 0.257034
vt 0.393694 0.259508
vt 0.388709 0.259508
vt 0.404989 0.259508
vt 0.388709 0.253143
vt 0.393694 0.253143
vt 0.404989 0.253143
vt 0.388776 0.967692
vt 0.393717 0.967949
vt 0.393707 0.970238
vt 0.388746 0.970238
vt 0.404992 0.968053
vt 0.404991 0.970238
vt 0.393717 0.972527
vt 0.388776 0.972785
vt 0.404992 0.972423
vt 0.404996 0.974232
vt 0.393751 0.974413
vt 0.388888 0.974925
vt 0.389105 0.880980
vt 0.393807 0.880388
vt 0.393866 0.881191
vt 0.389296 0.881763
vt 0.405003 0.880177
vt 0.405011 0.880983
vt 0.393908 0.881975
vt 0.389423 0.882481
vt 0.405016 0.881786
vt 0.388888 0.879687
vt 0.393751 0.879175
vt 0.404996 0.878994
vt 0.405018 0.882958
vt 0.393922 0.883107
vt 0.389475 0.883473
vt 0.388769 0.943898
vt 0.393629 0.944166
vt 0.392999 0.946635
vt 0.388689 0.946553
vt 0.404734 0.944274
vt 0.402925 0.946672
vt 0.391504 0.949431
vt 0.388600 0.949420
vt 0.398177 0.949435
vt 0.390443 0.952381
vt 0.389487 0.952381
vt 0.388532 0.952381
vt 0.388600 0.919628
vt 0.391504 0.919617
vt 0.392999 0.922413
vt 0.388689 0.922495
vt 0.398177 0.919624
vt 0.402925 0.922382
vt 0.393629 0.924882
vt 0.388769 0.925150
vt 0.404734 0.924774
vt 0.404996 0.926613
vt 0.393751 0.926794
vt 0.388888 0.927306
vt 0.388507 0.896248
vt 0.391560 0.896402
vt 0.392988 0.898768
vt 0.388656 0.898804
vt 0.398364 0.896244
vt 0.402924 0.898686
vt 0.393627 0.901094
vt 0.388765 0.901356
vt 0.404734 0.900979
vt 0.404996 0.902804
vt 0.393751 0.902985
vt 0.388888 0.903496
vt 0.388507 0.872439
vt 0.391560 0.872592
vt 0.392988 0.874959
vt 0.388656 0.874995
vt 0.398364 0.872434
vt 0.402924 0.874876
vt 0.393627 0.877284
vt 0.388765 0.877546
vt 0.404734 0.877170
vt 0.388507 0.848629
vt 0.391560 0.848783
vt 0.392988 0.851149
vt 0.388656 0.851185
vt 0.398364 0.848625
vt 0.402924 0.851067
vt 0.393627 0.853474
vt 0.388765 0.853737
vt 0.404734 0.853360
vt 0.404996 0.855185
vt 0.393751 0.855366
vt 0.388888 0.855877
vt 0.389105 0.857170
vt 0.393807 0.856579
vt 0.393866 0.857382
vt 0.389296 0.857954
vt 0.405003 0.856367
vt 0.405011 0.857173
vt 0.393907 0.858166
vt 0.389423 0.858672
vt 0.405016 0.857976
vt 0.405018 0.859149
vt 0.393922 0.859297
vt 0.389475 0.859664
vt 0.388507 0.824820
vt 0.391560 0.824973
vt 0.392988 0.827340
vt 0.388656 0.827376
vt 0.398364 0.824815
vt 0.402924 0.827257
vt 0.393627 0.829665
vt 0.388765 0.829927
vt 0.404734 0.829550
vt 0.404996 0.831375
vt 0.393751 0.831556
vt 0.388888 0.832067
vt 0.388776 0.801025
vt 0.393717 0.801283
vt 0.393707 0.803572
vt 0.388746 0.803571
vt 0.404992 0.801387
vt 0.404991 0.803571
vt 0.393717 0.805861
vt 0.388776 0.806118
vt 0.404992 0.805757
vt 0.404996 0.807566
vt 0.393751 0.807746
vt 0.388888 0.808258
vt 0.388507 0.777200
vt 0.391560 0.777354
vt 0.392988 0.779721
vt 0.388656 0.779757
vt 0.398364 0.777196
vt 0.402924 0.779638
vt 0.393627 0.782046
vt 0.388765 0.782308
vt 0.404734 0.781931
vt 0.404996 0.783756
vt 0.393751 0.783937
vt 0.388888 0.784449
vt 0.388711 0.755333
vt 0.393695 0.755324
vt 0.393700 0.757194
vt 0.388727 0.757271
vt 0.404989 0.755319
vt 0.404990 0.757160
vt 0.393716 0.759029
vt 0.388774 0.759278
vt 0.404992 0.758928
vt 0.388709 0.753658
vt 0.393694 0.753658
vt 0.404989 0.753658
vt 0.404996 0.760363
vt 0.393751 0.760533
vt 0.388888 0.761014
vt 0.388704 0.998103
vt 0.393606 0.998103
vt 0.392993 0.998955
vt 0.388670 0.998955
vt 0.404731 0.998103
vt 0.402924 0.998955
vt 0.391503 0.999543
vt 0.388598 0.999543
vt 0.398177 0.999543
vt 0.388709 0.996857
vt 0.393694 0.996857
vt 0.404989 0.996857
vt 0.390443 1.000000
vt 0.389487 1.000000
vt 0.388532 1.000000
vt 0.388709 0.579257
vt 0.393694 0.579257
vt 0.393694 0.625000
vt 0.388709 0.625000
vt 0.404989 0.579257
vt 0.404989 0.625000
vt 0.393694 0.670743
vt 0.388709 0.670743
vt 0.404989 0.670743
vt 0.388709 0.541248
vt 0.393694 0.541248
vt 0.404989 0.541248
vt 0.404989 0.708752
vt 0.393694 0.708752
vt 0.388709 0.708752
vt 0.388709 0.498278
vt 0.393694 0.498277
vt 0.393694 0.503757
vt 0.388709 0.503757
vt 0.404989 0.498278
vt 0.404989 0.503757
vt 0.393694 0.516756
vt 0.388709 0.516756
vt 0.404989 0.516756
vt 0.388709 0.496342
vt 0.393694 0.496342
vt 0.404989 0.496342
vt 0.388598 0.061853
vt 0.391503 0.061853
vt 0.392993 0.119828
vt 0.388670 0.119828
vt 0.398177 0.061853
vt 0.402924 0.119828
vt 0.393606 0.170044
vt 0.388704 0.170044
vt 0.404731 0.170044
vt 0.388532 0.000000
vt 0.389487 0.000000
vt 0.390443 0.000000
vt 0.404989 0.208623
vt 0.393694 0.208623
vt 0.388709 0.208623
vt 0.389436 0.980249
vt 0.393912 0.980066
vt 0.393902 0.982143
vt 0.389402 0.982143
vt 0.405016 0.979984
vt 0.405015 0.982143
vt 0.393912 0.984220
vt 0.389436 0.984036
vt 0.405016 0.984301
vt 0.389475 0.978711
vt 0.393922 0.978345
vt 0.405018 0.978196
vt 0.388937 0.955315
vt 0.391594 0.955322
vt 0.393159 0.958053
vt 0.389243 0.957993
vt 0.398188 0.955326
vt 0.402945 0.958082
vt 0.393819 0.960375
vt 0.389416 0.960184
vt 0.404757 0.960460
vt 0.388532 0.952381
vt 0.389487 0.952381
vt 0.390443 0.952381
vt 0.389436 0.932630
vt 0.393912 0.932447
vt 0.393902 0.934524
vt 0.389402 0.934524
vt 0.405016 0.932366
vt 0.405015 0.934524
vt 0.393912 0.936601
vt 0.389436 0.936417
vt 0.405016 0.936682
vt 0.389475 0.931092
vt 0.393922 0.930726
vt 0.405018 0.930577
vt 0.389416 0.908863
vt 0.393819 0.908673
vt 0.393159 0.910995
vt 0.389243 0.911055
vt 0.404758 0.908587
vt 0.402945 0.910961
vt 0.391594 0.913726
vt 0.388937 0.913733
vt 0.398188 0.913711
vt 0.389475 0.907283
vt 0.393922 0.906916
vt 0.405018 0.906767
vt 0.389425 0.885012
vt 0.393822 0.884834
vt 0.393183 0.886946
vt 0.389313 0.886910
vt 0.404758 0.884762
vt 0.402948 0.887029
vt 0.391755 0.889100
vt 0.389167 0.888813
vt 0.398388 0.889444
vt 0.389425 0.861202
vt 0.393822 0.861024
vt 0.393182 0.863137
vt 0.389313 0.863101
vt 0.404758 0.860953
vt 0.402948 0.863219
vt 0.391755 0.865291
vt 0.389167 0.865004
vt 0.398388 0.865635
vt 0.389425 0.837393
vt 0.393822 0.837214
vt 0.393182 0.839327
vt 0.389313 0.839291
vt 0.404758 0.837143
vt 0.402948 0.839410
vt 0.391755 0.841481
vt 0.389167 0.841194
vt 0.398388 0.841825
vt 0.389475 0.835854
vt 0.393922 0.835487
vt 0.405018 0.835339
vt 0.389425 0.813583
vt 0.393822 0.813405
vt 0.393182 0.815518
vt 0.389313 0.815481
vt 0.404758 0.813333
vt 0.402948 0.815600
vt 0.391755 0.817672
vt 0.389167 0.817385
vt 0.398388 0.818016
vt 0.389475 0.812045
vt 0.393922 0.811678
vt 0.405018 0.811529
vt 0.389436 0.789773
vt 0.393912 0.789590
vt 0.393902 0.791667
vt 0.389402 0.791667
vt 0.405016 0.789508
vt 0.405015 0.791667
vt 0.393912 0.793743
vt 0.389436 0.793560
vt 0.405016 0.793825
vt 0.389475 0.788235
vt 0.393922 0.787868
vt 0.405018 0.787720
vt 0.389425 0.765964
vt 0.393822 0.765786
vt 0.393182 0.767899
vt 0.389313 0.767862
vt 0.404758 0.765714
vt 0.402948 0.767981
vt 0.391755 0.770053
vt 0.389167 0.769766
vt 0.398388 0.770397
vt 0.389475 0.764426
vt 0.393922 0.764059
vt 0.405018 0.763910
vt 0.389105 0.904789
vt 0.393807 0.904198
vt 0.393866 0.905001
vt 0.389296 0.905573
vt 0.405003 0.903986
vt 0.405011 0.904792
vt 0.393908 0.905785
vt 0.389423 0.906291
vt 0.405016 0.905595
vt 0.389105 0.762078
vt 0.393807 0.761508
vt 0.393866 0.762193
vt 0.389296 0.762758
vt 0.405003 0.761304
vt 0.405011 0.761987
vt 0.393907 0.762933
vt 0.389423 0.763439
vt 0.405016 0.762744
vt 0.389105 0.928599
vt 0.393807 0.928007
vt 0.393866 0.928810
vt 0.389296 0.929382
vt 0.405003 0.927796
vt 0.405011 0.928601
vt 0.393908 0.929594
vt 0.389423 0.930100
vt 0.405016 0.929405
vt 0.389105 0.785742
vt 0.393807 0.785150
vt 0.393866 0.785953
vt 0.389296 0.786525
vt 0.405003 0.784939
vt 0.405011 0.785744
vt 0.393908 0.786737
vt 0.389423 0.787243
vt 0.405016 0.786548
vt 0.388779 0.952381
vt 0.391465 0.952381
vt 0.392363 0.952381
vt 0.388891 0.952381
vt 0.397925 0.952381
vt 0.400868 0.952381
vt 0.391465 0.952381
vt 0.388779 0.952381
vt 0.397925 0.952381
vt 0.389105 0.809551
vt 0.393807 0.808959
vt 0.393866 0.809763
vt 0.389296 0.810335
vt 0.405003 0.808748
vt 0.405011 0.809554
vt 0.393907 0.810546
vt 0.389423 0.811053
vt 0.405016 0.810357
vt 0.389105 0.976218
vt 0.393807 0.975626
vt 0.393866 0.976429
vt 0.389296 0.977001
vt 0.405003 0.975415
vt 0.405011 0.976220
vt 0.393907 0.977213
vt 0.389423 0.977719
vt 0.405016 0.977024
vt 0.389105 0.833360
vt 0.393807 0.832769
vt 0.393866 0.833572
vt 0.389296 0.834144
vt 0.405003 0.832558
vt 0.405011 0.833363
vt 0.393907 0.834356
vt 0.389423 0.834862
vt 0.405016 0.834166
vt 0.535580 0.988779
vt 0.496854 0.988779
vt 0.496854 0.988059
vt 0.535580 0.988059
vt 0.458143 0.988779
vt 0.458143 0.988059
vt 0.496854 0.987285
vt 0.535580 0.987285
vt 0.458143 0.987285
vt 0.535580 0.989789
vt 0.496854 0.989790
vt 0.458143 0.989789
vt 0.542103 0.821429
vt 0.494872 0.821429
vt 0.493975 0.821429
vt 0.539166 0.821429
vt 0.443875 0.821429
vt 0.443763 0.821429
vt 0.494872 0.821429
vt 0.542103 0.821429
vt 0.443875 0.821429
vt 0.535580 0.965092
vt 0.496854 0.965092
vt 0.496854 0.964286
vt 0.535580 0.964286
vt 0.458143 0.965092
vt 0.458143 0.964286
vt 0.496854 0.963480
vt 0.535580 0.963480
vt 0.458143 0.963480
vt 0.535580 0.798425
vt 0.496854 0.798425
vt 0.496854 0.797619
vt 0.535580 0.797619
vt 0.458143 0.798425
vt 0.458143 0.797619
vt 0.496854 0.796813
vt 0.535580 0.796813
vt 0.458143 0.796813
vt 0.535580 0.941283
vt 0.496854 0.941282
vt 0.496854 0.940476
vt 0.535580 0.940476
vt 0.458143 0.941282
vt 0.458143 0.940476
vt 0.496854 0.939670
vt 0.535580 0.939670
vt 0.458143 0.939670
vt 0.549568 0.773810
vt 0.496845 0.773810
vt 0.496845 0.773810
vt 0.549568 0.773810
vt 0.444122 0.773810
vt 0.444122 0.773810
vt 0.496845 0.773810
vt 0.549568 0.773810
vt 0.444122 0.773810
vt 0.535052 0.917459
vt 0.492630 0.917359
vt 0.492540 0.916667
vt 0.535041 0.916667
vt 0.443774 0.917097
vt 0.443583 0.916667
vt 0.492630 0.915975
vt 0.535052 0.915875
vt 0.443774 0.916237
vt 0.549568 0.892857
vt 0.496845 0.892857
vt 0.496845 0.892857
vt 0.549568 0.892857
vt 0.444122 0.892857
vt 0.444122 0.892857
vt 0.496845 0.892857
vt 0.549568 0.892857
vt 0.444122 0.892857
vt 0.549568 0.845238
vt 0.496845 0.845238
vt 0.496845 0.845238
vt 0.549568 0.845238
vt 0.444122 0.845238
vt 0.444121 0.845238
vt 0.496845 0.845238
vt 0.549568 0.845238
vt 0.444121 0.845238
vt 0.542103 0.869048
vt 0.494872 0.869048
vt 0.493975 0.869048
vt 0.539166 0.869048
vt 0.443875 0.869048
vt 0.443763 0.869048
vt 0.494872 0.869048
vt 0.542103 0.869048
vt 0.443875 0.869048
vt 0.388709 0.490249
vt 0.393694 0.490249
vt 0.393694 0.492597
vt 0.388709 0.492597
vt 0.404989 0.490249
vt 0.404989 0.492597
vt 0.393694 0.494650
vt 0.388709 0.494650
vt 0.404989 0.494650
vt 0.386718 0.490249
vt 0.425910 0.490249
vt 0.425910 0.492597
vt 0.425910 0.494650
vt 0.386718 0.494650
vt 0.386718 0.492597
vt 0.388709 0.733244
vt 0.393694 0.733244
vt 0.393694 0.746243
vt 0.388709 0.746243
vt 0.404989 0.733244
vt 0.404989 0.746243
vt 0.393694 0.751723
vt 0.388709 0.751723
vt 0.404989 0.751723
vt 0.386718 0.733244
vt 0.425910 0.733244
vt 0.425910 0.746243
vt 0.425910 0.751723
vt 0.386718 0.751723
vt 0.386718 0.746243
vt 0.458143 0.733244
vt 0.496854 0.733244
vt 0.496854 0.746243
vt 0.458143 0.746243
vt 0.535580 0.733244
vt 0.535580 0.746243
vt 0.496854 0.751723
vt 0.458143 0.751723
vt 0.535580 0.751723
vt 0.567856 0.733244
vt 0.567857 0.746243
vt 0.567856 0.751723
vt 0.458143 0.490249
vt 0.496854 0.490249
vt 0.496854 0.492597
vt 0.458143 0.492597
vt 0.535580 0.490249
vt 0.535580 0.492597
vt 0.496854 0.494650
vt 0.458143 0.494650
vt 0.535580 0.494650
vt 0.567856 0.490249
vt 0.567857 0.492597
vt 0.567856 0.494650
vt 0.381211 0.733244
vt 0.383095 0.733244
vt 0.383095 0.746243
vt 0.381211 0.746243
vt 0.384985 0.733244
vt 0.384985 0.746243
vt 0.383095 0.751723
vt 0.381211 0.751723
vt 0.384985 0.751723
vt 0.379499 0.733244
vt 0.379499 0.751723
vt 0.379499 0.746243
vt 0.381211 0.490249
vt 0.383095 0.490249
vt 0.383095 0.492597
vt 0.381211 0.492597
vt 0.384985 0.490249
vt 0.384985 0.492597
vt 0.383095 0.494650
vt 0.381211 0.494650
vt 0.384985 0.494650
vt 0.379499 0.490249
vt 0.379499 0.494650
vt 0.379499 0.492597
vt 0.588862 0.490249
vt 0.600346 0.490249
vt 0.600346 0.492597
vt 0.588862 0.492597
vt 0.605698 0.490249
vt 0.605698 0.492597
vt 0.600346 0.494650
vt 0.588862 0.494650
vt 0.605698 0.494650
vt 0.608310 0.490249
vt 0.608310 0.492597
vt 0.608310 0.494650
vt 0.588862 0.733244
vt 0.600346 0.733244
vt 0.600346 0.746243
vt 0.588862 0.746243
vt 0.605698 0.733244
vt 0.605698 0.746243
vt 0.600346 0.751723
vt 0.588862 0.751723
vt 0.605698 0.751723
vt 0.608310 0.733244
vt 0.608310 0.746243
vt 0.608310 0.751723
vt 0.621426 0.733553
vt 0.622902 0.735712
vt 0.622902 0.747078
vt 0.621426 0.746347
vt 0.624036 0.741385
vt 0.624037 0.748854
vt 0.622902 0.751761
vt 0.621426 0.751728
vt 0.624037 0.751832
vt 0.619436 0.733244
vt 0.625000 0.750628
vt 0.625000 0.751256
vt 0.625000 0.751883
vt 0.619436 0.751723
vt 0.619436 0.746243
vt 0.625592 0.562715
vt 0.626309 0.562500
vt 0.626334 0.625000
vt 0.625578 0.625000
vt 0.627130 0.562500
vt 0.627228 0.625000
vt 0.626309 0.687500
vt 0.625592 0.687285
vt 0.627130 0.687500
vt 0.625628 0.500000
vt 0.626255 0.500000
vt 0.626883 0.500000
vt 0.626883 0.750000
vt 0.626255 0.750000
vt 0.625628 0.750000
vt 0.365345 0.562500
vt 0.367703 0.562500
vt 0.367662 0.625000
vt 0.365305 0.625000
vt 0.369889 0.562500
vt 0.369790 0.625000
vt 0.367703 0.687500
vt 0.365345 0.687500
vt 0.369889 0.687500
vt 0.365444 0.500000
vt 0.367792 0.500000
vt 0.370141 0.500000
vt 0.370141 0.750000
vt 0.367792 0.750000
vt 0.365444 0.750000
vt 0.621426 0.490253
vt 0.622902 0.490277
vt 0.622902 0.492629
vt 0.621426 0.492601
vt 0.624037 0.490341
vt 0.624037 0.492699
vt 0.622902 0.494720
vt 0.621426 0.494659
vt 0.624037 0.494880
vt 0.619436 0.490249
vt 0.625000 0.490444
vt 0.625000 0.492792
vt 0.625000 0.495141
vt 0.619436 0.494650
vt 0.619436 0.492597
vt 0.388774 0.990957
vt 0.393716 0.991212
vt 0.393700 0.993175
vt 0.388727 0.993097
vt 0.404992 0.991315
vt 0.404990 0.993210
vt 0.393695 0.995149
vt 0.388711 0.995139
vt 0.404989 0.995153
vt 0.386807 0.990644
vt 0.425910 0.991330
vt 0.425910 0.993214
vt 0.425910 0.995154
vt 0.386721 0.995129
vt 0.386744 0.993016
vt 0.388709 0.233001
vt 0.393694 0.233001
vt 0.393694 0.245873
vt 0.388709 0.245873
vt 0.404989 0.233001
vt 0.404989 0.245873
vt 0.393694 0.251250
vt 0.388709 0.251250
vt 0.404989 0.251250
vt 0.386718 0.233001
vt 0.425910 0.233001
vt 0.425910 0.245873
vt 0.425910 0.251250
vt 0.386718 0.251250
vt 0.386718 0.245873
vt 0.458143 0.233001
vt 0.496854 0.233001
vt 0.496854 0.245873
vt 0.458143 0.245873
vt 0.535580 0.233001
vt 0.535580 0.245873
vt 0.496854 0.251250
vt 0.458143 0.251250
vt 0.535580 0.251250
vt 0.567856 0.233001
vt 0.567857 0.245873
vt 0.567856 0.251250
vt 0.458143 0.991330
vt 0.496854 0.991329
vt 0.496854 0.993214
vt 0.458143 0.993214
vt 0.535580 0.991330
vt 0.535580 0.993214
vt 0.496854 0.995154
vt 0.458143 0.995154
vt 0.535580 0.995154
vt 0.567856 0.991330
vt 0.567856 0.993214
vt 0.567856 0.995154
vt 0.381211 0.233001
vt 0.383095 0.233001
vt 0.383095 0.245873
vt 0.381211 0.245873
vt 0.384985 0.233001
vt 0.384985 0.245873
vt 0.383095 0.251250
vt 0.381211 0.251250
vt 0.384985 0.251250
vt 0.379499 0.233001
vt 0.379499 0.251250
vt 0.379499 0.245873
vt 0.381213 0.990493
vt 0.383112 0.990499
vt 0.383101 0.992969
vt 0.381212 0.992967
vt 0.385038 0.990523
vt 0.385004 0.992978
vt 0.383096 0.995123
vt 0.381211 0.995123
vt 0.384987 0.995124
vt 0.379499 0.990493
vt 0.379499 0.995123
vt 0.379499 0.992967
vt 0.588857 0.991315
vt 0.600302 0.991212
vt 0.600333 0.993175
vt 0.588861 0.993210
vt 0.605570 0.990957
vt 0.605661 0.993097
vt 0.600344 0.995149
vt 0.588862 0.995153
vt 0.605694 0.995139
vt 0.608130 0.990644
vt 0.608258 0.993016
vt 0.608303 0.995129
vt 0.588862 0.233001
vt 0.600346 0.233001
vt 0.600346 0.245873
vt 0.588862 0.245873
vt 0.605698 0.233001
vt 0.605698 0.245873
vt 0.600346 0.251250
vt 0.588862 0.251250
vt 0.605698 0.251250
vt 0.608310 0.233001
vt 0.608310 0.245873
vt 0.608310 0.251250
vt 0.621426 0.233310
vt 0.622902 0.235475
vt 0.622902 0.246706
vt 0.621426 0.245977
vt 0.624037 0.241165
vt 0.624037 0.248475
vt 0.622902 0.251274
vt 0.621426 0.251253
vt 0.624037 0.251309
vt 0.619436 0.233001
vt 0.625000 0.250435
vt 0.625000 0.250869
vt 0.625000 0.251304
vt 0.619436 0.251250
vt 0.619436 0.245873
vt 0.125445 0.562500
vt 0.125950 0.562500
vt 0.125987 0.625000
vt 0.125449 0.625000
vt 0.126609 0.562500
vt 0.126728 0.625000
vt 0.125950 0.687500
vt 0.125445 0.687500
vt 0.126609 0.687500
vt 0.125000 0.500000
vt 0.125435 0.500000
vt 0.125000 0.562500
vt 0.125869 0.500000
vt 0.126304 0.500000
vt 0.126304 0.750000
vt 0.125869 0.750000
vt 0.125435 0.750000
vt 0.125000 0.687500
vt 0.125000 0.750000
vt 0.125000 0.625000
vt 0.865564 0.562500
vt 0.868081 0.562500
vt 0.868037 0.625000
vt 0.865534 0.625000
vt 0.870413 0.562500
vt 0.870292 0.625000
vt 0.868081 0.687500
vt 0.865564 0.687500
vt 0.870413 0.687500
vt 0.865637 0.500000
vt 0.868178 0.500000
vt 0.870720 0.500000
vt 0.870720 0.750000
vt 0.868178 0.750000
vt 0.865637 0.750000
vt 0.621426 0.990495
vt 0.622902 0.990514
vt 0.622902 0.993002
vt 0.621426 0.992971
vt 0.624037 0.990561
vt 0.624037 0.993077
vt 0.622902 0.995207
vt 0.621426 0.995133
vt 0.624037 0.995403
vt 0.619436 0.990493
vt 0.625000 0.990637
vt 0.625000 0.993178
vt 0.625000 0.995720
vt 0.619436 0.995123
vt 0.619436 0.992967
vt 0.375915 0.990561
vt 0.376914 0.990514
vt 0.376914 0.993002
vt 0.375915 0.993077
vt 0.378081 0.990495
vt 0.378081 0.992971
vt 0.376914 0.995208
vt 0.375915 0.995402
vt 0.378081 0.995133
vt 0.375000 0.988095
vt 0.375915 0.987893
vt 0.375000 0.990637
vt 0.376914 0.987830
vt 0.378081 0.987809
vt 0.378081 0.996871
vt 0.376914 0.996974
vt 0.375915 0.997281
vt 0.375000 0.995720
vt 0.375000 0.998261
vt 0.375000 0.993178
vt 0.375915 0.241165
vt 0.376914 0.235475
vt 0.376914 0.246706
vt 0.375915 0.248475
vt 0.378081 0.233310
vt 0.378081 0.245977
vt 0.376914 0.251274
vt 0.375915 0.251309
vt 0.378081 0.251253
vt 0.375000 0.250000
vt 0.375915 0.221122
vt 0.375000 0.250435
vt 0.376914 0.212071
vt 0.378081 0.209054
vt 0.378081 0.253129
vt 0.376914 0.253026
vt 0.375915 0.252719
vt 0.375000 0.251304
vt 0.375000 0.251739
vt 0.375000 0.250869
vt 0.375915 0.490341
vt 0.376914 0.490277
vt 0.376914 0.492629
vt 0.375915 0.492698
vt 0.378081 0.490253
vt 0.378081 0.492601
vt 0.376914 0.494720
vt 0.375915 0.494880
vt 0.378081 0.494659
vt 0.375000 0.488095
vt 0.375915 0.487803
vt 0.375000 0.490444
vt 0.376914 0.487712
vt 0.378081 0.487681
vt 0.378081 0.496354
vt 0.376914 0.496438
vt 0.375915 0.496689
vt 0.375000 0.495141
vt 0.375000 0.497489
vt 0.375000 0.492792
vt 0.375916 0.741385
vt 0.376914 0.735712
vt 0.376914 0.747078
vt 0.375915 0.748854
vt 0.378081 0.733553
vt 0.378081 0.746347
vt 0.376914 0.751761
vt 0.375915 0.751832
vt 0.378081 0.751728
vt 0.375926 0.721158
vt 0.375000 0.750628
vt 0.376918 0.712189
vt 0.378081 0.709182
vt 0.378081 0.753646
vt 0.376914 0.753562
vt 0.375915 0.753312
vt 0.375000 0.751883
vt 0.375000 0.752511
vt 0.375000 0.751256
vt 0.375915 0.479164
vt 0.376914 0.479161
vt 0.376914 0.482099
vt 0.375915 0.482118
vt 0.378081 0.479160
vt 0.378081 0.482092
vt 0.376914 0.484968
vt 0.375915 0.485025
vt 0.378081 0.484946
vt 0.375000 0.476190
vt 0.375915 0.476191
vt 0.375000 0.479167
vt 0.376914 0.476191
vt 0.378081 0.476191
vt 0.375000 0.485119
vt 0.375000 0.482143
vt 0.375915 0.467262
vt 0.376914 0.467262
vt 0.376914 0.470238
vt 0.375915 0.470238
vt 0.378081 0.467262
vt 0.378081 0.470238
vt 0.376914 0.473214
vt 0.375915 0.473214
vt 0.378081 0.473214
vt 0.375000 0.464286
vt 0.375915 0.464286
vt 0.375000 0.467262
vt 0.376914 0.464286
vt 0.378081 0.464286
vt 0.375000 0.473214
vt 0.375000 0.470238
vt 0.375915 0.455357
vt 0.376914 0.455357
vt 0.376914 0.458333
vt 0.375915 0.458333
vt 0.378081 0.455357
vt 0.378081 0.458333
vt 0.376914 0.461310
vt 0.375915 0.461310
vt 0.378081 0.461310
vt 0.375000 0.452381
vt 0.375915 0.452381
vt 0.375000 0.455357
vt 0.376914 0.452381
vt 0.378081 0.452381
vt 0.375000 0.461310
vt 0.375000 0.458333
vt 0.375915 0.443453
vt 0.376914 0.443452
vt 0.376914 0.446429
vt 0.375915 0.446429
vt 0.378081 0.443452
vt 0.378081 0.446429
vt 0.376914 0.449405
vt 0.375915 0.449405
vt 0.378081 0.449405
vt 0.375000 0.440476
vt 0.375915 0.440476
vt 0.375000 0.443452
vt 0.376914 0.440476
vt 0.378081 0.440476
vt 0.375000 0.449405
vt 0.375000 0.446429
vt 0.375915 0.431548
vt 0.376914 0.431548
vt 0.376914 0.434524
vt 0.375915 0.434524
vt 0.378081 0.431548
vt 0.378081 0.434524
vt 0.376914 0.437500
vt 0.375915 0.437500
vt 0.378081 0.437500
vt 0.375000 0.428571
vt 0.375915 0.428571
vt 0.375000 0.431548
vt 0.376914 0.428571
vt 0.378081 0.428571
vt 0.375000 0.437500
vt 0.375000 0.434524
vt 0.375915 0.419643
vt 0.376914 0.419643
vt 0.376914 0.422619
vt 0.375915 0.422619
vt 0.378081 0.419643
vt 0.378081 0.422619
vt 0.376914 0.425595
vt 0.375915 0.425595
vt 0.378081 0.425595
vt 0.375000 0.416667
vt 0.375915 0.416667
vt 0.375000 0.419643
vt 0.376914 0.416667
vt 0.378081 0.416667
vt 0.375000 0.425595
vt 0.375000 0.422619
vt 0.375915 0.407738
vt 0.376914 0.407738
vt 0.376914 0.410714
vt 0.375915 0.410714
vt 0.378081 0.407738
vt 0.378081 0.410714
vt 0.376914 0.413691
vt 0.375915 0.413691
vt 0.378081 0.413691
vt 0.375000 0.404762
vt 0.375915 0.404762
vt 0.375000 0.407738
vt 0.376914 0.404762
vt 0.378081 0.404762
vt 0.375000 0.413691
vt 0.375000 0.410714
vt 0.375915 0.395833
vt 0.376914 0.395833
vt 0.376914 0.398810
vt 0.375915 0.398810
vt 0.378081 0.395833
vt 0.378081 0.398810
vt 0.376914 0.401786
vt 0.375915 0.401786
vt 0.378081 0.401786
vt 0.375000 0.392857
vt 0.375915 0.392857
vt 0.375000 0.395833
vt 0.376914 0.392857
vt 0.378081 0.392857
vt 0.375000 0.401786
vt 0.375000 0.398810
vt 0.375915 0.383929
vt 0.376914 0.383929
vt 0.376914 0.386905
vt 0.375915 0.386905
vt 0.378081 0.383929
vt 0.378081 0.386905
vt 0.376914 0.389881
vt 0.375915 0.389881
vt 0.378081 0.389881
vt 0.375000 0.380952
vt 0.375915 0.380952
vt 0.375000 0.383929
vt 0.376914 0.380952
vt 0.378081 0.380953
vt 0.375000 0.389881
vt 0.375000 0.386905
vt 0.375915 0.372024
vt 0.376914 0.372024
vt 0.376914 0.375000
vt 0.375915 0.375000
vt 0.378081 0.372024
vt 0.378081 0.375000
vt 0.376914 0.377976
vt 0.375915 0.377976
vt 0.378081 0.377976
vt 0.375000 0.369048
vt 0.375915 0.369048
vt 0.375000 0.372024
vt 0.376914 0.369048
vt 0.378081 0.369048
vt 0.375000 0.377976
vt 0.375000 0.375000
vt 0.375915 0.360119
vt 0.376914 0.360119
vt 0.376914 0.363095
vt 0.375915 0.363095
vt 0.378081 0.360119
vt 0.378081 0.363095
vt 0.376914 0.366072
vt 0.375915 0.366071
vt 0.378081 0.366071
vt 0.375000 0.357143
vt 0.375915 0.357143
vt 0.375000 0.360119
vt 0.376914 0.357143
vt 0.378081 0.357143
vt 0.375000 0.366071
vt 0.375000 0.363095
vt 0.375915 0.348214
vt 0.376914 0.348214
vt 0.376914 0.351191
vt 0.375915 0.351191
vt 0.378081 0.348214
vt 0.378081 0.351191
vt 0.376914 0.354167
vt 0.375915 0.354167
vt 0.378081 0.354167
vt 0.375000 0.345238
vt 0.375915 0.345238
vt 0.375000 0.348214
vt 0.376914 0.345238
vt 0.378081 0.345238
vt 0.375000 0.354167
vt 0.375000 0.351191
vt 0.375915 0.336310
vt 0.376914 0.336310
vt 0.376914 0.339286
vt 0.375915 0.339286
vt 0.378081 0.336310
vt 0.378081 0.339286
vt 0.376914 0.342262
vt 0.375915 0.342262
vt 0.378081 0.342262
vt 0.375000 0.333333
vt 0.375915 0.333333
vt 0.375000 0.336310
vt 0.376914 0.333333
vt 0.378081 0.333333
vt 0.375000 0.342262
vt 0.375000 0.339286
vt 0.375915 0.324405
vt 0.376914 0.324405
vt 0.376914 0.327381
vt 0.375915 0.327381
vt 0.378081 0.324405
vt 0.378081 0.327381
vt 0.376914 0.330357
vt 0.375915 0.330357
vt 0.378081 0.330357
vt 0.375000 0.321429
vt 0.375915 0.321429
vt 0.375000 0.324405
vt 0.376914 0.321429
vt 0.378081 0.321429
vt 0.375000 0.330357
vt 0.375000 0.327381
vt 0.375915 0.312500
vt 0.376914 0.312500
vt 0.376914 0.315476
vt 0.375915 0.315476
vt 0.378081 0.312500
vt 0.378081 0.315476
vt 0.376914 0.318452
vt 0.375915 0.318452
vt 0.378081 0.318452
vt 0.375000 0.309524
vt 0.375915 0.309524
vt 0.375000 0.312500
vt 0.376914 0.309524
vt 0.378081 0.309524
vt 0.375000 0.318452
vt 0.375000 0.315476
vt 0.375915 0.300595
vt 0.376914 0.300595
vt 0.376914 0.303571
vt 0.375915 0.303571
vt 0.378081 0.300595
vt 0.378081 0.303571
vt 0.376914 0.306548
vt 0.375915 0.306548
vt 0.378081 0.306548
vt 0.375000 0.297619
vt 0.375915 0.297619
vt 0.375000 0.300595
vt 0.376914 0.297619
vt 0.378081 0.297619
vt 0.375000 0.306548
vt 0.375000 0.303571
vt 0.375915 0.288691
vt 0.376914 0.288691
vt 0.376914 0.291667
vt 0.375915 0.291667
vt 0.378081 0.288690
vt 0.378081 0.291667
vt 0.376914 0.294643
vt 0.375915 0.294643
vt 0.378081 0.294643
vt 0.375000 0.285714
vt 0.375915 0.285714
vt 0.375000 0.288691
vt 0.376914 0.285714
vt 0.378081 0.285714
vt 0.375000 0.294643
vt 0.375000 0.291667
vt 0.375915 0.276786
vt 0.376914 0.276786
vt 0.376914 0.279762
vt 0.375915 0.279762
vt 0.378081 0.276786
vt 0.378081 0.279762
vt 0.376914 0.282738
vt 0.375915 0.282738
vt 0.378081 0.282738
vt 0.375000 0.273810
vt 0.375915 0.273810
vt 0.375000 0.276786
vt 0.376914 0.273810
vt 0.378081 0.273810
vt 0.375000 0.282738
vt 0.375000 0.279762
vt 0.375915 0.264946
vt 0.376914 0.264986
vt 0.376914 0.267887
vt 0.375915 0.267875
vt 0.378081 0.265001
vt 0.378081 0.267893
vt 0.376914 0.270837
vt 0.375915 0.270836
vt 0.378081 0.270838
vt 0.375000 0.261905
vt 0.375915 0.262107
vt 0.375000 0.264881
vt 0.376914 0.262170
vt 0.378081 0.262192
vt 0.375000 0.270833
vt 0.375000 0.267857
vt 0.375915 0.254598
vt 0.376914 0.254793
vt 0.376914 0.256998
vt 0.375915 0.256923
vt 0.378081 0.254867
vt 0.378081 0.257029
vt 0.376914 0.259487
vt 0.375915 0.259439
vt 0.378081 0.259505
vt 0.375000 0.254280
vt 0.375000 0.259363
vt 0.375000 0.256822
vt 0.375915 0.979165
vt 0.376914 0.979163
vt 0.376914 0.982113
vt 0.375915 0.982126
vt 0.378081 0.979162
vt 0.378081 0.982107
vt 0.376914 0.985014
vt 0.375915 0.985054
vt 0.378081 0.984999
vt 0.375000 0.976190
vt 0.375915 0.976191
vt 0.375000 0.979167
vt 0.376914 0.976191
vt 0.378081 0.976191
vt 0.375000 0.985119
vt 0.375000 0.982143
vt 0.375915 0.967262
vt 0.376914 0.967262
vt 0.376914 0.970238
vt 0.375915 0.970238
vt 0.378081 0.967262
vt 0.378081 0.970238
vt 0.376914 0.973214
vt 0.375915 0.973214
vt 0.378081 0.973214
vt 0.375000 0.964286
vt 0.375915 0.964286
vt 0.375000 0.967262
vt 0.376914 0.964286
vt 0.378081 0.964286
vt 0.375000 0.973214
vt 0.375000 0.970238
vt 0.375915 0.955357
vt 0.376914 0.955357
vt 0.376914 0.958333
vt 0.375915 0.958333
vt 0.378081 0.955357
vt 0.378081 0.958334
vt 0.376914 0.961310
vt 0.375915 0.961310
vt 0.378081 0.961309
vt 0.375000 0.952381
vt 0.375915 0.952381
vt 0.375000 0.955357
vt 0.376914 0.952381
vt 0.378081 0.952381
vt 0.375000 0.961310
vt 0.375000 0.958333
vt 0.375915 0.943452
vt 0.376914 0.943452
vt 0.376914 0.946429
vt 0.375915 0.946429
vt 0.378081 0.943453
vt 0.378081 0.946429
vt 0.376914 0.949405
vt 0.375915 0.949405
vt 0.378081 0.949405
vt 0.375000 0.940476
vt 0.375915 0.940476
vt 0.375000 0.943452
vt 0.376914 0.940476
vt 0.378081 0.940476
vt 0.375000 0.949405
vt 0.375000 0.946429
vt 0.375915 0.931548
vt 0.376914 0.931548
vt 0.376914 0.934524
vt 0.375915 0.934524
vt 0.378081 0.931548
vt 0.378081 0.934524
vt 0.376914 0.937500
vt 0.375915 0.937500
vt 0.378081 0.937500
vt 0.375000 0.928571
vt 0.375915 0.928572
vt 0.375000 0.931548
vt 0.376914 0.928572
vt 0.378081 0.928572
vt 0.375000 0.937500
vt 0.375000 0.934524
vt 0.375915 0.919643
vt 0.376914 0.919643
vt 0.376914 0.922619
vt 0.375915 0.922619
vt 0.378081 0.919643
vt 0.378081 0.922619
vt 0.376914 0.925595
vt 0.375915 0.925595
vt 0.378081 0.925595
vt 0.375000 0.916667
vt 0.375915 0.916667
vt 0.375000 0.919643
vt 0.376914 0.916667
vt 0.378081 0.916667
vt 0.375000 0.925595
vt 0.375000 0.922619
vt 0.375915 0.907738
vt 0.376914 0.907738
vt 0.376914 0.910715
vt 0.375915 0.910714
vt 0.378081 0.907738
vt 0.378081 0.910714
vt 0.376914 0.913691
vt 0.375915 0.913691
vt 0.378081 0.913691
vt 0.375000 0.904762
vt 0.375915 0.904762
vt 0.375000 0.907738
vt 0.376914 0.904762
vt 0.378081 0.904762
vt 0.375000 0.913691
vt 0.375000 0.910714
vt 0.375915 0.895833
vt 0.376914 0.895833
vt 0.376914 0.898810
vt 0.375915 0.898810
vt 0.378081 0.895833
vt 0.378081 0.898810
vt 0.376914 0.901786
vt 0.375915 0.901786
vt 0.378081 0.901786
vt 0.375000 0.892857
vt 0.375915 0.892857
vt 0.375000 0.895833
vt 0.376914 0.892857
vt 0.378081 0.892857
vt 0.375000 0.901786
vt 0.375000 0.898810
vt 0.375915 0.883929
vt 0.376914 0.883929
vt 0.376914 0.886905
vt 0.375915 0.886905
vt 0.378081 0.883929
vt 0.378081 0.886905
vt 0.376914 0.889881
vt 0.375915 0.889881
vt 0.378081 0.889881
vt 0.375000 0.880952
vt 0.375915 0.880953
vt 0.375000 0.883929
vt 0.376914 0.880953
vt 0.378081 0.880953
vt 0.375000 0.889881
vt 0.375000 0.886905
vt 0.375915 0.872024
vt 0.376914 0.872024
vt 0.376914 0.875000
vt 0.375915 0.875000
vt 0.378081 0.872024
vt 0.378081 0.875000
vt 0.376914 0.877976
vt 0.375915 0.877976
vt 0.378081 0.877976
vt 0.375000 0.869048
vt 0.375915 0.869048
vt 0.375000 0.872024
vt 0.376914 0.869048
vt 0.378081 0.869048
vt 0.375000 0.877976
vt 0.375000 0.875000
vt 0.375915 0.860119
vt 0.376914 0.860119
vt 0.376914 0.863095
vt 0.375915 0.863095
vt 0.378081 0.860119
vt 0.378081 0.863095
vt 0.376914 0.866072
vt 0.375915 0.866071
vt 0.378081 0.866072
vt 0.375000 0.857143
vt 0.375915 0.857143
vt 0.375000 0.860119
vt 0.376914 0.857143
vt 0.378081 0.857143
vt 0.375000 0.866071
vt 0.375000 0.863095
vt 0.375915 0.848214
vt 0.376914 0.848214
vt 0.376914 0.851191
vt 0.375915 0.851191
vt 0.378081 0.848214
vt 0.378081 0.851191
vt 0.376914 0.854167
vt 0.375915 0.854167
vt 0.378081 0.854167
vt 0.375000 0.845238
vt 0.375915 0.845238
vt 0.375000 0.848214
vt 0.376914 0.845238
vt 0.378081 0.845238
vt 0.375000 0.854167
vt 0.375000 0.851191
vt 0.375915 0.836310
vt 0.376914 0.836310
vt 0.376914 0.839286
vt 0.375915 0.839286
vt 0.378081 0.836309
vt 0.378081 0.839286
vt 0.376914 0.842262
vt 0.375915 0.842262
vt 0.378081 0.842262
vt 0.375000 0.833333
vt 0.375915 0.833333
vt 0.375000 0.836310
vt 0.376914 0.833333
vt 0.378081 0.833333
vt 0.375000 0.842262
vt 0.375000 0.839286
vt 0.375915 0.824405
vt 0.376914 0.824405
vt 0.376914 0.827381
vt 0.375915 0.827381
vt 0.378081 0.824405
vt 0.378081 0.827381
vt 0.376914 0.830357
vt 0.375915 0.830357
vt 0.378081 0.830357
vt 0.375000 0.821429
vt 0.375915 0.821429
vt 0.375000 0.824405
vt 0.376914 0.821429
vt 0.378081 0.821429
vt 0.375000 0.830357
vt 0.375000 0.827381
vt 0.375915 0.812500
vt 0.376914 0.812500
vt 0.376914 0.815476
vt 0.375915 0.815476
vt 0.378081 0.812500
vt 0.378081 0.815476
vt 0.376914 0.818452
vt 0.375915 0.818452
vt 0.378081 0.818453
vt 0.375000 0.809524
vt 0.375915 0.809524
vt 0.375000 0.812500
vt 0.376914 0.809524
vt 0.378081 0.809524
vt 0.375000 0.818452
vt 0.375000 0.815476
vt 0.375915 0.800595
vt 0.376914 0.800595
vt 0.376914 0.803571
vt 0.375915 0.803571
vt 0.378081 0.800595
vt 0.378081 0.803571
vt 0.376914 0.806548
vt 0.375915 0.806548
vt 0.378081 0.806548
vt 0.375000 0.797619
vt 0.375915 0.797619
vt 0.375000 0.800595
vt 0.376914 0.797619
vt 0.378081 0.797619
vt 0.375000 0.806548
vt 0.375000 0.803572
vt 0.375915 0.788691
vt 0.376914 0.788691
vt 0.376914 0.791667
vt 0.375915 0.791667
vt 0.378081 0.788691
vt 0.378081 0.791667
vt 0.376914 0.794643
vt 0.375915 0.794643
vt 0.378081 0.794643
vt 0.375000 0.785714
vt 0.375915 0.785714
vt 0.375000 0.788691
vt 0.376914 0.785714
vt 0.378081 0.785714
vt 0.375000 0.794643
vt 0.375000 0.791667
vt 0.375915 0.776786
vt 0.376914 0.776786
vt 0.376914 0.779762
vt 0.375915 0.779762
vt 0.378081 0.776786
vt 0.378081 0.779762
vt 0.376914 0.782738
vt 0.375915 0.782738
vt 0.378081 0.782738
vt 0.375000 0.773809
vt 0.375915 0.773810
vt 0.375000 0.776786
vt 0.376914 0.773810
vt 0.378081 0.773810
vt 0.375000 0.782738
vt 0.375000 0.779762
vt 0.375915 0.764975
vt 0.376914 0.765032
vt 0.376914 0.767901
vt 0.375915 0.767882
vt 0.378081 0.765054
vt 0.378081 0.767909
vt 0.376914 0.770839
vt 0.375915 0.770836
vt 0.378081 0.770840
vt 0.375000 0.761905
vt 0.375915 0.762197
vt 0.375000 0.764881
vt 0.376914 0.762288
vt 0.378081 0.762319
vt 0.375000 0.770833
vt 0.375000 0.767857
vt 0.375915 0.755120
vt 0.376914 0.755280
vt 0.376914 0.757371
vt 0.375915 0.757302
vt 0.378081 0.755341
vt 0.378081 0.757399
vt 0.376914 0.759723
vt 0.375915 0.759659
vt 0.378081 0.759747
vt 0.375000 0.754859
vt 0.375000 0.759556
vt 0.375000 0.757208
vt 0.375915 0.998381
vt 0.376912 0.998187
vt 0.376895 0.998984
vt 0.375913 0.999047
vt 0.378074 0.998114
vt 0.378027 0.998959
vt 0.376856 0.999547
vt 0.375908 0.999555
vt 0.377904 0.999544
vt 0.375000 0.998696
vt 0.377703 1.000000
vt 0.376802 1.000000
vt 0.375901 1.000000
vt 0.375000 0.999565
vt 0.375000 1.000000
vt 0.375000 0.999131
vt 0.375956 0.571657
vt 0.376925 0.576894
vt 0.376929 0.625000
vt 0.375970 0.625000
vt 0.378082 0.578962
vt 0.378082 0.625000
vt 0.376925 0.673106
vt 0.375956 0.678343
vt 0.378082 0.671038
vt 0.375926 0.528842
vt 0.376918 0.537811
vt 0.378081 0.540819
vt 0.375915 0.498168
vt 0.376914 0.498239
vt 0.376914 0.502922
vt 0.375915 0.501147
vt 0.378081 0.498273
vt 0.378081 0.503653
vt 0.376914 0.514288
vt 0.375916 0.508615
vt 0.378081 0.516448
vt 0.375000 0.498117
vt 0.375000 0.499372
vt 0.375000 0.498745
vt 0.375908 0.062190
vt 0.376856 0.061961
vt 0.376895 0.120690
vt 0.375913 0.122522
vt 0.377904 0.061867
vt 0.378027 0.119936
vt 0.376912 0.172522
vt 0.375915 0.178220
vt 0.378074 0.170354
vt 0.375000 0.000000
vt 0.375901 0.000000
vt 0.375000 0.062500
vt 0.376802 0.000000
vt 0.377703 0.000000
vt 0.375000 0.187500
vt 0.375000 0.125000
vt 0.610840 0.990523
vt 0.613872 0.990499
vt 0.613894 0.992969
vt 0.610913 0.992978
vt 0.616843 0.990493
vt 0.616845 0.992967
vt 0.613905 0.995123
vt 0.610945 0.995124
vt 0.616847 0.995123
vt 0.610817 0.987835
vt 0.613870 0.987814
vt 0.616842 0.987807
vt 0.616847 0.996857
vt 0.613907 0.996857
vt 0.610950 0.996857
vt 0.610950 0.233001
vt 0.613907 0.233001
vt 0.613907 0.245873
vt 0.610950 0.245873
vt 0.616847 0.233001
vt 0.616847 0.245873
vt 0.613907 0.251250
vt 0.610950 0.251250
vt 0.616847 0.251250
vt 0.610950 0.208623
vt 0.613907 0.208623
vt 0.616847 0.208623
vt 0.616847 0.253143
vt 0.613907 0.253143
vt 0.610950 0.253143
vt 0.610950 0.490249
vt 0.613907 0.490249
vt 0.613907 0.492597
vt 0.610950 0.492597
vt 0.616847 0.490249
vt 0.616847 0.492597
vt 0.613907 0.494650
vt 0.610950 0.494650
vt 0.616847 0.494650
vt 0.610950 0.487677
vt 0.613907 0.487677
vt 0.616847 0.487677
vt 0.616847 0.496342
vt 0.613907 0.496342
vt 0.610950 0.496342
vt 0.610950 0.733244
vt 0.613907 0.733244
vt 0.613907 0.746243
vt 0.610950 0.746243
vt 0.616847 0.733244
vt 0.616847 0.746243
vt 0.613907 0.751723
vt 0.610950 0.751723
vt 0.616847 0.751723
vt 0.610950 0.708752
vt 0.613907 0.708752
vt 0.616847 0.708752
vt 0.616847 0.753658
vt 0.613907 0.753658
vt 0.610950 0.753658
vt 0.610950 0.479160
vt 0.613907 0.479160
vt 0.613907 0.482091
vt 0.610950 0.482091
vt 0.616847 0.479160
vt 0.616847 0.482091
vt 0.613907 0.484943
vt 0.610950 0.484942
vt 0.616847 0.484943
vt 0.610950 0.476190
vt 0.613907 0.476190
vt 0.616847 0.476190
vt 0.610950 0.467262
vt 0.613907 0.467262
vt 0.613907 0.470238
vt 0.610950 0.470238
vt 0.616847 0.467262
vt 0.616847 0.470238
vt 0.613907 0.473214
vt 0.610950 0.473214
vt 0.616847 0.473214
vt 0.610950 0.464286
vt 0.613907 0.464286
vt 0.616847 0.464286
vt 0.610950 0.455357
vt 0.613907 0.455357
vt 0.613907 0.458333
vt 0.610950 0.458333
vt 0.616847 0.455357
vt 0.616847 0.458333
vt 0.613907 0.461310
vt 0.610950 0.461310
vt 0.616847 0.461310
vt 0.610950 0.452381
vt 0.613907 0.452381
vt 0.616847 0.452381
vt 0.610950 0.443452
vt 0.613907 0.443452
vt 0.613907 0.446429
vt 0.610950 0.446429
vt 0.616847 0.443452
vt 0.616847 0.446429
vt 0.613907 0.449405
vt 0.610950 0.449405
vt 0.616847 0.449405
vt 0.610950 0.440476
vt 0.613907 0.440476
vt 0.616847 0.440476
vt 0.610950 0.431548
vt 0.613907 0.431548
vt 0.613907 0.434524
vt 0.610950 0.434524
vt 0.616847 0.431548
vt 0.616847 0.434524
vt 0.613907 0.437500
vt 0.610950 0.437500
vt 0.616847 0.437500
vt 0.610950 0.428572
vt 0.613907 0.428572
vt 0.616847 0.428571
vt 0.610950 0.419643
vt 0.613907 0.419643
vt 0.613907 0.422619
vt 0.610950 0.422619
vt 0.616847 0.419643
vt 0.616847 0.422619
vt 0.613907 0.425595
vt 0.610950 0.425595
vt 0.616847 0.425595
vt 0.610950 0.416667
vt 0.613907 0.416667
vt 0.616847 0.416667
vt 0.610950 0.407738
vt 0.613907 0.407738
vt 0.613907 0.410714
vt 0.610950 0.410714
vt 0.616847 0.407738
vt 0.616847 0.410714
vt 0.613907 0.413691
vt 0.610950 0.413691
vt 0.616847 0.413691
vt 0.610950 0.404762
vt 0.613907 0.404762
vt 0.616847 0.404762
vt 0.610950 0.395833
vt 0.613907 0.395833
vt 0.613907 0.398810
vt 0.610950 0.398810
vt 0.616847 0.395833
vt 0.616847 0.398810
vt 0.613907 0.401786
vt 0.610950 0.401786
vt 0.616847 0.401786
vt 0.610950 0.392857
vt 0.613907 0.392857
vt 0.616847 0.392857
vt 0.610950 0.383929
vt 0.613907 0.383929
vt 0.613907 0.386905
vt 0.610950 0.386905
vt 0.616847 0.383929
vt 0.616847 0.386905
vt 0.613907 0.389881
vt 0.610950 0.389881
vt 0.616847 0.389881
vt 0.610950 0.380952
vt 0.613907 0.380952
vt 0.616847 0.380952
vt 0.610950 0.372024
vt 0.613907 0.372024
vt 0.613907 0.375000
vt 0.610950 0.375000
vt 0.616847 0.372024
vt 0.616847 0.375000
vt 0.613907 0.377976
vt 0.610950 0.377976
vt 0.616847 0.377976
vt 0.610950 0.369048
vt 0.613907 0.369048
vt 0.616847 0.369048
vt 0.610950 0.360119
vt 0.613907 0.360119
vt 0.613907 0.363095
vt 0.610950 0.363095
vt 0.616847 0.360119
vt 0.616847 0.363095
vt 0.613907 0.366071
vt 0.610950 0.366071
vt 0.616847 0.366071
vt 0.610950 0.357143
vt 0.613907 0.357143
vt 0.616847 0.357143
vt 0.610950 0.348214
vt 0.613907 0.348214
vt 0.613907 0.351191
vt 0.610950 0.351191
vt 0.616847 0.348214
vt 0.616847 0.351191
vt 0.613907 0.354167
vt 0.610950 0.354167
vt 0.616847 0.354167
vt 0.610950 0.345238
vt 0.613907 0.345238
vt 0.616847 0.345238
vt 0.610950 0.336310
vt 0.613907 0.336310
vt 0.613907 0.339286
vt 0.610950 0.339286
vt 0.616847 0.336310
vt 0.616847 0.339286
vt 0.613907 0.342262
vt 0.610950 0.342262
vt 0.616847 0.342262
vt 0.610950 0.333333
vt 0.613907 0.333333
vt 0.616847 0.333333
vt 0.610950 0.324405
vt 0.613907 0.324405
vt 0.613907 0.327381
vt 0.610950 0.327381
vt 0.616847 0.324405
vt 0.616847 0.327381
vt 0.613907 0.330357
vt 0.610950 0.330357
vt 0.616847 0.330357
vt 0.610950 0.321429
vt 0.613907 0.321429
vt 0.616847 0.321429
vt 0.610950 0.312500
vt 0.613907 0.312500
vt 0.613907 0.315476
vt 0.610950 0.315476
vt 0.616847 0.312500
vt 0.616847 0.315476
vt 0.613907 0.318452
vt 0.610950 0.318452
vt 0.616847 0.318452
vt 0.610950 0.309524
vt 0.613907 0.309524
vt 0.616847 0.309524
vt 0.610950 0.300595
vt 0.613907 0.300595
vt 0.613907 0.303571
vt 0.610950 0.303571
vt 0.616847 0.300595
vt 0.616847 0.303571
vt 0.613907 0.306548
vt 0.610950 0.306548
vt 0.616847 0.306548
vt 0.610950 0.297619
vt 0.613907 0.297619
vt 0.616847 0.297619
vt 0.610950 0.288690
vt 0.613907 0.288690
vt 0.613907 0.291667
vt 0.610950 0.291667
vt 0.616847 0.288690
vt 0.616847 0.291667
vt 0.613907 0.294643
vt 0.610950 0.294643
vt 0.616847 0.294643
vt 0.610950 0.285714
vt 0.613907 0.285714
vt 0.616847 0.285714
vt 0.610950 0.276786
vt 0.613907 0.276786
vt 0.613907 0.279762
vt 0.610950 0.279762
vt 0.616847 0.276786
vt 0.616847 0.279762
vt 0.613907 0.282738
vt 0.610950 0.282738
vt 0.616847 0.282738
vt 0.610950 0.273810
vt 0.613907 0.273810
vt 0.616847 0.273810
vt 0.610950 0.265003
vt 0.613907 0.265003
vt 0.613907 0.267893
vt 0.610950 0.267893
vt 0.616847 0.265003
vt 0.616847 0.267893
vt 0.613907 0.270838
vt 0.610950 0.270838
vt 0.616847 0.270838
vt 0.610950 0.262195
vt 0.613907 0.262195
vt 0.616847 0.262195
vt 0.610950 0.254877
vt 0.613907 0.254877
vt 0.613907 0.257034
vt 0.610950 0.257034
vt 0.616847 0.254877
vt 0.616847 0.257034
vt 0.613907 0.259508
vt 0.610950 0.259508
vt 0.616847 0.259508
vt 0.610986 0.979173
vt 0.613911 0.979162
vt 0.613941 0.982109
vt 0.611087 0.982114
vt 0.616847 0.979162
vt 0.616851 0.982107
vt 0.613911 0.985003
vt 0.610986 0.985007
vt 0.616847 0.984998
vt 0.610817 0.976191
vt 0.613870 0.976191
vt 0.616842 0.976191
vt 0.610835 0.967272
vt 0.613870 0.967262
vt 0.613881 0.970238
vt 0.610875 0.970238
vt 0.616842 0.967262
vt 0.616844 0.970238
vt 0.613870 0.973214
vt 0.610835 0.973204
vt 0.616842 0.973214
vt 0.610817 0.964286
vt 0.613870 0.964286
vt 0.616842 0.964286
vt 0.610986 0.955368
vt 0.613911 0.955357
vt 0.613941 0.958333
vt 0.611087 0.958333
vt 0.616847 0.955357
vt 0.616851 0.958334
vt 0.613911 0.961310
vt 0.610986 0.961299
vt 0.616847 0.961309
vt 0.610817 0.952381
vt 0.613870 0.952381
vt 0.616842 0.952381
vt 0.610835 0.943463
vt 0.613870 0.943453
vt 0.613881 0.946429
vt 0.610875 0.946429
vt 0.616842 0.943453
vt 0.616844 0.946429
vt 0.613870 0.949405
vt 0.610835 0.949395
vt 0.616842 0.949405
vt 0.610817 0.940476
vt 0.613870 0.940476
vt 0.616842 0.940476
vt 0.610986 0.931558
vt 0.613911 0.931548
vt 0.613941 0.934524
vt 0.611087 0.934524
vt 0.616847 0.931548
vt 0.616851 0.934524
vt 0.613911 0.937500
vt 0.610986 0.937490
vt 0.616847 0.937500
vt 0.610817 0.928572
vt 0.613870 0.928572
vt 0.616842 0.928572
vt 0.610835 0.919653
vt 0.613870 0.919643
vt 0.613881 0.922619
vt 0.610875 0.922619
vt 0.616842 0.919643
vt 0.616844 0.922619
vt 0.613870 0.925596
vt 0.610835 0.925585
vt 0.616842 0.925595
vt 0.610817 0.916667
vt 0.613870 0.916667
vt 0.616842 0.916667
vt 0.610986 0.907749
vt 0.613911 0.907738
vt 0.613941 0.910715
vt 0.611087 0.910715
vt 0.616847 0.907738
vt 0.616851 0.910715
vt 0.613911 0.913691
vt 0.610986 0.913680
vt 0.616847 0.913691
vt 0.610817 0.904762
vt 0.613870 0.904762
vt 0.616842 0.904762
vt 0.610835 0.895844
vt 0.613870 0.895834
vt 0.613881 0.898810
vt 0.610875 0.898810
vt 0.616842 0.895833
vt 0.616844 0.898810
vt 0.613870 0.901786
vt 0.610835 0.901776
vt 0.616842 0.901786
vt 0.610817 0.892857
vt 0.613870 0.892857
vt 0.616842 0.892857
vt 0.610986 0.883939
vt 0.613911 0.883929
vt 0.613941 0.886905
vt 0.611087 0.886905
vt 0.616847 0.883929
vt 0.616851 0.886905
vt 0.613911 0.889881
vt 0.610986 0.889871
vt 0.616847 0.889881
vt 0.610817 0.880953
vt 0.613870 0.880953
vt 0.616842 0.880953
vt 0.610626 0.872023
vt 0.613804 0.872024
vt 0.613858 0.875000
vt 0.610809 0.874995
vt 0.616834 0.872024
vt 0.616841 0.875000
vt 0.613867 0.877977
vt 0.610827 0.877966
vt 0.616842 0.877976
vt 0.610480 0.869048
vt 0.613778 0.869048
vt 0.616831 0.869048
vt 0.610978 0.860130
vt 0.613908 0.860119
vt 0.613918 0.863096
vt 0.611023 0.863101
vt 0.616847 0.860119
vt 0.616848 0.863096
vt 0.613844 0.866072
vt 0.610781 0.866072
vt 0.616839 0.866072
vt 0.610817 0.857143
vt 0.613870 0.857143
vt 0.616842 0.857143
vt 0.610835 0.848225
vt 0.613870 0.848215
vt 0.613881 0.851191
vt 0.610875 0.851191
vt 0.616842 0.848215
vt 0.616844 0.851191
vt 0.613870 0.854167
vt 0.610835 0.854157
vt 0.616842 0.854167
vt 0.610817 0.845238
vt 0.613870 0.845238
vt 0.616842 0.845238
vt 0.610986 0.836320
vt 0.613911 0.836310
vt 0.613941 0.839286
vt 0.611087 0.839286
vt 0.616847 0.836310
vt 0.616851 0.839286
vt 0.613911 0.842262
vt 0.610986 0.842252
vt 0.616847 0.842262
vt 0.610817 0.833334
vt 0.613870 0.833334
vt 0.616842 0.833334
vt 0.610626 0.824404
vt 0.613804 0.824405
vt 0.613858 0.827381
vt 0.610809 0.827376
vt 0.616834 0.824405
vt 0.616841 0.827381
vt 0.613867 0.830357
vt 0.610827 0.830346
vt 0.616842 0.830357
vt 0.610480 0.821429
vt 0.613778 0.821429
vt 0.616831 0.821429
vt 0.610978 0.812511
vt 0.613908 0.812500
vt 0.613918 0.815476
vt 0.611023 0.815482
vt 0.616847 0.812500
vt 0.616848 0.815476
vt 0.613844 0.818452
vt 0.610781 0.818453
vt 0.616839 0.818453
vt 0.610817 0.809524
vt 0.613870 0.809524
vt 0.616842 0.809524
vt 0.610835 0.800606
vt 0.613870 0.800595
vt 0.613881 0.803572
vt 0.610875 0.803571
vt 0.616842 0.800595
vt 0.616844 0.803571
vt 0.613870 0.806548
vt 0.610835 0.806537
vt 0.616842 0.806548
vt 0.610817 0.797619
vt 0.613870 0.797619
vt 0.616842 0.797619
vt 0.610781 0.788690
vt 0.613844 0.788691
vt 0.613918 0.791667
vt 0.611023 0.791662
vt 0.616839 0.788691
vt 0.616848 0.791667
vt 0.613908 0.794643
vt 0.610978 0.794632
vt 0.616847 0.794643
vt 0.610480 0.785714
vt 0.613778 0.785714
vt 0.616831 0.785714
vt 0.610827 0.776797
vt 0.613867 0.776786
vt 0.613858 0.779762
vt 0.610809 0.779767
vt 0.616842 0.776786
vt 0.616841 0.779762
vt 0.613804 0.782738
vt 0.610626 0.782739
vt 0.616834 0.782738
vt 0.610817 0.773810
vt 0.613870 0.773810
vt 0.616842 0.773810
vt 0.610986 0.765038
vt 0.613911 0.765049
vt 0.613941 0.767906
vt 0.611087 0.767899
vt 0.616847 0.765056
vt 0.616851 0.767909
vt 0.613911 0.770840
vt 0.610986 0.770828
vt 0.616847 0.770840
vt 0.610817 0.762280
vt 0.613870 0.762311
vt 0.616842 0.762322
vt 0.610945 0.755348
vt 0.613905 0.755350
vt 0.613894 0.757400
vt 0.610913 0.757389
vt 0.616847 0.755350
vt 0.616845 0.757403
vt 0.613872 0.759742
vt 0.610840 0.759712
vt 0.616843 0.759750
vt 0.610938 0.998103
vt 0.613907 0.998103
vt 0.613909 0.998955
vt 0.610851 0.998955
vt 0.616860 0.998103
vt 0.616952 0.998955
vt 0.613913 0.999543
vt 0.610622 0.999543
vt 0.617193 0.999543
vt 0.617590 1.000000
vt 0.613919 1.000000
vt 0.610247 1.000000
vt 0.610950 0.579257
vt 0.613907 0.579257
vt 0.613907 0.625000
vt 0.610950 0.625000
vt 0.616847 0.579257
vt 0.616847 0.625000
vt 0.613907 0.670743
vt 0.610950 0.670743
vt 0.616847 0.670743
vt 0.610950 0.541248
vt 0.613907 0.541248
vt 0.616847 0.541248
vt 0.610950 0.498277
vt 0.613907 0.498277
vt 0.613907 0.503757
vt 0.610950 0.503757
vt 0.616847 0.498278
vt 0.616847 0.503757
vt 0.613907 0.516756
vt 0.610950 0.516756
vt 0.616847 0.516756
vt 0.610623 0.061853
vt 0.613913 0.061853
vt 0.613909 0.119828
vt 0.610851 0.119828
vt 0.617193 0.061853
vt 0.616952 0.119828
vt 0.613907 0.170044
vt 0.610938 0.170044
vt 0.616860 0.170044
vt 0.610247 0.000000
vt 0.613919 0.000000
vt 0.617590 0.000000
vn -0.9949 0.0473 0.0895
vn -0.9735 0.2104 0.0902
vn -0.9810 0.1942 0.0000
vn -0.9991 0.0430 0.0000
vn -0.8466 0.5273 0.0729
vn -0.8518 0.5239 -0.0000
vn -0.9734 0.2104 -0.0902
vn -0.9949 0.0473 -0.0895
vn -0.8466 0.5273 -0.0729
vn -0.9682 0.0061 0.2503
vn -0.9642 0.0684 0.2562
vn -0.9961 0.0043 0.0878
vn -0.9217 0.2954 0.2513
vn -0.7522 0.6317 0.1877
vn -0.5184 0.8488 0.1042
vn -0.5234 0.8505 0.0512
vn -0.5243 0.8515 0.0000
vn -0.5234 0.8505 -0.0512
vn -0.5185 0.8487 -0.1042
vn -0.7521 0.6317 -0.1878
vn -0.9217 0.2954 -0.2513
vn -0.9642 0.0684 -0.2562
vn -0.9961 0.0043 -0.0878
vn -0.9682 0.0061 -0.2503
vn -1.0000 0.0039 0.0000
vn 0.0817 0.1928 -0.9778
vn 0.0655 0.6122 -0.7880
vn 0.2780 0.5822 -0.7640
vn 0.3334 0.1798 -0.9255
vn 0.0347 0.9173 -0.3966
vn 0.1601 0.9014 -0.4023
vn 0.6247 0.5024 -0.5978
vn 0.7106 0.1424 -0.6891
vn 0.4239 0.8352 -0.3504
vn 0.0079 0.0189 -0.9998
vn 0.0077 0.1958 -0.9806
vn 0.0842 0.0187 -0.9963
vn 0.0061 0.6202 -0.7845
vn 0.0031 0.9204 -0.3909
vn 0.0015 0.9892 -0.1468
vn 0.0166 0.9887 -0.1487
vn 0.0762 0.9854 -0.1523
vn 0.2207 0.9635 -0.1516
vn 0.4012 0.9086 -0.1163
vn 0.6552 0.7221 -0.2221
vn 0.8689 0.3739 -0.3244
vn 0.9342 0.0927 -0.3446
vn 0.7262 0.0132 -0.6874
vn 0.9408 0.0084 -0.3388
vn 0.3439 0.0174 -0.9388
vn 0.9895 0.0677 -0.1281
vn 0.9489 0.2895 -0.1255
vn 0.9627 0.2706 -0.0000
vn 0.9981 0.0619 0.0000
vn 0.7562 0.6478 -0.0921
vn 0.7647 0.6444 -0.0000
vn 0.9489 0.2895 0.1255
vn 0.9895 0.0677 0.1281
vn 0.7562 0.6479 0.0921
vn 0.9920 0.0062 -0.1260
vn 0.4075 0.9114 -0.0578
vn 0.4081 0.9130 0.0000
vn 0.4075 0.9114 0.0578
vn 0.4012 0.9086 0.1163
vn 0.6552 0.7221 0.2221
vn 0.8689 0.3739 0.3244
vn 0.9342 0.0927 0.3446
vn 0.9920 0.0062 0.1260
vn 0.9408 0.0084 0.3388
vn 1.0000 0.0057 0.0000
vn -0.0909 0.1925 0.9771
vn -0.0730 0.6111 0.7882
vn -0.3273 0.5711 0.7528
vn -0.3877 0.1751 0.9050
vn -0.0387 0.9169 0.3973
vn -0.1956 0.8940 0.4031
vn -0.7035 0.4638 0.5384
vn -0.7847 0.1253 0.6071
vn -0.5152 0.7928 0.3255
vn -0.0082 0.0189 0.9998
vn -0.0079 0.1958 0.9806
vn -0.0938 0.0187 0.9954
vn -0.0063 0.6201 0.7845
vn -0.0032 0.9204 0.3909
vn -0.0015 0.9892 0.1469
vn -0.0185 0.9887 0.1489
vn -0.0932 0.9838 0.1535
vn -0.2919 0.9447 0.1495
vn -0.8001 0.0114 0.5997
vn -0.4009 0.0169 0.9160
vn 0.0111 -0.9987 -0.0500
vn 0.0504 -0.9974 -0.0510
vn 0.0464 -0.9989 0.0000
vn 0.0100 -0.9999 0.0000
vn 0.1521 -0.9871 -0.0499
vn 0.1510 -0.9885 -0.0000
vn 0.0504 -0.9974 0.0510
vn 0.0111 -0.9987 0.0500
vn 0.1521 -0.9871 0.0499
vn 0.0014 -0.9902 -0.1394
vn 0.0159 -0.9899 -0.1410
vn 0.0010 -0.9988 -0.0495
vn 0.0726 -0.9869 -0.1443
vn 0.2104 -0.9670 -0.1437
vn 0.3832 -0.9170 -0.1109
vn 0.3899 -0.9192 -0.0555
vn 0.3909 -0.9204 -0.0000
vn 0.3899 -0.9192 0.0555
vn 0.3832 -0.9170 0.1109
vn 0.2104 -0.9670 0.1437
vn 0.0726 -0.9869 0.1443
vn 0.0159 -0.9899 0.1410
vn 0.0010 -0.9988 0.0495
vn 0.0014 -0.9902 0.1394
vn 0.0009 -1.0000 0.0000
vn -0.0128 0.9986 -0.0519
vn -0.0635 0.9966 -0.0531
vn -0.0586 0.9983 -0.0000
vn -0.0116 0.9999 -0.0000
vn -0.2087 0.9766 -0.0510
vn -0.2079 0.9781 0.0000
vn -0.0635 0.9966 0.0531
vn -0.0128 0.9986 0.0519
vn -0.2087 0.9766 0.0510
vn -0.0016 0.9892 -0.1469
vn -0.0185 0.9887 -0.1489
vn -0.0011 0.9987 -0.0514
vn -0.0932 0.9838 -0.1535
vn -0.2920 0.9447 -0.1495
vn -0.0011 0.9987 0.0514
vn -0.0010 1.0000 -0.0000
vn -0.0000 0.9987 -0.0513
vn 0.0000 1.0000 0.0000
vn 0.0000 0.9987 0.0513
vn 0.0000 0.9892 -0.1466
vn 0.0010 0.9987 -0.0514
vn 0.0000 0.9892 0.1466
vn 0.0010 0.9987 0.0514
vn 0.0015 0.9892 0.1469
vn 0.0010 1.0000 -0.0000
vn 0.0000 -0.9988 -0.0494
vn -0.0000 -1.0000 -0.0000
vn -0.0000 -0.9988 0.0494
vn -0.0015 -0.9902 -0.1394
vn 0.0000 -0.9903 -0.1392
vn -0.0010 -0.9988 -0.0495
vn 0.0000 -0.9903 0.1392
vn -0.0010 -0.9988 0.0495
vn -0.0015 -0.9902 0.1394
vn -0.0010 -1.0000 0.0000
vn -0.0000 0.1961 0.9806
vn -0.0000 0.6211 0.7837
vn 0.0000 0.9208 0.3901
vn 0.0079 0.0189 0.9998
vn 0.0077 0.1958 0.9806
vn -0.0000 0.0188 0.9998
vn 0.0061 0.6202 0.7845
vn 0.0031 0.9204 0.3909
vn -0.0001 0.0177 0.9998
vn -0.0001 0.0169 0.9999
vn -0.0001 0.0184 0.9998
vn -0.0000 0.0163 0.9999
vn 0.0001 0.0169 0.9999
vn -0.0000 0.0161 0.9999
vn 0.0001 0.0176 0.9998
vn -0.0001 0.0176 0.9998
vn -0.0001 0.0168 0.9999
vn 0.0000 0.0179 0.9998
vn -0.0001 0.0162 0.9999
vn -0.0001 0.0147 0.9999
vn -0.0001 0.0140 0.9999
vn -0.0001 0.0155 0.9999
vn -0.0000 0.0136 0.9999
vn 0.0000 0.0138 0.9999
vn 0.0001 0.0142 0.9999
vn 0.0001 0.0149 0.9999
vn 0.0001 0.0164 0.9999
vn 0.0001 0.0171 0.9999
vn 0.0001 0.0156 0.9999
vn 0.0001 0.0178 0.9998
vn -0.0000 0.0180 0.9998
vn -0.0000 0.6211 0.7838
vn 0.0000 0.1961 -0.9806
vn -0.0000 0.6211 -0.7837
vn -0.0000 0.9208 -0.3901
vn -0.0082 0.0189 -0.9998
vn -0.0079 0.1958 -0.9806
vn -0.0000 0.0189 -0.9998
vn -0.0063 0.6201 -0.7845
vn -0.0032 0.9204 -0.3909
vn 0.0000 0.6211 -0.7838
vn -0.0000 -0.0000 -1.0000
vn -0.0082 -0.0000 -1.0000
vn 0.0256 0.8798 0.4747
vn 0.0000 0.8744 0.4852
vn 0.0001 0.9661 0.2580
vn 0.0256 0.9661 0.2569
vn -0.0251 0.8787 0.4768
vn -0.0253 0.9658 0.2580
vn 0.0000 0.9814 0.1918
vn 0.0233 0.9811 0.1923
vn -0.0232 0.9810 0.1926
vn 0.0869 0.4892 0.8678
vn 0.0205 0.6033 0.7973
vn 0.1080 0.8493 0.5167
vn -0.0000 0.6005 0.7996
vn -0.0199 0.6023 0.7980
vn -0.0803 0.4825 0.8722
vn -0.1039 0.8444 0.5255
vn -0.1115 0.9393 0.3244
vn -0.1090 0.9478 0.2998
vn -0.0712 0.9261 0.3705
vn -0.0265 0.9368 0.3488
vn 0.0000 0.9408 0.3391
vn 0.0265 0.9368 0.3488
vn 0.1099 0.9480 0.2985
vn 0.0714 0.9261 0.3704
vn 0.1140 0.9407 0.3195
vn 0.1177 -0.0144 0.9930
vn 0.0931 -0.0417 0.9948
vn -0.0000 -0.0235 0.9997
vn -0.0000 -0.0085 1.0000
vn 0.0623 -0.0991 0.9931
vn 0.0000 -0.0542 0.9985
vn -0.0931 -0.0417 0.9948
vn -0.1177 -0.0144 0.9930
vn -0.0623 -0.0991 0.9931
vn 0.3388 -0.0100 0.9408
vn 0.3038 -0.0315 0.9522
vn 0.1336 -0.0050 0.9910
vn 0.2466 -0.1005 0.9639
vn 0.1622 -0.2409 0.9569
vn 0.0777 -0.3751 0.9237
vn 0.0349 -0.1342 0.9903
vn -0.0000 -0.0665 0.9978
vn -0.0349 -0.1342 0.9903
vn -0.0777 -0.3751 0.9237
vn -0.1622 -0.2409 0.9569
vn -0.2466 -0.1005 0.9639
vn -0.3038 -0.0315 0.9522
vn -0.1336 -0.0050 0.9910
vn -0.3388 -0.0100 0.9408
vn -0.0000 -0.0032 1.0000
vn -0.5325 -0.0532 0.8448
vn -0.4560 -0.1885 0.8698
vn -0.5698 -0.2487 0.7833
vn -0.6383 -0.0711 0.7665
vn -0.3000 -0.4999 0.8125
vn -0.3736 -0.6613 0.6505
vn -0.4854 -0.2672 0.8325
vn -0.5378 -0.0889 0.8384
vn -0.3327 -0.6787 0.6547
vn -0.5760 -0.0157 0.8173
vn -0.1086 -0.7551 0.6466
vn -0.1166 -0.9084 0.4015
vn -0.1136 -0.9345 0.3374
vn -0.0754 -0.9160 0.3940
vn -0.1980 -0.6535 0.7306
vn -0.2738 -0.2709 0.9228
vn -0.3098 -0.1058 0.9449
vn -0.5757 -0.0318 0.8170
vn -0.3388 -0.0427 0.9399
vn -0.6784 -0.0219 0.7344
vn -0.0272 -0.7781 0.6276
vn -0.0000 -0.7646 0.6445
vn -0.0000 -0.9324 0.3614
vn -0.0277 -0.9342 0.3556
vn 0.0272 -0.7781 0.6275
vn 0.0277 -0.9342 0.3556
vn -0.0000 -0.9716 0.2368
vn -0.0256 -0.9713 0.2365
vn 0.0256 -0.9713 0.2365
vn -0.0196 -0.4500 0.8928
vn 0.0000 -0.4391 0.8984
vn 0.0196 -0.4500 0.8928
vn 0.1086 -0.7551 0.6466
vn 0.1166 -0.9084 0.4015
vn 0.1136 -0.9345 0.3374
vn 0.0754 -0.9160 0.3940
vn 0.0287 -0.9274 0.3729
vn -0.0000 -0.9316 0.3634
vn -0.0287 -0.9274 0.3729
vn 0.0374 0.8290 0.5580
vn 0.0105 0.8405 0.5417
vn 0.0072 0.9376 0.3476
vn 0.0373 0.9318 0.3611
vn -0.0073 0.8428 0.5382
vn -0.0162 0.9301 0.3669
vn 0.0065 0.9391 0.3436
vn 0.0350 0.9374 0.3466
vn -0.0173 0.9336 0.3580
vn 0.0748 0.3467 0.9350
vn 0.0288 0.5401 0.8411
vn 0.1183 0.7227 0.6810
vn 0.0122 0.5815 0.8135
vn 0.0046 0.6193 0.7852
vn -0.0107 0.6208 0.7839
vn -0.0407 0.7951 0.6051
vn -0.0640 0.8554 0.5140
vn -0.0651 0.8162 0.5741
vn -0.0350 0.7206 0.6925
vn -0.0112 0.7321 0.6811
vn 0.0122 0.7343 0.6787
vn 0.0413 0.7267 0.6857
vn 0.1292 0.8137 0.5668
vn 0.0822 0.7114 0.6979
vn 0.1338 0.8460 0.5161
vn 0.5326 0.0537 0.8447
vn 0.4573 0.1945 0.8678
vn 0.5710 0.2543 0.7806
vn 0.6384 0.0716 0.7664
vn 0.3033 0.5558 0.7741
vn 0.3738 0.6904 0.6193
vn 0.4858 0.2714 0.8309
vn 0.5379 0.0895 0.8383
vn 0.3312 0.6944 0.6389
vn 0.3388 0.0100 0.9408
vn 0.3038 0.0318 0.9522
vn 0.5760 0.0158 0.8173
vn 0.2470 0.1045 0.9634
vn 0.1637 0.2777 0.9466
vn 0.0803 0.4825 0.8722
vn 0.1039 0.8444 0.5255
vn 0.1115 0.9393 0.3244
vn 0.1090 0.9478 0.2998
vn 0.0712 0.9261 0.3705
vn 0.1960 0.6649 0.7208
vn 0.2737 0.2743 0.9219
vn 0.3098 0.1064 0.9448
vn 0.5757 0.0319 0.8170
vn 0.3388 0.0428 0.9399
vn 0.6784 0.0220 0.7344
vn 0.0250 0.8787 0.4767
vn -0.0000 0.8743 0.4853
vn -0.0000 0.9661 0.2581
vn 0.0253 0.9658 0.2580
vn -0.0250 0.8787 0.4767
vn 0.0232 0.9810 0.1925
vn -0.0232 0.9810 0.1925
vn 0.0199 0.6023 0.7980
vn 0.0000 0.6004 0.7997
vn -0.2738 -0.2709 0.9229
vn 0.0452 -0.0029 0.9990
vn 0.0429 -0.0138 0.9990
vn -0.0210 -0.0147 0.9997
vn -0.0301 -0.0048 0.9995
vn 0.0352 -0.0464 0.9983
vn -0.0119 -0.0380 0.9992
vn -0.0998 -0.0401 0.9942
vn -0.1271 -0.0136 0.9918
vn -0.0661 -0.0960 0.9932
vn 0.1484 -0.0005 0.9889
vn 0.1463 -0.0058 0.9892
vn 0.0443 -0.0005 0.9990
vn 0.1359 -0.0342 0.9901
vn 0.1070 -0.1177 0.9873
vn 0.0706 -0.2584 0.9635
vn 0.0248 -0.0802 0.9965
vn -0.0053 -0.0513 0.9987
vn -0.0364 -0.1318 0.9906
vn -0.0778 -0.3750 0.9238
vn -0.1628 -0.2408 0.9568
vn -0.2476 -0.1004 0.9637
vn -0.3051 -0.0314 0.9518
vn -0.1451 -0.0047 0.9894
vn -0.3403 -0.0099 0.9403
vn -0.0371 -0.0016 0.9993
vn -0.0272 -0.7781 0.6275
vn 0.0630 -0.1261 0.9900
vn 0.0499 -0.2780 0.9593
vn 0.0204 -0.2639 0.9643
vn 0.0300 -0.1219 0.9921
vn 0.0255 -0.4876 0.8727
vn 0.0108 -0.4579 0.8890
vn 0.0059 -0.2549 0.9670
vn 0.0197 -0.1157 0.9931
vn 0.0026 -0.4535 0.8912
vn 0.1517 -0.0542 0.9869
vn 0.1478 -0.1299 0.9804
vn 0.0676 -0.0541 0.9962
vn 0.1274 -0.3026 0.9446
vn 0.0711 -0.5506 0.8317
vn 0.0129 -0.5681 0.8228
vn 0.0049 -0.4938 0.8696
vn 0.0046 -0.4627 0.8865
vn 0.0052 -0.4615 0.8871
vn -0.0032 -0.4943 0.8693
vn -0.0176 -0.4664 0.8844
vn -0.0109 -0.2432 0.9699
vn 0.0265 -0.1044 0.9942
vn 0.0350 -0.0499 0.9981
vn 0.0643 -0.0445 0.9969
vn 0.0372 -0.0528 0.9979
vn 0.0033 0.8872 0.4614
vn -0.0093 0.8756 0.4829
vn -0.0054 0.9653 0.2612
vn 0.0122 0.9651 0.2616
vn -0.0281 0.8781 0.4776
vn -0.0271 0.9653 0.2597
vn -0.0037 0.9810 0.1942
vn 0.0145 0.9803 0.1971
vn -0.0244 0.9808 0.1936
vn 0.0197 0.6909 0.7227
vn -0.0075 0.6692 0.7430
vn 0.0464 0.8806 0.4716
vn -0.0117 0.6177 0.7863
vn -0.0231 0.6047 0.7961
vn -0.0805 0.4826 0.8721
vn -0.1043 0.8440 0.5261
vn -0.1117 0.9392 0.3247
vn -0.1091 0.9477 0.3000
vn -0.0717 0.9262 0.3703
vn -0.0287 0.9370 0.3481
vn -0.0061 0.9413 0.3374
vn 0.0127 0.9385 0.3451
vn 0.0745 0.9502 0.3026
vn 0.0445 0.9292 0.3670
vn 0.0689 0.9443 0.3218
vn -0.0779 -0.3751 0.9237
vn 0.3738 0.6905 0.6193
vn -0.0207 -0.0010 0.9998
vn -0.0168 -0.0027 0.9999
vn -0.0544 -0.0132 0.9984
vn -0.0680 -0.0046 0.9977
vn -0.0122 -0.0061 0.9999
vn -0.0380 -0.0297 0.9988
vn -0.1333 -0.0426 0.9902
vn -0.1680 -0.0141 0.9857
vn -0.0886 -0.1003 0.9910
vn 0.0047 -0.0000 1.0000
vn 0.0051 -0.0001 1.0000
vn -0.0234 -0.0004 0.9997
vn 0.0056 -0.0003 1.0000
vn 0.0062 -0.0006 1.0000
vn 0.0068 -0.0007 1.0000
vn -0.0077 -0.0074 0.9999
vn -0.0229 -0.0363 0.9991
vn -0.0478 -0.1334 0.9899
vn -0.0870 -0.3844 0.9191
vn -0.1946 -0.2570 0.9466
vn -0.3024 -0.1072 0.9471
vn -0.3719 -0.0322 0.9277
vn -0.1903 -0.0047 0.9817
vn -0.4126 -0.0097 0.9109
vn -0.0773 -0.0016 0.9970
vn -0.0940 0.0000 0.9956
vn -0.4021 -0.0000 0.9156
vn -0.8015 -0.0000 0.5979
vn -0.0051 -0.0000 1.0000
vn -0.0054 -0.0001 1.0000
vn -0.0059 -0.0003 1.0000
vn -0.0065 -0.0006 1.0000
vn -0.0071 -0.0007 1.0000
vn -0.9684 0.0000 0.2494
vn 0.9921 -0.0000 -0.1257
vn 1.0000 -0.0000 -0.0000
vn 0.9921 -0.0000 0.1257
vn 0.9412 0.0000 -0.3379
vn 0.9412 0.0000 0.3379
vn 0.0844 -0.0000 -0.9964
vn 0.3448 -0.0000 -0.9387
vn 0.7275 -0.0000 -0.6861
vn 0.0079 -0.0000 -1.0000
vn -0.9962 -0.0000 0.0876
vn -1.0000 -0.0000 0.0000
vn -0.9962 -0.0000 -0.0876
vn -0.9684 0.0000 -0.2494
vn -0.9681 -0.0086 0.2506
vn -0.9961 -0.0060 0.0879
vn -0.9961 -0.0060 -0.0879
vn -0.9681 -0.0086 -0.2506
vn -1.0000 -0.0055 0.0000
vn 0.0079 -0.0266 -0.9996
vn 0.0842 -0.0262 -0.9961
vn 0.7257 -0.0186 -0.6878
vn 0.9406 -0.0118 -0.3392
vn 0.3436 -0.0244 -0.9388
vn 0.9920 -0.0087 -0.1261
vn 0.9920 -0.0087 0.1261
vn 0.9406 -0.0118 0.3392
vn 1.0000 -0.0080 -0.0000
vn -0.0082 -0.0265 0.9996
vn -0.0081 0.0001 1.0000
vn -0.0938 -0.0262 0.9952
vn -0.0080 0.0004 1.0000
vn -0.0076 0.0008 1.0000
vn -0.0071 0.0010 1.0000
vn -0.7996 -0.0161 0.6003
vn -0.4005 -0.0237 0.9160
vn -0.0004 0.0014 1.0000
vn -0.0015 0.0043 1.0000
vn -0.0040 0.0181 0.9998
vn -0.0009 0.0058 1.0000
vn -0.0040 0.0081 1.0000
vn -0.0112 0.0371 0.9992
vn -0.0058 0.0454 0.9990
vn -0.0012 0.0140 0.9999
vn -0.0198 0.1154 0.9931
vn 0.0079 -0.0265 0.9996
vn 0.0079 0.0001 1.0000
vn -0.0000 -0.0264 0.9997
vn 0.0077 0.0004 1.0000
vn 0.0073 0.0008 1.0000
vn 0.0068 0.0010 1.0000
vn -0.0077 0.0104 0.9999
vn -0.0231 0.0509 0.9984
vn -0.0488 0.1844 0.9816
vn -0.0900 0.4927 0.8655
vn -0.0172 0.2053 0.9785
vn -0.0049 0.0769 0.9970
vn -0.0010 0.0230 0.9997
vn -0.0001 -0.0247 0.9997
vn -0.0001 -0.0235 0.9997
vn -0.0001 -0.0258 0.9997
vn -0.0005 0.0295 0.9996
vn -0.0025 0.0992 0.9951
vn -0.0000 0.1068 0.9943
vn -0.0000 0.0317 0.9995
vn -0.0082 0.2602 0.9655
vn -0.0000 0.2778 0.9606
vn 0.0023 0.0989 0.9951
vn 0.0005 0.0295 0.9996
vn 0.0078 0.2591 0.9658
vn -0.0000 -0.0226 0.9997
vn -0.0208 0.6037 0.7969
vn 0.0000 0.6006 0.7996
vn 0.0200 0.6023 0.7980
vn 0.0152 0.2021 0.9792
vn 0.0042 0.0767 0.9970
vn 0.0009 0.0231 0.9997
vn 0.0001 -0.0235 0.9997
vn -0.0000 -0.0223 0.9998
vn 0.0008 0.0153 0.9999
vn 0.0038 0.0490 0.9988
vn 0.0000 0.0356 0.9994
vn -0.0000 0.0116 0.9999
vn 0.0139 0.1200 0.9927
vn 0.0000 0.0707 0.9975
vn -0.0038 0.0490 0.9988
vn -0.0008 0.0153 0.9999
vn -0.0139 0.1200 0.9927
vn 0.0001 -0.0245 0.9997
vn 0.0358 0.1862 0.9819
vn -0.0000 0.0932 0.9956
vn -0.0358 0.1862 0.9819
vn -0.0155 0.2028 0.9791
vn -0.0044 0.0772 0.9970
vn -0.0009 0.0233 0.9997
vn -0.0001 -0.0245 0.9997
vn -0.0001 -0.0234 0.9997
vn -0.0000 -0.0250 0.9997
vn -0.0008 0.0312 0.9995
vn -0.0035 0.1039 0.9946
vn -0.0036 0.1282 0.9917
vn -0.0009 0.0391 0.9992
vn -0.0103 0.2653 0.9641
vn -0.0085 0.3090 0.9510
vn -0.0038 0.1542 0.9880
vn -0.0009 0.0477 0.9989
vn -0.0093 0.3615 0.9323
vn -0.0001 -0.0224 0.9997
vn -0.0050 0.4011 0.9160
vn -0.0024 0.1755 0.9845
vn -0.0006 0.0549 0.9985
vn -0.0001 -0.0201 0.9998
vn -0.0001 -0.0191 0.9998
vn -0.0001 -0.0213 0.9998
vn -0.0002 0.0585 0.9983
vn -0.0006 0.1850 0.9827
vn 0.0005 0.1845 0.9828
vn 0.0001 0.0587 0.9983
vn 0.0004 0.4076 0.9132
vn 0.0017 0.3965 0.9180
vn 0.0014 0.1783 0.9840
vn 0.0003 0.0566 0.9984
vn 0.0028 0.3884 0.9215
vn -0.0000 -0.0186 0.9998
vn 0.0066 0.6201 0.7845
vn 0.0042 0.5884 0.8085
vn 0.0027 0.5870 0.8096
vn 0.0056 0.3716 0.9284
vn 0.0025 0.1656 0.9862
vn 0.0006 0.0522 0.9986
vn 0.0000 -0.0188 0.9998
vn 0.0001 -0.0195 0.9998
vn 0.0008 0.0453 0.9990
vn 0.0034 0.1455 0.9894
vn 0.0036 0.1210 0.9926
vn 0.0009 0.0371 0.9993
vn 0.0078 0.3355 0.9420
vn 0.0086 0.2890 0.9573
vn 0.0039 0.0949 0.9955
vn 0.0009 0.0288 0.9996
vn 0.0122 0.2348 0.9720
vn 0.0001 -0.0205 0.9998
vn 0.0151 0.1645 0.9863
vn 0.0043 0.0667 0.9978
vn 0.0009 0.0205 0.9998
vn 0.0001 -0.0227 0.9997
vn 0.0001 -0.0238 0.9997
vn 0.0001 -0.0216 0.9998
vn 0.0007 0.0132 0.9999
vn 0.0031 0.0410 0.9992
vn -0.0006 0.0321 0.9995
vn -0.0001 0.0106 0.9999
vn 0.0110 0.0914 0.9958
vn -0.0019 0.0603 0.9982
vn -0.0040 0.0481 0.9988
vn -0.0008 0.0151 0.9999
vn -0.0145 0.1179 0.9929
vn 0.0001 -0.0248 0.9997
vn 0.0256 0.1130 0.9933
vn -0.0053 0.0723 0.9974
vn -0.0373 0.1829 0.9824
vn -0.0804 0.4823 0.8723
vn -0.0152 0.2019 0.9793
vn -0.0042 0.0766 0.9971
vn -0.0009 0.0231 0.9997
vn -0.0000 -0.0251 0.9997
vn -0.0023 0.0989 0.9951
vn -0.0078 0.2591 0.9658
vn -0.0152 0.2021 0.9792
vn -0.0042 0.0767 0.9970
vn 0.0024 0.0991 0.9951
vn 0.0080 0.2599 0.9656
vn 0.0167 0.2041 0.9788
vn 0.0047 0.0767 0.9970
vn 0.0010 0.0230 0.9997
vn -0.0082 -0.0266 -0.9996
vn -0.0000 -0.0266 -0.9996
vn -0.1198 -0.1166 0.9859
vn -0.0999 -0.2794 0.9550
vn -0.0000 -0.2867 0.9580
vn 0.0000 -0.1205 0.9927
vn -0.0630 -0.6490 0.7582
vn 0.0000 -0.6650 0.7469
vn 0.0999 -0.2794 0.9550
vn 0.1198 -0.1166 0.9859
vn 0.0630 -0.6490 0.7582
vn -0.1337 -0.0493 0.9898
vn -0.0754 -0.9160 0.3939
vn 0.0287 -0.9275 0.3728
vn 0.0755 -0.9161 0.3938
vn 0.1984 -0.6536 0.7304
vn 0.2744 -0.2709 0.9226
vn 0.3105 -0.1058 0.9447
vn 0.1337 -0.0493 0.9898
vn 0.3396 -0.0427 0.9396
vn -0.0000 -0.0514 0.9987
vn 0.1980 -0.6535 0.7306
vn 0.2738 -0.2709 0.9229
vn 0.3098 -0.1058 0.9449
vn 0.3388 -0.0427 0.9399
vn 0.0754 -0.9160 0.3939
vn 0.0199 -0.0145 0.9997
vn 0.0032 -0.0546 0.9985
vn 0.0249 -0.0424 0.9988
vn 0.0313 -0.0084 0.9995
vn -0.0083 -0.2668 0.9637
vn 0.0193 -0.2604 0.9653
vn 0.0650 -0.0401 0.9971
vn 0.0663 -0.0064 0.9978
vn 0.0600 -0.2443 0.9678
vn 0.0647 -0.0099 0.9979
vn 0.0282 -0.0258 0.9993
vn 0.0351 -0.0047 0.9994
vn -0.0147 -0.0819 0.9965
vn -0.0556 -0.3505 0.9349
vn -0.0366 -0.6939 0.7192
vn -0.0121 -0.7059 0.7082
vn 0.0127 -0.7084 0.7057
vn 0.0433 -0.7010 0.7118
vn 0.0856 -0.6856 0.7230
vn 0.1582 -0.3231 0.9330
vn 0.1562 -0.0531 0.9863
vn 0.1527 -0.0078 0.9882
vn 0.0680 -0.0008 0.9977
vn 0.1522 -0.0006 0.9884
vn 0.0373 -0.0019 0.9993
vn -0.1294 -0.1174 0.9846
vn -0.1073 -0.2810 0.9537
vn -0.0239 -0.2926 0.9559
vn -0.0310 -0.1237 0.9918
vn -0.0680 -0.6508 0.7562
vn -0.0153 -0.6700 0.7422
vn 0.0421 -0.2946 0.9547
vn 0.0451 -0.1260 0.9910
vn 0.0266 -0.6615 0.7495
vn -0.3404 -0.0427 0.9393
vn -0.3112 -0.1059 0.9444
vn -0.1452 -0.0496 0.9882
vn -0.2748 -0.2711 0.9225
vn -0.1986 -0.6537 0.7302
vn -0.0759 -0.9161 0.3937
vn -0.0311 -0.9277 0.3722
vn -0.0065 -0.9322 0.3619
vn 0.0140 -0.9292 0.3693
vn 0.0469 -0.9193 0.3908
vn 0.1189 -0.6757 0.7275
vn 0.1482 -0.3025 0.9416
vn 0.1488 -0.1269 0.9807
vn 0.0443 -0.0540 0.9976
vn 0.1485 -0.0539 0.9875
vn -0.0372 -0.0529 0.9979
vn -0.3399 -0.0427 0.9395
vn -0.3109 -0.1058 0.9445
vn -0.2747 -0.2709 0.9226
vn -0.1986 -0.6536 0.7303
vn -0.0756 -0.9161 0.3938
vn -0.0287 -0.9275 0.3728
vn -0.0272 -0.7780 0.6276
vn 0.0000 -0.7647 0.6444
vn 0.0001 -0.9325 0.3613
vn -0.0277 -0.9342 0.3557
vn 0.0279 -0.7795 0.6258
vn 0.0281 -0.9347 0.3544
vn 0.0257 -0.9714 0.2362
vn -0.0196 -0.4499 0.8928
vn -0.0000 -0.4392 0.8984
vn 0.0202 -0.4507 0.8925
vn 0.0841 -0.3812 0.9206
vn 0.1132 -0.7609 0.6389
vn 0.1194 -0.9103 0.3964
vn 0.1146 -0.9348 0.3361
vn -0.1166 -0.9084 0.4016
vn -0.6043 -0.0530 0.7950
vn -0.5209 -0.1961 0.8308
vn -0.6098 -0.2513 0.7516
vn -0.6797 -0.0701 0.7301
vn -0.3363 -0.5196 0.7855
vn -0.3979 -0.6672 0.6296
vn -0.4977 -0.2679 0.8249
vn -0.5507 -0.0886 0.8300
vn -0.3406 -0.6797 0.6496
vn -0.6485 -0.0149 0.7611
vn -0.1155 -0.7636 0.6352
vn -0.1207 -0.9111 0.3940
vn -0.1151 -0.9350 0.3355
vn -0.5884 -0.0315 0.8079
vn -0.7185 -0.0210 0.6952
vn -0.0032 -0.7228 0.6911
vn 0.0137 -0.7127 0.7014
vn 0.0097 -0.8819 0.4714
vn -0.0149 -0.8732 0.4871
vn 0.0422 -0.7042 0.7087
vn 0.0429 -0.8761 0.4803
vn 0.0078 -0.9114 0.4114
vn -0.0181 -0.9044 0.4263
vn 0.0392 -0.9096 0.4136
vn 0.0086 -0.4600 0.8879
vn -0.0320 -0.6915 0.7217
vn 0.0138 -0.4184 0.9081
vn 0.0290 -0.3896 0.9205
vn 0.1206 -0.6073 0.7853
vn 0.1391 -0.7836 0.6054
vn 0.1331 -0.7781 0.6139
vn -0.0647 -0.7793 0.6233
vn -0.0594 -0.7949 0.6038
vn -0.5698 -0.2487 0.7832
vn 0.4574 0.1945 0.8678
vn 0.1039 0.8444 0.5256
vn 0.1960 0.6648 0.7208
vn -0.1091 -0.7546 0.6471
vn -0.1169 -0.9081 0.4020
vn -0.1138 -0.9344 0.3377
vn -0.0310 -0.7772 0.6285
vn -0.0124 -0.7660 0.6428
vn -0.0076 -0.9308 0.3654
vn -0.0302 -0.9333 0.3579
vn -0.0023 -0.7904 0.6126
vn 0.0097 -0.9328 0.3603
vn -0.0046 -0.9708 0.2398
vn -0.0272 -0.9709 0.2378
vn 0.0149 -0.9701 0.2422
vn -0.0232 -0.4517 0.8919
vn -0.0135 -0.4541 0.8909
vn -0.0124 -0.5130 0.8583
vn 0.0388 -0.8037 0.5938
vn 0.0655 -0.9146 0.3989
vn 0.0755 -0.9369 0.3414
vn 0.2840 0.1327 0.9496
vn 0.2633 0.3409 0.9025
vn 0.3487 0.3460 0.8710
vn 0.3591 0.1305 0.9241
vn 0.1662 0.7006 0.6939
vn 0.2333 0.7444 0.6257
vn 0.2888 0.3286 0.8992
vn 0.2878 0.1289 0.9490
vn 0.2108 0.7263 0.6543
vn 0.1518 0.0544 0.9869
vn 0.1480 0.1312 0.9802
vn 0.2858 0.0531 0.9568
vn 0.1292 0.3138 0.9407
vn 0.0763 0.6118 0.7874
vn 0.1179 0.6869 0.7171
vn 0.1482 0.3062 0.9404
vn 0.1488 0.1277 0.9806
vn 0.2856 0.0528 0.9569
vn 0.1485 0.0540 0.9874
vn 0.3577 0.0518 0.9324
vn 0.3033 0.5557 0.7741
vn 0.0474 -0.0865 0.9951
vn -0.0355 -0.2206 0.9747
vn -0.0490 -0.1805 0.9824
vn 0.0619 -0.0643 0.9960
vn -0.0603 -0.4983 0.8649
vn -0.0970 -0.5156 0.8513
vn -0.0364 -0.1282 0.9911
vn 0.0507 -0.0429 0.9978
vn -0.0907 -0.4651 0.8806
vn 0.1221 -0.0364 0.9919
vn 0.1226 -0.0175 0.9923
vn 0.1555 -0.0268 0.9875
vn -0.0282 -0.7801 0.6250
vn -0.0001 -0.9325 0.3612
vn -0.0282 -0.9349 0.3538
vn 0.0273 -0.7780 0.6277
vn 0.0277 -0.9342 0.3557
vn -0.0258 -0.9714 0.2360
vn -0.0204 -0.4510 0.8923
vn 0.0196 -0.4499 0.8928
vn 0.1086 -0.7550 0.6466
vn 0.1166 -0.9084 0.4016
vn 0.2837 0.0113 0.9588
vn 0.2728 0.0743 0.9592
vn 0.3562 0.0992 0.9291
vn 0.3579 0.0143 0.9337
vn 0.2267 0.3396 0.9129
vn 0.2947 0.4802 0.8262
vn 0.2928 0.0843 0.9524
vn 0.2872 0.0119 0.9578
vn 0.2555 0.4601 0.8503
vn 0.1484 0.0005 0.9889
vn 0.1463 0.0058 0.9892
vn 0.2856 0.0008 0.9583
vn 0.1359 0.0356 0.9901
vn 0.1076 0.1373 0.9847
vn 0.1582 0.3378 0.9278
vn 0.1563 0.0539 0.9862
vn 0.1527 0.0079 0.9882
vn 0.2859 0.0008 0.9583
vn 0.1522 0.0006 0.9884
vn 0.3577 0.0010 0.9338
vn 0.5807 0.0536 0.8124
vn 0.5008 0.1998 0.8422
vn 0.5982 0.2562 0.7593
vn 0.6666 0.0710 0.7420
vn 0.3274 0.5693 0.7541
vn 0.3901 0.6941 0.6050
vn 0.4942 0.2718 0.8257
vn 0.5467 0.0893 0.8326
vn 0.3365 0.6950 0.6354
vn 0.3881 0.0098 0.9216
vn 0.3492 0.0323 0.9365
vn 0.6247 0.0152 0.7807
vn 0.2843 0.1092 0.9525
vn 0.1858 0.2901 0.9388
vn 0.1965 0.6649 0.7206
vn 0.2744 0.2744 0.9216
vn 0.3105 0.1064 0.9446
vn 0.5844 0.0317 0.8108
vn 0.3396 0.0428 0.9396
vn 0.7058 0.0214 0.7081
vn 0.0251 0.8786 0.4768
vn -0.0001 0.8744 0.4851
vn -0.0001 0.9662 0.2580
vn 0.0253 0.9658 0.2581
vn -0.0259 0.8803 0.4737
vn -0.0258 0.9662 0.2564
vn 0.0232 0.9810 0.1926
vn -0.0233 0.9811 0.1921
vn -0.1100 0.8516 0.5125
vn -0.1153 0.9413 0.3172
vn -0.1104 0.9482 0.2980
vn -0.0714 0.9261 0.3704
vn 0.0272 -0.7781 0.6276
vn -0.6001 0.0051 0.7999
vn -0.6078 0.0000 0.7941
vn -0.7090 0.0000 0.7052
vn -0.7016 0.0072 0.7125
vn -0.6001 -0.0051 0.7999
vn -0.7016 -0.0072 0.7125
vn -0.6074 0.0000 0.7944
vn -0.5996 0.0110 0.8002
vn -0.5996 -0.0110 0.8002
vn -0.3403 0.0100 0.9403
vn -0.3598 0.0033 0.9330
vn -0.5760 0.0158 0.8173
vn -0.3662 0.0000 0.9306
vn -0.3598 -0.0033 0.9330
vn -0.3578 -0.0154 0.9337
vn -0.3641 0.0000 0.9313
vn -0.3578 0.0154 0.9337
vn -0.5757 0.0319 0.8170
vn -0.3388 0.0428 0.9399
vn -0.6784 0.0220 0.7344
vn 0.3242 -0.5132 0.7947
vn 0.4993 -0.1937 0.8445
vn 0.5970 -0.2506 0.7621
vn 0.3901 -0.6654 0.6364
vn 0.5805 -0.0531 0.8125
vn 0.6665 -0.0704 0.7422
vn 0.4938 -0.2677 0.8273
vn 0.3381 -0.6794 0.6512
vn 0.5466 -0.0887 0.8327
vn 0.1840 -0.2518 0.9501
vn 0.2838 -0.1050 0.9531
vn 0.3492 -0.0320 0.9365
vn 0.3881 -0.0098 0.9216
vn 0.6247 -0.0152 0.7807
vn 0.7058 -0.0213 0.7081
vn 0.5844 -0.0316 0.8108
vn 0.2223 -0.2907 0.9306
vn 0.2721 -0.0717 0.9596
vn 0.3552 -0.0963 0.9298
vn 0.2917 -0.4375 0.8506
vn 0.2837 -0.0112 0.9589
vn 0.3579 -0.0142 0.9337
vn 0.2923 -0.0825 0.9528
vn 0.2549 -0.4341 0.8640
vn 0.2871 -0.0118 0.9578
vn 0.2856 -0.0008 0.9583
vn 0.3577 -0.0010 0.9338
vn 0.2859 -0.0008 0.9583
vn -0.3388 0.0100 0.9408
vn -0.3581 0.0033 0.9337
vn -0.3644 0.0000 0.9312
vn -0.3581 -0.0033 0.9337
vn -0.3641 0.0000 0.9314
vn 0.1685 0.0133 0.9856
vn 0.1839 0.0000 0.9830
vn 0.2328 0.0000 0.9725
vn 0.2136 0.0098 0.9769
vn 0.1685 -0.0133 0.9856
vn 0.2136 -0.0098 0.9769
vn 0.1839 0.0000 0.9829
vn 0.1685 0.0064 0.9857
vn 0.1685 -0.0064 0.9857
vn 0.0643 0.0447 0.9969
vn 0.0887 0.0163 0.9959
vn 0.1221 0.0365 0.9919
vn 0.0968 0.0000 0.9953
vn 0.0887 -0.0163 0.9959
vn 0.0887 -0.0036 0.9961
vn 0.0969 0.0000 0.9953
vn 0.0887 0.0036 0.9961
vn 0.1226 0.0176 0.9923
vn 0.0647 0.0100 0.9979
vn 0.1555 0.0269 0.9875
vn 0.3000 -0.4999 0.8125
vn 0.4560 -0.1885 0.8698
vn 0.5698 -0.2487 0.7832
vn 0.3736 -0.6613 0.6505
vn 0.5325 -0.0532 0.8448
vn 0.6383 -0.0711 0.7665
vn 0.4854 -0.2672 0.8325
vn 0.3327 -0.6787 0.6547
vn 0.5378 -0.0889 0.8384
vn 0.5760 -0.0157 0.8173
vn 0.6784 -0.0219 0.7344
vn 0.5757 -0.0318 0.8170
vn 0.1566 -0.6516 0.7422
vn 0.2602 -0.3314 0.9069
vn 0.3462 -0.3391 0.8747
vn 0.2274 -0.7179 0.6579
vn 0.2836 -0.1315 0.9499
vn 0.3588 -0.1296 0.9244
vn 0.2879 -0.3238 0.9013
vn 0.2097 -0.7109 0.6713
vn 0.2877 -0.1281 0.9491
vn 0.2858 -0.0530 0.9568
vn 0.3577 -0.0517 0.9324
vn 0.2856 -0.0526 0.9569
vn -0.3595 -0.0154 0.9330
vn -0.3659 0.0000 0.9307
vn -0.3595 0.0154 0.9330
vn -0.3404 0.0428 0.9393
vn 0.5698 -0.2487 0.7833
vn -0.6720 0.0047 0.7405
vn -0.6794 0.0000 0.7337
vn -0.7475 0.0000 0.6642
vn -0.7405 0.0068 0.6720
vn -0.6720 -0.0047 0.7405
vn -0.7405 -0.0068 0.6720
vn -0.6199 0.0000 0.7847
vn -0.6121 0.0109 0.7907
vn -0.6121 -0.0109 0.7907
vn -0.4126 0.0097 0.9108
vn -0.4344 0.0032 0.9007
vn -0.6485 0.0149 0.7611
vn -0.4414 0.0000 0.8973
vn -0.4344 -0.0032 0.9007
vn -0.3589 -0.0154 0.9333
vn -0.3652 0.0000 0.9309
vn -0.3589 0.0154 0.9333
vn -0.5884 0.0316 0.8079
vn -0.3399 0.0428 0.9395
vn -0.7185 0.0211 0.6952
vn -0.1424 0.0181 0.9896
vn -0.1453 0.0000 0.9894
vn -0.0000 0.0000 1.0000
vn -0.0000 0.0189 0.9998
vn -0.1424 -0.0180 0.9896
vn 0.1453 0.0000 0.9894
vn 0.1424 0.0181 0.9896
vn 0.1424 -0.0180 0.9896
vn -0.1337 0.0495 0.9898
vn 0.3578 -0.0154 0.9337
vn 0.3641 0.0000 0.9313
vn 0.3578 0.0154 0.9337
vn 0.1337 0.0495 0.9898
vn 0.0000 0.0515 0.9987
vn -0.1552 0.0181 0.9877
vn -0.1585 0.0000 0.9874
vn -0.0428 0.0000 0.9991
vn -0.0414 0.0194 0.9990
vn -0.1552 -0.0181 0.9877
vn -0.0414 -0.0194 0.9990
vn 0.0427 0.0000 0.9991
vn 0.0431 0.0198 0.9989
vn 0.0431 -0.0198 0.9989
vn -0.1452 0.0498 0.9881
vn 0.1484 -0.0197 0.9887
vn 0.1484 0.0000 0.9889
vn 0.1484 0.0198 0.9887
vn 0.0443 0.0542 0.9976
vn -0.0372 0.0530 0.9979
vn 0.0452 0.0016 0.9990
vn 0.0487 0.0000 0.9988
vn 0.0429 0.0000 0.9991
vn 0.0415 0.0006 0.9991
vn 0.0452 -0.0016 0.9990
vn 0.0415 -0.0006 0.9991
vn 0.0697 0.0000 0.9976
vn 0.0693 0.0001 0.9976
vn 0.0692 -0.0001 0.9976
vn 0.0351 0.0047 0.9994
vn 0.1523 -0.0000 0.9883
vn 0.0680 0.0008 0.9977
vn 0.0373 0.0019 0.9993
vn -0.1424 -0.0180 0.9897
vn 0.1424 -0.0180 0.9897
vn 0.3585 -0.0154 0.9334
vn 0.3649 0.0000 0.9310
vn 0.3585 0.0154 0.9334
vn -0.0049 0.0000 1.0000
vn -0.0048 -0.0000 1.0000
vn -0.0250 0.0001 0.9997
vn -0.0255 -0.0000 0.9997
vn -0.0842 0.0000 0.9965
vn -0.0825 0.0006 0.9966
vn -0.0250 -0.0001 0.9997
vn -0.0825 -0.0006 0.9966
vn -0.2067 0.0000 0.9784
vn -0.2027 0.0016 0.9792
vn -0.2027 -0.0016 0.9792
vn 0.0045 0.0000 1.0000
vn -0.0234 0.0004 0.9997
vn 0.0044 -0.0000 1.0000
vn -0.1903 0.0047 0.9817
vn -0.0773 0.0016 0.9970
vn 0.1425 0.0017 0.9898
vn -0.0000 0.0011 1.0000
vn 0.1425 -0.0017 0.9898
vn 0.0000 -0.0011 1.0000
vn -0.1425 0.0017 0.9898
vn -0.1425 -0.0017 0.9898
vn 0.3581 0.0033 0.9337
vn 0.1336 0.0051 0.9910
vn 0.3644 0.0000 0.9312
vn 0.3581 -0.0033 0.9337
vn -0.1336 0.0051 0.9910
vn 0.0000 0.0032 1.0000
vn 0.0692 0.0198 0.9974
vn 0.0415 0.0194 0.9990
vn 0.0692 -0.0198 0.9974
vn 0.0415 -0.0194 0.9990
vn 0.0452 0.0183 0.9988
vn 0.0452 -0.0183 0.9988
vn 0.1523 0.0198 0.9881
vn 0.0676 0.0543 0.9962
vn 0.1524 0.0000 0.9883
vn 0.1523 -0.0197 0.9881
vn 0.0350 0.0501 0.9981
vn 0.0372 0.0530 0.9979
vn 0.0431 0.0001 0.9991
vn -0.0414 0.0006 0.9991
vn 0.0431 -0.0001 0.9991
vn -0.0414 -0.0006 0.9991
vn -0.1586 0.0000 0.9873
vn -0.1553 0.0016 0.9879
vn -0.1553 -0.0016 0.9879
vn 0.1485 0.0000 0.9889
vn 0.0443 0.0005 0.9990
vn -0.1451 0.0047 0.9894
vn -0.0371 0.0017 0.9993
vn 0.0622 0.1168 0.9912
vn 0.0931 0.0436 0.9947
vn 0.0000 0.0247 0.9997
vn -0.0000 0.0666 0.9978
vn 0.1177 0.0145 0.9929
vn -0.0000 0.0086 1.0000
vn -0.0931 0.0436 0.9947
vn -0.0622 0.1168 0.9912
vn -0.1177 0.0145 0.9929
vn -0.3038 0.0318 0.9522
vn -0.2470 0.1045 0.9634
vn -0.1637 0.2777 0.9466
vn -0.3033 0.5558 0.7741
vn -0.4574 0.1945 0.8678
vn -0.5710 0.2543 0.7806
vn -0.3738 0.6905 0.6193
vn -0.5326 0.0537 0.8447
vn -0.6384 0.0716 0.7664
vn -0.4858 0.2714 0.8309
vn -0.3311 0.6944 0.6389
vn -0.5379 0.0895 0.8383
vn -0.3098 0.1064 0.9448
vn -0.2737 0.2743 0.9219
vn -0.1960 0.6649 0.7208
vn -0.4573 0.1945 0.8678
vn -0.3312 0.6944 0.6389
vn 0.0349 0.0555 0.9978
vn 0.0428 0.0145 0.9990
vn -0.0210 0.0155 0.9997
vn -0.0119 0.0469 0.9988
vn 0.0452 0.0029 0.9990
vn -0.0301 0.0048 0.9995
vn -0.0999 0.0419 0.9941
vn -0.0660 0.1129 0.9914
vn -0.1271 0.0138 0.9918
vn -0.3051 0.0317 0.9518
vn -0.2479 0.1044 0.9631
vn -0.1642 0.2776 0.9466
vn 0.0272 0.5518 0.8335
vn 0.0506 0.2899 0.9557
vn 0.0204 0.2759 0.9610
vn 0.0105 0.5232 0.8522
vn 0.0631 0.1275 0.9898
vn 0.0300 0.1233 0.9919
vn 0.0051 0.2661 0.9639
vn 0.0004 0.5179 0.8555
vn 0.0196 0.1170 0.9929
vn 0.0263 0.1055 0.9941
vn -0.0125 0.2530 0.9674
vn -0.0227 0.5288 0.8484
vn -0.0122 0.0074 0.9999
vn -0.0168 0.0029 0.9999
vn -0.0544 0.0139 0.9984
vn -0.0381 0.0360 0.9986
vn -0.0207 0.0010 0.9998
vn -0.0680 0.0047 0.9977
vn -0.1334 0.0446 0.9901
vn -0.0888 0.1178 0.9891
vn -0.1680 0.0143 0.9857
vn 0.0062 0.0007 1.0000
vn 0.0056 0.0003 1.0000
vn 0.0051 0.0001 1.0000
vn -0.3720 0.0325 0.9277
vn -0.3030 0.1115 0.9464
vn -0.1965 0.2961 0.9347
vn -0.0065 0.0007 1.0000
vn -0.0059 0.0003 1.0000
vn -0.0054 0.0001 1.0000
vn -0.0619 0.6601 0.7486
vn -0.0998 0.2829 0.9540
vn 0.0000 0.2903 0.9569
vn 0.0000 0.6762 0.7367
vn -0.1198 0.1173 0.9858
vn 0.0000 0.1212 0.9926
vn 0.0998 0.2829 0.9540
vn 0.0619 0.6601 0.7486
vn 0.1198 0.1173 0.9858
vn 0.0000 0.6762 0.7368
vn -0.0081 0.2777 0.9606
vn 0.0032 0.0554 0.9985
vn 0.0249 0.0431 0.9988
vn 0.0193 0.2719 0.9621
vn 0.0199 0.0145 0.9997
vn 0.0313 0.0085 0.9995
vn 0.0650 0.0407 0.9971
vn 0.0597 0.2547 0.9652
vn 0.0663 0.0065 0.9978
vn -0.0561 0.3656 0.9291
vn -0.0148 0.0832 0.9964
vn 0.0282 0.0259 0.9993
vn -0.0668 0.6619 0.7466
vn -0.1071 0.2844 0.9527
vn -0.0239 0.2962 0.9548
vn -0.0151 0.6812 0.7320
vn -0.1294 0.1181 0.9845
vn -0.0310 0.1245 0.9917
vn 0.0420 0.2982 0.9536
vn 0.0258 0.6724 0.7397
vn 0.0451 0.1267 0.9909
vn -0.1967 0.6651 0.7204
vn -0.2747 0.2745 0.9215
vn -0.3111 0.1065 0.9444
vn -0.1967 0.6650 0.7205
vn -0.2747 0.2744 0.9216
vn -0.3109 0.1064 0.9445
vn -0.3394 0.5757 0.7439
vn -0.5225 0.2024 0.8283
vn -0.6110 0.2569 0.7487
vn -0.3978 0.6957 0.5981
vn -0.6044 0.0535 0.7949
vn -0.6798 0.0706 0.7300
vn -0.4981 0.2720 0.8233
vn -0.3390 0.6953 0.6338
vn -0.5507 0.0892 0.8299
vn -0.0703 0.5565 0.8278
vn -0.0380 0.2282 0.9729
vn -0.0513 0.1855 0.9813
vn -0.1048 0.5572 0.8237
vn 0.0471 0.0873 0.9951
vn 0.0617 0.0648 0.9960
vn -0.0372 0.1308 0.9907
vn -0.0938 0.4918 0.8656
vn 0.0506 0.0432 0.9978
vn 0.6485 -0.0048 0.7612
vn 0.6561 0.0000 0.7547
vn 0.7354 0.0000 0.6776
vn 0.7283 -0.0069 0.6853
vn 0.6485 0.0048 0.7612
vn 0.7283 0.0069 0.6852
vn 0.6160 0.0000 0.7878
vn 0.6082 -0.0109 0.7937
vn 0.6082 0.0109 0.7937
vn 0.4092 -0.0032 0.9125
vn 0.4159 0.0000 0.9094
vn 0.4092 0.0032 0.9125
vn 0.2858 0.0000 0.9583
vn 0.3577 -0.0000 0.9338
vn 0.6001 -0.0051 0.7999
vn 0.6078 0.0000 0.7941
vn 0.7090 0.0000 0.7052
vn 0.7016 -0.0072 0.7125
vn 0.6001 0.0051 0.7999
vn 0.7016 0.0072 0.7125
vn 0.6074 0.0000 0.7944
vn 0.5996 -0.0110 0.8002
vn 0.5996 0.0110 0.8002
vn 0.2859 -0.0192 0.9581
vn 0.2859 0.0000 0.9583
vn 0.3576 -0.0187 0.9337
vn 0.2859 0.0192 0.9581
vn 0.3576 0.0187 0.9337
vn 0.2857 0.0000 0.9583
vn 0.2856 -0.0191 0.9582
vn 0.2856 0.0192 0.9582
vn 0.7275 0.0000 0.6861
vn 0.3448 -0.0000 0.9387
vn 0.0844 -0.0000 0.9964
vn 0.7257 -0.0186 0.6878
vn 0.0842 -0.0262 0.9961
vn 0.3436 -0.0244 0.9388
vn 0.7106 0.1424 0.6891
vn 0.6247 0.5024 0.5978
vn 0.2780 0.5822 0.7640
vn 0.3334 0.1798 0.9255
vn 0.4239 0.8352 0.3504
vn 0.1601 0.9014 0.4023
vn 0.0655 0.6122 0.7880
vn 0.0817 0.1928 0.9778
vn 0.0346 0.9173 0.3966
vn 0.7262 0.0133 0.6874
vn 0.2207 0.9635 0.1516
vn 0.0761 0.9854 0.1523
vn 0.0166 0.9887 0.1487
vn 0.0842 0.0187 0.9963
vn 0.3439 0.0174 0.9388
vn 0.1576 0.9861 -0.0517
vn 0.0523 0.9972 -0.0529
vn 0.0481 0.9988 -0.0000
vn 0.1564 0.9877 0.0000
vn 0.0115 0.9986 -0.0518
vn 0.0104 0.9999 -0.0000
vn 0.0523 0.9972 0.0529
vn 0.1576 0.9861 0.0517
vn 0.0115 0.9986 0.0518
vn 0.0833 0.1160 0.9897
vn 0.1244 0.0439 0.9913
vn 0.0510 0.0138 0.9986
vn 0.0358 0.0357 0.9987
vn 0.1564 0.0142 0.9876
vn 0.0638 0.0047 0.9980
vn 0.0160 0.0028 0.9999
vn 0.0116 0.0074 0.9999
vn 0.0197 0.0010 0.9998
vn 0.0463 0.1831 0.9820
vn 0.1772 0.0047 0.9842
vn 0.0724 0.0016 0.9974
vn 0.0223 0.0004 0.9998
vn 0.0073 0.0104 0.9999
vn 0.0218 0.0507 0.9985
vn -0.8015 -0.0000 -0.5979
vn -0.4021 -0.0000 -0.9156
vn -0.0940 0.0000 -0.9956
vn 0.1888 0.0016 0.9820
vn 0.1926 0.0000 0.9813
vn 0.0789 0.0000 0.9969
vn 0.0773 0.0006 0.9970
vn 0.1888 -0.0016 0.9820
vn 0.0773 -0.0006 0.9970
vn 0.0243 -0.0000 0.9997
vn 0.0238 0.0001 0.9997
vn 0.0238 -0.0001 0.9997
vn 0.1772 -0.0047 0.9842
vn 0.0724 -0.0016 0.9974
vn 0.0223 -0.0004 0.9998
vn -0.7996 -0.0161 -0.6004
vn -0.0938 -0.0262 -0.9952
vn -0.4005 -0.0237 -0.9160
vn 0.0012 0.0140 0.9999
vn 0.0055 0.0452 0.9990
vn 0.0038 0.0181 0.9998
vn 0.0009 0.0058 1.0000
vn 0.0188 0.1148 0.9932
vn 0.0106 0.0370 0.9993
vn 0.0014 0.0043 1.0000
vn 0.0003 0.0014 1.0000
vn 0.0038 0.0080 1.0000
vn 0.0001 -0.0247 0.9997
vn 0.0001 -0.0258 0.9997
vn 0.1564 -0.0140 0.9876
vn 0.1243 -0.0419 0.9914
vn 0.0510 -0.0131 0.9986
vn 0.0638 -0.0046 0.9980
vn 0.0831 -0.0988 0.9916
vn 0.0358 -0.0294 0.9989
vn 0.0160 -0.0027 0.9999
vn 0.0197 -0.0010 0.9998
vn 0.0116 -0.0060 0.9999
vn 0.0453 -0.1323 0.9902
vn 0.0216 -0.0361 0.9991
vn 0.0073 -0.0074 0.9999
vn -0.7847 0.1253 -0.6071
vn -0.7035 0.4638 -0.5385
vn -0.3273 0.5711 -0.7528
vn -0.3877 0.1751 -0.9050
vn -0.5152 0.7928 -0.3255
vn -0.1956 0.8940 -0.4031
vn -0.0730 0.6111 -0.7882
vn -0.0909 0.1925 -0.9771
vn -0.0387 0.9169 -0.3973
vn -0.8001 0.0114 -0.5997
vn -0.0938 0.0187 -0.9954
vn -0.4009 0.0169 -0.9160
vn -0.2017 -0.9782 -0.0493
vn -0.0613 -0.9968 -0.0512
vn -0.0564 -0.9984 -0.0000
vn -0.2009 -0.9796 -0.0000
vn -0.0123 -0.9987 -0.0500
vn -0.0112 -0.9999 -0.0000
vn -0.0613 -0.9968 0.0512
vn -0.2017 -0.9782 0.0493
vn -0.0123 -0.9987 0.0500
vn -0.4993 -0.8606 -0.1000
vn -0.2792 -0.9497 -0.1420
vn -0.5050 -0.8617 -0.0495
vn -0.0889 -0.9854 -0.1455
vn -0.0177 -0.9898 -0.1413
vn -0.0177 -0.9898 0.1413
vn -0.0889 -0.9854 0.1455
vn -0.2792 -0.9497 0.1420
vn -0.5050 -0.8617 0.0495
vn -0.4994 -0.8606 0.1000
vn -0.5062 -0.8624 0.0000
vn 0.0001 0.0177 0.9998
vn 0.0001 0.0184 0.9998
vn -0.0000 -0.9352 0.3542
vn 0.0000 -0.6793 0.7339
vn 0.0000 -0.2466 0.9691
vn -0.0079 -0.2461 0.9692
vn -0.0059 -0.6784 0.7347
vn -0.0030 -0.9349 0.3549
vn -0.4875 -0.8193 -0.3017
vn -0.6841 -0.5180 -0.5134
vn -0.3136 -0.6291 -0.7112
vn -0.1798 -0.9128 -0.3667
vn -0.7789 -0.1607 -0.6062
vn -0.3833 -0.2206 -0.8969
vn -0.0689 -0.6695 -0.7396
vn -0.0354 -0.9321 -0.3606
vn -0.0899 -0.2418 -0.9662
vn -0.7262 -0.6641 -0.1781
vn -0.9068 -0.3427 -0.2456
vn -0.9622 -0.0889 -0.2575
vn -0.0079 -0.2461 -0.9692
vn -0.0059 -0.6784 -0.7347
vn -0.0030 -0.9349 -0.3549
vn 0.0000 -0.9352 -0.3542
vn -0.0000 -0.6793 -0.7339
vn -0.0000 -0.2466 -0.9691
vn 0.0076 -0.2462 -0.9692
vn 0.0057 -0.6784 -0.7347
vn 0.0029 -0.9349 -0.3549
vn 0.3952 -0.8603 0.3220
vn 0.6036 -0.5590 0.5684
vn 0.2650 -0.6407 0.7206
vn 0.1467 -0.9193 0.3653
vn 0.7044 -0.1815 0.6862
vn 0.3295 -0.2262 0.9166
vn 0.0618 -0.6706 0.7392
vn 0.0317 -0.9325 0.3599
vn 0.0808 -0.2423 0.9668
vn 0.6229 -0.7542 0.2081
vn 0.8477 -0.4277 0.3137
vn 0.9308 -0.1198 0.3453
vn 0.0076 -0.2462 0.9692
vn 0.0057 -0.6784 0.7347
vn 0.0029 -0.9349 0.3548
vn -0.0354 -0.9321 0.3606
vn -0.0689 -0.6695 0.7396
vn -0.3136 -0.6291 0.7113
vn -0.1798 -0.9128 0.3667
vn -0.0899 -0.2418 0.9662
vn -0.3833 -0.2205 0.8969
vn -0.6842 -0.5180 0.5134
vn -0.4875 -0.8194 0.3017
vn -0.7789 -0.1607 0.6062
vn -0.9622 -0.0889 0.2575
vn -0.9068 -0.3427 0.2455
vn -0.7261 -0.6641 0.1781
vn 0.7253 -0.6828 -0.0877
vn 0.9336 -0.3365 -0.1233
vn 0.9492 -0.3147 0.0000
vn 0.7348 -0.6783 0.0000
vn 0.9878 -0.0875 -0.1285
vn 0.9968 -0.0799 -0.0000
vn 0.9336 -0.3365 0.1233
vn 0.7253 -0.6828 0.0877
vn 0.9878 -0.0875 0.1285
vn 0.6229 -0.7542 -0.2081
vn 0.8477 -0.4277 -0.3137
vn 0.9308 -0.1198 -0.3453
vn 0.0317 -0.9325 -0.3599
vn 0.0618 -0.6706 -0.7392
vn 0.2650 -0.6407 -0.7206
vn 0.1467 -0.9193 -0.3653
vn 0.0808 -0.2423 -0.9668
vn 0.3295 -0.2262 -0.9166
vn 0.6036 -0.5590 -0.5684
vn 0.3952 -0.8603 -0.3220
vn 0.7044 -0.1815 -0.6862
vn -0.8243 -0.5617 0.0704
vn -0.9648 -0.2474 0.0896
vn -0.9736 -0.2282 -0.0000
vn -0.8305 -0.5570 0.0000
vn -0.9941 -0.0613 0.0900
vn -0.9985 -0.0556 0.0000
vn -0.9648 -0.2474 -0.0896
vn -0.8243 -0.5617 -0.0704
vn -0.9941 -0.0613 -0.0900
vn 0.0185 -0.0733 0.9971
vn 0.0054 -0.0287 0.9996
vn 0.0038 -0.0115 0.9999
vn 0.0105 -0.0238 0.9997
vn 0.0012 -0.0090 1.0000
vn 0.0009 -0.0038 1.0000
vn 0.0014 -0.0027 1.0000
vn 0.0038 -0.0052 1.0000
vn 0.0003 -0.0009 1.0000
vn 0.0164 -0.1324 0.9911
vn 0.0046 -0.0486 0.9988
vn 0.0010 -0.0147 0.9999
vn -0.0081 -0.0001 1.0000
vn -0.0080 -0.0003 1.0000
vn -0.0076 -0.0005 1.0000
vn 0.0079 -0.0001 1.0000
vn 0.0077 -0.0003 1.0000
vn 0.0073 -0.0005 1.0000
vn -0.0072 -0.1678 0.9858
vn -0.0023 -0.0625 0.9980
vn 0.0000 -0.0673 0.9977
vn 0.0000 -0.1786 0.9839
vn -0.0005 -0.0188 0.9998
vn 0.0000 -0.0203 0.9998
vn 0.0024 -0.0626 0.9980
vn 0.0075 -0.1682 0.9857
vn 0.0005 -0.0189 0.9998
vn -0.0148 -0.1314 0.9912
vn -0.0041 -0.0486 0.9988
vn -0.0009 -0.0148 0.9999
vn 0.0136 -0.0769 0.9969
vn 0.0037 -0.0311 0.9995
vn 0.0000 -0.0227 0.9997
vn 0.0000 -0.0458 0.9989
vn 0.0008 -0.0098 1.0000
vn 0.0000 -0.0075 1.0000
vn -0.0037 -0.0311 0.9995
vn -0.0136 -0.0769 0.9969
vn -0.0008 -0.0098 1.0000
vn 0.0148 -0.1314 0.9912
vn 0.0041 -0.0486 0.9988
vn 0.0009 -0.0148 0.9999
vn -0.0022 -0.0625 0.9980
vn -0.0000 -0.1785 0.9839
vn 0.0022 -0.0625 0.9980
vn 0.0072 -0.1678 0.9858
vn 0.0005 -0.0188 0.9998
vn -0.0149 -0.1313 0.9912
vn -0.0042 -0.0486 0.9988
vn 0.0107 -0.0583 0.9982
vn 0.0031 -0.0261 0.9997
vn -0.0006 -0.0204 0.9998
vn -0.0019 -0.0390 0.9992
vn 0.0007 -0.0085 1.0000
vn -0.0001 -0.0068 1.0000
vn -0.0039 -0.0306 0.9995
vn -0.0142 -0.0755 0.9970
vn -0.0008 -0.0097 1.0000
vn 0.0148 -0.1062 0.9942
vn 0.0042 -0.0422 0.9991
vn 0.0009 -0.0131 0.9999
vn 0.0090 -0.2201 0.9754
vn 0.0035 -0.0924 0.9957
vn 0.0037 -0.0764 0.9971
vn 0.0089 -0.1860 0.9825
vn 0.0008 -0.0290 0.9996
vn 0.0009 -0.0237 0.9997
vn 0.0039 -0.0600 0.9982
vn 0.0119 -0.1515 0.9884
vn 0.0009 -0.0184 0.9998
vn 0.0070 -0.2504 0.9681
vn 0.0027 -0.1061 0.9944
vn 0.0006 -0.0335 0.9994
vn -0.0003 -0.2801 0.9600
vn -0.0007 -0.1193 0.9929
vn 0.0006 -0.1192 0.9929
vn 0.0018 -0.2723 0.9622
vn -0.0002 -0.0376 0.9993
vn 0.0001 -0.0378 0.9993
vn 0.0015 -0.1149 0.9934
vn 0.0036 -0.2654 0.9641
vn 0.0003 -0.0364 0.9993
vn -0.0065 -0.2731 0.9620
vn -0.0026 -0.1126 0.9936
vn -0.0006 -0.0352 0.9994
vn -0.0099 -0.1720 0.9850
vn -0.0035 -0.0657 0.9978
vn -0.0037 -0.0810 0.9967
vn -0.0089 -0.2000 0.9798
vn -0.0008 -0.0200 0.9998
vn -0.0009 -0.0250 0.9997
vn -0.0039 -0.0980 0.9952
vn -0.0107 -0.2392 0.9709
vn -0.0009 -0.0306 0.9995
vn -0.0152 -0.1318 0.9912
vn -0.0043 -0.0489 0.9988
vn -0.0009 -0.0149 0.9999
vn -0.0076 -0.1683 0.9857
vn -0.0024 -0.0626 0.9980
vn -0.0005 -0.0189 0.9998
vn 0.0023 -0.0625 0.9980
vn -0.0169 -0.1330 0.9910
vn -0.0048 -0.0487 0.9988
vn -0.0010 -0.0147 0.9999
vn -0.0040 -0.0052 1.0000
vn -0.0015 -0.0027 1.0000
vn -0.0040 -0.0115 0.9999
vn -0.0111 -0.0239 0.9997
vn -0.0004 -0.0009 1.0000
vn -0.0009 -0.0038 1.0000
vn -0.0057 -0.0288 0.9996
vn -0.0194 -0.0737 0.9971
vn -0.0012 -0.0090 1.0000
usemtl Radiator_Material
s 1
f 3557/361/288 3558/362/289 3561/363/290 3560/364/291
f 3558/362/289 3559/365/292 3562/366/293 3561/363/290
f 3560/364/291 3561/363/290 3564/367/294 3563/368/295
f 3561/363/290 3562/366/293 3565/369/296 3564/367/294
f 737/370/297 788/371/298 3557/361/288 3554/372/299
f 788/371/298 789/373/300 3558/362/289 3557/361/288
f 789/373/300 790/374/301 3559/365/292 3558/362/289
f 790/374/301 322/375/302 791/376/303 3559/365/292
f 3559/365/292 791/376/303 792/377/304 3562/366/293
f 3562/366/293 792/377/304 793/378/305 3565/369/296
f 3565/369/296 793/378/305 324/379/306 3272/380/307
f 3564/367/294 3565/369/296 3272/380/307 3273/381/308
f 3563/368/295 3564/367/294 3273/381/308 3274/382/309
f 3556/383/310 3563/368/295 3274/382/309 738/384/311
f 3555/385/312 3560/364/291 3563/368/295 3556/383/310
f 3554/372/299 3557/361/288 3560/364/291 3555/385/312
f 3566/386/313 3567/387/314 3570/388/315 3569/389/316
f 3567/387/314 3568/390/317 3571/391/318 3570/388/315
f 3569/389/316 3570/388/315 3573/392/319 3572/393/320
f 3570/388/315 3571/391/318 3574/394/321 3573/392/319
f 782/395/322 3406/396/323 3566/386/313 3551/397/324
f 3406/396/323 3405/398/325 3567/387/314 3566/386/313
f 3405/398/325 3404/399/326 3568/390/317 3567/387/314
f 3404/399/326 665/400/327 800/401/328 3568/390/317
f 3568/390/317 800/401/328 801/402/329 3571/391/318
f 3571/391/318 801/402/329 802/403/330 3574/394/321
f 3574/394/321 802/403/330 328/404/331 3275/405/332
f 3573/392/319 3574/394/321 3275/405/332 3276/406/333
f 3572/393/320 3573/392/319 3276/406/333 3277/407/334
f 3553/408/335 3572/393/320 3277/407/334 739/409/336
f 3552/410/337 3569/389/316 3572/393/320 3553/408/335
f 3551/397/324 3566/386/313 3569/389/316 3552/410/337
f 3575/411/338 3576/412/339 3579/413/340 3578/414/341
f 3576/412/339 3577/415/342 3580/416/343 3579/413/340
f 3578/414/341 3579/413/340 3582/417/344 3581/418/345
f 3579/413/340 3580/416/343 3583/419/346 3582/417/344
f 739/409/336 3277/407/334 3575/411/338 3548/420/347
f 3277/407/334 3276/406/333 3576/412/339 3575/411/338
f 3276/406/333 3275/405/332 3577/415/342 3576/412/339
f 3275/405/332 328/404/331 809/421/348 3577/415/342
f 3577/415/342 809/421/348 810/422/349 3580/416/343
f 3580/416/343 810/422/349 811/423/350 3583/419/346
f 3583/419/346 811/423/350 326/424/351 3278/425/352
f 3582/417/344 3583/419/346 3278/425/352 3279/426/353
f 3581/418/345 3582/417/344 3279/426/353 3280/427/354
f 3550/428/355 3581/418/345 3280/427/354 740/429/356
f 3549/430/357 3578/414/341 3581/418/345 3550/428/355
f 3548/420/347 3575/411/338 3578/414/341 3549/430/357
f 3584/431/358 3585/432/359 3588/433/360 3587/434/361
f 3585/432/359 3586/435/362 3589/436/363 3588/433/360
f 3587/434/361 3588/433/360 3591/437/364 3590/438/365
f 3588/433/360 3589/436/363 3592/439/366 3591/437/364
f 784/440/367 3412/441/368 3584/431/358 3545/442/369
f 3412/441/368 3411/443/370 3585/432/359 3584/431/358
f 3411/443/370 3410/444/371 3586/435/362 3585/432/359
f 3410/444/371 678/445/372 818/446/373 3586/435/362
f 3586/435/362 818/446/373 819/447/374 3589/436/363
f 3589/436/363 819/447/374 820/448/375 3592/439/366
f 3592/439/366 820/448/375 322/449/302 790/450/301
f 3591/437/364 3592/439/366 790/450/301 789/451/300
f 3590/438/365 3591/437/364 789/451/300 788/452/298
f 3547/453/376 3590/438/365 788/452/298 737/454/297
f 3546/455/377 3587/434/361 3590/438/365 3547/453/376
f 3545/442/369 3584/431/358 3587/434/361 3546/455/377
f 3593/456/378 3594/457/379 3597/458/380 3596/459/381
f 3594/457/379 3595/460/382 3598/461/383 3597/458/380
f 3596/459/381 3597/458/380 3600/462/384 3599/463/385
f 3597/458/380 3598/461/383 3601/464/386 3600/462/384
f 667/465/387 2845/466/388 3593/456/378 2903/467/389
f 2845/466/388 2844/468/390 3594/457/379 3593/456/378
f 2844/468/390 2843/469/391 3595/460/382 3594/457/379
f 2843/469/391 327/470/392 808/471/393 3595/460/382
f 3595/460/382 808/471/393 807/472/394 3598/461/383
f 3598/461/383 807/472/394 806/473/395 3601/464/386
f 3601/464/386 806/473/395 325/474/396 817/475/397
f 3600/462/384 3601/464/386 817/475/397 816/476/398
f 3599/463/385 3600/462/384 816/476/398 815/477/399
f 2905/478/400 3599/463/385 815/477/399 666/479/401
f 2904/480/402 3596/459/381 3599/463/385 2905/478/400
f 2903/467/389 3593/456/378 3596/459/381 2904/480/402
f 3602/481/403 3603/482/404 3606/483/405 3605/484/406
f 3603/482/404 3604/485/407 3607/486/408 3606/483/405
f 3605/484/406 3606/483/405 3609/487/409 3608/488/410
f 3606/483/405 3607/486/408 3610/489/411 3609/487/409
f 679/490/412 2917/491/413 3602/481/403 2975/492/414
f 2917/491/413 2916/493/415 3603/482/404 3602/481/403
f 2916/493/415 2915/494/416 3604/485/407 3603/482/404
f 2915/494/416 324/495/306 793/496/305 3604/485/407
f 3604/485/407 793/496/305 792/497/304 3607/486/408
f 3607/486/408 792/497/304 791/498/303 3610/489/411
f 3610/489/411 791/498/303 322/499/302 820/500/375
f 3609/487/409 3610/489/411 820/500/375 819/501/374
f 3608/488/410 3609/487/409 819/501/374 818/502/373
f 2977/503/417 3608/488/410 818/502/373 678/504/372
f 2976/505/418 3605/484/406 3608/488/410 2977/503/417
f 2975/492/414 3602/481/403 3605/484/406 2976/505/418
f 3611/506/419 3612/507/419 3615/508/420 3614/509/420
f 3612/507/419 3613/510/419 3616/511/420 3615/508/420
f 3614/509/420 3615/508/420 3618/512/421 3617/513/421
f 3615/508/420 3616/511/420 3619/514/421 3618/512/421
f 665/515/327 2839/516/422 3611/506/419 2900/517/423
f 2839/516/422 2838/518/422 3612/507/419 3611/506/419
f 2838/518/422 2837/519/422 3613/510/419 3612/507/419
f 2837/519/422 368/520/422 1061/521/419 3613/510/419
f 3613/510/419 1061/521/419 1062/522/420 3616/511/420
f 3616/511/420 1062/522/420 1063/523/421 3619/514/421
f 3619/514/421 1063/523/421 389/524/424 1003/525/424
f 3618/512/421 3619/514/421 1003/525/424 1002/526/424
f 3617/513/421 3618/512/421 1002/526/424 1001/527/424
f 2902/528/425 3617/513/421 1001/527/424 668/529/426
f 2901/530/427 3614/509/420 3617/513/421 2902/528/425
f 2900/517/423 3611/506/419 3614/509/420 2901/530/427
f 3620/531/419 3621/532/419 3624/533/420 3623/534/420
f 3621/532/419 3622/535/419 3625/536/420 3624/533/420
f 3623/534/420 3624/533/420 3627/537/421 3626/538/421
f 3624/533/420 3625/536/420 3628/539/421 3627/537/421
f 368/520/422 940/540/422 3620/531/419 1061/521/419
f 940/540/422 939/541/422 3621/532/419 3620/531/419
f 939/541/422 938/542/422 3622/535/419 3621/532/419
f 938/542/422 367/543/422 1064/544/419 3622/535/419
f 3622/535/419 1064/544/419 1065/545/420 3625/536/420
f 3625/536/420 1065/545/420 1066/546/421 3628/539/421
f 3628/539/421 1066/546/421 390/547/424 1006/548/424
f 3627/537/421 3628/539/421 1006/548/424 1005/549/424
f 3626/538/421 3627/537/421 1005/549/424 1004/550/424
f 1063/523/421 3626/538/421 1004/550/424 389/524/424
f 1062/522/420 3623/534/420 3626/538/421 1063/523/421
f 1061/521/419 3620/531/419 3623/534/420 1062/522/420
f 3629/551/419 3630/552/419 3633/553/420 3632/554/420
f 3630/552/419 3631/555/419 3634/556/420 3633/553/420
f 3632/554/420 3633/553/420 3636/557/421 3635/558/421
f 3633/553/420 3634/556/420 3637/559/421 3636/557/421
f 367/543/422 937/560/422 3629/551/419 1064/544/419
f 937/560/422 936/561/422 3630/552/419 3629/551/419
f 936/561/422 935/562/422 3631/555/419 3630/552/419
f 935/562/422 366/563/422 1067/564/419 3631/555/419
f 3631/555/419 1067/564/419 1068/565/420 3634/556/420
f 3634/556/420 1068/565/420 1069/566/421 3637/559/421
f 3637/559/421 1069/566/421 391/567/424 1009/568/424
f 3636/557/421 3637/559/421 1009/568/424 1008/569/424
f 3635/558/421 3636/557/421 1008/569/424 1007/570/424
f 1066/546/421 3635/558/421 1007/570/424 390/547/424
f 1065/545/420 3632/554/420 3635/558/421 1066/546/421
f 1064/544/419 3629/551/419 3632/554/420 1065/545/420
f 3638/571/419 3639/572/419 3642/573/420 3641/574/420
f 3639/572/419 3640/575/419 3643/576/420 3642/573/420
f 3641/574/420 3642/573/420 3645/577/421 3644/578/421
f 3642/573/420 3643/576/420 3646/579/421 3645/577/421
f 366/563/422 934/580/422 3638/571/419 1067/564/419
f 934/580/422 933/581/422 3639/572/419 3638/571/419
f 933/581/422 932/582/422 3640/575/419 3639/572/419
f 932/582/422 365/583/422 1070/584/419 3640/575/419
f 3640/575/419 1070/584/419 1071/585/420 3643/576/420
f 3643/576/420 1071/585/420 1072/586/421 3646/579/421
f 3646/579/421 1072/586/421 392/587/424 1012/588/424
f 3645/577/421 3646/579/421 1012/588/424 1011/589/424
f 3644/578/421 3645/577/421 1011/589/424 1010/590/424
f 1069/566/421 3644/578/421 1010/590/424 391/567/424
f 1068/565/420 3641/574/420 3644/578/421 1069/566/421
f 1067/564/419 3638/571/419 3641/574/420 1068/565/420
f 3647/591/419 3648/592/419 3651/593/420 3650/594/420
f 3648/592/419 3649/595/419 3652/596/420 3651/593/420
f 3650/594/420 3651/593/420 3654/597/421 3653/598/421
f 3651/593/420 3652/596/420 3655/599/421 3654/597/421
f 365/583/422 931/600/422 3647/591/419 1070/584/419
f 931/600/422 930/601/422 3648/592/419 3647/591/419
f 930/601/422 929/602/422 3649/595/419 3648/592/419
f 929/602/422 364/603/422 1073/604/419 3649/595/419
f 3649/595/419 1073/604/419 1074/605/420 3652/596/420
f 3652/596/420 1074/605/420 1075/606/421 3655/599/421
f 3655/599/421 1075/606/421 393/607/424 1015/608/424
f 3654/597/421 3655/599/421 1015/608/424 1014/609/424
f 3653/598/421 3654/597/421 1014/609/424 1013/610/424
f 1072/586/421 3653/598/421 1013/610/424 392/587/424
f 1071/585/420 3650/594/420 3653/598/421 1072/586/421
f 1070/584/419 3647/591/419 3650/594/420 1071/585/420
f 3656/611/419 3657/612/419 3660/613/420 3659/614/420
f 3657/612/419 3658/615/419 3661/616/420 3660/613/420
f 3659/614/420 3660/613/420 3663/617/421 3662/618/421
f 3660/613/420 3661/616/420 3664/619/421 3663/617/421
f 364/603/422 928/620/422 3656/611/419 1073/604/419
f 928/620/422 927/621/422 3657/612/419 3656/611/419
f 927/621/422 926/622/422 3658/615/419 3657/612/419
f 926/622/422 363/623/422 1076/624/419 3658/615/419
f 3658/615/419 1076/624/419 1077/625/420 3661/616/420
f 3661/616/420 1077/625/420 1078/626/421 3664/619/421
f 3664/619/421 1078/626/421 394/627/424 1018/628/424
f 3663/617/421 3664/619/421 1018/628/424 1017/629/424
f 3662/618/421 3663/617/421 1017/629/424 1016/630/424
f 1075/606/421 3662/618/421 1016/630/424 393/607/424
f 1074/605/420 3659/614/420 3662/618/421 1075/606/421
f 1073/604/419 3656/611/419 3659/614/420 1074/605/420
f 3665/631/419 3666/632/419 3669/633/420 3668/634/420
f 3666/632/419 3667/635/419 3670/636/420 3669/633/420
f 3668/634/420 3669/633/420 3672/637/421 3671/638/421
f 3669/633/420 3670/636/420 3673/639/421 3672/637/421
f 363/623/422 925/640/422 3665/631/419 1076/624/419
f 925/640/422 924/641/422 3666/632/419 3665/631/419
f 924/641/422 923/642/422 3667/635/419 3666/632/419
f 923/642/422 362/643/422 1079/644/419 3667/635/419
f 3667/635/419 1079/644/419 1080/645/420 3670/636/420
f 3670/636/420 1080/645/420 1081/646/421 3673/639/421
f 3673/639/421 1081/646/421 395/647/424 1021/648/424
f 3672/637/421 3673/639/421 1021/648/424 1020/649/424
f 3671/638/421 3672/637/421 1020/649/424 1019/650/424
f 1078/626/421 3671/638/421 1019/650/424 394/627/424
f 1077/625/420 3668/634/420 3671/638/421 1078/626/421
f 1076/624/419 3665/631/419 3668/634/420 1077/625/420
f 3674/651/419 3675/652/419 3678/653/420 3677/654/420
f 3675/652/419 3676/655/419 3679/656/420 3678/653/420
f 3677/654/420 3678/653/420 3681/657/421 3680/658/421
f 3678/653/420 3679/656/420 3682/659/421 3681/657/421
f 362/643/422 922/660/422 3674/651/419 1079/644/419
f 922/660/422 921/661/422 3675/652/419 3674/651/419
f 921/661/422 920/662/422 3676/655/419 3675/652/419
f 920/662/422 361/663/422 1082/664/419 3676/655/419
f 3676/655/419 1082/664/419 1083/665/420 3679/656/420
f 3679/656/420 1083/665/420 1084/666/421 3682/659/421
f 3682/659/421 1084/666/421 396/667/424 1024/668/424
f 3681/657/421 3682/659/421 1024/668/424 1023/669/424
f 3680/658/421 3681/657/421 1023/669/424 1022/670/424
f 1081/646/421 3680/658/421 1022/670/424 395/647/424
f 1080/645/420 3677/654/420 3680/658/421 1081/646/421
f 1079/644/419 3674/651/419 3677/654/420 1080/645/420
f 3683/671/419 3684/672/419 3687/673/420 3686/674/420
f 3684/672/419 3685/675/419 3688/676/420 3687/673/420
f 3686/674/420 3687/673/420 3690/677/421 3689/678/421
f 3687/673/420 3688/676/420 3691/679/421 3690/677/421
f 361/663/422 919/680/422 3683/671/419 1082/664/419
f 919/680/422 918/681/422 3684/672/419 3683/671/419
f 918/681/422 917/682/422 3685/675/419 3684/672/419
f 917/682/422 360/683/422 1085/684/419 3685/675/419
f 3685/675/419 1085/684/419 1086/685/420 3688/676/420
f 3688/676/420 1086/685/420 1087/686/421 3691/679/421
f 3691/679/421 1087/686/421 397/687/424 1027/688/424
f 3690/677/421 3691/679/421 1027/688/424 1026/689/424
f 3689/678/421 3690/677/421 1026/689/424 1025/690/424
f 1084/666/421 3689/678/421 1025/690/424 396/667/424
f 1083/665/420 3686/674/420 3689/678/421 1084/666/421
f 1082/664/419 3683/671/419 3686/674/420 1083/665/420
f 3692/691/419 3693/692/419 3696/693/420 3695/694/420
f 3693/692/419 3694/695/419 3697/696/420 3696/693/420
f 3695/694/420 3696/693/420 3699/697/421 3698/698/421
f 3696/693/420 3697/696/420 3700/699/421 3699/697/421
f 360/683/422 916/700/422 3692/691/419 1085/684/419
f 916/700/422 915/701/422 3693/692/419 3692/691/419
f 915/701/422 914/702/422 3694/695/419 3693/692/419
f 914/702/422 359/703/422 1088/704/419 3694/695/419
f 3694/695/419 1088/704/419 1089/705/420 3697/696/420
f 3697/696/420 1089/705/420 1090/706/421 3700/699/421
f 3700/699/421 1090/706/421 398/707/424 1030/708/424
f 3699/697/421 3700/699/421 1030/708/424 1029/709/424
f 3698/698/421 3699/697/421 1029/709/424 1028/710/424
f 1087/686/421 3698/698/421 1028/710/424 397/687/424
f 1086/685/420 3695/694/420 3698/698/421 1087/686/421
f 1085/684/419 3692/691/419 3695/694/420 1086/685/420
f 3701/711/419 3702/712/419 3705/713/420 3704/714/420
f 3702/712/419 3703/715/419 3706/716/420 3705/713/420
f 3704/714/420 3705/713/420 3708/717/421 3707/718/421
f 3705/713/420 3706/716/420 3709/719/421 3708/717/421
f 359/703/422 913/720/422 3701/711/419 1088/704/419
f 913/720/422 912/721/422 3702/712/419 3701/711/419
f 912/721/422 911/722/422 3703/715/419 3702/712/419
f 911/722/422 358/723/422 1091/724/419 3703/715/419
f 3703/715/419 1091/724/419 1092/725/420 3706/716/420
f 3706/716/420 1092/725/420 1093/726/421 3709/719/421
f 3709/719/421 1093/726/421 399/727/424 1033/728/424
f 3708/717/421 3709/719/421 1033/728/424 1032/729/424
f 3707/718/421 3708/717/421 1032/729/424 1031/730/424
f 1090/706/421 3707/718/421 1031/730/424 398/707/424
f 1089/705/420 3704/714/420 3707/718/421 1090/706/421
f 1088/704/419 3701/711/419 3704/714/420 1089/705/420
f 3710/731/419 3711/732/419 3714/733/420 3713/734/420
f 3711/732/419 3712/735/419 3715/736/420 3714/733/420
f 3713/734/420 3714/733/420 3717/737/421 3716/738/421
f 3714/733/420 3715/736/420 3718/739/421 3717/737/421
f 358/723/422 910/740/422 3710/731/419 1091/724/419
f 910/740/422 909/741/422 3711/732/419 3710/731/419
f 909/741/422 908/742/422 3712/735/419 3711/732/419
f 908/742/422 357/743/422 1094/744/419 3712/735/419
f 3712/735/419 1094/744/419 1095/745/420 3715/736/420
f 3715/736/420 1095/745/420 1096/746/421 3718/739/421
f 3718/739/421 1096/746/421 400/747/424 1036/748/424
f 3717/737/421 3718/739/421 1036/748/424 1035/749/424
f 3716/738/421 3717/737/421 1035/749/424 1034/750/424
f 1093/726/421 3716/738/421 1034/750/424 399/727/424
f 1092/725/420 3713/734/420 3716/738/421 1093/726/421
f 1091/724/419 3710/731/419 3713/734/420 1092/725/420
f 3719/751/419 3720/752/419 3723/753/420 3722/754/420
f 3720/752/419 3721/755/419 3724/756/420 3723/753/420
f 3722/754/420 3723/753/420 3726/757/421 3725/758/421
f 3723/753/420 3724/756/420 3727/759/421 3726/757/421
f 357/743/422 907/760/422 3719/751/419 1094/744/419
f 907/760/422 906/761/422 3720/752/419 3719/751/419
f 906/761/422 905/762/422 3721/755/419 3720/752/419
f 905/762/422 356/763/422 1097/764/419 3721/755/419
f 3721/755/419 1097/764/419 1098/765/420 3724/756/420
f 3724/756/420 1098/765/420 1099/766/421 3727/759/421
f 3727/759/421 1099/766/421 401/767/424 1039/768/424
f 3726/757/421 3727/759/421 1039/768/424 1038/769/424
f 3725/758/421 3726/757/421 1038/769/424 1037/770/424
f 1096/746/421 3725/758/421 1037/770/424 400/747/424
f 1095/745/420 3722/754/420 3725/758/421 1096/746/421
f 1094/744/419 3719/751/419 3722/754/420 1095/745/420
f 3728/771/419 3729/772/419 3732/773/420 3731/774/420
f 3729/772/419 3730/775/419 3733/776/420 3732/773/420
f 3731/774/420 3732/773/420 3735/777/421 3734/778/421
f 3732/773/420 3733/776/420 3736/779/421 3735/777/421
f 356/763/422 904/780/422 3728/771/419 1097/764/419
f 904/780/422 903/781/422 3729/772/419 3728/771/419
f 903/781/422 902/782/422 3730/775/419 3729/772/419
f 902/782/422 355/783/422 1100/784/419 3730/775/419
f 3730/775/419 1100/784/419 1101/785/420 3733/776/420
f 3733/776/420 1101/785/420 1102/786/421 3736/779/421
f 3736/779/421 1102/786/421 402/787/424 1042/788/424
f 3735/777/421 3736/779/421 1042/788/424 1041/789/424
f 3734/778/421 3735/777/421 1041/789/424 1040/790/424
f 1099/766/421 3734/778/421 1040/790/424 401/767/424
f 1098/765/420 3731/774/420 3734/778/421 1099/766/421
f 1097/764/419 3728/771/419 3731/774/420 1098/765/420
f 3737/791/419 3738/792/419 3741/793/420 3740/794/420
f 3738/792/419 3739/795/419 3742/796/420 3741/793/420
f 3740/794/420 3741/793/420 3744/797/421 3743/798/421
f 3741/793/420 3742/796/420 3745/799/421 3744/797/421
f 355/783/422 901/800/422 3737/791/419 1100/784/419
f 901/800/422 900/801/422 3738/792/419 3737/791/419
f 900/801/422 899/802/422 3739/795/419 3738/792/419
f 899/802/422 354/803/422 1103/804/419 3739/795/419
f 3739/795/419 1103/804/419 1104/805/420 3742/796/420
f 3742/796/420 1104/805/420 1105/806/421 3745/799/421
f 3745/799/421 1105/806/421 403/807/424 1045/808/424
f 3744/797/421 3745/799/421 1045/808/424 1044/809/424
f 3743/798/421 3744/797/421 1044/809/424 1043/810/424
f 1102/786/421 3743/798/421 1043/810/424 402/787/424
f 1101/785/420 3740/794/420 3743/798/421 1102/786/421
f 1100/784/419 3737/791/419 3740/794/420 1101/785/420
f 3746/811/419 3747/812/419 3750/813/420 3749/814/420
f 3747/812/419 3748/815/419 3751/816/420 3750/813/420
f 3749/814/420 3750/813/420 3753/817/421 3752/818/421
f 3750/813/420 3751/816/420 3754/819/421 3753/817/421
f 354/803/422 898/820/422 3746/811/419 1103/804/419
f 898/820/422 897/821/422 3747/812/419 3746/811/419
f 897/821/422 896/822/422 3748/815/419 3747/812/419
f 896/822/422 353/823/422 1106/824/419 3748/815/419
f 3748/815/419 1106/824/419 1107/825/420 3751/816/420
f 3751/816/420 1107/825/420 1108/826/421 3754/819/421
f 3754/819/421 1108/826/421 404/827/424 1048/828/424
f 3753/817/421 3754/819/421 1048/828/424 1047/829/424
f 3752/818/421 3753/817/421 1047/829/424 1046/830/424
f 1105/806/421 3752/818/421 1046/830/424 403/807/424
f 1104/805/420 3749/814/420 3752/818/421 1105/806/421
f 1103/804/419 3746/811/419 3749/814/420 1104/805/420
f 3755/831/419 3756/832/419 3759/833/420 3758/834/420
f 3756/832/419 3757/835/419 3760/836/420 3759/833/420
f 3758/834/420 3759/833/420 3762/837/421 3761/838/421
f 3759/833/420 3760/836/420 3763/839/421 3762/837/421
f 353/823/422 895/840/422 3755/831/419 1106/824/419
f 895/840/422 894/841/422 3756/832/419 3755/831/419
f 894/841/422 893/842/422 3757/835/419 3756/832/419
f 893/842/422 352/843/422 1109/844/419 3757/835/419
f 3757/835/419 1109/844/419 1110/845/420 3760/836/420
f 3760/836/420 1110/845/420 1111/846/421 3763/839/421
f 3763/839/421 1111/846/421 405/847/424 1051/848/424
f 3762/837/421 3763/839/421 1051/848/424 1050/849/424
f 3761/838/421 3762/837/421 1050/849/424 1049/850/424
f 1108/826/421 3761/838/421 1049/850/424 404/827/424
f 1107/825/420 3758/834/420 3761/838/421 1108/826/421
f 1106/824/419 3755/831/419 3758/834/420 1107/825/420
f 3764/851/419 3765/852/419 3768/853/420 3767/854/420
f 3765/852/419 3766/855/419 3769/856/420 3768/853/420
f 3767/854/420 3768/853/420 3771/857/421 3770/858/421
f 3768/853/420 3769/856/420 3772/859/421 3771/857/421
f 352/843/422 892/860/422 3764/851/419 1109/844/419
f 892/860/422 891/861/422 3765/852/419 3764/851/419
f 891/861/422 890/862/422 3766/855/419 3765/852/419
f 890/862/422 351/863/422 1112/864/419 3766/855/419
f 3766/855/419 1112/864/419 1113/865/420 3769/856/420
f 3769/856/420 1113/865/420 1114/866/421 3772/859/421
f 3772/859/421 1114/866/421 406/867/424 1054/868/424
f 3771/857/421 3772/859/421 1054/868/424 1053/869/424
f 3770/858/421 3771/857/421 1053/869/424 1052/870/424
f 1111/846/421 3770/858/421 1052/870/424 405/847/424
f 1110/845/420 3767/854/420 3770/858/421 1111/846/421
f 1109/844/419 3764/851/419 3767/854/420 1110/845/420
f 3773/871/419 3774/872/419 3777/873/420 3776/874/420
f 3774/872/419 3775/875/419 3778/876/420 3777/873/420
f 3776/874/420 3777/873/420 3780/877/421 3779/878/421
f 3777/873/420 3778/876/420 3781/879/421 3780/877/421
f 351/863/422 889/880/422 3773/871/419 1112/864/419
f 889/880/422 888/881/422 3774/872/419 3773/871/419
f 888/881/422 887/882/422 3775/875/419 3774/872/419
f 887/882/422 350/883/422 1115/884/419 3775/875/419
f 3775/875/419 1115/884/419 1116/885/420 3778/876/420
f 3778/876/420 1116/885/420 1117/886/421 3781/879/421
f 3781/879/421 1117/886/421 407/887/424 1057/888/424
f 3780/877/421 3781/879/421 1057/888/424 1056/889/424
f 3779/878/421 3780/877/421 1056/889/424 1055/890/424
f 1114/866/421 3779/878/421 1055/890/424 406/867/424
f 1113/865/420 3776/874/420 3779/878/421 1114/866/421
f 1112/864/419 3773/871/419 3776/874/420 1113/865/420
f 3782/891/419 3783/892/419 3786/893/420 3785/894/420
f 3783/892/419 3784/895/419 3787/896/420 3786/893/420
f 3785/894/420 3786/893/420 3789/897/421 3788/898/421
f 3786/893/420 3787/896/420 3790/899/421 3789/897/421
f 350/883/422 886/900/422 3782/891/419 1115/884/419
f 886/900/422 885/901/422 3783/892/419 3782/891/419
f 885/901/422 884/902/422 3784/895/419 3783/892/419
f 884/902/422 349/903/422 1118/904/419 3784/895/419
f 3784/895/419 1118/904/419 1119/905/420 3787/896/420
f 3787/896/420 1119/905/420 1120/906/421 3790/899/421
f 3790/899/421 1120/906/421 408/907/424 1060/908/424
f 3789/897/421 3790/899/421 1060/908/424 1059/909/424
f 3788/898/421 3789/897/421 1059/909/424 1058/910/424
f 1117/886/421 3788/898/421 1058/910/424 407/887/424
f 1116/885/420 3785/894/420 3788/898/421 1117/886/421
f 1115/884/419 3782/891/419 3785/894/420 1116/885/420
f 3791/911/428 3792/912/428 3795/913/429 3794/914/429
f 3792/912/428 3793/915/428 3796/916/429 3795/913/429
f 3794/914/429 3795/913/429 3798/917/430 3797/918/430
f 3795/913/429 3796/916/429 3799/919/430 3798/917/430
f 677/920/431 2911/921/432 3791/911/428 2972/922/433
f 2911/921/432 2910/923/432 3792/912/428 3791/911/428
f 2910/923/432 2909/924/432 3793/915/428 3792/912/428
f 2909/924/432 348/925/432 1121/926/428 3793/915/428
f 3793/915/428 1121/926/428 1122/927/429 3796/916/429
f 3796/916/429 1122/927/429 1123/928/430 3799/919/430
f 3799/919/430 1123/928/430 369/929/434 943/930/434
f 3798/917/430 3799/919/430 943/930/434 942/931/434
f 3797/918/430 3798/917/430 942/931/434 941/932/434
f 2974/933/435 3797/918/430 941/932/434 680/934/436
f 2973/935/437 3794/914/429 3797/918/430 2974/933/435
f 2972/922/433 3791/911/428 3794/914/429 2973/935/437
f 3800/936/428 3801/937/428 3804/938/429 3803/939/429
f 3801/937/428 3802/940/428 3805/941/429 3804/938/429
f 3803/939/429 3804/938/429 3807/942/430 3806/943/430
f 3804/938/429 3805/941/429 3808/944/430 3807/942/430
f 348/925/432 880/945/432 3800/936/428 1121/926/428
f 880/945/432 879/946/432 3801/937/428 3800/936/428
f 879/946/432 878/947/432 3802/940/428 3801/937/428
f 878/947/432 347/948/432 1124/949/428 3802/940/428
f 3802/940/428 1124/949/428 1125/950/429 3805/941/429
f 3805/941/429 1125/950/429 1126/951/430 3808/944/430
f 3808/944/430 1126/951/430 370/952/434 946/953/434
f 3807/942/430 3808/944/430 946/953/434 945/954/434
f 3806/943/430 3807/942/430 945/954/434 944/955/434
f 1123/928/430 3806/943/430 944/955/434 369/929/434
f 1122/927/429 3803/939/429 3806/943/430 1123/928/430
f 1121/926/428 3800/936/428 3803/939/429 1122/927/429
f 3809/956/428 3810/957/428 3813/958/429 3812/959/429
f 3810/957/428 3811/960/428 3814/961/429 3813/958/429
f 3812/959/429 3813/958/429 3816/962/430 3815/963/430
f 3813/958/429 3814/961/429 3817/964/430 3816/962/430
f 347/948/432 877/965/432 3809/956/428 1124/949/428
f 877/965/432 876/966/432 3810/957/428 3809/956/428
f 876/966/432 875/967/432 3811/960/428 3810/957/428
f 875/967/432 346/968/432 1127/969/428 3811/960/428
f 3811/960/428 1127/969/428 1128/970/429 3814/961/429
f 3814/961/429 1128/970/429 1129/971/430 3817/964/430
f 3817/964/430 1129/971/430 371/972/434 949/973/434
f 3816/962/430 3817/964/430 949/973/434 948/974/434
f 3815/963/430 3816/962/430 948/974/434 947/975/434
f 1126/951/430 3815/963/430 947/975/434 370/952/434
f 1125/950/429 3812/959/429 3815/963/430 1126/951/430
f 1124/949/428 3809/956/428 3812/959/429 1125/950/429
f 3818/976/428 3819/977/428 3822/978/429 3821/979/429
f 3819/977/428 3820/980/428 3823/981/429 3822/978/429
f 3821/979/429 3822/978/429 3825/982/430 3824/983/430
f 3822/978/429 3823/981/429 3826/984/430 3825/982/430
f 346/968/432 874/985/432 3818/976/428 1127/969/428
f 874/985/432 873/986/432 3819/977/428 3818/976/428
f 873/986/432 872/987/432 3820/980/428 3819/977/428
f 872/987/432 345/988/432 1130/989/428 3820/980/428
f 3820/980/428 1130/989/428 1131/990/429 3823/981/429
f 3823/981/429 1131/990/429 1132/991/430 3826/984/430
f 3826/984/430 1132/991/430 372/992/434 952/993/434
f 3825/982/430 3826/984/430 952/993/434 951/994/434
f 3824/983/430 3825/982/430 951/994/434 950/995/434
f 1129/971/430 3824/983/430 950/995/434 371/972/434
f 1128/970/429 3821/979/429 3824/983/430 1129/971/430
f 1127/969/428 3818/976/428 3821/979/429 1128/970/429
f 3827/996/428 3828/997/428 3831/998/429 3830/999/429
f 3828/997/428 3829/1000/428 3832/1001/429 3831/998/429
f 3830/999/429 3831/998/429 3834/1002/430 3833/1003/430
f 3831/998/429 3832/1001/429 3835/1004/430 3834/1002/430
f 345/988/432 871/1005/432 3827/996/428 1130/989/428
f 871/1005/432 870/1006/432 3828/997/428 3827/996/428
f 870/1006/432 869/1007/432 3829/1000/428 3828/997/428
f 869/1007/432 344/1008/432 1133/1009/428 3829/1000/428
f 3829/1000/428 1133/1009/428 1134/1010/429 3832/1001/429
f 3832/1001/429 1134/1010/429 1135/1011/430 3835/1004/430
f 3835/1004/430 1135/1011/430 373/1012/434 955/1013/434
f 3834/1002/430 3835/1004/430 955/1013/434 954/1014/434
f 3833/1003/430 3834/1002/430 954/1014/434 953/1015/434
f 1132/991/430 3833/1003/430 953/1015/434 372/992/434
f 1131/990/429 3830/999/429 3833/1003/430 1132/991/430
f 1130/989/428 3827/996/428 3830/999/429 1131/990/429
f 3836/1016/428 3837/1017/428 3840/1018/429 3839/1019/429
f 3837/1017/428 3838/1020/428 3841/1021/429 3840/1018/429
f 3839/1019/429 3840/1018/429 3843/1022/430 3842/1023/430
f 3840/1018/429 3841/1021/429 3844/1024/430 3843/1022/430
f 344/1008/432 868/1025/432 3836/1016/428 1133/1009/428
f 868/1025/432 867/1026/432 3837/1017/428 3836/1016/428
f 867/1026/432 866/1027/432 3838/1020/428 3837/1017/428
f 866/1027/432 343/1028/432 1136/1029/428 3838/1020/428
f 3838/1020/428 1136/1029/428 1137/1030/429 3841/1021/429
f 3841/1021/429 1137/1030/429 1138/1031/430 3844/1024/430
f 3844/1024/430 1138/1031/430 374/1032/434 958/1033/434
f 3843/1022/430 3844/1024/430 958/1033/434 957/1034/434
f 3842/1023/430 3843/1022/430 957/1034/434 956/1035/434
f 1135/1011/430 3842/1023/430 956/1035/434 373/1012/434
f 1134/1010/429 3839/1019/429 3842/1023/430 1135/1011/430
f 1133/1009/428 3836/1016/428 3839/1019/429 1134/1010/429
f 3845/1036/428 3846/1037/428 3849/1038/429 3848/1039/429
f 3846/1037/428 3847/1040/428 3850/1041/429 3849/1038/429
f 3848/1039/429 3849/1038/429 3852/1042/430 3851/1043/430
f 3849/1038/429 3850/1041/429 3853/1044/430 3852/1042/430
f 343/1028/432 865/1045/432 3845/1036/428 1136/1029/428
f 865/1045/432 864/1046/432 3846/1037/428 3845/1036/428
f 864/1046/432 863/1047/432 3847/1040/428 3846/1037/428
f 863/1047/432 342/1048/432 1139/1049/428 3847/1040/428
f 3847/1040/428 1139/1049/428 1140/1050/429 3850/1041/429
f 3850/1041/429 1140/1050/429 1141/1051/430 3853/1044/430
f 3853/1044/430 1141/1051/430 375/1052/434 961/1053/434
f 3852/1042/430 3853/1044/430 961/1053/434 960/1054/434
f 3851/1043/430 3852/1042/430 960/1054/434 959/1055/434
f 1138/1031/430 3851/1043/430 959/1055/434 374/1032/434
f 1137/1030/429 3848/1039/429 3851/1043/430 1138/1031/430
f 1136/1029/428 3845/1036/428 3848/1039/429 1137/1030/429
f 3854/1056/428 3855/1057/428 3858/1058/429 3857/1059/429
f 3855/1057/428 3856/1060/428 3859/1061/429 3858/1058/429
f 3857/1059/429 3858/1058/429 3861/1062/430 3860/1063/430
f 3858/1058/429 3859/1061/429 3862/1064/430 3861/1062/430
f 342/1048/432 862/1065/432 3854/1056/428 1139/1049/428
f 862/1065/432 861/1066/432 3855/1057/428 3854/1056/428
f 861/1066/432 860/1067/432 3856/1060/428 3855/1057/428
f 860/1067/432 341/1068/432 1142/1069/428 3856/1060/428
f 3856/1060/428 1142/1069/428 1143/1070/429 3859/1061/429
f 3859/1061/429 1143/1070/429 1144/1071/430 3862/1064/430
f 3862/1064/430 1144/1071/430 376/1072/434 964/1073/434
f 3861/1062/430 3862/1064/430 964/1073/434 963/1074/434
f 3860/1063/430 3861/1062/430 963/1074/434 962/1075/434
f 1141/1051/430 3860/1063/430 962/1075/434 375/1052/434
f 1140/1050/429 3857/1059/429 3860/1063/430 1141/1051/430
f 1139/1049/428 3854/1056/428 3857/1059/429 1140/1050/429
f 3863/1076/428 3864/1077/428 3867/1078/429 3866/1079/429
f 3864/1077/428 3865/1080/428 3868/1081/429 3867/1078/429
f 3866/1079/429 3867/1078/429 3870/1082/430 3869/1083/430
f 3867/1078/429 3868/1081/429 3871/1084/430 3870/1082/430
f 341/1068/432 859/1085/432 3863/1076/428 1142/1069/428
f 859/1085/432 858/1086/432 3864/1077/428 3863/1076/428
f 858/1086/432 857/1087/432 3865/1080/428 3864/1077/428
f 857/1087/432 340/1088/432 1145/1089/428 3865/1080/428
f 3865/1080/428 1145/1089/428 1146/1090/429 3868/1081/429
f 3868/1081/429 1146/1090/429 1147/1091/430 3871/1084/430
f 3871/1084/430 1147/1091/430 377/1092/434 967/1093/434
f 3870/1082/430 3871/1084/430 967/1093/434 966/1094/434
f 3869/1083/430 3870/1082/430 966/1094/434 965/1095/434
f 1144/1071/430 3869/1083/430 965/1095/434 376/1072/434
f 1143/1070/429 3866/1079/429 3869/1083/430 1144/1071/430
f 1142/1069/428 3863/1076/428 3866/1079/429 1143/1070/429
f 3872/1096/428 3873/1097/428 3876/1098/429 3875/1099/429
f 3873/1097/428 3874/1100/428 3877/1101/429 3876/1098/429
f 3875/1099/429 3876/1098/429 3879/1102/430 3878/1103/430
f 3876/1098/429 3877/1101/429 3880/1104/430 3879/1102/430
f 340/1088/432 856/1105/432 3872/1096/428 1145/1089/428
f 856/1105/432 855/1106/432 3873/1097/428 3872/1096/428
f 855/1106/432 854/1107/432 3874/1100/428 3873/1097/428
f 854/1107/432 339/1108/432 1148/1109/428 3874/1100/428
f 3874/1100/428 1148/1109/428 1149/1110/429 3877/1101/429
f 3877/1101/429 1149/1110/429 1150/1111/430 3880/1104/430
f 3880/1104/430 1150/1111/430 378/1112/434 970/1113/434
f 3879/1102/430 3880/1104/430 970/1113/434 969/1114/434
f 3878/1103/430 3879/1102/430 969/1114/434 968/1115/434
f 1147/1091/430 3878/1103/430 968/1115/434 377/1092/434
f 1146/1090/429 3875/1099/429 3878/1103/430 1147/1091/430
f 1145/1089/428 3872/1096/428 3875/1099/429 1146/1090/429
f 3881/1116/428 3882/1117/428 3885/1118/429 3884/1119/429
f 3882/1117/428 3883/1120/428 3886/1121/429 3885/1118/429
f 3884/1119/429 3885/1118/429 3888/1122/430 3887/1123/430
f 3885/1118/429 3886/1121/429 3889/1124/430 3888/1122/430
f 339/1108/432 853/1125/432 3881/1116/428 1148/1109/428
f 853/1125/432 852/1126/432 3882/1117/428 3881/1116/428
f 852/1126/432 851/1127/432 3883/1120/428 3882/1117/428
f 851/1127/432 338/1128/432 1151/1129/428 3883/1120/428
f 3883/1120/428 1151/1129/428 1152/1130/429 3886/1121/429
f 3886/1121/429 1152/1130/429 1153/1131/430 3889/1124/430
f 3889/1124/430 1153/1131/430 379/1132/434 973/1133/434
f 3888/1122/430 3889/1124/430 973/1133/434 972/1134/434
f 3887/1123/430 3888/1122/430 972/1134/434 971/1135/434
f 1150/1111/430 3887/1123/430 971/1135/434 378/1112/434
f 1149/1110/429 3884/1119/429 3887/1123/430 1150/1111/430
f 1148/1109/428 3881/1116/428 3884/1119/429 1149/1110/429
f 3890/1136/428 3891/1137/428 3894/1138/429 3893/1139/429
f 3891/1137/428 3892/1140/428 3895/1141/429 3894/1138/429
f 3893/1139/429 3894/1138/429 3897/1142/430 3896/1143/430
f 3894/1138/429 3895/1141/429 3898/1144/430 3897/1142/430
f 338/1128/432 850/1145/432 3890/1136/428 1151/1129/428
f 850/1145/432 849/1146/432 3891/1137/428 3890/1136/428
f 849/1146/432 848/1147/432 3892/1140/428 3891/1137/428
f 848/1147/432 337/1148/432 1154/1149/428 3892/1140/428
f 3892/1140/428 1154/1149/428 1155/1150/429 3895/1141/429
f 3895/1141/429 1155/1150/429 1156/1151/430 3898/1144/430
f 3898/1144/430 1156/1151/430 380/1152/434 976/1153/434
f 3897/1142/430 3898/1144/430 976/1153/434 975/1154/434
f 3896/1143/430 3897/1142/430 975/1154/434 974/1155/434
f 1153/1131/430 3896/1143/430 974/1155/434 379/1132/434
f 1152/1130/429 3893/1139/429 3896/1143/430 1153/1131/430
f 1151/1129/428 3890/1136/428 3893/1139/429 1152/1130/429
f 3899/1156/428 3900/1157/428 3903/1158/429 3902/1159/429
f 3900/1157/428 3901/1160/428 3904/1161/429 3903/1158/429
f 3902/1159/429 3903/1158/429 3906/1162/430 3905/1163/430
f 3903/1158/429 3904/1161/429 3907/1164/430 3906/1162/430
f 337/1148/432 847/1165/432 3899/1156/428 1154/1149/428
f 847/1165/432 846/1166/432 3900/1157/428 3899/1156/428
f 846/1166/432 845/1167/432 3901/1160/428 3900/1157/428
f 845/1167/432 336/1168/432 1157/1169/428 3901/1160/428
f 3901/1160/428 1157/1169/428 1158/1170/429 3904/1161/429
f 3904/1161/429 1158/1170/429 1159/1171/430 3907/1164/430
f 3907/1164/430 1159/1171/430 381/1172/434 979/1173/434
f 3906/1162/430 3907/1164/430 979/1173/434 978/1174/434
f 3905/1163/430 3906/1162/430 978/1174/434 977/1175/434
f 1156/1151/430 3905/1163/430 977/1175/434 380/1152/434
f 1155/1150/429 3902/1159/429 3905/1163/430 1156/1151/430
f 1154/1149/428 3899/1156/428 3902/1159/429 1155/1150/429
f 3908/1176/428 3909/1177/428 3912/1178/429 3911/1179/429
f 3909/1177/428 3910/1180/428 3913/1181/429 3912/1178/429
f 3911/1179/429 3912/1178/429 3915/1182/430 3914/1183/430
f 3912/1178/429 3913/1181/429 3916/1184/430 3915/1182/430
f 336/1168/432 844/1185/432 3908/1176/428 1157/1169/428
f 844/1185/432 843/1186/432 3909/1177/428 3908/1176/428
f 843/1186/432 842/1187/432 3910/1180/428 3909/1177/428
f 842/1187/432 335/1188/432 1160/1189/428 3910/1180/428
f 3910/1180/428 1160/1189/428 1161/1190/429 3913/1181/429
f 3913/1181/429 1161/1190/429 1162/1191/430 3916/1184/430
f 3916/1184/430 1162/1191/430 382/1192/434 982/1193/434
f 3915/1182/430 3916/1184/430 982/1193/434 981/1194/434
f 3914/1183/430 3915/1182/430 981/1194/434 980/1195/434
f 1159/1171/430 3914/1183/430 980/1195/434 381/1172/434
f 1158/1170/429 3911/1179/429 3914/1183/430 1159/1171/430
f 1157/1169/428 3908/1176/428 3911/1179/429 1158/1170/429
f 3917/1196/428 3918/1197/428 3921/1198/429 3920/1199/429
f 3918/1197/428 3919/1200/428 3922/1201/429 3921/1198/429
f 3920/1199/429 3921/1198/429 3924/1202/430 3923/1203/430
f 3921/1198/429 3922/1201/429 3925/1204/430 3924/1202/430
f 335/1188/432 841/1205/432 3917/1196/428 1160/1189/428
f 841/1205/432 840/1206/432 3918/1197/428 3917/1196/428
f 840/1206/432 839/1207/432 3919/1200/428 3918/1197/428
f 839/1207/432 334/1208/432 1163/1209/428 3919/1200/428
f 3919/1200/428 1163/1209/428 1164/1210/429 3922/1201/429
f 3922/1201/429 1164/1210/429 1165/1211/430 3925/1204/430
f 3925/1204/430 1165/1211/430 383/1212/434 985/1213/434
f 3924/1202/430 3925/1204/430 985/1213/434 984/1214/434
f 3923/1203/430 3924/1202/430 984/1214/434 983/1215/434
f 1162/1191/430 3923/1203/430 983/1215/434 382/1192/434
f 1161/1190/429 3920/1199/429 3923/1203/430 1162/1191/430
f 1160/1189/428 3917/1196/428 3920/1199/429 1161/1190/429
f 3926/1216/428 3927/1217/428 3930/1218/429 3929/1219/429
f 3927/1217/428 3928/1220/428 3931/1221/429 3930/1218/429
f 3929/1219/429 3930/1218/429 3933/1222/430 3932/1223/430
f 3930/1218/429 3931/1221/429 3934/1224/430 3933/1222/430
f 334/1208/432 838/1225/432 3926/1216/428 1163/1209/428
f 838/1225/432 837/1226/432 3927/1217/428 3926/1216/428
f 837/1226/432 836/1227/432 3928/1220/428 3927/1217/428
f 836/1227/432 333/1228/432 1166/1229/428 3928/1220/428
f 3928/1220/428 1166/1229/428 1167/1230/429 3931/1221/429
f 3931/1221/429 1167/1230/429 1168/1231/430 3934/1224/430
f 3934/1224/430 1168/1231/430 384/1232/434 988/1233/434
f 3933/1222/430 3934/1224/430 988/1233/434 987/1234/434
f 3932/1223/430 3933/1222/430 987/1234/434 986/1235/434
f 1165/1211/430 3932/1223/430 986/1235/434 383/1212/434
f 1164/1210/429 3929/1219/429 3932/1223/430 1165/1211/430
f 1163/1209/428 3926/1216/428 3929/1219/429 1164/1210/429
f 3935/1236/428 3936/1237/428 3939/1238/429 3938/1239/429
f 3936/1237/428 3937/1240/428 3940/1241/429 3939/1238/429
f 3938/1239/429 3939/1238/429 3942/1242/430 3941/1243/430
f 3939/1238/429 3940/1241/429 3943/1244/430 3942/1242/430
f 333/1228/432 835/1245/432 3935/1236/428 1166/1229/428
f 835/1245/432 834/1246/432 3936/1237/428 3935/1236/428
f 834/1246/432 833/1247/432 3937/1240/428 3936/1237/428
f 833/1247/432 332/1248/432 1169/1249/428 3937/1240/428
f 3937/1240/428 1169/1249/428 1170/1250/429 3940/1241/429
f 3940/1241/429 1170/1250/429 1171/1251/430 3943/1244/430
f 3943/1244/430 1171/1251/430 385/1252/434 991/1253/434
f 3942/1242/430 3943/1244/430 991/1253/434 990/1254/434
f 3941/1243/430 3942/1242/430 990/1254/434 989/1255/434
f 1168/1231/430 3941/1243/430 989/1255/434 384/1232/434
f 1167/1230/429 3938/1239/429 3941/1243/430 1168/1231/430
f 1166/1229/428 3935/1236/428 3938/1239/429 1167/1230/429
f 3944/1256/428 3945/1257/428 3948/1258/429 3947/1259/429
f 3945/1257/428 3946/1260/428 3949/1261/429 3948/1258/429
f 3947/1259/429 3948/1258/429 3951/1262/430 3950/1263/430
f 3948/1258/429 3949/1261/429 3952/1264/430 3951/1262/430
f 332/1248/432 832/1265/432 3944/1256/428 1169/1249/428
f 832/1265/432 831/1266/432 3945/1257/428 3944/1256/428
f 831/1266/432 830/1267/432 3946/1260/428 3945/1257/428
f 830/1267/432 331/1268/432 1172/1269/428 3946/1260/428
f 3946/1260/428 1172/1269/428 1173/1270/429 3949/1261/429
f 3949/1261/429 1173/1270/429 1174/1271/430 3952/1264/430
f 3952/1264/430 1174/1271/430 386/1272/434 994/1273/434
f 3951/1262/430 3952/1264/430 994/1273/434 993/1274/434
f 3950/1263/430 3951/1262/430 993/1274/434 992/1275/434
f 1171/1251/430 3950/1263/430 992/1275/434 385/1252/434
f 1170/1250/429 3947/1259/429 3950/1263/430 1171/1251/430
f 1169/1249/428 3944/1256/428 3947/1259/429 1170/1250/429
f 3953/1276/428 3954/1277/428 3957/1278/429 3956/1279/429
f 3954/1277/428 3955/1280/428 3958/1281/429 3957/1278/429
f 3956/1279/429 3957/1278/429 3960/1282/430 3959/1283/430
f 3957/1278/429 3958/1281/429 3961/1284/430 3960/1282/430
f 331/1268/432 829/1285/432 3953/1276/428 1172/1269/428
f 829/1285/432 828/1286/432 3954/1277/428 3953/1276/428
f 828/1286/432 827/1287/432 3955/1280/428 3954/1277/428
f 827/1287/432 330/1288/432 1175/1289/428 3955/1280/428
f 3955/1280/428 1175/1289/428 1176/1290/429 3958/1281/429
f 3958/1281/429 1176/1290/429 1177/1291/430 3961/1284/430
f 3961/1284/430 1177/1291/430 387/1292/434 997/1293/434
f 3960/1282/430 3961/1284/430 997/1293/434 996/1294/434
f 3959/1283/430 3960/1282/430 996/1294/434 995/1295/434
f 1174/1271/430 3959/1283/430 995/1295/434 386/1272/434
f 1173/1270/429 3956/1279/429 3959/1283/430 1174/1271/430
f 1172/1269/428 3953/1276/428 3956/1279/429 1173/1270/429
f 3962/1296/428 3963/1297/428 3966/1298/429 3965/1299/429
f 3963/1297/428 3964/1300/428 3967/1301/429 3966/1298/429
f 3965/1299/429 3966/1298/429 3969/1302/430 3968/1303/430
f 3966/1298/429 3967/1301/429 3970/1304/430 3969/1302/430
f 330/1288/432 826/1305/432 3962/1296/428 1175/1289/428
f 826/1305/432 825/1306/432 3963/1297/428 3962/1296/428
f 825/1306/432 824/1307/432 3964/1300/428 3963/1297/428
f 824/1307/432 329/1308/432 1178/1309/428 3964/1300/428
f 3964/1300/428 1178/1309/428 1179/1310/429 3967/1301/429
f 3967/1301/429 1179/1310/429 1180/1311/430 3970/1304/430
f 3970/1304/430 1180/1311/430 388/1312/434 1000/1313/434
f 3969/1302/430 3970/1304/430 1000/1313/434 999/1314/434
f 3968/1303/430 3969/1302/430 999/1314/434 998/1315/434
f 1177/1291/430 3968/1303/430 998/1315/434 387/1292/434
f 1176/1290/429 3965/1299/429 3968/1303/430 1177/1291/430
f 1175/1289/428 3962/1296/428 3965/1299/429 1176/1290/429
f 3971/1316/438 3972/1317/439 3975/1318/439 3974/1319/438
f 3972/1317/439 3973/1320/440 3976/1321/440 3975/1318/439
f 3974/1319/438 3975/1318/439 3978/1322/439 3977/1323/438
f 3975/1318/439 3976/1321/440 3979/1324/440 3978/1322/439
f 781/1325/441 3403/1326/442 3971/1316/438 3542/1327/443
f 3403/1326/442 3402/1328/444 3972/1317/439 3971/1316/438
f 3402/1328/444 3401/1329/445 3973/1320/440 3972/1317/439
f 3401/1329/445 668/1330/426 1001/1331/424 3973/1320/440
f 3973/1320/440 1001/1331/424 1002/1332/424 3976/1321/440
f 3976/1321/440 1002/1332/424 1003/1333/424 3979/1324/440
f 3979/1324/440 1003/1333/424 389/1334/424 3281/1335/440
f 3978/1322/439 3979/1324/440 3281/1335/440 3282/1336/439
f 3977/1323/438 3978/1322/439 3282/1336/439 3283/1337/438
f 3544/1338/446 3977/1323/438 3283/1337/438 741/1339/447
f 3543/1340/448 3974/1319/438 3977/1323/438 3544/1338/446
f 3542/1327/443 3971/1316/438 3974/1319/438 3543/1340/448
f 3980/1341/438 3981/1342/439 3984/1343/439 3983/1344/438
f 3981/1342/439 3982/1345/440 3985/1346/440 3984/1343/439
f 3983/1344/438 3984/1343/439 3987/1347/439 3986/1348/438
f 3984/1343/439 3985/1346/440 3988/1349/440 3987/1347/439
f 741/1339/447 3283/1337/438 3980/1341/438 3539/1350/449
f 3283/1337/438 3282/1336/439 3981/1342/439 3980/1341/438
f 3282/1336/439 3281/1335/440 3982/1345/440 3981/1342/439
f 3281/1335/440 389/1334/424 1004/1351/424 3982/1345/440
f 3982/1345/440 1004/1351/424 1005/1352/424 3985/1346/440
f 3985/1346/440 1005/1352/424 1006/1353/424 3988/1349/440
f 3988/1349/440 1006/1353/424 390/1354/424 3284/1355/440
f 3987/1347/439 3988/1349/440 3284/1355/440 3285/1356/439
f 3986/1348/438 3987/1347/439 3285/1356/439 3286/1357/438
f 3541/1358/449 3986/1348/438 3286/1357/438 742/1359/450
f 3540/1360/451 3983/1344/438 3986/1348/438 3541/1358/449
f 3539/1350/449 3980/1341/438 3983/1344/438 3540/1360/451
f 3989/1361/438 3990/1362/439 3993/1363/439 3992/1364/438
f 3990/1362/439 3991/1365/440 3994/1366/440 3993/1363/439
f 3992/1364/438 3993/1363/439 3996/1367/439 3995/1368/438
f 3993/1363/439 3994/1366/440 3997/1369/440 3996/1367/439
f 742/1359/450 3286/1357/438 3989/1361/438 3536/1370/452
f 3286/1357/438 3285/1356/439 3990/1362/439 3989/1361/438
f 3285/1356/439 3284/1355/440 3991/1365/440 3990/1362/439
f 3284/1355/440 390/1354/424 1007/1371/424 3991/1365/440
f 3991/1365/440 1007/1371/424 1008/1372/424 3994/1366/440
f 3994/1366/440 1008/1372/424 1009/1373/424 3997/1369/440
f 3997/1369/440 1009/1373/424 391/1374/424 3287/1375/440
f 3996/1367/439 3997/1369/440 3287/1375/440 3288/1376/439
f 3995/1368/438 3996/1367/439 3288/1376/439 3289/1377/438
f 3538/1378/453 3995/1368/438 3289/1377/438 743/1379/454
f 3537/1380/455 3992/1364/438 3995/1368/438 3538/1378/453
f 3536/1370/452 3989/1361/438 3992/1364/438 3537/1380/455
f 3998/1381/438 3999/1382/439 4002/1383/439 4001/1384/438
f 3999/1382/439 4000/1385/440 4003/1386/440 4002/1383/439
f 4001/1384/438 4002/1383/439 4005/1387/439 4004/1388/438
f 4002/1383/439 4003/1386/440 4006/1389/440 4005/1387/439
f 743/1379/454 3289/1377/438 3998/1381/438 3533/1390/456
f 3289/1377/438 3288/1376/439 3999/1382/439 3998/1381/438
f 3288/1376/439 3287/1375/440 4000/1385/440 3999/1382/439
f 3287/1375/440 391/1374/424 1010/1391/424 4000/1385/440
f 4000/1385/440 1010/1391/424 1011/1392/424 4003/1386/440
f 4003/1386/440 1011/1392/424 1012/1393/424 4006/1389/440
f 4006/1389/440 1012/1393/424 392/1394/424 3290/1395/440
f 4005/1387/439 4006/1389/440 3290/1395/440 3291/1396/439
f 4004/1388/438 4005/1387/439 3291/1396/439 3292/1397/438
f 3535/1398/457 4004/1388/438 3292/1397/438 744/1399/458
f 3534/1400/459 4001/1384/438 4004/1388/438 3535/1398/457
f 3533/1390/456 3998/1381/438 4001/1384/438 3534/1400/459
f 4007/1401/438 4008/1402/439 4011/1403/439 4010/1404/438
f 4008/1402/439 4009/1405/440 4012/1406/440 4011/1403/439
f 4010/1404/438 4011/1403/439 4014/1407/439 4013/1408/438
f 4011/1403/439 4012/1406/440 4015/1409/440 4014/1407/439
f 744/1399/458 3292/1397/438 4007/1401/438 3530/1410/460
f 3292/1397/438 3291/1396/439 4008/1402/439 4007/1401/438
f 3291/1396/439 3290/1395/440 4009/1405/440 4008/1402/439
f 3290/1395/440 392/1394/424 1013/1411/424 4009/1405/440
f 4009/1405/440 1013/1411/424 1014/1412/424 4012/1406/440
f 4012/1406/440 1014/1412/424 1015/1413/424 4015/1409/440
f 4015/1409/440 1015/1413/424 393/1414/424 3293/1415/440
f 4014/1407/439 4015/1409/440 3293/1415/440 3294/1416/439
f 4013/1408/438 4014/1407/439 3294/1416/439 3295/1417/438
f 3532/1418/461 4013/1408/438 3295/1417/438 745/1419/462
f 3531/1420/460 4010/1404/438 4013/1408/438 3532/1418/461
f 3530/1410/460 4007/1401/438 4010/1404/438 3531/1420/460
f 4016/1421/438 4017/1422/439 4020/1423/439 4019/1424/438
f 4017/1422/439 4018/1425/440 4021/1426/440 4020/1423/439
f 4019/1424/438 4020/1423/439 4023/1427/439 4022/1428/438
f 4020/1423/439 4021/1426/440 4024/1429/440 4023/1427/439
f 745/1419/462 3295/1417/438 4016/1421/438 3527/1430/463
f 3295/1417/438 3294/1416/439 4017/1422/439 4016/1421/438
f 3294/1416/439 3293/1415/440 4018/1425/440 4017/1422/439
f 3293/1415/440 393/1414/424 1016/1431/424 4018/1425/440
f 4018/1425/440 1016/1431/424 1017/1432/424 4021/1426/440
f 4021/1426/440 1017/1432/424 1018/1433/424 4024/1429/440
f 4024/1429/440 1018/1433/424 394/1434/424 3296/1435/440
f 4023/1427/439 4024/1429/440 3296/1435/440 3297/1436/439
f 4022/1428/438 4023/1427/439 3297/1436/439 3298/1437/438
f 3529/1438/464 4022/1428/438 3298/1437/438 746/1439/465
f 3528/1440/466 4019/1424/438 4022/1428/438 3529/1438/464
f 3527/1430/463 4016/1421/438 4019/1424/438 3528/1440/466
f 4025/1441/438 4026/1442/439 4029/1443/439 4028/1444/438
f 4026/1442/439 4027/1445/440 4030/1446/440 4029/1443/439
f 4028/1444/438 4029/1443/439 4032/1447/439 4031/1448/438
f 4029/1443/439 4030/1446/440 4033/1449/440 4032/1447/439
f 746/1439/465 3298/1437/438 4025/1441/438 3524/1450/467
f 3298/1437/438 3297/1436/439 4026/1442/439 4025/1441/438
f 3297/1436/439 3296/1435/440 4027/1445/440 4026/1442/439
f 3296/1435/440 394/1434/424 1019/1451/424 4027/1445/440
f 4027/1445/440 1019/1451/424 1020/1452/424 4030/1446/440
f 4030/1446/440 1020/1452/424 1021/1453/424 4033/1449/440
f 4033/1449/440 1021/1453/424 395/1454/424 3299/1455/440
f 4032/1447/439 4033/1449/440 3299/1455/440 3300/1456/439
f 4031/1448/438 4032/1447/439 3300/1456/439 3301/1457/438
f 3526/1458/453 4031/1448/438 3301/1457/438 747/1459/447
f 3525/1460/468 4028/1444/438 4031/1448/438 3526/1458/453
f 3524/1450/467 4025/1441/438 4028/1444/438 3525/1460/468
f 4034/1461/438 4035/1462/439 4038/1463/439 4037/1464/438
f 4035/1462/439 4036/1465/440 4039/1466/440 4038/1463/439
f 4037/1464/438 4038/1463/439 4041/1467/439 4040/1468/438
f 4038/1463/439 4039/1466/440 4042/1469/440 4041/1467/439
f 747/1459/447 3301/1457/438 4034/1461/438 3521/1470/449
f 3301/1457/438 3300/1456/439 4035/1462/439 4034/1461/438
f 3300/1456/439 3299/1455/440 4036/1465/440 4035/1462/439
f 3299/1455/440 395/1454/424 1022/1471/424 4036/1465/440
f 4036/1465/440 1022/1471/424 1023/1472/424 4039/1466/440
f 4039/1466/440 1023/1472/424 1024/1473/424 4042/1469/440
f 4042/1469/440 1024/1473/424 396/1474/424 3302/1475/440
f 4041/1467/439 4042/1469/440 3302/1475/440 3303/1476/439
f 4040/1468/438 4041/1467/439 3303/1476/439 3304/1477/438
f 3523/1478/449 4040/1468/438 3304/1477/438 748/1479/450
f 3522/1480/451 4037/1464/438 4040/1468/438 3523/1478/449
f 3521/1470/449 4034/1461/438 4037/1464/438 3522/1480/451
f 4043/1481/438 4044/1482/439 4047/1483/439 4046/1484/438
f 4044/1482/439 4045/1485/440 4048/1486/440 4047/1483/439
f 4046/1484/438 4047/1483/439 4050/1487/439 4049/1488/438
f 4047/1483/439 4048/1486/440 4051/1489/440 4050/1487/439
f 748/1479/450 3304/1477/438 4043/1481/438 3518/1490/452
f 3304/1477/438 3303/1476/439 4044/1482/439 4043/1481/438
f 3303/1476/439 3302/1475/440 4045/1485/440 4044/1482/439
f 3302/1475/440 396/1474/424 1025/1491/424 4045/1485/440
f 4045/1485/440 1025/1491/424 1026/1492/424 4048/1486/440
f 4048/1486/440 1026/1492/424 1027/1493/424 4051/1489/440
f 4051/1489/440 1027/1493/424 397/1494/424 3305/1495/440
f 4050/1487/439 4051/1489/440 3305/1495/440 3306/1496/439
f 4049/1488/438 4050/1487/439 3306/1496/439 3307/1497/438
f 3520/1498/453 4049/1488/438 3307/1497/438 749/1499/447
f 3519/1500/455 4046/1484/438 4049/1488/438 3520/1498/453
f 3518/1490/452 4043/1481/438 4046/1484/438 3519/1500/455
f 4052/1501/438 4053/1502/439 4056/1503/439 4055/1504/438
f 4053/1502/439 4054/1505/440 4057/1506/440 4056/1503/439
f 4055/1504/438 4056/1503/439 4059/1507/439 4058/1508/438
f 4056/1503/439 4057/1506/440 4060/1509/440 4059/1507/439
f 749/1499/447 3307/1497/438 4052/1501/438 3515/1510/449
f 3307/1497/438 3306/1496/439 4053/1502/439 4052/1501/438
f 3306/1496/439 3305/1495/440 4054/1505/440 4053/1502/439
f 3305/1495/440 397/1494/424 1028/1511/424 4054/1505/440
f 4054/1505/440 1028/1511/424 1029/1512/424 4057/1506/440
f 4057/1506/440 1029/1512/424 1030/1513/424 4060/1509/440
f 4060/1509/440 1030/1513/424 398/1514/424 3308/1515/440
f 4059/1507/439 4060/1509/440 3308/1515/440 3309/1516/439
f 4058/1508/438 4059/1507/439 3309/1516/439 3310/1517/438
f 3517/1518/449 4058/1508/438 3310/1517/438 750/1519/450
f 3516/1520/451 4055/1504/438 4058/1508/438 3517/1518/449
f 3515/1510/449 4052/1501/438 4055/1504/438 3516/1520/451
f 4061/1521/438 4062/1522/439 4065/1523/439 4064/1524/438
f 4062/1522/439 4063/1525/440 4066/1526/440 4065/1523/439
f 4064/1524/438 4065/1523/439 4068/1527/439 4067/1528/438
f 4065/1523/439 4066/1526/440 4069/1529/440 4068/1527/439
f 750/1519/450 3310/1517/438 4061/1521/438 3512/1530/452
f 3310/1517/438 3309/1516/439 4062/1522/439 4061/1521/438
f 3309/1516/439 3308/1515/440 4063/1525/440 4062/1522/439
f 3308/1515/440 398/1514/424 1031/1531/424 4063/1525/440
f 4063/1525/440 1031/1531/424 1032/1532/424 4066/1526/440
f 4066/1526/440 1032/1532/424 1033/1533/424 4069/1529/440
f 4069/1529/440 1033/1533/424 399/1534/424 3311/1535/440
f 4068/1527/439 4069/1529/440 3311/1535/440 3312/1536/439
f 4067/1528/438 4068/1527/439 3312/1536/439 3313/1537/438
f 3514/1538/453 4067/1528/438 3313/1537/438 751/1539/447
f 3513/1540/455 4064/1524/438 4067/1528/438 3514/1538/453
f 3512/1530/452 4061/1521/438 4064/1524/438 3513/1540/455
f 4070/1541/438 4071/1542/439 4074/1543/439 4073/1544/438
f 4071/1542/439 4072/1545/440 4075/1546/440 4074/1543/439
f 4073/1544/438 4074/1543/439 4077/1547/439 4076/1548/438
f 4074/1543/439 4075/1546/440 4078/1549/440 4077/1547/439
f 751/1539/447 3313/1537/438 4070/1541/438 3509/1550/449
f 3313/1537/438 3312/1536/439 4071/1542/439 4070/1541/438
f 3312/1536/439 3311/1535/440 4072/1545/440 4071/1542/439
f 3311/1535/440 399/1534/424 1034/1551/424 4072/1545/440
f 4072/1545/440 1034/1551/424 1035/1552/424 4075/1546/440
f 4075/1546/440 1035/1552/424 1036/1553/424 4078/1549/440
f 4078/1549/440 1036/1553/424 400/1554/424 3314/1555/440
f 4077/1547/439 4078/1549/440 3314/1555/440 3315/1556/439
f 4076/1548/438 4077/1547/439 3315/1556/439 3316/1557/438
f 3511/1558/449 4076/1548/438 3316/1557/438 752/1559/450
f 3510/1560/451 4073/1544/438 4076/1548/438 3511/1558/449
f 3509/1550/449 4070/1541/438 4073/1544/438 3510/1560/451
f 4079/1561/438 4080/1562/439 4083/1563/439 4082/1564/438
f 4080/1562/439 4081/1565/440 4084/1566/440 4083/1563/439
f 4082/1564/438 4083/1563/439 4086/1567/439 4085/1568/438
f 4083/1563/439 4084/1566/440 4087/1569/440 4086/1567/439
f 752/1559/450 3316/1557/438 4079/1561/438 3506/1570/452
f 3316/1557/438 3315/1556/439 4080/1562/439 4079/1561/438
f 3315/1556/439 3314/1555/440 4081/1565/440 4080/1562/439
f 3314/1555/440 400/1554/424 1037/1571/424 4081/1565/440
f 4081/1565/440 1037/1571/424 1038/1572/424 4084/1566/440
f 4084/1566/440 1038/1572/424 1039/1573/424 4087/1569/440
f 4087/1569/440 1039/1573/424 401/1574/424 3317/1575/440
f 4086/1567/439 4087/1569/440 3317/1575/440 3318/1576/439
f 4085/1568/438 4086/1567/439 3318/1576/439 3319/1577/438
f 3508/1578/453 4085/1568/438 3319/1577/438 753/1579/447
f 3507/1580/455 4082/1564/438 4085/1568/438 3508/1578/453
f 3506/1570/452 4079/1561/438 4082/1564/438 3507/1580/455
f 4088/1581/438 4089/1582/439 4092/1583/439 4091/1584/438
f 4089/1582/439 4090/1585/440 4093/1586/440 4092/1583/439
f 4091/1584/438 4092/1583/439 4095/1587/439 4094/1588/438
f 4092/1583/439 4093/1586/440 4096/1589/440 4095/1587/439
f 753/1579/447 3319/1577/438 4088/1581/438 3503/1590/449
f 3319/1577/438 3318/1576/439 4089/1582/439 4088/1581/438
f 3318/1576/439 3317/1575/440 4090/1585/440 4089/1582/439
f 3317/1575/440 401/1574/424 1040/1591/424 4090/1585/440
f 4090/1585/440 1040/1591/424 1041/1592/424 4093/1586/440
f 4093/1586/440 1041/1592/424 1042/1593/424 4096/1589/440
f 4096/1589/440 1042/1593/424 402/1594/424 3320/1595/440
f 4095/1587/439 4096/1589/440 3320/1595/440 3321/1596/439
f 4094/1588/438 4095/1587/439 3321/1596/439 3322/1597/438
f 3505/1598/449 4094/1588/438 3322/1597/438 754/1599/450
f 3504/1600/451 4091/1584/438 4094/1588/438 3505/1598/449
f 3503/1590/449 4088/1581/438 4091/1584/438 3504/1600/451
f 4097/1601/438 4098/1602/439 4101/1603/439 4100/1604/438
f 4098/1602/439 4099/1605/440 4102/1606/440 4101/1603/439
f 4100/1604/438 4101/1603/439 4104/1607/439 4103/1608/438
f 4101/1603/439 4102/1606/440 4105/1609/440 4104/1607/439
f 754/1599/450 3322/1597/438 4097/1601/438 3500/1610/452
f 3322/1597/438 3321/1596/439 4098/1602/439 4097/1601/438
f 3321/1596/439 3320/1595/440 4099/1605/440 4098/1602/439
f 3320/1595/440 402/1594/424 1043/1611/424 4099/1605/440
f 4099/1605/440 1043/1611/424 1044/1612/424 4102/1606/440
f 4102/1606/440 1044/1612/424 1045/1613/424 4105/1609/440
f 4105/1609/440 1045/1613/424 403/1614/424 3323/1615/440
f 4104/1607/439 4105/1609/440 3323/1615/440 3324/1616/439
f 4103/1608/438 4104/1607/439 3324/1616/439 3325/1617/438
f 3502/1618/453 4103/1608/438 3325/1617/438 755/1619/447
f 3501/1620/455 4100/1604/438 4103/1608/438 3502/1618/453
f 3500/1610/452 4097/1601/438 4100/1604/438 3501/1620/455
f 4106/1621/438 4107/1622/439 4110/1623/439 4109/1624/438
f 4107/1622/439 4108/1625/440 4111/1626/440 4110/1623/439
f 4109/1624/438 4110/1623/439 4113/1627/439 4112/1628/438
f 4110/1623/439 4111/1626/440 4114/1629/440 4113/1627/439
f 755/1619/447 3325/1617/438 4106/1621/438 3497/1630/449
f 3325/1617/438 3324/1616/439 4107/1622/439 4106/1621/438
f 3324/1616/439 3323/1615/440 4108/1625/440 4107/1622/439
f 3323/1615/440 403/1614/424 1046/1631/424 4108/1625/440
f 4108/1625/440 1046/1631/424 1047/1632/424 4111/1626/440
f 4111/1626/440 1047/1632/424 1048/1633/424 4114/1629/440
f 4114/1629/440 1048/1633/424 404/1634/424 3326/1635/440
f 4113/1627/439 4114/1629/440 3326/1635/440 3327/1636/439
f 4112/1628/438 4113/1627/439 3327/1636/439 3328/1637/438
f 3499/1638/449 4112/1628/438 3328/1637/438 756/1639/450
f 3498/1640/451 4109/1624/438 4112/1628/438 3499/1638/449
f 3497/1630/449 4106/1621/438 4109/1624/438 3498/1640/451
f 4115/1641/438 4116/1642/439 4119/1643/469 4118/1644/438
f 4116/1642/439 4117/1645/440 4120/1646/440 4119/1643/469
f 4118/1644/438 4119/1643/469 4122/1647/439 4121/1648/438
f 4119/1643/469 4120/1646/440 4123/1649/440 4122/1647/439
f 756/1639/450 3328/1637/438 4115/1641/438 3494/1650/452
f 3328/1637/438 3327/1636/439 4116/1642/439 4115/1641/438
f 3327/1636/439 3326/1635/440 4117/1645/440 4116/1642/439
f 3326/1635/440 404/1634/424 1049/1651/424 4117/1645/440
f 4117/1645/440 1049/1651/424 1050/1652/424 4120/1646/440
f 4120/1646/440 1050/1652/424 1051/1653/424 4123/1649/440
f 4123/1649/440 1051/1653/424 405/1654/424 3329/1655/440
f 4122/1647/439 4123/1649/440 3329/1655/440 3330/1656/439
f 4121/1648/438 4122/1647/439 3330/1656/439 3331/1657/438
f 3496/1658/453 4121/1648/438 3331/1657/438 757/1659/447
f 3495/1660/455 4118/1644/438 4121/1648/438 3496/1658/453
f 3494/1650/452 4115/1641/438 4118/1644/438 3495/1660/455
f 4124/1661/438 4125/1662/439 4128/1663/439 4127/1664/438
f 4125/1662/439 4126/1665/440 4129/1666/440 4128/1663/439
f 4127/1664/438 4128/1663/439 4131/1667/439 4130/1668/438
f 4128/1663/439 4129/1666/440 4132/1669/440 4131/1667/439
f 757/1659/447 3331/1657/438 4124/1661/438 3491/1670/449
f 3331/1657/438 3330/1656/439 4125/1662/439 4124/1661/438
f 3330/1656/439 3329/1655/440 4126/1665/440 4125/1662/439
f 3329/1655/440 405/1654/424 1052/1671/424 4126/1665/440
f 4126/1665/440 1052/1671/424 1053/1672/424 4129/1666/440
f 4129/1666/440 1053/1672/424 1054/1673/424 4132/1669/440
f 4132/1669/440 1054/1673/424 406/1674/424 3332/1675/440
f 4131/1667/439 4132/1669/440 3332/1675/440 3333/1676/439
f 4130/1668/438 4131/1667/439 3333/1676/439 3334/1677/438
f 3493/1678/449 4130/1668/438 3334/1677/438 758/1679/450
f 3492/1680/451 4127/1664/438 4130/1668/438 3493/1678/449
f 3491/1670/449 4124/1661/438 4127/1664/438 3492/1680/451
f 4133/1681/438 4134/1682/439 4137/1683/439 4136/1684/438
f 4134/1682/439 4135/1685/440 4138/1686/440 4137/1683/439
f 4136/1684/438 4137/1683/439 4140/1687/439 4139/1688/438
f 4137/1683/439 4138/1686/440 4141/1689/440 4140/1687/439
f 758/1679/450 3334/1677/438 4133/1681/438 3488/1690/452
f 3334/1677/438 3333/1676/439 4134/1682/439 4133/1681/438
f 3333/1676/439 3332/1675/440 4135/1685/440 4134/1682/439
f 3332/1675/440 406/1674/424 1055/1691/424 4135/1685/440
f 4135/1685/440 1055/1691/424 1056/1692/424 4138/1686/440
f 4138/1686/440 1056/1692/424 1057/1693/424 4141/1689/440
f 4141/1689/440 1057/1693/424 407/1694/424 3335/1695/440
f 4140/1687/439 4141/1689/440 3335/1695/440 3336/1696/439
f 4139/1688/438 4140/1687/439 3336/1696/439 3337/1697/438
f 3490/1698/453 4139/1688/438 3337/1697/438 759/1699/447
f 3489/1700/455 4136/1684/438 4139/1688/438 3490/1698/453
f 3488/1690/452 4133/1681/438 4136/1684/438 3489/1700/455
f 4142/1701/438 4143/1702/439 4146/1703/439 4145/1704/438
f 4143/1702/439 4144/1705/440 4147/1706/440 4146/1703/439
f 4145/1704/438 4146/1703/439 4149/1707/439 4148/1708/438
f 4146/1703/439 4147/1706/440 4150/1709/440 4149/1707/439
f 759/1699/447 3337/1697/438 4142/1701/438 3485/1710/449
f 3337/1697/438 3336/1696/439 4143/1702/439 4142/1701/438
f 3336/1696/439 3335/1695/440 4144/1705/440 4143/1702/439
f 3335/1695/440 407/1694/424 1058/1711/424 4144/1705/440
f 4144/1705/440 1058/1711/424 1059/1712/424 4147/1706/440
f 4147/1706/440 1059/1712/424 1060/1713/424 4150/1709/440
f 4150/1709/440 1060/1713/424 408/1714/424 3338/1715/440
f 4149/1707/439 4150/1709/440 3338/1715/440 3339/1716/439
f 4148/1708/438 4149/1707/439 3339/1716/439 3340/1717/438
f 3487/1718/449 4148/1708/438 3340/1717/438 760/1719/450
f 3486/1720/451 4145/1704/438 4148/1708/438 3487/1718/449
f 3485/1710/449 4142/1701/438 4145/1704/438 3486/1720/451
f 4151/1721/470 4152/1722/471 4155/1723/471 4154/1724/470
f 4152/1722/471 4153/1725/472 4156/1726/472 4155/1723/471
f 4154/1724/470 4155/1723/471 4158/1727/471 4157/1728/470
f 4155/1723/471 4156/1726/472 4159/1729/472 4158/1727/471
f 783/1730/473 3409/1731/474 4151/1721/470 3482/1732/475
f 3409/1731/474 3408/1733/476 4152/1722/471 4151/1721/470
f 3408/1733/476 3407/1734/477 4153/1725/472 4152/1722/471
f 3407/1734/477 679/1735/412 881/1736/422 4153/1725/472
f 4153/1725/472 881/1736/422 882/1737/422 4156/1726/472
f 4156/1726/472 882/1737/422 883/1738/422 4159/1729/472
f 4159/1729/472 883/1738/422 349/1739/422 3341/1740/472
f 4158/1727/471 4159/1729/472 3341/1740/472 3342/1741/471
f 4157/1728/470 4158/1727/471 3342/1741/471 3343/1742/470
f 3484/1743/475 4157/1728/470 3343/1742/470 761/1744/475
f 3483/1745/475 4154/1724/470 4157/1728/470 3484/1743/475
f 3482/1732/475 4151/1721/470 4154/1724/470 3483/1745/475
f 4160/1746/470 4161/1747/471 4164/1748/471 4163/1749/470
f 4161/1747/471 4162/1750/472 4165/1751/472 4164/1748/471
f 4163/1749/470 4164/1748/471 4167/1752/471 4166/1753/470
f 4164/1748/471 4165/1751/472 4168/1754/472 4167/1752/471
f 761/1744/475 3343/1742/470 4160/1746/470 3479/1755/475
f 3343/1742/470 3342/1741/471 4161/1747/471 4160/1746/470
f 3342/1741/471 3341/1740/472 4162/1750/472 4161/1747/471
f 3341/1740/472 349/1739/422 884/1756/422 4162/1750/472
f 4162/1750/472 884/1756/422 885/1757/422 4165/1751/472
f 4165/1751/472 885/1757/422 886/1758/422 4168/1754/472
f 4168/1754/472 886/1758/422 350/1759/422 3344/1760/472
f 4167/1752/471 4168/1754/472 3344/1760/472 3345/1761/471
f 4166/1753/470 4167/1752/471 3345/1761/471 3346/1762/470
f 3481/1763/475 4166/1753/470 3346/1762/470 762/1764/475
f 3480/1765/475 4163/1749/470 4166/1753/470 3481/1763/475
f 3479/1755/475 4160/1746/470 4163/1749/470 3480/1765/475
f 4169/1766/470 4170/1767/471 4173/1768/478 4172/1769/470
f 4170/1767/471 4171/1770/472 4174/1771/472 4173/1768/478
f 4172/1769/470 4173/1768/478 4176/1772/471 4175/1773/470
f 4173/1768/478 4174/1771/472 4177/1774/472 4176/1772/471
f 762/1764/475 3346/1762/470 4169/1766/470 3476/1775/475
f 3346/1762/470 3345/1761/471 4170/1767/471 4169/1766/470
f 3345/1761/471 3344/1760/472 4171/1770/472 4170/1767/471
f 3344/1760/472 350/1759/422 887/1776/422 4171/1770/472
f 4171/1770/472 887/1776/422 888/1777/422 4174/1771/472
f 4174/1771/472 888/1777/422 889/1778/422 4177/1774/472
f 4177/1774/472 889/1778/422 351/1779/422 3347/1780/472
f 4176/1772/471 4177/1774/472 3347/1780/472 3348/1781/471
f 4175/1773/470 4176/1772/471 3348/1781/471 3349/1782/470
f 3478/1783/475 4175/1773/470 3349/1782/470 763/1784/475
f 3477/1785/475 4172/1769/470 4175/1773/470 3478/1783/475
f 3476/1775/475 4169/1766/470 4172/1769/470 3477/1785/475
f 4178/1786/470 4179/1787/471 4182/1788/471 4181/1789/470
f 4179/1787/471 4180/1790/472 4183/1791/472 4182/1788/471
f 4181/1789/470 4182/1788/471 4185/1792/471 4184/1793/470
f 4182/1788/471 4183/1791/472 4186/1794/472 4185/1792/471
f 763/1784/475 3349/1782/470 4178/1786/470 3473/1795/475
f 3349/1782/470 3348/1781/471 4179/1787/471 4178/1786/470
f 3348/1781/471 3347/1780/472 4180/1790/472 4179/1787/471
f 3347/1780/472 351/1779/422 890/1796/422 4180/1790/472
f 4180/1790/472 890/1796/422 891/1797/422 4183/1791/472
f 4183/1791/472 891/1797/422 892/1798/422 4186/1794/472
f 4186/1794/472 892/1798/422 352/1799/422 3350/1800/472
f 4185/1792/471 4186/1794/472 3350/1800/472 3351/1801/471
f 4184/1793/470 4185/1792/471 3351/1801/471 3352/1802/470
f 3475/1803/475 4184/1793/470 3352/1802/470 764/1804/475
f 3474/1805/475 4181/1789/470 4184/1793/470 3475/1803/475
f 3473/1795/475 4178/1786/470 4181/1789/470 3474/1805/475
f 4187/1806/470 4188/1807/471 4191/1808/471 4190/1809/470
f 4188/1807/471 4189/1810/472 4192/1811/472 4191/1808/471
f 4190/1809/470 4191/1808/471 4194/1812/471 4193/1813/470
f 4191/1808/471 4192/1811/472 4195/1814/472 4194/1812/471
f 764/1804/475 3352/1802/470 4187/1806/470 3470/1815/475
f 3352/1802/470 3351/1801/471 4188/1807/471 4187/1806/470
f 3351/1801/471 3350/1800/472 4189/1810/472 4188/1807/471
f 3350/1800/472 352/1799/422 893/1816/422 4189/1810/472
f 4189/1810/472 893/1816/422 894/1817/422 4192/1811/472
f 4192/1811/472 894/1817/422 895/1818/422 4195/1814/472
f 4195/1814/472 895/1818/422 353/1819/422 3353/1820/472
f 4194/1812/471 4195/1814/472 3353/1820/472 3354/1821/471
f 4193/1813/470 4194/1812/471 3354/1821/471 3355/1822/470
f 3472/1823/475 4193/1813/470 3355/1822/470 765/1824/475
f 3471/1825/475 4190/1809/470 4193/1813/470 3472/1823/475
f 3470/1815/475 4187/1806/470 4190/1809/470 3471/1825/475
f 4196/1826/470 4197/1827/471 4200/1828/471 4199/1829/470
f 4197/1827/471 4198/1830/472 4201/1831/472 4200/1828/471
f 4199/1829/470 4200/1828/471 4203/1832/471 4202/1833/470
f 4200/1828/471 4201/1831/472 4204/1834/472 4203/1832/471
f 765/1824/475 3355/1822/470 4196/1826/470 3467/1835/475
f 3355/1822/470 3354/1821/471 4197/1827/471 4196/1826/470
f 3354/1821/471 3353/1820/472 4198/1830/472 4197/1827/471
f 3353/1820/472 353/1819/422 896/1836/422 4198/1830/472
f 4198/1830/472 896/1836/422 897/1837/422 4201/1831/472
f 4201/1831/472 897/1837/422 898/1838/422 4204/1834/472
f 4204/1834/472 898/1838/422 354/1839/422 3356/1840/472
f 4203/1832/471 4204/1834/472 3356/1840/472 3357/1841/471
f 4202/1833/470 4203/1832/471 3357/1841/471 3358/1842/470
f 3469/1843/475 4202/1833/470 3358/1842/470 766/1844/475
f 3468/1845/475 4199/1829/470 4202/1833/470 3469/1843/475
f 3467/1835/475 4196/1826/470 4199/1829/470 3468/1845/475
f 4205/1846/470 4206/1847/471 4209/1848/471 4208/1849/470
f 4206/1847/471 4207/1850/472 4210/1851/472 4209/1848/471
f 4208/1849/470 4209/1848/471 4212/1852/471 4211/1853/470
f 4209/1848/471 4210/1851/472 4213/1854/472 4212/1852/471
f 766/1844/475 3358/1842/470 4205/1846/470 3464/1855/475
f 3358/1842/470 3357/1841/471 4206/1847/471 4205/1846/470
f 3357/1841/471 3356/1840/472 4207/1850/472 4206/1847/471
f 3356/1840/472 354/1839/422 899/1856/422 4207/1850/472
f 4207/1850/472 899/1856/422 900/1857/422 4210/1851/472
f 4210/1851/472 900/1857/422 901/1858/422 4213/1854/472
f 4213/1854/472 901/1858/422 355/1859/422 3359/1860/472
f 4212/1852/471 4213/1854/472 3359/1860/472 3360/1861/471
f 4211/1853/470 4212/1852/471 3360/1861/471 3361/1862/470
f 3466/1863/475 4211/1853/470 3361/1862/470 767/1864/475
f 3465/1865/475 4208/1849/470 4211/1853/470 3466/1863/475
f 3464/1855/475 4205/1846/470 4208/1849/470 3465/1865/475
f 4214/1866/470 4215/1867/471 4218/1868/471 4217/1869/470
f 4215/1867/471 4216/1870/472 4219/1871/472 4218/1868/471
f 4217/1869/470 4218/1868/471 4221/1872/471 4220/1873/470
f 4218/1868/471 4219/1871/472 4222/1874/472 4221/1872/471
f 767/1864/475 3361/1862/470 4214/1866/470 3461/1875/475
f 3361/1862/470 3360/1861/471 4215/1867/471 4214/1866/470
f 3360/1861/471 3359/1860/472 4216/1870/472 4215/1867/471
f 3359/1860/472 355/1859/422 902/1876/422 4216/1870/472
f 4216/1870/472 902/1876/422 903/1877/422 4219/1871/472
f 4219/1871/472 903/1877/422 904/1878/422 4222/1874/472
f 4222/1874/472 904/1878/422 356/1879/422 3362/1880/472
f 4221/1872/471 4222/1874/472 3362/1880/472 3363/1881/471
f 4220/1873/470 4221/1872/471 3363/1881/471 3364/1882/470
f 3463/1883/475 4220/1873/470 3364/1882/470 768/1884/475
f 3462/1885/475 4217/1869/470 4220/1873/470 3463/1883/475
f 3461/1875/475 4214/1866/470 4217/1869/470 3462/1885/475
f 4223/1886/470 4224/1887/471 4227/1888/471 4226/1889/470
f 4224/1887/471 4225/1890/472 4228/1891/472 4227/1888/471
f 4226/1889/470 4227/1888/471 4230/1892/471 4229/1893/470
f 4227/1888/471 4228/1891/472 4231/1894/472 4230/1892/471
f 768/1884/475 3364/1882/470 4223/1886/470 3458/1895/475
f 3364/1882/470 3363/1881/471 4224/1887/471 4223/1886/470
f 3363/1881/471 3362/1880/472 4225/1890/472 4224/1887/471
f 3362/1880/472 356/1879/422 905/1896/422 4225/1890/472
f 4225/1890/472 905/1896/422 906/1897/422 4228/1891/472
f 4228/1891/472 906/1897/422 907/1898/422 4231/1894/472
f 4231/1894/472 907/1898/422 357/1899/422 3365/1900/472
f 4230/1892/471 4231/1894/472 3365/1900/472 3366/1901/471
f 4229/1893/470 4230/1892/471 3366/1901/471 3367/1902/470
f 3460/1903/475 4229/1893/470 3367/1902/470 769/1904/475
f 3459/1905/475 4226/1889/470 4229/1893/470 3460/1903/475
f 3458/1895/475 4223/1886/470 4226/1889/470 3459/1905/475
f 4232/1906/470 4233/1907/471 4236/1908/471 4235/1909/470
f 4233/1907/471 4234/1910/472 4237/1911/472 4236/1908/471
f 4235/1909/470 4236/1908/471 4239/1912/471 4238/1913/470
f 4236/1908/471 4237/1911/472 4240/1914/472 4239/1912/471
f 769/1904/475 3367/1902/470 4232/1906/470 3455/1915/475
f 3367/1902/470 3366/1901/471 4233/1907/471 4232/1906/470
f 3366/1901/471 3365/1900/472 4234/1910/472 4233/1907/471
f 3365/1900/472 357/1899/422 908/1916/422 4234/1910/472
f 4234/1910/472 908/1916/422 909/1917/422 4237/1911/472
f 4237/1911/472 909/1917/422 910/1918/422 4240/1914/472
f 4240/1914/472 910/1918/422 358/1919/422 3368/1920/472
f 4239/1912/471 4240/1914/472 3368/1920/472 3369/1921/471
f 4238/1913/470 4239/1912/471 3369/1921/471 3370/1922/470
f 3457/1923/475 4238/1913/470 3370/1922/470 770/1924/475
f 3456/1925/475 4235/1909/470 4238/1913/470 3457/1923/475
f 3455/1915/475 4232/1906/470 4235/1909/470 3456/1925/475
f 4241/1926/470 4242/1927/471 4245/1928/471 4244/1929/470
f 4242/1927/471 4243/1930/472 4246/1931/472 4245/1928/471
f 4244/1929/470 4245/1928/471 4248/1932/471 4247/1933/470
f 4245/1928/471 4246/1931/472 4249/1934/472 4248/1932/471
f 770/1924/475 3370/1922/470 4241/1926/470 3452/1935/475
f 3370/1922/470 3369/1921/471 4242/1927/471 4241/1926/470
f 3369/1921/471 3368/1920/472 4243/1930/472 4242/1927/471
f 3368/1920/472 358/1919/422 911/1936/422 4243/1930/472
f 4243/1930/472 911/1936/422 912/1937/422 4246/1931/472
f 4246/1931/472 912/1937/422 913/1938/422 4249/1934/472
f 4249/1934/472 913/1938/422 359/1939/422 3371/1940/472
f 4248/1932/471 4249/1934/472 3371/1940/472 3372/1941/471
f 4247/1933/470 4248/1932/471 3372/1941/471 3373/1942/470
f 3454/1943/475 4247/1933/470 3373/1942/470 771/1944/475
f 3453/1945/475 4244/1929/470 4247/1933/470 3454/1943/475
f 3452/1935/475 4241/1926/470 4244/1929/470 3453/1945/475
f 4250/1946/470 4251/1947/471 4254/1948/471 4253/1949/470
f 4251/1947/471 4252/1950/472 4255/1951/472 4254/1948/471
f 4253/1949/470 4254/1948/471 4257/1952/471 4256/1953/470
f 4254/1948/471 4255/1951/472 4258/1954/472 4257/1952/471
f 771/1944/475 3373/1942/470 4250/1946/470 3449/1955/475
f 3373/1942/470 3372/1941/471 4251/1947/471 4250/1946/470
f 3372/1941/471 3371/1940/472 4252/1950/472 4251/1947/471
f 3371/1940/472 359/1939/422 914/1956/422 4252/1950/472
f 4252/1950/472 914/1956/422 915/1957/422 4255/1951/472
f 4255/1951/472 915/1957/422 916/1958/422 4258/1954/472
f 4258/1954/472 916/1958/422 360/1959/422 3374/1960/472
f 4257/1952/471 4258/1954/472 3374/1960/472 3375/1961/471
f 4256/1953/470 4257/1952/471 3375/1961/471 3376/1962/470
f 3451/1963/475 4256/1953/470 3376/1962/470 772/1964/475
f 3450/1965/475 4253/1949/470 4256/1953/470 3451/1963/475
f 3449/1955/475 4250/1946/470 4253/1949/470 3450/1965/475
f 4259/1966/470 4260/1967/471 4263/1968/471 4262/1969/470
f 4260/1967/471 4261/1970/472 4264/1971/472 4263/1968/471
f 4262/1969/470 4263/1968/471 4266/1972/471 4265/1973/470
f 4263/1968/471 4264/1971/472 4267/1974/472 4266/1972/471
f 772/1964/475 3376/1962/470 4259/1966/470 3446/1975/475
f 3376/1962/470 3375/1961/471 4260/1967/471 4259/1966/470
f 3375/1961/471 3374/1960/472 4261/1970/472 4260/1967/471
f 3374/1960/472 360/1959/422 917/1976/422 4261/1970/472
f 4261/1970/472 917/1976/422 918/1977/422 4264/1971/472
f 4264/1971/472 918/1977/422 919/1978/422 4267/1974/472
f 4267/1974/472 919/1978/422 361/1979/422 3377/1980/472
f 4266/1972/471 4267/1974/472 3377/1980/472 3378/1981/471
f 4265/1973/470 4266/1972/471 3378/1981/471 3379/1982/470
f 3448/1983/475 4265/1973/470 3379/1982/470 773/1984/475
f 3447/1985/475 4262/1969/470 4265/1973/470 3448/1983/475
f 3446/1975/475 4259/1966/470 4262/1969/470 3447/1985/475
f 4268/1986/470 4269/1987/471 4272/1988/471 4271/1989/470
f 4269/1987/471 4270/1990/472 4273/1991/472 4272/1988/471
f 4271/1989/470 4272/1988/471 4275/1992/471 4274/1993/470
f 4272/1988/471 4273/1991/472 4276/1994/472 4275/1992/471
f 773/1984/475 3379/1982/470 4268/1986/470 3443/1995/475
f 3379/1982/470 3378/1981/471 4269/1987/471 4268/1986/470
f 3378/1981/471 3377/1980/472 4270/1990/472 4269/1987/471
f 3377/1980/472 361/1979/422 920/1996/422 4270/1990/472
f 4270/1990/472 920/1996/422 921/1997/422 4273/1991/472
f 4273/1991/472 921/1997/422 922/1998/422 4276/1994/472
f 4276/1994/472 922/1998/422 362/1999/422 3380/2000/472
f 4275/1992/471 4276/1994/472 3380/2000/472 3381/2001/471
f 4274/1993/470 4275/1992/471 3381/2001/471 3382/2002/470
f 3445/2003/475 4274/1993/470 3382/2002/470 774/2004/475
f 3444/2005/475 4271/1989/470 4274/1993/470 3445/2003/475
f 3443/1995/475 4268/1986/470 4271/1989/470 3444/2005/475
f 4277/2006/470 4278/2007/471 4281/2008/471 4280/2009/470
f 4278/2007/471 4279/2010/472 4282/2011/472 4281/2008/471
f 4280/2009/470 4281/2008/471 4284/2012/471 4283/2013/470
f 4281/2008/471 4282/2011/472 4285/2014/472 4284/2012/471
f 774/2004/475 3382/2002/470 4277/2006/470 3440/2015/475
f 3382/2002/470 3381/2001/471 4278/2007/471 4277/2006/470
f 3381/2001/471 3380/2000/472 4279/2010/472 4278/2007/471
f 3380/2000/472 362/1999/422 923/2016/422 4279/2010/472
f 4279/2010/472 923/2016/422 924/2017/422 4282/2011/472
f 4282/2011/472 924/2017/422 925/2018/422 4285/2014/472
f 4285/2014/472 925/2018/422 363/2019/422 3383/2020/472
f 4284/2012/471 4285/2014/472 3383/2020/472 3384/2021/471
f 4283/2013/470 4284/2012/471 3384/2021/471 3385/2022/470
f 3442/2023/475 4283/2013/470 3385/2022/470 775/2024/475
f 3441/2025/475 4280/2009/470 4283/2013/470 3442/2023/475
f 3440/2015/475 4277/2006/470 4280/2009/470 3441/2025/475
f 4286/2026/470 4287/2027/471 4290/2028/471 4289/2029/470
f 4287/2027/471 4288/2030/472 4291/2031/472 4290/2028/471
f 4289/2029/470 4290/2028/471 4293/2032/471 4292/2033/470
f 4290/2028/471 4291/2031/472 4294/2034/472 4293/2032/471
f 775/2024/475 3385/2022/470 4286/2026/470 3437/2035/475
f 3385/2022/470 3384/2021/471 4287/2027/471 4286/2026/470
f 3384/2021/471 3383/2020/472 4288/2030/472 4287/2027/471
f 3383/2020/472 363/2019/422 926/2036/422 4288/2030/472
f 4288/2030/472 926/2036/422 927/2037/422 4291/2031/472
f 4291/2031/472 927/2037/422 928/2038/422 4294/2034/472
f 4294/2034/472 928/2038/422 364/2039/422 3386/2040/472
f 4293/2032/471 4294/2034/472 3386/2040/472 3387/2041/471
f 4292/2033/470 4293/2032/471 3387/2041/471 3388/2042/470
f 3439/2043/475 4292/2033/470 3388/2042/470 776/2044/475
f 3438/2045/475 4289/2029/470 4292/2033/470 3439/2043/475
f 3437/2035/475 4286/2026/470 4289/2029/470 3438/2045/475
f 4295/2046/470 4296/2047/471 4299/2048/471 4298/2049/470
f 4296/2047/471 4297/2050/472 4300/2051/472 4299/2048/471
f 4298/2049/470 4299/2048/471 4302/2052/471 4301/2053/470
f 4299/2048/471 4300/2051/472 4303/2054/472 4302/2052/471
f 776/2044/475 3388/2042/470 4295/2046/470 3434/2055/475
f 3388/2042/470 3387/2041/471 4296/2047/471 4295/2046/470
f 3387/2041/471 3386/2040/472 4297/2050/472 4296/2047/471
f 3386/2040/472 364/2039/422 929/2056/422 4297/2050/472
f 4297/2050/472 929/2056/422 930/2057/422 4300/2051/472
f 4300/2051/472 930/2057/422 931/2058/422 4303/2054/472
f 4303/2054/472 931/2058/422 365/2059/422 3389/2060/472
f 4302/2052/471 4303/2054/472 3389/2060/472 3390/2061/471
f 4301/2053/470 4302/2052/471 3390/2061/471 3391/2062/470
f 3436/2063/475 4301/2053/470 3391/2062/470 777/2064/475
f 3435/2065/475 4298/2049/470 4301/2053/470 3436/2063/475
f 3434/2055/475 4295/2046/470 4298/2049/470 3435/2065/475
f 4304/2066/470 4305/2067/471 4308/2068/471 4307/2069/470
f 4305/2067/471 4306/2070/472 4309/2071/472 4308/2068/471
f 4307/2069/470 4308/2068/471 4311/2072/471 4310/2073/470
f 4308/2068/471 4309/2071/472 4312/2074/472 4311/2072/471
f 777/2064/475 3391/2062/470 4304/2066/470 3431/2075/475
f 3391/2062/470 3390/2061/471 4305/2067/471 4304/2066/470
f 3390/2061/471 3389/2060/472 4306/2070/472 4305/2067/471
f 3389/2060/472 365/2059/422 932/2076/422 4306/2070/472
f 4306/2070/472 932/2076/422 933/2077/422 4309/2071/472
f 4309/2071/472 933/2077/422 934/2078/422 4312/2074/472
f 4312/2074/472 934/2078/422 366/2079/422 3392/2080/472
f 4311/2072/471 4312/2074/472 3392/2080/472 3393/2081/471
f 4310/2073/470 4311/2072/471 3393/2081/471 3394/2082/470
f 3433/2083/475 4310/2073/470 3394/2082/470 778/2084/475
f 3432/2085/475 4307/2069/470 4310/2073/470 3433/2083/475
f 3431/2075/475 4304/2066/470 4307/2069/470 3432/2085/475
f 4313/2086/470 4314/2087/471 4317/2088/471 4316/2089/470
f 4314/2087/471 4315/2090/472 4318/2091/472 4317/2088/471
f 4316/2089/470 4317/2088/471 4320/2092/471 4319/2093/470
f 4317/2088/471 4318/2091/472 4321/2094/472 4320/2092/471
f 778/2084/475 3394/2082/470 4313/2086/470 3428/2095/475
f 3394/2082/470 3393/2081/471 4314/2087/471 4313/2086/470
f 3393/2081/471 3392/2080/472 4315/2090/472 4314/2087/471
f 3392/2080/472 366/2079/422 935/2096/422 4315/2090/472
f 4315/2090/472 935/2096/422 936/2097/422 4318/2091/472
f 4318/2091/472 936/2097/422 937/2098/422 4321/2094/472
f 4321/2094/472 937/2098/422 367/2099/422 3395/2100/472
f 4320/2092/471 4321/2094/472 3395/2100/472 3396/2101/471
f 4319/2093/470 4320/2092/471 3396/2101/471 3397/2102/470
f 3430/2103/475 4319/2093/470 3397/2102/470 779/2104/475
f 3429/2105/475 4316/2089/470 4319/2093/470 3430/2103/475
f 3428/2095/475 4313/2086/470 4316/2089/470 3429/2105/475
f 4322/2106/470 4323/2107/471 4326/2108/471 4325/2109/470
f 4323/2107/471 4324/2110/472 4327/2111/472 4326/2108/471
f 4325/2109/470 4326/2108/471 4329/2112/471 4328/2113/470
f 4326/2108/471 4327/2111/472 4330/2114/472 4329/2112/471
f 779/2104/475 3397/2102/470 4322/2106/470 3425/2115/475
f 3397/2102/470 3396/2101/471 4323/2107/471 4322/2106/470
f 3396/2101/471 3395/2100/472 4324/2110/472 4323/2107/471
f 3395/2100/472 367/2099/422 938/2116/422 4324/2110/472
f 4324/2110/472 938/2116/422 939/2117/422 4327/2111/472
f 4327/2111/472 939/2117/422 940/2118/422 4330/2114/472
f 4330/2114/472 940/2118/422 368/2119/422 3398/2120/472
f 4329/2112/471 4330/2114/472 3398/2120/472 3399/2121/471
f 4328/2113/470 4329/2112/471 3399/2121/471 3400/2122/470
f 3427/2123/475 4328/2113/470 3400/2122/470 780/2124/475
f 3426/2125/475 4325/2109/470 4328/2113/470 3427/2123/475
f 3425/2115/475 4322/2106/470 4325/2109/470 3426/2125/475
f 4331/2126/479 4332/2127/479 4335/2128/479 4334/2129/479
f 4332/2127/479 4333/2130/479 4336/2131/479 4335/2128/479
f 4334/2129/479 4335/2128/479 4338/2132/479 4337/2133/479
f 4335/2128/479 4336/2131/479 4339/2134/479 4338/2132/479
f 579/2135/479 2197/2136/479 4331/2126/479 2450/2137/479
f 2197/2136/479 2196/2138/479 4332/2127/479 4331/2126/479
f 2196/2138/479 2195/2139/479 4333/2130/479 4332/2127/479
f 2195/2139/479 451/2140/479 1433/2141/479 4333/2130/479
f 4333/2130/479 1433/2141/479 1434/2142/479 4336/2131/479
f 4336/2131/479 1434/2142/479 1435/2143/479 4339/2134/479
f 4339/2134/479 1435/2143/479 452/2144/479 2198/2145/479
f 4338/2132/479 4339/2134/479 2198/2145/479 2199/2146/479
f 4337/2133/479 4338/2132/479 2199/2146/479 2200/2147/479
f 2452/2148/479 4337/2133/479 2200/2147/479 580/2149/479
f 2451/2150/479 4334/2129/479 4337/2133/479 2452/2148/479
f 2450/2137/479 4331/2126/479 4334/2129/479 2451/2150/479
f 4340/2151/479 4341/2152/479 4344/2153/479 4343/2154/479
f 4341/2152/479 4342/2155/479 4345/2156/479 4344/2153/479
f 4343/2154/479 4344/2153/479 4347/2157/479 4346/2158/479
f 4344/2153/479 4345/2156/479 4348/2159/479 4347/2157/479
f 578/2160/479 2194/2161/479 4340/2151/479 2447/2162/479
f 2194/2161/479 2193/2163/479 4341/2152/479 4340/2151/479
f 2193/2163/479 2192/2164/479 4342/2155/479 4341/2152/479
f 2192/2164/479 450/2165/479 1436/2166/479 4342/2155/479
f 4342/2155/479 1436/2166/479 1437/2167/479 4345/2156/479
f 4345/2156/479 1437/2167/479 1438/2168/479 4348/2159/479
f 4348/2159/479 1438/2168/479 451/2140/479 2195/2139/479
f 4347/2157/479 4348/2159/479 2195/2139/479 2196/2138/479
f 4346/2158/479 4347/2157/479 2196/2138/479 2197/2136/479
f 2449/2169/479 4346/2158/479 2197/2136/479 579/2135/479
f 2448/2170/479 4343/2154/479 4346/2158/479 2449/2169/479
f 2447/2162/479 4340/2151/479 4343/2154/479 2448/2170/479
f 4349/2171/479 4350/2172/479 4353/2173/479 4352/2174/479
f 4350/2172/479 4351/2175/479 4354/2176/479 4353/2173/479
f 4352/2174/479 4353/2173/479 4356/2177/479 4355/2178/479
f 4353/2173/479 4354/2176/479 4357/2179/479 4356/2177/479
f 577/2180/479 2191/2181/479 4349/2171/479 2444/2182/479
f 2191/2181/479 2190/2183/479 4350/2172/479 4349/2171/479
f 2190/2183/479 2189/2184/479 4351/2175/479 4350/2172/479
f 2189/2184/479 449/2185/479 1439/2186/479 4351/2175/479
f 4351/2175/479 1439/2186/479 1440/2187/479 4354/2176/479
f 4354/2176/479 1440/2187/479 1441/2188/479 4357/2179/479
f 4357/2179/479 1441/2188/479 450/2165/479 2192/2164/479
f 4356/2177/479 4357/2179/479 2192/2164/479 2193/2163/479
f 4355/2178/479 4356/2177/479 2193/2163/479 2194/2161/479
f 2446/2189/479 4355/2178/479 2194/2161/479 578/2160/479
f 2445/2190/479 4352/2174/479 4355/2178/479 2446/2189/479
f 2444/2182/479 4349/2171/479 4352/2174/479 2445/2190/479
f 4358/2191/479 4359/2192/479 4362/2193/479 4361/2194/479
f 4359/2192/479 4360/2195/479 4363/2196/479 4362/2193/479
f 4361/2194/479 4362/2193/479 4365/2197/479 4364/2198/479
f 4362/2193/479 4363/2196/479 4366/2199/479 4365/2197/479
f 576/2200/479 2188/2201/479 4358/2191/479 2441/2202/479
f 2188/2201/479 2187/2203/479 4359/2192/479 4358/2191/479
f 2187/2203/479 2186/2204/479 4360/2195/479 4359/2192/479
f 2186/2204/479 448/2205/479 1442/2206/479 4360/2195/479
f 4360/2195/479 1442/2206/479 1443/2207/479 4363/2196/479
f 4363/2196/479 1443/2207/479 1444/2208/479 4366/2199/479
f 4366/2199/479 1444/2208/479 449/2185/479 2189/2184/479
f 4365/2197/479 4366/2199/479 2189/2184/479 2190/2183/479
f 4364/2198/479 4365/2197/479 2190/2183/479 2191/2181/479
f 2443/2209/479 4364/2198/479 2191/2181/479 577/2180/479
f 2442/2210/479 4361/2194/479 4364/2198/479 2443/2209/479
f 2441/2202/479 4358/2191/479 4361/2194/479 2442/2210/479
f 4367/2211/479 4368/2212/479 4371/2213/479 4370/2214/479
f 4368/2212/479 4369/2215/479 4372/2216/479 4371/2213/479
f 4370/2214/479 4371/2213/479 4374/2217/479 4373/2218/479
f 4371/2213/479 4372/2216/479 4375/2219/479 4374/2217/479
f 575/2220/479 2185/2221/479 4367/2211/479 2438/2222/479
f 2185/2221/479 2184/2223/479 4368/2212/479 4367/2211/479
f 2184/2223/479 2183/2224/479 4369/2215/479 4368/2212/479
f 2183/2224/479 447/2225/479 1445/2226/479 4369/2215/479
f 4369/2215/479 1445/2226/479 1446/2227/479 4372/2216/479
f 4372/2216/479 1446/2227/479 1447/2228/479 4375/2219/479
f 4375/2219/479 1447/2228/479 448/2205/479 2186/2204/479
f 4374/2217/479 4375/2219/479 2186/2204/479 2187/2203/479
f 4373/2218/479 4374/2217/479 2187/2203/479 2188/2201/479
f 2440/2229/479 4373/2218/479 2188/2201/479 576/2200/479
f 2439/2230/479 4370/2214/479 4373/2218/479 2440/2229/479
f 2438/2222/479 4367/2211/479 4370/2214/479 2439/2230/479
f 4376/2231/479 4377/2232/479 4380/2233/479 4379/2234/479
f 4377/2232/479 4378/2235/479 4381/2236/479 4380/2233/479
f 4379/2234/479 4380/2233/479 4383/2237/479 4382/2238/479
f 4380/2233/479 4381/2236/479 4384/2239/479 4383/2237/479
f 574/2240/479 2182/2241/479 4376/2231/479 2435/2242/479
f 2182/2241/479 2181/2243/479 4377/2232/479 4376/2231/479
f 2181/2243/479 2180/2244/479 4378/2235/479 4377/2232/479
f 2180/2244/479 446/2245/479 1448/2246/479 4378/2235/479
f 4378/2235/479 1448/2246/479 1449/2247/479 4381/2236/479
f 4381/2236/479 1449/2247/479 1450/2248/479 4384/2239/479
f 4384/2239/479 1450/2248/479 447/2225/479 2183/2224/479
f 4383/2237/479 4384/2239/479 2183/2224/479 2184/2223/479
f 4382/2238/479 4383/2237/479 2184/2223/479 2185/2221/479
f 2437/2249/479 4382/2238/479 2185/2221/479 575/2220/479
f 2436/2250/479 4379/2234/479 4382/2238/479 2437/2249/479
f 2435/2242/479 4376/2231/479 4379/2234/479 2436/2250/479
f 4385/2251/479 4386/2252/479 4389/2253/479 4388/2254/479
f 4386/2252/479 4387/2255/479 4390/2256/479 4389/2253/479
f 4388/2254/479 4389/2253/479 4392/2257/479 4391/2258/479
f 4389/2253/479 4390/2256/479 4393/2259/479 4392/2257/479
f 573/2260/479 2179/2261/479 4385/2251/479 2432/2262/479
f 2179/2261/479 2178/2263/479 4386/2252/479 4385/2251/479
f 2178/2263/479 2177/2264/479 4387/2255/479 4386/2252/479
f 2177/2264/479 445/2265/479 1451/2266/479 4387/2255/479
f 4387/2255/479 1451/2266/479 1452/2267/479 4390/2256/479
f 4390/2256/479 1452/2267/479 1453/2268/479 4393/2259/479
f 4393/2259/479 1453/2268/479 446/2245/479 2180/2244/479
f 4392/2257/479 4393/2259/479 2180/2244/479 2181/2243/479
f 4391/2258/479 4392/2257/479 2181/2243/479 2182/2241/479
f 2434/2269/479 4391/2258/479 2182/2241/479 574/2240/479
f 2433/2270/479 4388/2254/479 4391/2258/479 2434/2269/479
f 2432/2262/479 4385/2251/479 4388/2254/479 2433/2270/479
f 4394/2271/479 4395/2272/479 4398/2273/479 4397/2274/479
f 4395/2272/479 4396/2275/479 4399/2276/479 4398/2273/479
f 4397/2274/479 4398/2273/479 4401/2277/479 4400/2278/479
f 4398/2273/479 4399/2276/479 4402/2279/479 4401/2277/479
f 572/2280/479 2176/2281/479 4394/2271/479 2429/2282/479
f 2176/2281/479 2175/2283/479 4395/2272/479 4394/2271/479
f 2175/2283/479 2174/2284/479 4396/2275/479 4395/2272/479
f 2174/2284/479 444/2285/479 1454/2286/479 4396/2275/479
f 4396/2275/479 1454/2286/479 1455/2287/479 4399/2276/479
f 4399/2276/479 1455/2287/479 1456/2288/479 4402/2279/479
f 4402/2279/479 1456/2288/479 445/2265/479 2177/2264/479
f 4401/2277/479 4402/2279/479 2177/2264/479 2178/2263/479
f 4400/2278/479 4401/2277/479 2178/2263/479 2179/2261/479
f 2431/2289/479 4400/2278/479 2179/2261/479 573/2260/479
f 2430/2290/479 4397/2274/479 4400/2278/479 2431/2289/479
f 2429/2282/479 4394/2271/479 4397/2274/479 2430/2290/479
f 4403/2291/479 4404/2292/479 4407/2293/479 4406/2294/479
f 4404/2292/479 4405/2295/479 4408/2296/479 4407/2293/479
f 4406/2294/479 4407/2293/479 4410/2297/479 4409/2298/479
f 4407/2293/479 4408/2296/479 4411/2299/479 4410/2297/479
f 571/2300/479 2173/2301/479 4403/2291/479 2426/2302/479
f 2173/2301/479 2172/2303/479 4404/2292/479 4403/2291/479
f 2172/2303/479 2171/2304/479 4405/2295/479 4404/2292/479
f 2171/2304/479 443/2305/479 1457/2306/479 4405/2295/479
f 4405/2295/479 1457/2306/479 1458/2307/479 4408/2296/479
f 4408/2296/479 1458/2307/479 1459/2308/479 4411/2299/479
f 4411/2299/479 1459/2308/479 444/2285/479 2174/2284/479
f 4410/2297/479 4411/2299/479 2174/2284/479 2175/2283/479
f 4409/2298/479 4410/2297/479 2175/2283/479 2176/2281/479
f 2428/2309/479 4409/2298/479 2176/2281/479 572/2280/479
f 2427/2310/479 4406/2294/479 4409/2298/479 2428/2309/479
f 2426/2302/479 4403/2291/479 4406/2294/479 2427/2310/479
f 4412/2311/479 4413/2312/479 4416/2313/479 4415/2314/479
f 4413/2312/479 4414/2315/479 4417/2316/479 4416/2313/479
f 4415/2314/479 4416/2313/479 4419/2317/479 4418/2318/479
f 4416/2313/479 4417/2316/479 4420/2319/479 4419/2317/479
f 570/2320/479 2170/2321/479 4412/2311/479 2423/2322/479
f 2170/2321/479 2169/2323/479 4413/2312/479 4412/2311/479
f 2169/2323/479 2168/2324/479 4414/2315/479 4413/2312/479
f 2168/2324/479 442/2325/479 1460/2326/479 4414/2315/479
f 4414/2315/479 1460/2326/479 1461/2327/479 4417/2316/479
f 4417/2316/479 1461/2327/479 1462/2328/479 4420/2319/479
f 4420/2319/479 1462/2328/479 443/2305/479 2171/2304/479
f 4419/2317/479 4420/2319/479 2171/2304/479 2172/2303/479
f 4418/2318/479 4419/2317/479 2172/2303/479 2173/2301/479
f 2425/2329/479 4418/2318/479 2173/2301/479 571/2300/479
f 2424/2330/479 4415/2314/479 4418/2318/479 2425/2329/479
f 2423/2322/479 4412/2311/479 4415/2314/479 2424/2330/479
f 4421/2331/479 4422/2332/479 4425/2333/479 4424/2334/479
f 4422/2332/479 4423/2335/479 4426/2336/479 4425/2333/479
f 4424/2334/479 4425/2333/479 4428/2337/479 4427/2338/479
f 4425/2333/479 4426/2336/479 4429/2339/479 4428/2337/479
f 569/2340/479 2167/2341/479 4421/2331/479 2420/2342/479
f 2167/2341/479 2166/2343/479 4422/2332/479 4421/2331/479
f 2166/2343/479 2165/2344/479 4423/2335/479 4422/2332/479
f 2165/2344/479 441/2345/479 1463/2346/479 4423/2335/479
f 4423/2335/479 1463/2346/479 1464/2347/479 4426/2336/479
f 4426/2336/479 1464/2347/479 1465/2348/479 4429/2339/479
f 4429/2339/479 1465/2348/479 442/2325/479 2168/2324/479
f 4428/2337/479 4429/2339/479 2168/2324/479 2169/2323/479
f 4427/2338/479 4428/2337/479 2169/2323/479 2170/2321/479
f 2422/2349/479 4427/2338/479 2170/2321/479 570/2320/479
f 2421/2350/479 4424/2334/479 4427/2338/479 2422/2349/479
f 2420/2342/479 4421/2331/479 4424/2334/479 2421/2350/479
f 4430/2351/479 4431/2352/479 4434/2353/479 4433/2354/479
f 4431/2352/479 4432/2355/479 4435/2356/479 4434/2353/479
f 4433/2354/479 4434/2353/479 4437/2357/479 4436/2358/479
f 4434/2353/479 4435/2356/479 4438/2359/479 4437/2357/479
f 568/2360/479 2164/2361/479 4430/2351/479 2417/2362/479
f 2164/2361/479 2163/2363/479 4431/2352/479 4430/2351/479
f 2163/2363/479 2162/2364/479 4432/2355/479 4431/2352/479
f 2162/2364/479 440/2365/479 1466/2366/479 4432/2355/479
f 4432/2355/479 1466/2366/479 1467/2367/479 4435/2356/479
f 4435/2356/479 1467/2367/479 1468/2368/479 4438/2359/479
f 4438/2359/479 1468/2368/479 441/2345/479 2165/2344/479
f 4437/2357/479 4438/2359/479 2165/2344/479 2166/2343/479
f 4436/2358/479 4437/2357/479 2166/2343/479 2167/2341/479
f 2419/2369/479 4436/2358/479 2167/2341/479 569/2340/479
f 2418/2370/479 4433/2354/479 4436/2358/479 2419/2369/479
f 2417/2362/479 4430/2351/479 4433/2354/479 2418/2370/479
f 4439/2371/479 4440/2372/479 4443/2373/479 4442/2374/479
f 4440/2372/479 4441/2375/479 4444/2376/479 4443/2373/479
f 4442/2374/479 4443/2373/479 4446/2377/479 4445/2378/479
f 4443/2373/479 4444/2376/479 4447/2379/479 4446/2377/479
f 567/2380/479 2161/2381/479 4439/2371/479 2414/2382/479
f 2161/2381/479 2160/2383/479 4440/2372/479 4439/2371/479
f 2160/2383/479 2159/2384/479 4441/2375/479 4440/2372/479
f 2159/2384/479 439/2385/479 1469/2386/479 4441/2375/479
f 4441/2375/479 1469/2386/479 1470/2387/479 4444/2376/479
f 4444/2376/479 1470/2387/479 1471/2388/479 4447/2379/479
f 4447/2379/479 1471/2388/479 440/2365/479 2162/2364/479
f 4446/2377/479 4447/2379/479 2162/2364/479 2163/2363/479
f 4445/2378/479 4446/2377/479 2163/2363/479 2164/2361/479
f 2416/2389/479 4445/2378/479 2164/2361/479 568/2360/479
f 2415/2390/479 4442/2374/479 4445/2378/479 2416/2389/479
f 2414/2382/479 4439/2371/479 4442/2374/479 2415/2390/479
f 4448/2391/479 4449/2392/479 4452/2393/479 4451/2394/479
f 4449/2392/479 4450/2395/479 4453/2396/479 4452/2393/479
f 4451/2394/479 4452/2393/479 4455/2397/479 4454/2398/479
f 4452/2393/479 4453/2396/479 4456/2399/479 4455/2397/479
f 566/2400/479 2158/2401/479 4448/2391/479 2411/2402/479
f 2158/2401/479 2157/2403/479 4449/2392/479 4448/2391/479
f 2157/2403/479 2156/2404/479 4450/2395/479 4449/2392/479
f 2156/2404/479 438/2405/479 1472/2406/479 4450/2395/479
f 4450/2395/479 1472/2406/479 1473/2407/479 4453/2396/479
f 4453/2396/479 1473/2407/479 1474/2408/479 4456/2399/479
f 4456/2399/479 1474/2408/479 439/2385/479 2159/2384/479
f 4455/2397/479 4456/2399/479 2159/2384/479 2160/2383/479
f 4454/2398/479 4455/2397/479 2160/2383/479 2161/2381/479
f 2413/2409/479 4454/2398/479 2161/2381/479 567/2380/479
f 2412/2410/479 4451/2394/479 4454/2398/479 2413/2409/479
f 2411/2402/479 4448/2391/479 4451/2394/479 2412/2410/479
f 4457/2411/479 4458/2412/479 4461/2413/479 4460/2414/479
f 4458/2412/479 4459/2415/479 4462/2416/479 4461/2413/479
f 4460/2414/479 4461/2413/479 4464/2417/479 4463/2418/479
f 4461/2413/479 4462/2416/479 4465/2419/479 4464/2417/479
f 565/2420/479 2155/2421/479 4457/2411/479 2408/2422/479
f 2155/2421/479 2154/2423/479 4458/2412/479 4457/2411/479
f 2154/2423/479 2153/2424/479 4459/2415/479 4458/2412/479
f 2153/2424/479 437/2425/479 1475/2426/479 4459/2415/479
f 4459/2415/479 1475/2426/479 1476/2427/479 4462/2416/479
f 4462/2416/479 1476/2427/479 1477/2428/479 4465/2419/479
f 4465/2419/479 1477/2428/479 438/2405/479 2156/2404/479
f 4464/2417/479 4465/2419/479 2156/2404/479 2157/2403/479
f 4463/2418/479 4464/2417/479 2157/2403/479 2158/2401/479
f 2410/2429/479 4463/2418/479 2158/2401/479 566/2400/479
f 2409/2430/479 4460/2414/479 4463/2418/479 2410/2429/479
f 2408/2422/479 4457/2411/479 4460/2414/479 2409/2430/479
f 4466/2431/479 4467/2432/479 4470/2433/479 4469/2434/479
f 4467/2432/479 4468/2435/479 4471/2436/479 4470/2433/479
f 4469/2434/479 4470/2433/479 4473/2437/479 4472/2438/479
f 4470/2433/479 4471/2436/479 4474/2439/479 4473/2437/479
f 564/2440/479 2152/2441/479 4466/2431/479 2405/2442/479
f 2152/2441/479 2151/2443/479 4467/2432/479 4466/2431/479
f 2151/2443/479 2150/2444/479 4468/2435/479 4467/2432/479
f 2150/2444/479 436/2445/479 1478/2446/479 4468/2435/479
f 4468/2435/479 1478/2446/479 1479/2447/479 4471/2436/479
f 4471/2436/479 1479/2447/479 1480/2448/479 4474/2439/479
f 4474/2439/479 1480/2448/479 437/2425/479 2153/2424/479
f 4473/2437/479 4474/2439/479 2153/2424/479 2154/2423/479
f 4472/2438/479 4473/2437/479 2154/2423/479 2155/2421/479
f 2407/2449/479 4472/2438/479 2155/2421/479 565/2420/479
f 2406/2450/479 4469/2434/479 4472/2438/479 2407/2449/479
f 2405/2442/479 4466/2431/479 4469/2434/479 2406/2450/479
f 4475/2451/479 4476/2452/479 4479/2453/479 4478/2454/479
f 4476/2452/479 4477/2455/479 4480/2456/479 4479/2453/479
f 4478/2454/479 4479/2453/479 4482/2457/479 4481/2458/479
f 4479/2453/479 4480/2456/479 4483/2459/479 4482/2457/479
f 563/2460/479 2149/2461/479 4475/2451/479 2402/2462/479
f 2149/2461/479 2148/2463/479 4476/2452/479 4475/2451/479
f 2148/2463/479 2147/2464/479 4477/2455/479 4476/2452/479
f 2147/2464/479 435/2465/479 1481/2466/479 4477/2455/479
f 4477/2455/479 1481/2466/479 1482/2467/479 4480/2456/479
f 4480/2456/479 1482/2467/479 1483/2468/479 4483/2459/479
f 4483/2459/479 1483/2468/479 436/2445/479 2150/2444/479
f 4482/2457/479 4483/2459/479 2150/2444/479 2151/2443/479
f 4481/2458/479 4482/2457/479 2151/2443/479 2152/2441/479
f 2404/2469/479 4481/2458/479 2152/2441/479 564/2440/479
f 2403/2470/479 4478/2454/479 4481/2458/479 2404/2469/479
f 2402/2462/479 4475/2451/479 4478/2454/479 2403/2470/479
f 4484/2471/479 4485/2472/479 4488/2473/479 4487/2474/479
f 4485/2472/479 4486/2475/479 4489/2476/479 4488/2473/479
f 4487/2474/479 4488/2473/479 4491/2477/479 4490/2478/479
f 4488/2473/479 4489/2476/479 4492/2479/479 4491/2477/479
f 562/2480/479 2146/2481/479 4484/2471/479 2399/2482/479
f 2146/2481/479 2145/2483/479 4485/2472/479 4484/2471/479
f 2145/2483/479 2144/2484/479 4486/2475/479 4485/2472/479
f 2144/2484/479 434/2485/479 1484/2486/479 4486/2475/479
f 4486/2475/479 1484/2486/479 1485/2487/479 4489/2476/479
f 4489/2476/479 1485/2487/479 1486/2488/479 4492/2479/479
f 4492/2479/479 1486/2488/479 435/2465/479 2147/2464/479
f 4491/2477/479 4492/2479/479 2147/2464/479 2148/2463/479
f 4490/2478/479 4491/2477/479 2148/2463/479 2149/2461/479
f 2401/2489/479 4490/2478/479 2149/2461/479 563/2460/479
f 2400/2490/479 4487/2474/479 4490/2478/479 2401/2489/479
f 2399/2482/479 4484/2471/479 4487/2474/479 2400/2490/479
f 4493/2491/479 4494/2492/479 4497/2493/479 4496/2494/479
f 4494/2492/479 4495/2495/479 4498/2496/479 4497/2493/479
f 4496/2494/479 4497/2493/479 4500/2497/479 4499/2498/479
f 4497/2493/479 4498/2496/479 4501/2499/479 4500/2497/479
f 561/2500/479 2143/2501/479 4493/2491/479 2396/2502/479
f 2143/2501/479 2142/2503/479 4494/2492/479 4493/2491/479
f 2142/2503/479 2141/2504/479 4495/2495/479 4494/2492/479
f 2141/2504/479 433/2505/479 1487/2506/479 4495/2495/479
f 4495/2495/479 1487/2506/479 1488/2507/479 4498/2496/479
f 4498/2496/479 1488/2507/479 1489/2508/479 4501/2499/479
f 4501/2499/479 1489/2508/479 434/2485/479 2144/2484/479
f 4500/2497/479 4501/2499/479 2144/2484/479 2145/2483/479
f 4499/2498/479 4500/2497/479 2145/2483/479 2146/2481/479
f 2398/2509/479 4499/2498/479 2146/2481/479 562/2480/479
f 2397/2510/479 4496/2494/479 4499/2498/479 2398/2509/479
f 2396/2502/479 4493/2491/479 4496/2494/479 2397/2510/479
f 4502/2511/479 4503/2512/479 4506/2513/479 4505/2514/479
f 4503/2512/479 4504/2515/479 4507/2516/479 4506/2513/479
f 4505/2514/479 4506/2513/479 4509/2517/479 4508/2518/479
f 4506/2513/479 4507/2516/479 4510/2519/479 4509/2517/479
f 686/2520/480 2968/2521/480 4502/2511/479 2393/2522/479
f 2968/2521/480 2967/2523/480 4503/2512/479 4502/2511/479
f 2967/2523/480 2966/2524/480 4504/2515/479 4503/2512/479
f 2966/2524/480 681/2525/480 1490/2526/479 4504/2515/479
f 4504/2515/479 1490/2526/479 1491/2527/479 4507/2516/479
f 4507/2516/479 1491/2527/479 1492/2528/479 4510/2519/479
f 4510/2519/479 1492/2528/479 433/2505/479 2141/2504/479
f 4509/2517/479 4510/2519/479 2141/2504/479 2142/2503/479
f 4508/2518/479 4509/2517/479 2142/2503/479 2143/2501/479
f 2395/2529/479 4508/2518/479 2143/2501/479 561/2500/479
f 2394/2530/479 4505/2514/479 4508/2518/479 2395/2529/479
f 2393/2522/479 4502/2511/479 4505/2514/479 2394/2530/479
f 4511/2531/481 4512/2532/482 4515/2533/483 4514/2534/484
f 4512/2532/482 4513/2535/485 4516/2536/486 4515/2533/483
f 4514/2534/484 4515/2533/483 4518/2537/487 4517/2538/488
f 4515/2533/483 4516/2536/486 4519/2539/489 4518/2537/487
f 475/2540/490 1768/2541/491 4511/2531/481 1999/2542/492
f 1768/2541/491 1767/2543/493 4512/2532/482 4511/2531/481
f 1767/2543/493 1766/2544/494 4513/2535/485 4512/2532/482
f 1766/2544/494 474/2545/495 1994/2546/496 4513/2535/485
f 4513/2535/485 1994/2546/496 1995/2547/497 4516/2536/486
f 4516/2536/486 1995/2547/497 1996/2548/498 4519/2539/489
f 4519/2539/489 1996/2548/498 535/2549/499 1946/2550/500
f 4518/2537/487 4519/2539/489 1946/2550/500 1947/2551/501
f 4517/2538/488 4518/2537/487 1947/2551/501 1948/2552/502
f 1997/2553/503 4517/2538/488 1948/2552/502 536/2554/504
f 1998/2555/505 4514/2534/484 4517/2538/488 1997/2553/503
f 1999/2542/492 4511/2531/481 4514/2534/484 1998/2555/505
f 4520/2556/506 4521/2557/507 4524/2558/508 4523/2559/509
f 4521/2557/507 4522/2560/510 4525/2561/511 4524/2558/508
f 4523/2559/509 4524/2558/508 4527/2562/512 4526/2563/513
f 4524/2558/508 4525/2561/511 4528/2564/514 4527/2562/512
f 558/2565/515 2134/2566/516 4520/2556/506 2390/2567/517
f 2134/2566/516 2133/2568/518 4521/2557/507 4520/2556/506
f 2133/2568/518 2132/2569/519 4522/2560/510 4521/2557/507
f 2132/2569/519 430/2570/520 1496/2571/521 4522/2560/510
f 4522/2560/510 1496/2571/521 1497/2572/522 4525/2561/511
f 4525/2561/511 1497/2572/522 1498/2573/523 4528/2564/514
f 4528/2564/514 1498/2573/523 431/2574/524 2135/2575/525
f 4527/2562/512 4528/2564/514 2135/2575/525 2136/2576/526
f 4526/2563/513 4527/2562/512 2136/2576/526 2137/2577/527
f 2392/2578/528 4526/2563/513 2137/2577/527 559/2579/529
f 2391/2580/530 4523/2559/509 4526/2563/513 2392/2578/528
f 2390/2567/517 4520/2556/506 4523/2559/509 2391/2580/530
f 4529/2581/531 4530/2582/532 4533/2583/533 4532/2584/534
f 4530/2582/532 4531/2585/535 4534/2586/536 4533/2583/533
f 4532/2584/534 4533/2583/533 4536/2587/537 4535/2588/538
f 4533/2583/533 4534/2586/536 4537/2589/539 4536/2587/537
f 551/2590/529 2113/2591/527 4529/2581/531 2387/2592/540
f 2113/2591/527 2112/2593/526 4530/2582/532 4529/2581/531
f 2112/2593/526 2111/2594/525 4531/2585/535 4530/2582/532
f 2111/2594/525 423/2595/524 1966/2596/541 4531/2585/535
f 4531/2585/535 1966/2596/541 1965/2597/542 4534/2586/536
f 4534/2586/536 1965/2597/542 1964/2598/543 4537/2589/539
f 4537/2589/539 1964/2598/543 505/2599/544 2231/2600/545
f 4536/2587/537 4537/2589/539 2231/2600/545 2232/2601/546
f 4535/2588/538 4536/2587/537 2232/2601/546 2233/2602/547
f 2389/2603/548 4535/2588/538 2233/2602/547 591/2604/549
f 2388/2605/550 4532/2584/534 4535/2588/538 2389/2603/548
f 2387/2592/540 4529/2581/531 4532/2584/534 2388/2605/550
f 4538/2606/506 4539/2607/507 4542/2608/508 4541/2609/509
f 4539/2607/507 4540/2610/510 4543/2611/511 4542/2608/508
f 4541/2609/509 4542/2608/508 4545/2612/512 4544/2613/513
f 4542/2608/508 4543/2611/511 4546/2614/514 4545/2612/512
f 556/2615/515 2128/2616/516 4538/2606/506 2384/2617/517
f 2128/2616/516 2127/2618/518 4539/2607/507 4538/2606/506
f 2127/2618/518 2126/2619/519 4540/2610/510 4539/2607/507
f 2126/2619/519 428/2620/520 1502/2621/521 4540/2610/510
f 4540/2610/510 1502/2621/521 1503/2622/522 4543/2611/511
f 4543/2611/511 1503/2622/522 1504/2623/523 4546/2614/514
f 4546/2614/514 1504/2623/523 429/2624/524 2129/2625/525
f 4545/2612/512 4546/2614/514 2129/2625/525 2130/2626/526
f 4544/2613/513 4545/2612/512 2130/2626/526 2131/2627/527
f 2386/2628/528 4544/2613/513 2131/2627/527 557/2629/529
f 2385/2630/530 4541/2609/509 4544/2613/513 2386/2628/528
f 2384/2617/517 4538/2606/506 4541/2609/509 2385/2630/530
f 4547/2631/551 4548/2632/552 4551/2633/553 4550/2634/554
f 4548/2632/552 4549/2635/555 4552/2636/556 4551/2633/553
f 4550/2634/554 4551/2633/553 4554/2637/557 4553/2638/558
f 4551/2633/553 4552/2636/556 4555/2639/559 4554/2637/557
f 421/2640/524 1523/2641/560 4547/2631/551 1967/2642/541
f 1523/2641/560 1524/2643/561 4548/2632/552 4547/2631/551
f 1524/2643/561 1525/2644/562 4549/2635/555 4548/2632/552
f 1525/2644/562 422/2645/520 1984/2646/563 4549/2635/555
f 4549/2635/555 1984/2646/563 1983/2647/564 4552/2636/556
f 4552/2636/556 1983/2647/564 1982/2648/565 4555/2639/559
f 4555/2639/559 1982/2648/565 508/2649/566 1846/2650/567
f 4554/2637/557 4555/2639/559 1846/2650/567 1845/2651/568
f 4553/2638/558 4554/2637/557 1845/2651/568 1844/2652/569
f 1969/2653/543 4553/2638/558 1844/2652/569 507/2654/544
f 1968/2655/542 4550/2634/554 4553/2638/558 1969/2653/543
f 1967/2642/541 4547/2631/551 4550/2634/554 1968/2655/542
f 4556/2656/506 4557/2657/507 4560/2658/508 4559/2659/509
f 4557/2657/507 4558/2660/510 4561/2661/511 4560/2658/508
f 4559/2659/509 4560/2658/508 4563/2662/512 4562/2663/513
f 4560/2658/508 4561/2661/511 4564/2664/514 4563/2662/512
f 554/2665/515 2122/2666/516 4556/2656/506 2381/2667/517
f 2122/2666/516 2121/2668/518 4557/2657/507 4556/2656/506
f 2121/2668/518 2120/2669/519 4558/2660/510 4557/2657/507
f 2120/2669/519 426/2670/520 1508/2671/521 4558/2660/510
f 4558/2660/510 1508/2671/521 1509/2672/522 4561/2661/511
f 4561/2661/511 1509/2672/522 1510/2673/523 4564/2664/514
f 4564/2664/514 1510/2673/523 427/2674/524 2123/2675/525
f 4563/2662/512 4564/2664/514 2123/2675/525 2124/2676/526
f 4562/2663/513 4563/2662/512 2124/2676/526 2125/2677/527
f 2383/2678/528 4562/2663/513 2125/2677/527 555/2679/529
f 2382/2680/530 4559/2659/509 4562/2663/513 2383/2678/528
f 2381/2667/517 4556/2656/506 4559/2659/509 2382/2680/530
f 4565/2681/570 4566/2682/571 4569/2683/572 4568/2684/573
f 4566/2682/571 4567/2685/574 4570/2686/575 4569/2683/572
f 4568/2684/573 4569/2683/572 4572/2687/576 4571/2688/577
f 4569/2683/572 4570/2686/575 4573/2689/578 4572/2687/576
f 461/2690/579 1726/2691/580 4565/2681/570 1990/2692/581
f 1726/2691/580 1725/2693/582 4566/2682/571 4565/2681/570
f 1725/2693/582 1724/2694/583 4567/2685/574 4566/2682/571
f 1724/2694/583 460/2695/584 1985/2696/585 4567/2685/574
f 4567/2685/574 1985/2696/585 1986/2697/586 4570/2686/575
f 4570/2686/575 1986/2697/586 1987/2698/587 4573/2689/578
f 4573/2689/578 1987/2698/587 521/2699/588 1925/2700/589
f 4572/2687/576 4573/2689/578 1925/2700/589 1926/2701/590
f 4571/2688/577 4572/2687/576 1926/2701/590 1927/2702/591
f 1988/2703/592 4571/2688/577 1927/2702/591 522/2704/593
f 1989/2705/594 4568/2684/573 4571/2688/577 1988/2703/592
f 1990/2692/581 4565/2681/570 4568/2684/573 1989/2705/594
f 4574/2706/506 4575/2707/507 4578/2708/508 4577/2709/509
f 4575/2707/507 4576/2710/510 4579/2711/511 4578/2708/508
f 4577/2709/509 4578/2708/508 4581/2712/512 4580/2713/513
f 4578/2708/508 4579/2711/511 4582/2714/514 4581/2712/512
f 552/2715/515 2116/2716/516 4574/2706/506 2378/2717/517
f 2116/2716/516 2115/2718/518 4575/2707/507 4574/2706/506
f 2115/2718/518 2114/2719/519 4576/2710/510 4575/2707/507
f 2114/2719/519 424/2720/520 1514/2721/521 4576/2710/510
f 4576/2710/510 1514/2721/521 1515/2722/522 4579/2711/511
f 4579/2711/511 1515/2722/522 1516/2723/523 4582/2714/514
f 4582/2714/514 1516/2723/523 425/2724/524 2117/2725/525
f 4581/2712/512 4582/2714/514 2117/2725/525 2118/2726/526
f 4580/2713/513 4581/2712/512 2118/2726/526 2119/2727/527
f 2380/2728/528 4580/2713/513 2119/2727/527 553/2729/529
f 2379/2730/530 4577/2709/509 4580/2713/513 2380/2728/528
f 2378/2717/517 4574/2706/506 4577/2709/509 2379/2730/530
f 4583/2731/595 4584/2732/596 4587/2733/597 4586/2734/598
f 4584/2732/596 4585/2735/599 4588/2736/600 4587/2733/597
f 4586/2734/598 4587/2733/597 4590/2737/601 4589/2738/602
f 4587/2733/597 4588/2736/600 4591/2739/603 4590/2737/601
f 613/2740/604 1601/2741/605 4583/2731/595 2834/2742/606
f 1601/2741/605 1602/2743/607 4584/2732/596 4583/2731/595
f 1602/2743/607 1603/2744/608 4585/2735/599 4584/2732/596
f 1603/2744/608 465/2745/609 1979/2746/610 4585/2735/599
f 4585/2735/599 1979/2746/610 1980/2747/611 4588/2736/600
f 4588/2736/600 1980/2747/611 1981/2748/612 4591/2739/603
f 4591/2739/603 1981/2748/612 526/2749/613 1888/2750/614
f 4590/2737/601 4591/2739/603 1888/2750/614 1887/2751/615
f 4589/2738/602 4590/2737/601 1887/2751/615 1886/2752/616
f 2836/2753/617 4589/2738/602 1886/2752/616 653/2754/618
f 2835/2755/619 4586/2734/598 4589/2738/602 2836/2753/617
f 2834/2742/606 4583/2731/595 4586/2734/598 2835/2755/619
f 4592/2756/506 4593/2757/507 4596/2758/508 4595/2759/509
f 4593/2757/507 4594/2760/510 4597/2761/511 4596/2758/508
f 4595/2759/509 4596/2758/508 4599/2762/512 4598/2763/513
f 4596/2758/508 4597/2761/511 4600/2764/514 4599/2762/512
f 550/2765/515 2110/2766/516 4592/2756/506 2372/2767/517
f 2110/2766/516 2109/2768/518 4593/2757/507 4592/2756/506
f 2109/2768/518 2108/2769/519 4594/2760/510 4593/2757/507
f 2108/2769/519 422/2645/520 1520/2770/521 4594/2760/510
f 4594/2760/510 1520/2770/521 1521/2771/522 4597/2761/511
f 4597/2761/511 1521/2771/522 1522/2772/523 4600/2764/514
f 4600/2764/514 1522/2772/523 423/2595/524 2111/2594/525
f 4599/2762/512 4600/2764/514 2111/2594/525 2112/2593/526
f 4598/2763/513 4599/2762/512 2112/2593/526 2113/2591/527
f 2374/2773/528 4598/2763/513 2113/2591/527 551/2590/529
f 2373/2774/530 4595/2759/509 4598/2763/513 2374/2773/528
f 2372/2767/517 4592/2756/506 4595/2759/509 2373/2774/530
f 4601/2775/620 4602/2776/621 4605/2777/622 4604/2778/623
f 4602/2776/621 4603/2779/624 4606/2780/486 4605/2777/622
f 4604/2778/623 4605/2777/622 4608/2781/487 4607/2782/625
f 4605/2777/622 4606/2780/486 4609/2783/626 4608/2781/487
f 473/2784/609 1762/2785/627 4601/2775/620 1978/2786/610
f 1762/2785/627 1761/2787/628 4602/2776/621 4601/2775/620
f 1761/2787/628 1760/2788/494 4603/2779/624 4602/2776/621
f 1760/2788/494 472/2789/495 1973/2790/496 4603/2779/624
f 4603/2779/624 1973/2790/496 1974/2791/497 4606/2780/486
f 4606/2780/486 1974/2791/497 1975/2792/498 4609/2783/626
f 4609/2783/626 1975/2792/498 533/2793/499 1943/2794/500
f 4608/2781/487 4609/2783/626 1943/2794/500 1944/2795/501
f 4607/2782/625 4608/2781/487 1944/2795/501 1945/2796/502
f 1976/2797/612 4607/2782/625 1945/2796/502 534/2798/613
f 1977/2799/611 4604/2778/623 4607/2782/625 1976/2797/612
f 1978/2786/610 4601/2775/620 4604/2778/623 1977/2799/611
f 4610/2800/506 4611/2801/507 4614/2802/508 4613/2803/509
f 4611/2801/507 4612/2804/510 4615/2805/511 4614/2802/508
f 4613/2803/509 4614/2802/508 4617/2806/512 4616/2807/513
f 4614/2802/508 4615/2805/511 4618/2808/514 4617/2806/512
f 548/2809/515 2104/2810/516 4610/2800/506 2369/2811/517
f 2104/2810/516 2103/2812/518 4611/2801/507 4610/2800/506
f 2103/2812/518 2102/2813/519 4612/2804/510 4611/2801/507
f 2102/2813/519 420/2814/520 1526/2815/521 4612/2804/510
f 4612/2804/510 1526/2815/521 1527/2816/522 4615/2805/511
f 4615/2805/511 1527/2816/522 1528/2817/523 4618/2808/514
f 4618/2808/514 1528/2817/523 421/2640/524 2105/2818/525
f 4617/2806/512 4618/2808/514 2105/2818/525 2106/2819/526
f 4616/2807/513 4617/2806/512 2106/2819/526 2107/2820/527
f 2371/2821/528 4616/2807/513 2107/2820/527 549/2822/529
f 2370/2823/530 4613/2803/509 4616/2807/513 2371/2821/528
f 2369/2811/517 4610/2800/506 4613/2803/509 2370/2823/530
f 4619/2824/531 4620/2825/532 4623/2826/533 4622/2827/534
f 4620/2825/532 4621/2828/535 4624/2829/536 4623/2826/533
f 4622/2827/534 4623/2826/533 4626/2830/537 4625/2831/538
f 4623/2826/533 4624/2829/536 4627/2832/539 4626/2830/537
f 549/2822/529 2107/2820/527 4619/2824/531 2366/2833/540
f 2107/2820/527 2106/2819/526 4620/2825/532 4619/2824/531
f 2106/2819/526 2105/2818/525 4621/2828/535 4620/2825/532
f 2105/2818/525 421/2640/524 1967/2642/541 4621/2828/535
f 4621/2828/535 1967/2642/541 1968/2655/542 4624/2829/536
f 4624/2829/536 1968/2655/542 1969/2653/543 4627/2832/539
f 4627/2832/539 1969/2653/543 507/2654/544 2225/2834/545
f 4626/2830/537 4627/2832/539 2225/2834/545 2226/2835/629
f 4625/2831/538 4626/2830/537 2226/2835/629 2227/2836/547
f 2368/2837/548 4625/2831/538 2227/2836/547 589/2838/549
f 2367/2839/550 4622/2827/534 4625/2831/538 2368/2837/548
f 2366/2833/540 4619/2824/531 4622/2827/534 2367/2839/550
f 4628/2840/630 4629/2841/631 4632/2842/632 4631/2843/633
f 4629/2841/631 4630/2844/634 4633/2845/635 4632/2842/632
f 4631/2843/633 4632/2842/632 4635/2846/636 4634/2847/637
f 4632/2842/632 4633/2845/635 4636/2848/638 4635/2846/636
f 546/2849/639 2098/2850/640 4628/2840/630 2363/2851/641
f 2098/2850/640 2097/2852/642 4629/2841/631 4628/2840/630
f 2097/2852/642 2096/2853/643 4630/2844/634 4629/2841/631
f 2096/2853/643 418/2854/644 1532/2855/645 4630/2844/634
f 4630/2844/634 1532/2855/645 1533/2856/646 4633/2845/635
f 4633/2845/635 1533/2856/646 1534/2857/647 4636/2848/638
f 4636/2848/638 1534/2857/647 419/2858/648 2099/2859/649
f 4635/2846/636 4636/2848/638 2099/2859/649 2100/2860/650
f 4634/2847/637 4635/2846/636 2100/2860/650 2101/2861/651
f 2365/2862/652 4634/2847/637 2101/2861/651 547/2863/653
f 2364/2864/654 4631/2843/633 4634/2847/637 2365/2862/652
f 2363/2851/641 4628/2840/630 4631/2843/633 2364/2864/654
f 4637/2865/655 4638/2866/552 4641/2867/553 4640/2868/554
f 4638/2866/552 4639/2869/555 4642/2870/556 4641/2867/553
f 4640/2868/554 4641/2867/553 4644/2871/557 4643/2872/558
f 4641/2867/553 4642/2870/556 4645/2873/559 4644/2871/557
f 423/2595/524 1517/2874/560 4637/2865/655 1966/2596/541
f 1517/2874/560 1518/2875/561 4638/2866/552 4637/2865/655
f 1518/2875/561 1519/2876/562 4639/2869/555 4638/2866/552
f 1519/2876/562 424/2720/520 1961/2877/563 4639/2869/555
f 4639/2869/555 1961/2877/563 1962/2878/564 4642/2870/556
f 4642/2870/556 1962/2878/564 1963/2879/565 4645/2873/559
f 4645/2873/559 1963/2879/565 506/2880/566 1843/2881/567
f 4644/2871/557 4645/2873/559 1843/2881/567 1842/2882/568
f 4643/2872/558 4644/2871/557 1842/2882/568 1841/2883/569
f 1964/2598/543 4643/2872/558 1841/2883/569 505/2599/544
f 1965/2597/542 4640/2868/554 4643/2872/558 1964/2598/543
f 1966/2596/541 4637/2865/655 4640/2868/554 1965/2597/542
f 4646/2884/656 4647/2885/657 4650/2886/658 4649/2887/659
f 4647/2885/657 4648/2888/660 4651/2889/661 4650/2886/658
f 4649/2887/659 4650/2886/658 4653/2890/662 4652/2891/663
f 4650/2886/658 4651/2889/661 4654/2892/664 4653/2890/662
f 544/2893/665 2092/2894/666 4646/2884/656 2360/2895/667
f 2092/2894/666 2091/2896/668 4647/2885/657 4646/2884/656
f 2091/2896/668 2090/2897/669 4648/2888/660 4647/2885/657
f 2090/2897/669 416/2898/670 1538/2899/671 4648/2888/660
f 4648/2888/660 1538/2899/671 1539/2900/672 4651/2889/661
f 4651/2889/661 1539/2900/672 1540/2901/673 4654/2892/664
f 4654/2892/664 1540/2901/673 417/2902/674 2093/2903/675
f 4653/2890/662 4654/2892/664 2093/2903/675 2094/2904/676
f 4652/2891/663 4653/2890/662 2094/2904/676 2095/2905/677
f 2362/2906/678 4652/2891/663 2095/2905/677 545/2907/679
f 2361/2908/680 4649/2887/659 4652/2891/663 2362/2906/678
f 2360/2895/667 4646/2884/656 4649/2887/659 2361/2908/680
f 4655/2909/681 4656/2910/682 4659/2911/683 4658/2912/684
f 4656/2910/682 4657/2913/685 4660/2914/686 4659/2911/683
f 4658/2912/684 4659/2911/683 4662/2915/687 4661/2916/688
f 4659/2911/683 4660/2914/686 4663/2917/689 4662/2915/687
f 459/2918/690 1720/2919/691 4655/2909/681 1960/2920/692
f 1720/2919/691 1719/2921/693 4656/2910/682 4655/2909/681
f 1719/2921/693 1718/2922/694 4657/2913/685 4656/2910/682
f 1718/2922/694 458/2923/695 1955/2924/696 4657/2913/685
f 4657/2913/685 1955/2924/696 1956/2925/697 4660/2914/686
f 4660/2914/686 1956/2925/697 1957/2926/698 4663/2917/689
f 4663/2917/689 1957/2926/698 519/2927/699 1922/2928/700
f 4662/2915/687 4663/2917/689 1922/2928/700 1923/2929/701
f 4661/2916/688 4662/2915/687 1923/2929/701 1924/2930/702
f 1958/2931/703 4661/2916/688 1924/2930/702 520/2932/704
f 1959/2933/705 4658/2912/684 4661/2916/688 1958/2931/703
f 1960/2920/692 4655/2909/681 4658/2912/684 1959/2933/705
f 4664/2934/506 4665/2935/507 4668/2936/508 4667/2937/509
f 4665/2935/507 4666/2938/510 4669/2939/511 4668/2936/508
f 4667/2937/509 4668/2936/508 4671/2940/512 4670/2941/513
f 4668/2936/508 4669/2939/511 4672/2942/514 4671/2940/512
f 542/2943/515 2086/2944/516 4664/2934/506 2357/2945/517
f 2086/2944/516 2085/2946/518 4665/2935/507 4664/2934/506
f 2085/2946/518 2084/2947/519 4666/2938/510 4665/2935/507
f 2084/2947/519 414/2948/520 1544/2949/521 4666/2938/510
f 4666/2938/510 1544/2949/521 1545/2950/522 4669/2939/511
f 4669/2939/511 1545/2950/522 1546/2951/523 4672/2942/514
f 4672/2942/514 1546/2951/523 415/2952/706 2087/2953/525
f 4671/2940/512 4672/2942/514 2087/2953/525 2088/2954/526
f 4670/2941/513 4671/2940/512 2088/2954/526 2089/2955/527
f 2359/2956/528 4670/2941/513 2089/2955/527 543/2957/529
f 2358/2958/530 4667/2937/509 4670/2941/513 2359/2956/528
f 2357/2945/517 4664/2934/506 4667/2937/509 2358/2958/530
f 4673/2959/595 4674/2960/596 4677/2961/597 4676/2962/598
f 4674/2960/596 4675/2963/599 4678/2964/707 4677/2961/597
f 4676/2962/598 4677/2961/597 4680/2965/601 4679/2966/602
f 4677/2961/597 4678/2964/707 4681/2967/603 4680/2965/601
f 611/2968/604 1595/2969/605 4673/2959/595 2831/2970/606
f 1595/2969/605 1596/2971/607 4674/2960/596 4673/2959/595
f 1596/2971/607 1597/2972/608 4675/2963/599 4674/2960/596
f 1597/2972/608 463/2973/609 1949/2974/610 4675/2963/599
f 4675/2963/599 1949/2974/610 1950/2975/611 4678/2964/707
f 4678/2964/707 1950/2975/611 1951/2976/612 4681/2967/603
f 4681/2967/603 1951/2976/612 524/2977/613 1882/2978/614
f 4680/2965/601 4681/2967/603 1882/2978/614 1881/2979/615
f 4679/2966/602 4680/2965/601 1881/2979/615 1880/2980/616
f 2833/2981/617 4679/2966/602 1880/2980/616 651/2982/618
f 2832/2983/619 4676/2962/598 4679/2966/602 2833/2981/617
f 2831/2970/606 4673/2959/595 4676/2962/598 2832/2983/619
f 4682/2984/708 4683/2985/709 4686/2986/710 4685/2987/711
f 4683/2985/709 4684/2988/712 4687/2989/713 4686/2986/710
f 4685/2987/711 4686/2986/710 4689/2990/714 4688/2991/715
f 4686/2986/710 4687/2989/713 4690/2992/716 4689/2990/714
f 674/2993/717 2896/2994/718 4682/2984/708 2351/2995/719
f 2896/2994/718 2895/2996/720 4683/2985/709 4682/2984/708
f 2895/2996/720 2894/2997/721 4684/2988/712 4683/2985/709
f 2894/2997/721 669/2998/722 1550/2999/723 4684/2988/712
f 4684/2988/712 1550/2999/723 1551/3000/724 4687/2989/713
f 4687/2989/713 1551/3000/724 1552/3001/725 4690/2992/716
f 4690/2992/716 1552/3001/725 413/3002/726 2081/3003/727
f 4689/2990/714 4690/2992/716 2081/3003/727 2082/3004/728
f 4688/2991/715 4689/2990/714 2082/3004/728 2083/3005/729
f 2353/3006/730 4688/2991/715 2083/3005/729 541/3007/731
f 2352/3008/732 4685/2987/711 4688/2991/715 2353/3006/730
f 2351/2995/719 4682/2984/708 4685/2987/711 2352/3008/732
f 4691/3009/733 4692/3010/733 4695/3011/734 4694/3012/734
f 4692/3010/733 4693/3013/733 4696/3014/734 4695/3011/734
f 4694/3012/734 4695/3011/734 4698/3015/735 4697/3016/735
f 4695/3011/734 4696/3014/734 4699/3017/735 4698/3015/735
f 685/3018/736 2965/3019/737 4691/3009/733 2348/3020/733
f 2965/3019/737 2964/3021/738 4692/3010/733 4691/3009/733
f 2964/3021/738 2963/3022/739 4693/3013/733 4692/3010/733
f 2963/3022/739 682/3023/740 1553/3024/733 4693/3013/733
f 4693/3013/733 1553/3024/733 1554/3025/734 4696/3014/734
f 4696/3014/734 1554/3025/734 1555/3026/735 4699/3017/735
f 4699/3017/735 1555/3026/735 409/3027/741 1303/3028/741
f 4698/3015/735 4699/3017/735 1303/3028/741 1302/3029/741
f 4697/3016/735 4698/3015/735 1302/3029/741 1301/3030/741
f 2350/3031/735 4697/3016/735 1301/3030/741 537/3032/741
f 2349/3033/734 4694/3012/734 4697/3016/735 2350/3031/735
f 2348/3020/733 4691/3009/733 4694/3012/734 2349/3033/734
f 4700/3034/742 4701/3035/742 4704/3036/743 4703/3037/743
f 4701/3035/742 4702/3038/742 4705/3039/743 4704/3036/743
f 4703/3037/743 4704/3036/743 4707/3040/744 4706/3041/744
f 4704/3036/743 4705/3039/743 4708/3042/744 4707/3040/744
f 539/3043/745 2077/3044/745 4700/3034/742 2345/3045/742
f 2077/3044/745 2076/3046/745 4701/3035/742 4700/3034/742
f 2076/3046/745 2075/3047/745 4702/3038/742 4701/3035/742
f 2075/3047/745 411/3048/745 1556/3049/742 4702/3038/742
f 4702/3038/742 1556/3049/742 1557/3050/743 4705/3039/743
f 4705/3039/743 1557/3050/743 1558/3051/744 4708/3042/744
f 4708/3042/744 1558/3051/744 412/3052/746 2078/3053/746
f 4707/3040/744 4708/3042/744 2078/3053/746 2079/3054/746
f 4706/3041/744 4707/3040/744 2079/3054/746 2080/3055/746
f 2347/3056/744 4706/3041/744 2080/3055/746 540/3057/746
f 2346/3058/743 4703/3037/743 4706/3041/744 2347/3056/744
f 2345/3045/742 4700/3034/742 4703/3037/743 2346/3058/743
f 4709/3059/747 4710/3060/747 4713/3061/748 4712/3062/748
f 4710/3060/747 4711/3063/747 4714/3064/748 4713/3061/748
f 4712/3062/748 4713/3061/748 4716/3065/749 4715/3066/749
f 4713/3061/748 4714/3064/748 4717/3067/749 4716/3065/749
f 673/3068/750 2893/3069/750 4709/3059/747 2342/3070/747
f 2893/3069/750 2892/3071/750 4710/3060/747 4709/3059/747
f 2892/3071/750 2891/3072/750 4711/3063/747 4710/3060/747
f 2891/3072/750 670/3073/750 1559/3074/747 4711/3063/747
f 4711/3063/747 1559/3074/747 1560/3075/748 4714/3064/748
f 4714/3064/748 1560/3075/748 1561/3076/749 4717/3067/749
f 4717/3067/749 1561/3076/749 411/3048/745 2075/3047/745
f 4716/3065/749 4717/3067/749 2075/3047/745 2076/3046/745
f 4715/3066/749 4716/3065/749 2076/3046/745 2077/3044/745
f 2344/3077/749 4715/3066/749 2077/3044/745 539/3043/745
f 2343/3078/748 4712/3062/748 4715/3066/749 2344/3077/749
f 2342/3070/747 4709/3059/747 4712/3062/748 2343/3078/748
f 4718/3079/751 4719/3080/751 4722/3081/752 4721/3082/752
f 4719/3080/751 4720/3083/751 4723/3084/752 4722/3081/752
f 4721/3082/752 4722/3081/752 4725/3085/753 4724/3086/753
f 4722/3081/752 4723/3084/752 4726/3087/753 4725/3085/753
f 537/3088/741 1301/3089/741 4718/3079/751 2339/3090/751
f 1301/3089/741 1302/3091/741 4719/3080/751 4718/3079/751
f 1302/3091/741 1303/3092/741 4720/3083/751 4719/3080/751
f 1303/3092/741 409/3093/741 1562/3094/751 4720/3083/751
f 4720/3083/751 1562/3094/751 1563/3095/752 4723/3084/752
f 4723/3084/752 1563/3095/752 1564/3096/753 4726/3087/753
f 4726/3087/753 1564/3096/753 410/3097/754 2072/3098/754
f 4725/3085/753 4726/3087/753 2072/3098/754 2073/3099/754
f 4724/3086/753 4725/3085/753 2073/3099/754 2074/3100/754
f 2341/3101/753 4724/3086/753 2074/3100/754 538/3102/754
f 2340/3103/752 4721/3082/752 4724/3086/753 2341/3101/753
f 2339/3090/751 4718/3079/751 4721/3082/752 2340/3103/752
f 4727/3104/751 4728/3105/751 4731/3106/752 4730/3107/752
f 4728/3105/751 4729/3108/751 4732/3109/752 4731/3106/752
f 4730/3107/752 4731/3106/752 4734/3110/753 4733/3111/753
f 4731/3106/752 4732/3109/752 4735/3112/753 4734/3110/753
f 732/3113/755 1694/3114/741 4727/3104/751 3266/3115/756
f 1694/3114/741 1695/3116/741 4728/3105/751 4727/3104/751
f 1695/3116/741 1696/3117/741 4729/3108/751 4728/3105/751
f 1696/3117/741 496/3118/741 1697/3119/751 4729/3108/751
f 4729/3108/751 1697/3119/751 1698/3120/752 4732/3109/752
f 4732/3109/752 1698/3120/752 1699/3121/753 4735/3112/753
f 4735/3112/753 1699/3121/753 453/3122/754 2981/3123/754
f 4734/3110/753 4735/3112/753 2981/3123/754 2982/3124/754
f 4733/3111/753 4734/3110/753 2982/3124/754 2983/3125/754
f 3268/3126/757 4733/3111/753 2983/3125/754 689/3127/758
f 3267/3128/759 4730/3107/752 4733/3111/753 3268/3126/757
f 3266/3115/756 4727/3104/751 4730/3107/752 3267/3128/759
f 4736/3129/747 4737/3130/747 4740/3131/748 4739/3132/748
f 4737/3130/747 4738/3133/747 4741/3134/748 4740/3131/748
f 4739/3132/748 4740/3131/748 4743/3135/749 4742/3136/749
f 4740/3131/748 4741/3134/748 4744/3137/749 4743/3135/749
f 734/3138/760 3118/3139/750 4736/3129/747 3263/3140/761
f 3118/3139/750 3117/3141/750 4737/3130/747 4736/3129/747
f 3117/3141/750 3116/3142/750 4738/3133/747 4737/3130/747
f 3116/3142/750 671/3143/750 1700/3144/747 4738/3133/747
f 4738/3133/747 1700/3144/747 1701/3145/748 4741/3134/748
f 4741/3134/748 1701/3145/748 1702/3146/749 4744/3137/749
f 4744/3137/749 1702/3146/749 454/3147/745 2984/3148/745
f 4743/3135/749 4744/3137/749 2984/3148/745 2985/3149/745
f 4742/3136/749 4743/3135/749 2985/3149/745 2986/3150/745
f 3265/3151/762 4742/3136/749 2986/3150/745 690/3152/763
f 3264/3153/764 4739/3132/748 4742/3136/749 3265/3151/762
f 3263/3140/761 4736/3129/747 4739/3132/748 3264/3153/764
f 4745/3154/742 4746/3155/742 4749/3156/743 4748/3157/743
f 4746/3155/742 4747/3158/742 4750/3159/743 4749/3156/743
f 4748/3157/743 4749/3156/743 4752/3160/744 4751/3161/744
f 4749/3156/743 4750/3159/743 4753/3162/744 4752/3160/744
f 690/3152/763 2986/3150/745 4745/3154/742 3260/3163/765
f 2986/3150/745 2985/3149/745 4746/3155/742 4745/3154/742
f 2985/3149/745 2984/3148/745 4747/3158/742 4746/3155/742
f 2984/3148/745 454/3147/745 1703/3164/742 4747/3158/742
f 4747/3158/742 1703/3164/742 1704/3165/743 4750/3159/743
f 4750/3159/743 1704/3165/743 1705/3166/744 4753/3162/744
f 4753/3162/744 1705/3166/744 455/3167/746 2987/3168/746
f 4752/3160/744 4753/3162/744 2987/3168/746 2988/3169/746
f 4751/3161/744 4752/3160/744 2988/3169/746 2989/3170/746
f 3262/3171/766 4751/3161/744 2989/3170/746 691/3172/767
f 3261/3173/768 4748/3157/743 4751/3161/744 3262/3171/766
f 3260/3163/765 4745/3154/742 4748/3157/743 3261/3173/768
f 4754/3174/733 4755/3175/733 4758/3176/734 4757/3177/734
f 4755/3175/733 4756/3178/733 4759/3179/734 4758/3176/734
f 4757/3177/734 4758/3176/734 4761/3180/735 4760/3181/735
f 4758/3176/734 4759/3179/734 4762/3182/735 4761/3180/735
f 736/3183/769 3124/3184/770 4754/3174/733 3257/3185/771
f 3124/3184/770 3123/3186/772 4755/3175/733 4754/3174/733
f 3123/3186/772 3122/3187/773 4756/3178/733 4755/3175/733
f 3122/3187/773 683/3188/774 1706/3189/733 4756/3178/733
f 4756/3178/733 1706/3189/733 1707/3190/734 4759/3179/734
f 4759/3179/734 1707/3190/734 1708/3191/735 4762/3182/735
f 4762/3182/735 1708/3191/735 496/3192/741 1696/3193/741
f 4761/3180/735 4762/3182/735 1696/3193/741 1695/3194/741
f 4760/3181/735 4761/3180/735 1695/3194/741 1694/3195/741
f 3259/3196/775 4760/3181/735 1694/3195/741 732/3197/755
f 3258/3198/776 4757/3177/734 4760/3181/735 3259/3196/775
f 3257/3185/771 4754/3174/733 4757/3177/734 3258/3198/776
f 4763/3199/777 4764/3200/778 4767/3201/779 4766/3202/780
f 4764/3200/778 4765/3203/781 4768/3204/782 4767/3201/779
f 4766/3202/780 4767/3201/779 4770/3205/783 4769/3206/784
f 4767/3201/779 4768/3204/782 4771/3207/785 4770/3205/783
f 733/3208/786 3115/3209/787 4763/3199/777 3254/3210/788
f 3115/3209/787 3114/3211/789 4764/3200/778 4763/3199/777
f 3114/3211/789 3113/3212/790 4765/3203/781 4764/3200/778
f 3113/3212/790 672/3213/791 1709/3214/792 4765/3203/781
f 4765/3203/781 1709/3214/792 1710/3215/793 4768/3204/782
f 4768/3204/782 1710/3215/793 1711/3216/794 4771/3207/785
f 4771/3207/785 1711/3216/794 456/3217/795 2990/3218/796
f 4770/3205/783 4771/3207/785 2990/3218/796 2991/3219/797
f 4769/3206/784 4770/3205/783 2991/3219/797 2992/3220/798
f 3256/3221/799 4769/3206/784 2992/3220/798 692/3222/800
f 3255/3223/801 4766/3202/780 4769/3206/784 3256/3221/799
f 3254/3210/788 4763/3199/777 4766/3202/780 3255/3223/801
f 4772/3224/802 4773/3225/803 4776/3226/804 4775/3227/805
f 4773/3225/803 4774/3228/806 4777/3229/807 4776/3226/804
f 4775/3227/805 4776/3226/804 4779/3230/808 4778/3231/809
f 4776/3226/804 4777/3229/807 4780/3232/810 4779/3230/808
f 692/3222/800 2992/3220/798 4772/3224/802 3251/3233/811
f 2992/3220/798 2991/3219/797 4773/3225/803 4772/3224/802
f 2991/3219/797 2990/3218/796 4774/3228/806 4773/3225/803
f 2990/3218/796 456/3217/795 1712/3234/812 4774/3228/806
f 4774/3228/806 1712/3234/812 1713/3235/813 4777/3229/807
f 4777/3229/807 1713/3235/813 1714/3236/814 4780/3232/810
f 4780/3232/810 1714/3236/814 457/3237/609 2993/3238/815
f 4779/3230/808 4780/3232/810 2993/3238/815 2994/3239/816
f 4778/3231/809 4779/3230/808 2994/3239/816 2995/3240/817
f 3253/3241/811 4778/3231/809 2995/3240/817 693/3242/818
f 3252/3243/819 4775/3227/805 4778/3231/809 3253/3241/811
f 3251/3233/811 4772/3224/802 4775/3227/805 3252/3243/819
f 4781/3244/820 4782/3245/821 4785/3246/822 4784/3247/823
f 4782/3245/821 4783/3248/824 4786/3249/825 4785/3246/822
f 4784/3247/823 4785/3246/822 4788/3250/826 4787/3251/827
f 4785/3246/822 4786/3249/825 4789/3252/828 4788/3250/826
f 693/3242/818 2995/3240/817 4781/3244/820 3248/3253/829
f 2995/3240/817 2994/3239/816 4782/3245/821 4781/3244/820
f 2994/3239/816 2993/3238/815 4783/3248/824 4782/3245/821
f 2993/3238/815 457/3237/609 1715/3254/830 4783/3248/824
f 4783/3248/824 1715/3254/830 1716/3255/831 4786/3249/825
f 4786/3249/825 1716/3255/831 1717/3256/832 4789/3252/828
f 4789/3252/828 1717/3256/832 458/2923/695 2996/3257/833
f 4788/3250/826 4789/3252/828 2996/3257/833 2997/3258/834
f 4787/3251/827 4788/3250/826 2997/3258/834 2998/3259/835
f 3250/3260/836 4787/3251/827 2998/3259/835 694/3261/837
f 3249/3262/838 4784/3247/823 4787/3251/827 3250/3260/836
f 3248/3253/829 4781/3244/820 4784/3247/823 3249/3262/838
f 4790/3263/839 4791/3264/840 4794/3265/841 4793/3266/842
f 4791/3264/840 4792/3267/843 4795/3268/844 4794/3265/841
f 4793/3266/842 4794/3265/841 4797/3269/845 4796/3270/846
f 4794/3265/841 4795/3268/844 4798/3271/847 4797/3269/845
f 694/3261/837 2998/3259/835 4790/3263/839 3245/3272/848
f 2998/3259/835 2997/3258/834 4791/3264/840 4790/3263/839
f 2997/3258/834 2996/3257/833 4792/3267/843 4791/3264/840
f 2996/3257/833 458/2923/695 1718/2922/694 4792/3267/843
f 4792/3267/843 1718/2922/694 1719/2921/693 4795/3268/844
f 4795/3268/844 1719/2921/693 1720/2919/691 4798/3271/847
f 4798/3271/847 1720/2919/691 459/2918/690 2999/3273/849
f 4797/3269/845 4798/3271/847 2999/3273/849 3000/3274/850
f 4796/3270/846 4797/3269/845 3000/3274/850 3001/3275/851
f 3247/3276/852 4796/3270/846 3001/3275/851 695/3277/853
f 3246/3278/854 4793/3266/842 4796/3270/846 3247/3276/852
f 3245/3272/848 4790/3263/839 4793/3266/842 3246/3278/854
f 4799/3279/855 4800/3280/856 4803/3281/857 4802/3282/858
f 4800/3280/856 4801/3283/859 4804/3284/860 4803/3281/857
f 4802/3282/858 4803/3281/857 4806/3285/861 4805/3286/862
f 4803/3281/857 4804/3284/860 4807/3287/863 4806/3285/861
f 695/3277/853 3001/3275/851 4799/3279/855 3242/3288/864
f 3001/3275/851 3000/3274/850 4800/3280/856 4799/3279/855
f 3000/3274/850 2999/3273/849 4801/3283/859 4800/3280/856
f 2999/3273/849 459/2918/690 1721/3289/865 4801/3283/859
f 4801/3283/859 1721/3289/865 1722/3290/866 4804/3284/860
f 4804/3284/860 1722/3290/866 1723/3291/867 4807/3287/863
f 4807/3287/863 1723/3291/867 460/2695/584 3002/3292/868
f 4806/3285/861 4807/3287/863 3002/3292/868 3003/3293/869
f 4805/3286/862 4806/3285/861 3003/3293/869 3004/3294/870
f 3244/3295/871 4805/3286/862 3004/3294/870 696/3296/872
f 3243/3297/864 4802/3282/858 4805/3286/862 3244/3295/871
f 3242/3288/864 4799/3279/855 4802/3282/858 3243/3297/864
f 4808/3298/873 4809/3299/874 4812/3300/875 4811/3301/876
f 4809/3299/874 4810/3302/877 4813/3303/878 4812/3300/875
f 4811/3301/876 4812/3300/875 4815/3304/879 4814/3305/880
f 4812/3300/875 4813/3303/878 4816/3306/881 4815/3304/879
f 696/3296/872 3004/3294/870 4808/3298/873 3239/3307/882
f 3004/3294/870 3003/3293/869 4809/3299/874 4808/3298/873
f 3003/3293/869 3002/3292/868 4810/3302/877 4809/3299/874
f 3002/3292/868 460/2695/584 1724/2694/583 4810/3302/877
f 4810/3302/877 1724/2694/583 1725/2693/582 4813/3303/878
f 4813/3303/878 1725/2693/582 1726/2691/580 4816/3306/881
f 4816/3306/881 1726/2691/580 461/2690/579 3005/3308/883
f 4815/3304/879 4816/3306/881 3005/3308/883 3006/3309/884
f 4814/3305/880 4815/3304/879 3006/3309/884 3007/3310/885
f 3241/3311/886 4814/3305/880 3007/3310/885 697/3312/887
f 3240/3313/888 4811/3301/876 4814/3305/880 3241/3311/886
f 3239/3307/882 4808/3298/873 4811/3301/876 3240/3313/888
f 4817/3314/889 4818/3315/890 4821/3316/891 4820/3317/892
f 4818/3315/890 4819/3318/893 4822/3319/894 4821/3316/891
f 4820/3317/892 4821/3316/891 4824/3320/895 4823/3321/896
f 4821/3316/891 4822/3319/894 4825/3322/897 4824/3320/895
f 697/3312/887 3007/3310/885 4817/3314/889 3236/3323/898
f 3007/3310/885 3006/3309/884 4818/3315/890 4817/3314/889
f 3006/3309/884 3005/3308/883 4819/3318/893 4818/3315/890
f 3005/3308/883 461/2690/579 1727/3324/899 4819/3318/893
f 4819/3318/893 1727/3324/899 1728/3325/900 4822/3319/894
f 4822/3319/894 1728/3325/900 1729/3326/901 4825/3322/897
f 4825/3322/897 1729/3326/901 462/3327/902 3008/3328/903
f 4824/3320/895 4825/3322/897 3008/3328/903 3009/3329/904
f 4823/3321/896 4824/3320/895 3009/3329/904 3010/3330/905
f 3238/3331/836 4823/3321/896 3010/3330/905 698/3332/800
f 3237/3333/906 4820/3317/892 4823/3321/896 3238/3331/836
f 3236/3323/898 4817/3314/889 4820/3317/892 3237/3333/906
f 4826/3334/802 4827/3335/907 4830/3336/804 4829/3337/805
f 4827/3335/907 4828/3338/908 4831/3339/807 4830/3336/804
f 4829/3337/805 4830/3336/804 4833/3340/808 4832/3341/809
f 4830/3336/804 4831/3339/807 4834/3342/810 4833/3340/808
f 698/3332/800 3010/3330/905 4826/3334/802 3233/3343/811
f 3010/3330/905 3009/3329/904 4827/3335/907 4826/3334/802
f 3009/3329/904 3008/3328/903 4828/3338/908 4827/3335/907
f 3008/3328/903 462/3327/902 1730/3344/494 4828/3338/908
f 4828/3338/908 1730/3344/494 1731/3345/628 4831/3339/807
f 4831/3339/807 1731/3345/628 1732/3346/627 4834/3342/810
f 4834/3342/810 1732/3346/627 463/2973/609 3011/3347/815
f 4833/3340/808 4834/3342/810 3011/3347/815 3012/3348/816
f 4832/3341/809 4833/3340/808 3012/3348/816 3013/3349/817
f 3235/3350/811 4832/3341/809 3013/3349/817 699/3351/818
f 3234/3352/819 4829/3337/805 4832/3341/809 3235/3350/811
f 3233/3343/811 4826/3334/802 4829/3337/805 3234/3352/819
f 4835/3353/820 4836/3354/821 4839/3355/822 4838/3356/823
f 4836/3354/821 4837/3357/824 4840/3358/825 4839/3355/822
f 4838/3356/823 4839/3355/822 4842/3359/826 4841/3360/827
f 4839/3355/822 4840/3358/825 4843/3361/828 4842/3359/826
f 699/3351/818 3013/3349/817 4835/3353/820 3230/3362/829
f 3013/3349/817 3012/3348/816 4836/3354/821 4835/3353/820
f 3012/3348/816 3011/3347/815 4837/3357/824 4836/3354/821
f 3011/3347/815 463/2973/609 1733/3363/830 4837/3357/824
f 4837/3357/824 1733/3363/830 1734/3364/831 4840/3358/825
f 4840/3358/825 1734/3364/831 1735/3365/832 4843/3361/828
f 4843/3361/828 1735/3365/832 464/3366/495 3014/3367/909
f 4842/3359/826 4843/3361/828 3014/3367/909 3015/3368/910
f 4841/3360/827 4842/3359/826 3015/3368/910 3016/3369/905
f 3232/3370/836 4841/3360/827 3016/3369/905 700/3371/800
f 3231/3372/838 4838/3356/823 4841/3360/827 3232/3370/836
f 3230/3362/829 4835/3353/820 4838/3356/823 3231/3372/838
f 4844/3373/802 4845/3374/907 4848/3375/804 4847/3376/805
f 4845/3374/907 4846/3377/908 4849/3378/807 4848/3375/804
f 4847/3376/805 4848/3375/804 4851/3379/808 4850/3380/809
f 4848/3375/804 4849/3378/807 4852/3381/810 4851/3379/808
f 700/3371/800 3016/3369/905 4844/3373/802 3227/3382/811
f 3016/3369/905 3015/3368/910 4845/3374/907 4844/3373/802
f 3015/3368/910 3014/3367/909 4846/3377/908 4845/3374/907
f 3014/3367/909 464/3366/495 1736/3383/494 4846/3377/908
f 4846/3377/908 1736/3383/494 1737/3384/628 4849/3378/807
f 4849/3378/807 1737/3384/628 1738/3385/627 4852/3381/810
f 4852/3381/810 1738/3385/627 465/2745/609 3017/3386/815
f 4851/3379/808 4852/3381/810 3017/3386/815 3018/3387/816
f 4850/3380/809 4851/3379/808 3018/3387/816 3019/3388/817
f 3229/3389/811 4850/3380/809 3019/3388/817 701/3390/818
f 3228/3391/819 4847/3376/805 4850/3380/809 3229/3389/811
f 3227/3382/811 4844/3373/802 4847/3376/805 3228/3391/819
f 4853/3392/820 4854/3393/821 4857/3394/822 4856/3395/823
f 4854/3393/821 4855/3396/824 4858/3397/825 4857/3394/822
f 4856/3395/823 4857/3394/822 4860/3398/826 4859/3399/827
f 4857/3394/822 4858/3397/825 4861/3400/828 4860/3398/826
f 701/3390/818 3019/3388/817 4853/3392/820 3224/3401/829
f 3019/3388/817 3018/3387/816 4854/3393/821 4853/3392/820
f 3018/3387/816 3017/3386/815 4855/3396/824 4854/3393/821
f 3017/3386/815 465/2745/609 1739/3402/830 4855/3396/824
f 4855/3396/824 1739/3402/830 1740/3403/831 4858/3397/825
f 4858/3397/825 1740/3403/831 1741/3404/832 4861/3400/828
f 4861/3400/828 1741/3404/832 466/3405/495 3020/3406/909
f 4860/3398/826 4861/3400/828 3020/3406/909 3021/3407/910
f 4859/3399/827 4860/3398/826 3021/3407/910 3022/3408/905
f 3226/3409/836 4859/3399/827 3022/3408/905 702/3410/800
f 3225/3411/838 4856/3395/823 4859/3399/827 3226/3409/836
f 3224/3401/829 4853/3392/820 4856/3395/823 3225/3411/838
f 4862/3412/802 4863/3413/907 4866/3414/804 4865/3415/805
f 4863/3413/907 4864/3416/908 4867/3417/807 4866/3414/804
f 4865/3415/805 4866/3414/804 4869/3418/808 4868/3419/809
f 4866/3414/804 4867/3417/807 4870/3420/810 4869/3418/808
f 702/3410/800 3022/3408/905 4862/3412/802 3221/3421/811
f 3022/3408/905 3021/3407/910 4863/3413/907 4862/3412/802
f 3021/3407/910 3020/3406/909 4864/3416/908 4863/3413/907
f 3020/3406/909 466/3405/495 1742/3422/494 4864/3416/908
f 4864/3416/908 1742/3422/494 1743/3423/628 4867/3417/807
f 4867/3417/807 1743/3423/628 1744/3424/627 4870/3420/810
f 4870/3420/810 1744/3424/627 467/3425/609 3023/3426/815
f 4869/3418/808 4870/3420/810 3023/3426/815 3024/3427/816
f 4868/3419/809 4869/3418/808 3024/3427/816 3025/3428/817
f 3223/3429/811 4868/3419/809 3025/3428/817 703/3430/818
f 3222/3431/819 4865/3415/805 4868/3419/809 3223/3429/811
f 3221/3421/811 4862/3412/802 4865/3415/805 3222/3431/819
f 4871/3432/820 4872/3433/821 4875/3434/822 4874/3435/823
f 4872/3433/821 4873/3436/824 4876/3437/825 4875/3434/822
f 4874/3435/823 4875/3434/822 4878/3438/826 4877/3439/827
f 4875/3434/822 4876/3437/825 4879/3440/828 4878/3438/826
f 703/3430/818 3025/3428/817 4871/3432/820 3218/3441/829
f 3025/3428/817 3024/3427/816 4872/3433/821 4871/3432/820
f 3024/3427/816 3023/3426/815 4873/3436/824 4872/3433/821
f 3023/3426/815 467/3425/609 1745/3442/830 4873/3436/824
f 4873/3436/824 1745/3442/830 1746/3443/831 4876/3437/825
f 4876/3437/825 1746/3443/831 1747/3444/832 4879/3440/828
f 4879/3440/828 1747/3444/832 468/3445/495 3026/3446/909
f 4878/3438/826 4879/3440/828 3026/3446/909 3027/3447/910
f 4877/3439/827 4878/3438/826 3027/3447/910 3028/3448/905
f 3220/3449/836 4877/3439/827 3028/3448/905 704/3450/800
f 3219/3451/838 4874/3435/823 4877/3439/827 3220/3449/836
f 3218/3441/829 4871/3432/820 4874/3435/823 3219/3451/838
f 4880/3452/802 4881/3453/907 4884/3454/804 4883/3455/805
f 4881/3453/907 4882/3456/908 4885/3457/807 4884/3454/804
f 4883/3455/805 4884/3454/804 4887/3458/808 4886/3459/809
f 4884/3454/804 4885/3457/807 4888/3460/810 4887/3458/808
f 704/3450/800 3028/3448/905 4880/3452/802 3215/3461/811
f 3028/3448/905 3027/3447/910 4881/3453/907 4880/3452/802
f 3027/3447/910 3026/3446/909 4882/3456/908 4881/3453/907
f 3026/3446/909 468/3445/495 1748/3462/494 4882/3456/908
f 4882/3456/908 1748/3462/494 1749/3463/628 4885/3457/807
f 4885/3457/807 1749/3463/628 1750/3464/627 4888/3460/810
f 4888/3460/810 1750/3464/627 469/3465/609 3029/3466/815
f 4887/3458/808 4888/3460/810 3029/3466/815 3030/3467/816
f 4886/3459/809 4887/3458/808 3030/3467/816 3031/3468/817
f 3217/3469/811 4886/3459/809 3031/3468/817 705/3470/818
f 3216/3471/819 4883/3455/805 4886/3459/809 3217/3469/811
f 3215/3461/811 4880/3452/802 4883/3455/805 3216/3471/819
f 4889/3472/820 4890/3473/821 4893/3474/822 4892/3475/823
f 4890/3473/821 4891/3476/824 4894/3477/825 4893/3474/822
f 4892/3475/823 4893/3474/822 4896/3478/826 4895/3479/827
f 4893/3474/822 4894/3477/825 4897/3480/828 4896/3478/826
f 705/3470/818 3031/3468/817 4889/3472/820 3212/3481/829
f 3031/3468/817 3030/3467/816 4890/3473/821 4889/3472/820
f 3030/3467/816 3029/3466/815 4891/3476/824 4890/3473/821
f 3029/3466/815 469/3465/609 1751/3482/830 4891/3476/824
f 4891/3476/824 1751/3482/830 1752/3483/831 4894/3477/825
f 4894/3477/825 1752/3483/831 1753/3484/832 4897/3480/828
f 4897/3480/828 1753/3484/832 470/3485/495 3032/3486/909
f 4896/3478/826 4897/3480/828 3032/3486/909 3033/3487/910
f 4895/3479/827 4896/3478/826 3033/3487/910 3034/3488/905
f 3214/3489/836 4895/3479/827 3034/3488/905 706/3490/800
f 3213/3491/838 4892/3475/823 4895/3479/827 3214/3489/836
f 3212/3481/829 4889/3472/820 4892/3475/823 3213/3491/838
f 4898/3492/802 4899/3493/907 4902/3494/804 4901/3495/805
f 4899/3493/907 4900/3496/908 4903/3497/807 4902/3494/804
f 4901/3495/805 4902/3494/804 4905/3498/808 4904/3499/809
f 4902/3494/804 4903/3497/807 4906/3500/810 4905/3498/808
f 706/3490/800 3034/3488/905 4898/3492/802 3209/3501/811
f 3034/3488/905 3033/3487/910 4899/3493/907 4898/3492/802
f 3033/3487/910 3032/3486/909 4900/3496/908 4899/3493/907
f 3032/3486/909 470/3485/495 1754/3502/494 4900/3496/908
f 4900/3496/908 1754/3502/494 1755/3503/628 4903/3497/807
f 4903/3497/807 1755/3503/628 1756/3504/627 4906/3500/810
f 4906/3500/810 1756/3504/627 471/3505/609 3035/3506/815
f 4905/3498/808 4906/3500/810 3035/3506/815 3036/3507/816
f 4904/3499/809 4905/3498/808 3036/3507/816 3037/3508/817
f 3211/3509/811 4904/3499/809 3037/3508/817 707/3510/818
f 3210/3511/819 4901/3495/805 4904/3499/809 3211/3509/811
f 3209/3501/811 4898/3492/802 4901/3495/805 3210/3511/819
f 4907/3512/820 4908/3513/821 4911/3514/822 4910/3515/823
f 4908/3513/821 4909/3516/824 4912/3517/825 4911/3514/822
f 4910/3515/823 4911/3514/822 4914/3518/826 4913/3519/827
f 4911/3514/822 4912/3517/825 4915/3520/828 4914/3518/826
f 707/3510/818 3037/3508/817 4907/3512/820 3206/3521/829
f 3037/3508/817 3036/3507/816 4908/3513/821 4907/3512/820
f 3036/3507/816 3035/3506/815 4909/3516/824 4908/3513/821
f 3035/3506/815 471/3505/609 1757/3522/830 4909/3516/824
f 4909/3516/824 1757/3522/830 1758/3523/831 4912/3517/825
f 4912/3517/825 1758/3523/831 1759/3524/832 4915/3520/828
f 4915/3520/828 1759/3524/832 472/2789/495 3038/3525/909
f 4914/3518/826 4915/3520/828 3038/3525/909 3039/3526/910
f 4913/3519/827 4914/3518/826 3039/3526/910 3040/3527/905
f 3208/3528/836 4913/3519/827 3040/3527/905 708/3529/800
f 3207/3530/838 4910/3515/823 4913/3519/827 3208/3528/836
f 3206/3521/829 4907/3512/820 4910/3515/823 3207/3530/838
f 4916/3531/802 4917/3532/907 4920/3533/804 4919/3534/805
f 4917/3532/907 4918/3535/908 4921/3536/807 4920/3533/804
f 4919/3534/805 4920/3533/804 4923/3537/808 4922/3538/809
f 4920/3533/804 4921/3536/807 4924/3539/810 4923/3537/808
f 708/3529/800 3040/3527/905 4916/3531/802 3203/3540/811
f 3040/3527/905 3039/3526/910 4917/3532/907 4916/3531/802
f 3039/3526/910 3038/3525/909 4918/3535/908 4917/3532/907
f 3038/3525/909 472/2789/495 1760/2788/494 4918/3535/908
f 4918/3535/908 1760/2788/494 1761/2787/628 4921/3536/807
f 4921/3536/807 1761/2787/628 1762/2785/627 4924/3539/810
f 4924/3539/810 1762/2785/627 473/2784/609 3041/3541/815
f 4923/3537/808 4924/3539/810 3041/3541/815 3042/3542/816
f 4922/3538/809 4923/3537/808 3042/3542/816 3043/3543/817
f 3205/3544/811 4922/3538/809 3043/3543/817 709/3545/818
f 3204/3546/819 4919/3534/805 4922/3538/809 3205/3544/811
f 3203/3540/811 4916/3531/802 4919/3534/805 3204/3546/819
f 4925/3547/820 4926/3548/821 4929/3549/822 4928/3550/823
f 4926/3548/821 4927/3551/824 4930/3552/825 4929/3549/822
f 4928/3550/823 4929/3549/822 4932/3553/826 4931/3554/827
f 4929/3549/822 4930/3552/825 4933/3555/828 4932/3553/826
f 709/3545/818 3043/3543/817 4925/3547/820 3200/3556/829
f 3043/3543/817 3042/3542/816 4926/3548/821 4925/3547/820
f 3042/3542/816 3041/3541/815 4927/3551/824 4926/3548/821
f 3041/3541/815 473/2784/609 1763/3557/830 4927/3551/824
f 4927/3551/824 1763/3557/830 1764/3558/831 4930/3552/825
f 4930/3552/825 1764/3558/831 1765/3559/832 4933/3555/828
f 4933/3555/828 1765/3559/832 474/2545/495 3044/3560/909
f 4932/3553/826 4933/3555/828 3044/3560/909 3045/3561/910
f 4931/3554/827 4932/3553/826 3045/3561/910 3046/3562/905
f 3202/3563/836 4931/3554/827 3046/3562/905 710/3564/800
f 3201/3565/838 4928/3550/823 4931/3554/827 3202/3563/836
f 3200/3556/829 4925/3547/820 4928/3550/823 3201/3565/838
f 4934/3566/802 4935/3567/907 4938/3568/804 4937/3569/805
f 4935/3567/907 4936/3570/908 4939/3571/807 4938/3568/804
f 4937/3569/805 4938/3568/804 4941/3572/911 4940/3573/809
f 4938/3568/804 4939/3571/807 4942/3574/912 4941/3572/911
f 710/3564/800 3046/3562/905 4934/3566/802 3197/3575/811
f 3046/3562/905 3045/3561/910 4935/3567/907 4934/3566/802
f 3045/3561/910 3044/3560/909 4936/3570/908 4935/3567/907
f 3044/3560/909 474/2545/495 1766/2544/494 4936/3570/908
f 4936/3570/908 1766/2544/494 1767/2543/493 4939/3571/807
f 4939/3571/807 1767/2543/493 1768/2541/491 4942/3574/912
f 4942/3574/912 1768/2541/491 475/2540/490 3047/3576/913
f 4941/3572/911 4942/3574/912 3047/3576/913 3048/3577/914
f 4940/3573/809 4941/3572/911 3048/3577/914 3049/3578/915
f 3199/3579/811 4940/3573/809 3049/3578/915 711/3580/818
f 3198/3581/819 4937/3569/805 4940/3573/809 3199/3579/811
f 3197/3575/811 4934/3566/802 4937/3569/805 3198/3581/819
f 4943/3582/479 4944/3583/479 4947/3584/479 4946/3585/479
f 4944/3583/479 4945/3586/479 4948/3587/479 4947/3584/479
f 4946/3585/479 4947/3584/479 4950/3588/479 4949/3589/479
f 4947/3584/479 4948/3587/479 4951/3590/479 4950/3588/479
f 735/3591/916 3121/3592/480 4943/3582/479 3194/3593/917
f 3121/3592/480 3120/3594/480 4944/3583/479 4943/3582/479
f 3120/3594/480 3119/3595/480 4945/3586/479 4944/3583/479
f 3119/3595/480 684/3596/480 1769/3597/479 4945/3586/479
f 4945/3586/479 1769/3597/479 1770/3598/479 4948/3587/479
f 4948/3587/479 1770/3598/479 1771/3599/479 4951/3590/479
f 4951/3590/479 1771/3599/479 476/3600/479 3050/3601/479
f 4950/3588/479 4951/3590/479 3050/3601/479 3051/3602/479
f 4949/3589/479 4950/3588/479 3051/3602/479 3052/3603/479
f 3196/3604/917 4949/3589/479 3052/3603/479 712/3605/917
f 3195/3606/917 4946/3585/479 4949/3589/479 3196/3604/917
f 3194/3593/917 4943/3582/479 4946/3585/479 3195/3606/917
f 4952/3607/479 4953/3608/479 4956/3609/479 4955/3610/479
f 4953/3608/479 4954/3611/479 4957/3612/479 4956/3609/479
f 4955/3610/479 4956/3609/479 4959/3613/479 4958/3614/479
f 4956/3609/479 4957/3612/479 4960/3615/479 4959/3613/479
f 712/3605/917 3052/3603/479 4952/3607/479 3191/3616/917
f 3052/3603/479 3051/3602/479 4953/3608/479 4952/3607/479
f 3051/3602/479 3050/3601/479 4954/3611/479 4953/3608/479
f 3050/3601/479 476/3600/479 1772/3617/479 4954/3611/479
f 4954/3611/479 1772/3617/479 1773/3618/479 4957/3612/479
f 4957/3612/479 1773/3618/479 1774/3619/479 4960/3615/479
f 4960/3615/479 1774/3619/479 477/3620/479 3053/3621/479
f 4959/3613/479 4960/3615/479 3053/3621/479 3054/3622/479
f 4958/3614/479 4959/3613/479 3054/3622/479 3055/3623/479
f 3193/3624/917 4958/3614/479 3055/3623/479 713/3625/917
f 3192/3626/917 4955/3610/479 4958/3614/479 3193/3624/917
f 3191/3616/917 4952/3607/479 4955/3610/479 3192/3626/917
f 4961/3627/479 4962/3628/479 4965/3629/479 4964/3630/479
f 4962/3628/479 4963/3631/479 4966/3632/479 4965/3629/479
f 4964/3630/479 4965/3629/479 4968/3633/479 4967/3634/479
f 4965/3629/479 4966/3632/479 4969/3635/479 4968/3633/479
f 713/3625/917 3055/3623/479 4961/3627/479 3188/3636/917
f 3055/3623/479 3054/3622/479 4962/3628/479 4961/3627/479
f 3054/3622/479 3053/3621/479 4963/3631/479 4962/3628/479
f 3053/3621/479 477/3620/479 1775/3637/479 4963/3631/479
f 4963/3631/479 1775/3637/479 1776/3638/479 4966/3632/479
f 4966/3632/479 1776/3638/479 1777/3639/479 4969/3635/479
f 4969/3635/479 1777/3639/479 478/3640/479 3056/3641/479
f 4968/3633/479 4969/3635/479 3056/3641/479 3057/3642/479
f 4967/3634/479 4968/3633/479 3057/3642/479 3058/3643/479
f 3190/3644/917 4967/3634/479 3058/3643/479 714/3645/917
f 3189/3646/917 4964/3630/479 4967/3634/479 3190/3644/917
f 3188/3636/917 4961/3627/479 4964/3630/479 3189/3646/917
f 4970/3647/479 4971/3648/479 4974/3649/479 4973/3650/479
f 4971/3648/479 4972/3651/479 4975/3652/479 4974/3649/479
f 4973/3650/479 4974/3649/479 4977/3653/479 4976/3654/479
f 4974/3649/479 4975/3652/479 4978/3655/479 4977/3653/479
f 714/3645/917 3058/3643/479 4970/3647/479 3185/3656/917
f 3058/3643/479 3057/3642/479 4971/3648/479 4970/3647/479
f 3057/3642/479 3056/3641/479 4972/3651/479 4971/3648/479
f 3056/3641/479 478/3640/479 1778/3657/479 4972/3651/479
f 4972/3651/479 1778/3657/479 1779/3658/479 4975/3652/479
f 4975/3652/479 1779/3658/479 1780/3659/479 4978/3655/479
f 4978/3655/479 1780/3659/479 479/3660/479 3059/3661/479
f 4977/3653/479 4978/3655/479 3059/3661/479 3060/3662/479
f 4976/3654/479 4977/3653/479 3060/3662/479 3061/3663/479
f 3187/3664/917 4976/3654/479 3061/3663/479 715/3665/917
f 3186/3666/917 4973/3650/479 4976/3654/479 3187/3664/917
f 3185/3656/917 4970/3647/479 4973/3650/479 3186/3666/917
f 4979/3667/479 4980/3668/479 4983/3669/479 4982/3670/479
f 4980/3668/479 4981/3671/479 4984/3672/479 4983/3669/479
f 4982/3670/479 4983/3669/479 4986/3673/479 4985/3674/479
f 4983/3669/479 4984/3672/479 4987/3675/479 4986/3673/479
f 715/3665/917 3061/3663/479 4979/3667/479 3182/3676/917
f 3061/3663/479 3060/3662/479 4980/3668/479 4979/3667/479
f 3060/3662/479 3059/3661/479 4981/3671/479 4980/3668/479
f 3059/3661/479 479/3660/479 1781/3677/479 4981/3671/479
f 4981/3671/479 1781/3677/479 1782/3678/479 4984/3672/479
f 4984/3672/479 1782/3678/479 1783/3679/479 4987/3675/479
f 4987/3675/479 1783/3679/479 480/3680/479 3062/3681/479
f 4986/3673/479 4987/3675/479 3062/3681/479 3063/3682/479
f 4985/3674/479 4986/3673/479 3063/3682/479 3064/3683/479
f 3184/3684/917 4985/3674/479 3064/3683/479 716/3685/917
f 3183/3686/917 4982/3670/479 4985/3674/479 3184/3684/917
f 3182/3676/917 4979/3667/479 4982/3670/479 3183/3686/917
f 4988/3687/479 4989/3688/479 4992/3689/479 4991/3690/479
f 4989/3688/479 4990/3691/479 4993/3692/479 4992/3689/479
f 4991/3690/479 4992/3689/479 4995/3693/479 4994/3694/479
f 4992/3689/479 4993/3692/479 4996/3695/479 4995/3693/479
f 716/3685/917 3064/3683/479 4988/3687/479 3179/3696/917
f 3064/3683/479 3063/3682/479 4989/3688/479 4988/3687/479
f 3063/3682/479 3062/3681/479 4990/3691/479 4989/3688/479
f 3062/3681/479 480/3680/479 1784/3697/479 4990/3691/479
f 4990/3691/479 1784/3697/479 1785/3698/479 4993/3692/479
f 4993/3692/479 1785/3698/479 1786/3699/479 4996/3695/479
f 4996/3695/479 1786/3699/479 481/3700/479 3065/3701/479
f 4995/3693/479 4996/3695/479 3065/3701/479 3066/3702/479
f 4994/3694/479 4995/3693/479 3066/3702/479 3067/3703/479
f 3181/3704/917 4994/3694/479 3067/3703/479 717/3705/917
f 3180/3706/917 4991/3690/479 4994/3694/479 3181/3704/917
f 3179/3696/917 4988/3687/479 4991/3690/479 3180/3706/917
f 4997/3707/479 4998/3708/479 5001/3709/479 5000/3710/479
f 4998/3708/479 4999/3711/479 5002/3712/479 5001/3709/479
f 5000/3710/479 5001/3709/479 5004/3713/479 5003/3714/479
f 5001/3709/479 5002/3712/479 5005/3715/479 5004/3713/479
f 717/3705/917 3067/3703/479 4997/3707/479 3176/3716/917
f 3067/3703/479 3066/3702/479 4998/3708/479 4997/3707/479
f 3066/3702/479 3065/3701/479 4999/3711/479 4998/3708/479
f 3065/3701/479 481/3700/479 1787/3717/479 4999/3711/479
f 4999/3711/479 1787/3717/479 1788/3718/479 5002/3712/479
f 5002/3712/479 1788/3718/479 1789/3719/479 5005/3715/479
f 5005/3715/479 1789/3719/479 482/3720/479 3068/3721/479
f 5004/3713/479 5005/3715/479 3068/3721/479 3069/3722/479
f 5003/3714/479 5004/3713/479 3069/3722/479 3070/3723/479
f 3178/3724/917 5003/3714/479 3070/3723/479 718/3725/917
f 3177/3726/917 5000/3710/479 5003/3714/479 3178/3724/917
f 3176/3716/917 4997/3707/479 5000/3710/479 3177/3726/917
f 5006/3727/479 5007/3728/479 5010/3729/479 5009/3730/479
f 5007/3728/479 5008/3731/479 5011/3732/479 5010/3729/479
f 5009/3730/479 5010/3729/479 5013/3733/479 5012/3734/479
f 5010/3729/479 5011/3732/479 5014/3735/479 5013/3733/479
f 718/3725/917 3070/3723/479 5006/3727/479 3173/3736/917
f 3070/3723/479 3069/3722/479 5007/3728/479 5006/3727/479
f 3069/3722/479 3068/3721/479 5008/3731/479 5007/3728/479
f 3068/3721/479 482/3720/479 1790/3737/479 5008/3731/479
f 5008/3731/479 1790/3737/479 1791/3738/479 5011/3732/479
f 5011/3732/479 1791/3738/479 1792/3739/479 5014/3735/479
f 5014/3735/479 1792/3739/479 483/3740/479 3071/3741/479
f 5013/3733/479 5014/3735/479 3071/3741/479 3072/3742/479
f 5012/3734/479 5013/3733/479 3072/3742/479 3073/3743/479
f 3175/3744/917 5012/3734/479 3073/3743/479 719/3745/917
f 3174/3746/917 5009/3730/479 5012/3734/479 3175/3744/917
f 3173/3736/917 5006/3727/479 5009/3730/479 3174/3746/917
f 5015/3747/479 5016/3748/479 5019/3749/479 5018/3750/479
f 5016/3748/479 5017/3751/479 5020/3752/479 5019/3749/479
f 5018/3750/479 5019/3749/479 5022/3753/479 5021/3754/479
f 5019/3749/479 5020/3752/479 5023/3755/479 5022/3753/479
f 719/3745/917 3073/3743/479 5015/3747/479 3170/3756/917
f 3073/3743/479 3072/3742/479 5016/3748/479 5015/3747/479
f 3072/3742/479 3071/3741/479 5017/3751/479 5016/3748/479
f 3071/3741/479 483/3740/479 1793/3757/479 5017/3751/479
f 5017/3751/479 1793/3757/479 1794/3758/479 5020/3752/479
f 5020/3752/479 1794/3758/479 1795/3759/479 5023/3755/479
f 5023/3755/479 1795/3759/479 484/3760/479 3074/3761/479
f 5022/3753/479 5023/3755/479 3074/3761/479 3075/3762/479
f 5021/3754/479 5022/3753/479 3075/3762/479 3076/3763/479
f 3172/3764/917 5021/3754/479 3076/3763/479 720/3765/917
f 3171/3766/917 5018/3750/479 5021/3754/479 3172/3764/917
f 3170/3756/917 5015/3747/479 5018/3750/479 3171/3766/917
f 5024/3767/479 5025/3768/479 5028/3769/479 5027/3770/479
f 5025/3768/479 5026/3771/479 5029/3772/479 5028/3769/479
f 5027/3770/479 5028/3769/479 5031/3773/479 5030/3774/479
f 5028/3769/479 5029/3772/479 5032/3775/479 5031/3773/479
f 720/3765/917 3076/3763/479 5024/3767/479 3167/3776/917
f 3076/3763/479 3075/3762/479 5025/3768/479 5024/3767/479
f 3075/3762/479 3074/3761/479 5026/3771/479 5025/3768/479
f 3074/3761/479 484/3760/479 1796/3777/479 5026/3771/479
f 5026/3771/479 1796/3777/479 1797/3778/479 5029/3772/479
f 5029/3772/479 1797/3778/479 1798/3779/479 5032/3775/479
f 5032/3775/479 1798/3779/479 485/3780/479 3077/3781/479
f 5031/3773/479 5032/3775/479 3077/3781/479 3078/3782/479
f 5030/3774/479 5031/3773/479 3078/3782/479 3079/3783/479
f 3169/3784/917 5030/3774/479 3079/3783/479 721/3785/917
f 3168/3786/917 5027/3770/479 5030/3774/479 3169/3784/917
f 3167/3776/917 5024/3767/479 5027/3770/479 3168/3786/917
f 5033/3787/479 5034/3788/479 5037/3789/479 5036/3790/479
f 5034/3788/479 5035/3791/479 5038/3792/479 5037/3789/479
f 5036/3790/479 5037/3789/479 5040/3793/479 5039/3794/479
f 5037/3789/479 5038/3792/479 5041/3795/479 5040/3793/479
f 721/3785/917 3079/3783/479 5033/3787/479 3164/3796/917
f 3079/3783/479 3078/3782/479 5034/3788/479 5033/3787/479
f 3078/3782/479 3077/3781/479 5035/3791/479 5034/3788/479
f 3077/3781/479 485/3780/479 1799/3797/479 5035/3791/479
f 5035/3791/479 1799/3797/479 1800/3798/479 5038/3792/479
f 5038/3792/479 1800/3798/479 1801/3799/479 5041/3795/479
f 5041/3795/479 1801/3799/479 486/3800/479 3080/3801/479
f 5040/3793/479 5041/3795/479 3080/3801/479 3081/3802/479
f 5039/3794/479 5040/3793/479 3081/3802/479 3082/3803/479
f 3166/3804/917 5039/3794/479 3082/3803/479 722/3805/917
f 3165/3806/917 5036/3790/479 5039/3794/479 3166/3804/917
f 3164/3796/917 5033/3787/479 5036/3790/479 3165/3806/917
f 5042/3807/479 5043/3808/479 5046/3809/479 5045/3810/479
f 5043/3808/479 5044/3811/479 5047/3812/479 5046/3809/479
f 5045/3810/479 5046/3809/479 5049/3813/479 5048/3814/479
f 5046/3809/479 5047/3812/479 5050/3815/479 5049/3813/479
f 722/3805/917 3082/3803/479 5042/3807/479 3161/3816/917
f 3082/3803/479 3081/3802/479 5043/3808/479 5042/3807/479
f 3081/3802/479 3080/3801/479 5044/3811/479 5043/3808/479
f 3080/3801/479 486/3800/479 1802/3817/479 5044/3811/479
f 5044/3811/479 1802/3817/479 1803/3818/479 5047/3812/479
f 5047/3812/479 1803/3818/479 1804/3819/479 5050/3815/479
f 5050/3815/479 1804/3819/479 487/3820/479 3083/3821/479
f 5049/3813/479 5050/3815/479 3083/3821/479 3084/3822/479
f 5048/3814/479 5049/3813/479 3084/3822/479 3085/3823/479
f 3163/3824/917 5048/3814/479 3085/3823/479 723/3825/917
f 3162/3826/917 5045/3810/479 5048/3814/479 3163/3824/917
f 3161/3816/917 5042/3807/479 5045/3810/479 3162/3826/917
f 5051/3827/479 5052/3828/479 5055/3829/479 5054/3830/479
f 5052/3828/479 5053/3831/479 5056/3832/479 5055/3829/479
f 5054/3830/479 5055/3829/479 5058/3833/479 5057/3834/479
f 5055/3829/479 5056/3832/479 5059/3835/479 5058/3833/479
f 723/3825/917 3085/3823/479 5051/3827/479 3158/3836/917
f 3085/3823/479 3084/3822/479 5052/3828/479 5051/3827/479
f 3084/3822/479 3083/3821/479 5053/3831/479 5052/3828/479
f 3083/3821/479 487/3820/479 1805/3837/479 5053/3831/479
f 5053/3831/479 1805/3837/479 1806/3838/479 5056/3832/479
f 5056/3832/479 1806/3838/479 1807/3839/479 5059/3835/479
f 5059/3835/479 1807/3839/479 488/3840/479 3086/3841/479
f 5058/3833/479 5059/3835/479 3086/3841/479 3087/3842/479
f 5057/3834/479 5058/3833/479 3087/3842/479 3088/3843/479
f 3160/3844/917 5057/3834/479 3088/3843/479 724/3845/917
f 3159/3846/917 5054/3830/479 5057/3834/479 3160/3844/917
f 3158/3836/917 5051/3827/479 5054/3830/479 3159/3846/917
f 5060/3847/479 5061/3848/479 5064/3849/479 5063/3850/479
f 5061/3848/479 5062/3851/479 5065/3852/479 5064/3849/479
f 5063/3850/479 5064/3849/479 5067/3853/479 5066/3854/479
f 5064/3849/479 5065/3852/479 5068/3855/479 5067/3853/479
f 724/3845/917 3088/3843/479 5060/3847/479 3155/3856/917
f 3088/3843/479 3087/3842/479 5061/3848/479 5060/3847/479
f 3087/3842/479 3086/3841/479 5062/3851/479 5061/3848/479
f 3086/3841/479 488/3840/479 1808/3857/479 5062/3851/479
f 5062/3851/479 1808/3857/479 1809/3858/479 5065/3852/479
f 5065/3852/479 1809/3858/479 1810/3859/479 5068/3855/479
f 5068/3855/479 1810/3859/479 489/3860/479 3089/3861/479
f 5067/3853/479 5068/3855/479 3089/3861/479 3090/3862/479
f 5066/3854/479 5067/3853/479 3090/3862/479 3091/3863/479
f 3157/3864/917 5066/3854/479 3091/3863/479 725/3865/917
f 3156/3866/917 5063/3850/479 5066/3854/479 3157/3864/917
f 3155/3856/917 5060/3847/479 5063/3850/479 3156/3866/917
f 5069/3867/479 5070/3868/479 5073/3869/479 5072/3870/479
f 5070/3868/479 5071/3871/479 5074/3872/479 5073/3869/479
f 5072/3870/479 5073/3869/479 5076/3873/479 5075/3874/479
f 5073/3869/479 5074/3872/479 5077/3875/479 5076/3873/479
f 725/3865/917 3091/3863/479 5069/3867/479 3152/3876/917
f 3091/3863/479 3090/3862/479 5070/3868/479 5069/3867/479
f 3090/3862/479 3089/3861/479 5071/3871/479 5070/3868/479
f 3089/3861/479 489/3860/479 1811/3877/479 5071/3871/479
f 5071/3871/479 1811/3877/479 1812/3878/479 5074/3872/479
f 5074/3872/479 1812/3878/479 1813/3879/479 5077/3875/479
f 5077/3875/479 1813/3879/479 490/3880/479 3092/3881/479
f 5076/3873/479 5077/3875/479 3092/3881/479 3093/3882/479
f 5075/3874/479 5076/3873/479 3093/3882/479 3094/3883/479
f 3154/3884/917 5075/3874/479 3094/3883/479 726/3885/917
f 3153/3886/917 5072/3870/479 5075/3874/479 3154/3884/917
f 3152/3876/917 5069/3867/479 5072/3870/479 3153/3886/917
f 5078/3887/479 5079/3888/479 5082/3889/479 5081/3890/479
f 5079/3888/479 5080/3891/479 5083/3892/479 5082/3889/479
f 5081/3890/479 5082/3889/479 5085/3893/479 5084/3894/479
f 5082/3889/479 5083/3892/479 5086/3895/479 5085/3893/479
f 726/3885/917 3094/3883/479 5078/3887/479 3149/3896/917
f 3094/3883/479 3093/3882/479 5079/3888/479 5078/3887/479
f 3093/3882/479 3092/3881/479 5080/3891/479 5079/3888/479
f 3092/3881/479 490/3880/479 1814/3897/479 5080/3891/479
f 5080/3891/479 1814/3897/479 1815/3898/479 5083/3892/479
f 5083/3892/479 1815/3898/479 1816/3899/479 5086/3895/479
f 5086/3895/479 1816/3899/479 491/3900/479 3095/3901/479
f 5085/3893/479 5086/3895/479 3095/3901/479 3096/3902/479
f 5084/3894/479 5085/3893/479 3096/3902/479 3097/3903/479
f 3151/3904/917 5084/3894/479 3097/3903/479 727/3905/917
f 3150/3906/917 5081/3890/479 5084/3894/479 3151/3904/917
f 3149/3896/917 5078/3887/479 5081/3890/479 3150/3906/917
f 5087/3907/479 5088/3908/479 5091/3909/479 5090/3910/479
f 5088/3908/479 5089/3911/479 5092/3912/479 5091/3909/479
f 5090/3910/479 5091/3909/479 5094/3913/479 5093/3914/479
f 5091/3909/479 5092/3912/479 5095/3915/479 5094/3913/479
f 727/3905/917 3097/3903/479 5087/3907/479 3146/3916/917
f 3097/3903/479 3096/3902/479 5088/3908/479 5087/3907/479
f 3096/3902/479 3095/3901/479 5089/3911/479 5088/3908/479
f 3095/3901/479 491/3900/479 1817/3917/479 5089/3911/479
f 5089/3911/479 1817/3917/479 1818/3918/479 5092/3912/479
f 5092/3912/479 1818/3918/479 1819/3919/479 5095/3915/479
f 5095/3915/479 1819/3919/479 492/3920/479 3098/3921/479
f 5094/3913/479 5095/3915/479 3098/3921/479 3099/3922/479
f 5093/3914/479 5094/3913/479 3099/3922/479 3100/3923/479
f 3148/3924/917 5093/3914/479 3100/3923/479 728/3925/917
f 3147/3926/917 5090/3910/479 5093/3914/479 3148/3924/917
f 3146/3916/917 5087/3907/479 5090/3910/479 3147/3926/917
f 5096/3927/479 5097/3928/479 5100/3929/479 5099/3930/479
f 5097/3928/479 5098/3931/479 5101/3932/479 5100/3929/479
f 5099/3930/479 5100/3929/479 5103/3933/479 5102/3934/479
f 5100/3929/479 5101/3932/479 5104/3935/479 5103/3933/479
f 728/3925/917 3100/3923/479 5096/3927/479 3143/3936/917
f 3100/3923/479 3099/3922/479 5097/3928/479 5096/3927/479
f 3099/3922/479 3098/3921/479 5098/3931/479 5097/3928/479
f 3098/3921/479 492/3920/479 1820/3937/479 5098/3931/479
f 5098/3931/479 1820/3937/479 1821/3938/479 5101/3932/479
f 5101/3932/479 1821/3938/479 1822/3939/479 5104/3935/479
f 5104/3935/479 1822/3939/479 493/3940/479 3101/3941/479
f 5103/3933/479 5104/3935/479 3101/3941/479 3102/3942/479
f 5102/3934/479 5103/3933/479 3102/3942/479 3103/3943/479
f 3145/3944/917 5102/3934/479 3103/3943/479 729/3945/917
f 3144/3946/917 5099/3930/479 5102/3934/479 3145/3944/917
f 3143/3936/917 5096/3927/479 5099/3930/479 3144/3946/917
f 5105/3947/479 5106/3948/479 5109/3949/479 5108/3950/479
f 5106/3948/479 5107/3951/479 5110/3952/479 5109/3949/479
f 5108/3950/479 5109/3949/479 5112/3953/479 5111/3954/479
f 5109/3949/479 5110/3952/479 5113/3955/479 5112/3953/479
f 729/3945/917 3103/3943/479 5105/3947/479 3140/3956/917
f 3103/3943/479 3102/3942/479 5106/3948/479 5105/3947/479
f 3102/3942/479 3101/3941/479 5107/3951/479 5106/3948/479
f 3101/3941/479 493/3940/479 1823/3957/479 5107/3951/479
f 5107/3951/479 1823/3957/479 1824/3958/479 5110/3952/479
f 5110/3952/479 1824/3958/479 1825/3959/479 5113/3955/479
f 5113/3955/479 1825/3959/479 494/3960/479 3104/3961/479
f 5112/3953/479 5113/3955/479 3104/3961/479 3105/3962/479
f 5111/3954/479 5112/3953/479 3105/3962/479 3106/3963/479
f 3142/3964/917 5111/3954/479 3106/3963/479 730/3965/917
f 3141/3966/917 5108/3950/479 5111/3954/479 3142/3964/917
f 3140/3956/917 5105/3947/479 5108/3950/479 3141/3966/917
f 5114/3967/479 5115/3968/479 5118/3969/479 5117/3970/479
f 5115/3968/479 5116/3971/479 5119/3972/479 5118/3969/479
f 5117/3970/479 5118/3969/479 5121/3973/479 5120/3974/479
f 5118/3969/479 5119/3972/479 5122/3975/479 5121/3973/479
f 730/3965/917 3106/3963/479 5114/3967/479 3137/3976/917
f 3106/3963/479 3105/3962/479 5115/3968/479 5114/3967/479
f 3105/3962/479 3104/3961/479 5116/3971/479 5115/3968/479
f 3104/3961/479 494/3960/479 1826/3977/479 5116/3971/479
f 5116/3971/479 1826/3977/479 1827/3978/479 5119/3972/479
f 5119/3972/479 1827/3978/479 1828/3979/479 5122/3975/479
f 5122/3975/479 1828/3979/479 495/3980/479 3107/3981/479
f 5121/3973/479 5122/3975/479 3107/3981/479 3108/3982/479
f 5120/3974/479 5121/3973/479 3108/3982/479 3109/3983/479
f 3139/3984/917 5120/3974/479 3109/3983/479 731/3985/917
f 3138/3986/917 5117/3970/479 5120/3974/479 3139/3984/917
f 3137/3976/917 5114/3967/479 5117/3970/479 3138/3986/917
f 5123/3987/918 5124/3988/919 5127/3989/920 5126/3990/921
f 5124/3988/919 5125/3991/922 5128/3992/923 5127/3989/920
f 5126/3990/921 5127/3989/920 5130/3993/924 5129/3994/925
f 5127/3989/920 5128/3992/923 5131/3995/926 5130/3993/924
f 599/3996/549 2257/3997/547 5123/3987/918 2336/3998/927
f 2257/3997/547 2256/3999/629 5124/3988/919 5123/3987/918
f 2256/3999/629 2255/4000/545 5125/3991/922 5124/3988/919
f 2255/4000/545 497/4001/928 1829/4002/569 5125/3991/922
f 5125/3991/922 1829/4002/569 1830/4003/568 5128/3992/923
f 5128/3992/923 1830/4003/568 1831/4004/929 5131/3995/926
f 5131/3995/926 1831/4004/929 498/4005/930 2258/4006/931
f 5130/3993/924 5131/3995/926 2258/4006/931 2259/4007/932
f 5129/3994/925 5130/3993/924 2259/4007/932 2260/4008/933
f 2338/4009/934 5129/3994/925 2260/4008/933 600/4010/935
f 2337/4011/936 5126/3990/921 5129/3994/925 2338/4009/934
f 2336/3998/927 5123/3987/918 5126/3990/921 2337/4011/936
f 5132/4012/918 5133/4013/919 5136/4014/920 5135/4015/921
f 5133/4013/919 5134/4016/922 5137/4017/923 5136/4014/920
f 5135/4015/921 5136/4014/920 5139/4018/924 5138/4019/925
f 5136/4014/920 5137/4017/923 5140/4020/926 5139/4018/924
f 597/4021/549 2251/4022/547 5132/4012/918 2333/4023/927
f 2251/4022/547 2250/4024/629 5133/4013/919 5132/4012/918
f 2250/4024/629 2249/4025/545 5134/4016/922 5133/4013/919
f 2249/4025/545 499/4026/544 1832/4027/569 5134/4016/922
f 5134/4016/922 1832/4027/569 1833/4028/568 5137/4017/923
f 5137/4017/923 1833/4028/568 1834/4029/567 5140/4020/926
f 5140/4020/926 1834/4029/567 500/4030/566 2252/4031/937
f 5139/4018/924 5140/4020/926 2252/4031/937 2253/4032/938
f 5138/4019/925 5139/4018/924 2253/4032/938 2254/4033/939
f 2335/4034/934 5138/4019/925 2254/4033/939 598/4035/940
f 2334/4036/936 5135/4015/921 5138/4019/925 2335/4034/934
f 2333/4023/927 5132/4012/918 5135/4015/921 2334/4036/936
f 5141/4037/918 5142/4038/919 5145/4039/920 5144/4040/921
f 5142/4038/919 5143/4041/922 5146/4042/923 5145/4039/920
f 5144/4040/921 5145/4039/920 5148/4043/924 5147/4044/925
f 5145/4039/920 5146/4042/923 5149/4045/926 5148/4043/924
f 595/4046/549 2245/4047/547 5141/4037/918 2330/4048/927
f 2245/4047/547 2244/4049/629 5142/4038/919 5141/4037/918
f 2244/4049/629 2243/4050/545 5143/4041/922 5142/4038/919
f 2243/4050/545 501/4051/928 1835/4052/569 5143/4041/922
f 5143/4041/922 1835/4052/569 1836/4053/568 5146/4042/923
f 5146/4042/923 1836/4053/568 1837/4054/567 5149/4045/926
f 5149/4045/926 1837/4054/567 502/4055/566 2246/4056/937
f 5148/4043/924 5149/4045/926 2246/4056/937 2247/4057/938
f 5147/4044/925 5148/4043/924 2247/4057/938 2248/4058/939
f 2332/4059/934 5147/4044/925 2248/4058/939 596/4060/940
f 2331/4061/936 5144/4040/921 5147/4044/925 2332/4059/934
f 2330/4048/927 5141/4037/918 5144/4040/921 2331/4061/936
f 5150/4062/918 5151/4063/919 5154/4064/920 5153/4065/921
f 5151/4063/919 5152/4066/922 5155/4067/923 5154/4064/920
f 5153/4065/921 5154/4064/920 5157/4068/924 5156/4069/925
f 5154/4064/920 5155/4067/923 5158/4070/926 5157/4068/924
f 593/4071/549 2239/4072/547 5150/4062/918 2327/4073/927
f 2239/4072/547 2238/4074/629 5151/4063/919 5150/4062/918
f 2238/4074/629 2237/4075/545 5152/4066/922 5151/4063/919
f 2237/4075/545 503/4076/928 1838/4077/569 5152/4066/922
f 5152/4066/922 1838/4077/569 1839/4078/568 5155/4067/923
f 5155/4067/923 1839/4078/568 1840/4079/567 5158/4070/926
f 5158/4070/926 1840/4079/567 504/4080/566 2240/4081/937
f 5157/4068/924 5158/4070/926 2240/4081/937 2241/4082/938
f 5156/4069/925 5157/4068/924 2241/4082/938 2242/4083/939
f 2329/4084/934 5156/4069/925 2242/4083/939 594/4085/940
f 2328/4086/936 5153/4065/921 5156/4069/925 2329/4084/934
f 2327/4073/927 5150/4062/918 5153/4065/921 2328/4086/936
f 5159/4087/918 5160/4088/919 5163/4089/920 5162/4090/921
f 5160/4088/919 5161/4091/922 5164/4092/923 5163/4089/920
f 5162/4090/921 5163/4089/920 5166/4093/924 5165/4094/925
f 5163/4089/920 5164/4092/923 5167/4095/926 5166/4093/924
f 591/2604/549 2233/2602/547 5159/4087/918 2324/4096/927
f 2233/2602/547 2232/2601/546 5160/4088/919 5159/4087/918
f 2232/2601/546 2231/2600/545 5161/4091/922 5160/4088/919
f 2231/2600/545 505/2599/544 1841/2883/569 5161/4091/922
f 5161/4091/922 1841/2883/569 1842/2882/568 5164/4092/923
f 5164/4092/923 1842/2882/568 1843/2881/567 5167/4095/926
f 5167/4095/926 1843/2881/567 506/2880/566 2234/4097/937
f 5166/4093/924 5167/4095/926 2234/4097/937 2235/4098/938
f 5165/4094/925 5166/4093/924 2235/4098/938 2236/4099/939
f 2326/4100/934 5165/4094/925 2236/4099/939 592/4101/940
f 2325/4102/936 5162/4090/921 5165/4094/925 2326/4100/934
f 2324/4096/927 5159/4087/918 5162/4090/921 2325/4102/936
f 5168/4103/918 5169/4104/919 5172/4105/920 5171/4106/921
f 5169/4104/919 5170/4107/922 5173/4108/923 5172/4105/920
f 5171/4106/921 5172/4105/920 5175/4109/924 5174/4110/925
f 5172/4105/920 5173/4108/923 5176/4111/926 5175/4109/924
f 589/2838/549 2227/2836/547 5168/4103/918 2321/4112/927
f 2227/2836/547 2226/2835/629 5169/4104/919 5168/4103/918
f 2226/2835/629 2225/2834/545 5170/4107/922 5169/4104/919
f 2225/2834/545 507/2654/544 1844/2652/569 5170/4107/922
f 5170/4107/922 1844/2652/569 1845/2651/568 5173/4108/923
f 5173/4108/923 1845/2651/568 1846/2650/567 5176/4111/926
f 5176/4111/926 1846/2650/567 508/2649/566 2228/4113/937
f 5175/4109/924 5176/4111/926 2228/4113/937 2229/4114/938
f 5174/4110/925 5175/4109/924 2229/4114/938 2230/4115/939
f 2323/4116/934 5174/4110/925 2230/4115/939 590/4117/940
f 2322/4118/936 5171/4106/921 5174/4110/925 2323/4116/934
f 2321/4112/927 5168/4103/918 5171/4106/921 2322/4118/936
f 5177/4119/918 5178/4120/919 5181/4121/920 5180/4122/921
f 5178/4120/919 5179/4123/922 5182/4124/923 5181/4121/920
f 5180/4122/921 5181/4121/920 5184/4125/924 5183/4126/925
f 5181/4121/920 5182/4124/923 5185/4127/926 5184/4125/924
f 587/4128/549 2221/4129/547 5177/4119/918 2318/4130/927
f 2221/4129/547 2220/4131/629 5178/4120/919 5177/4119/918
f 2220/4131/629 2219/4132/545 5179/4123/922 5178/4120/919
f 2219/4132/545 509/4133/928 1847/4134/569 5179/4123/922
f 5179/4123/922 1847/4134/569 1848/4135/568 5182/4124/923
f 5182/4124/923 1848/4135/568 1849/4136/567 5185/4127/926
f 5185/4127/926 1849/4136/567 510/4137/941 2222/4138/937
f 5184/4125/924 5185/4127/926 2222/4138/937 2223/4139/938
f 5183/4126/925 5184/4125/924 2223/4139/938 2224/4140/939
f 2320/4141/934 5183/4126/925 2224/4140/939 588/4142/940
f 2319/4143/936 5180/4122/921 5183/4126/925 2320/4141/934
f 2318/4130/927 5177/4119/918 5180/4122/921 2319/4143/936
f 5186/4144/942 5187/4145/943 5190/4146/944 5189/4147/945
f 5187/4145/943 5188/4148/946 5191/4149/947 5190/4146/944
f 5189/4147/945 5190/4146/944 5193/4150/948 5192/4151/949
f 5190/4146/944 5191/4149/947 5194/4152/950 5193/4150/948
f 585/4153/951 2215/4154/952 5186/4144/942 2315/4155/953
f 2215/4154/952 2214/4156/954 5187/4145/943 5186/4144/942
f 2214/4156/954 2213/4157/955 5188/4148/946 5187/4145/943
f 2213/4157/955 511/4158/956 1850/4159/957 5188/4148/946
f 5188/4148/946 1850/4159/957 1851/4160/958 5191/4149/947
f 5191/4149/947 1851/4160/958 1852/4161/959 5194/4152/950
f 5194/4152/950 1852/4161/959 512/4162/960 2216/4163/961
f 5193/4150/948 5194/4152/950 2216/4163/961 2217/4164/962
f 5192/4151/949 5193/4150/948 2217/4164/962 2218/4165/963
f 2317/4166/964 5192/4151/949 2218/4165/963 586/4167/965
f 2316/4168/966 5189/4147/945 5192/4151/949 2317/4166/964
f 2315/4155/953 5186/4144/942 5189/4147/945 2316/4168/966
f 5195/4169/967 5196/4170/968 5199/4171/969 5198/4172/970
f 5196/4170/968 5197/4173/971 5200/4174/972 5199/4171/969
f 5198/4172/970 5199/4171/969 5202/4175/973 5201/4176/974
f 5199/4171/969 5200/4174/972 5203/4177/975 5202/4175/973
f 583/4178/976 2209/4179/977 5195/4169/967 2312/4180/978
f 2209/4179/977 2208/4181/979 5196/4170/968 5195/4169/967
f 2208/4181/979 2207/4182/980 5197/4173/971 5196/4170/968
f 2207/4182/980 513/4183/981 1853/4184/982 5197/4173/971
f 5197/4173/971 1853/4184/982 1854/4185/983 5200/4174/972
f 5200/4174/972 1854/4185/983 1855/4186/984 5203/4177/975
f 5203/4177/975 1855/4186/984 514/4187/985 2210/4188/986
f 5202/4175/973 5203/4177/975 2210/4188/986 2211/4189/987
f 5201/4176/974 5202/4175/973 2211/4189/987 2212/4190/988
f 2314/4191/989 5201/4176/974 2212/4190/988 584/4192/990
f 2313/4193/991 5198/4172/970 5201/4176/974 2314/4191/989
f 2312/4180/978 5195/4169/967 5198/4172/970 2313/4193/991
f 5204/4194/918 5205/4195/919 5208/4196/920 5207/4197/921
f 5205/4195/919 5206/4198/922 5209/4199/923 5208/4196/920
f 5207/4197/921 5208/4196/920 5211/4200/924 5210/4201/925
f 5208/4196/920 5209/4199/923 5212/4202/926 5211/4200/924
f 581/4203/992 2203/4204/993 5204/4194/918 2309/4205/927
f 2203/4204/993 2202/4206/994 5205/4195/919 5204/4194/918
f 2202/4206/994 2201/4207/995 5206/4198/922 5205/4195/919
f 2201/4207/995 515/4208/996 1856/4209/997 5206/4198/922
f 5206/4198/922 1856/4209/997 1857/4210/568 5209/4199/923
f 5209/4199/923 1857/4210/568 1858/4211/567 5212/4202/926
f 5212/4202/926 1858/4211/567 516/4212/566 2204/4213/937
f 5211/4200/924 5212/4202/926 2204/4213/937 2205/4214/938
f 5210/4201/925 5211/4200/924 2205/4214/938 2206/4215/939
f 2311/4216/934 5210/4201/925 2206/4215/939 582/4217/940
f 2310/4218/936 5207/4197/921 5210/4201/925 2311/4216/934
f 2309/4205/927 5204/4194/918 5207/4197/921 2310/4218/936
f 5213/4219/595 5214/4220/596 5217/4221/597 5216/4222/598
f 5214/4220/596 5215/4223/599 5218/4224/707 5217/4221/597
f 5216/4222/598 5217/4221/597 5220/4225/601 5219/4226/602
f 5217/4221/597 5218/4224/707 5221/4227/603 5220/4225/601
f 615/4228/604 1607/4229/605 5213/4219/595 2828/4230/606
f 1607/4229/605 1608/4231/607 5214/4220/596 5213/4219/595
f 1608/4231/607 1609/4232/608 5215/4223/599 5214/4220/596
f 1609/4232/608 467/3425/609 2000/4233/610 5215/4223/599
f 5215/4223/599 2000/4233/610 2001/4234/611 5218/4224/707
f 5218/4224/707 2001/4234/611 2002/4235/612 5221/4227/603
f 5221/4227/603 2002/4235/612 528/4236/613 1894/4237/614
f 5220/4225/601 5221/4227/603 1894/4237/614 1893/4238/615
f 5219/4226/602 5220/4225/601 1893/4238/615 1892/4239/616
f 2830/4240/617 5219/4226/602 1892/4239/616 655/4241/618
f 2829/4242/619 5216/4222/598 5219/4226/602 2830/4240/617
f 2828/4230/606 5213/4219/595 5216/4222/598 2829/4242/619
f 5222/4243/620 5223/4244/621 5226/4245/622 5225/4246/623
f 5223/4244/621 5224/4247/624 5227/4248/486 5226/4245/622
f 5225/4246/623 5226/4245/622 5229/4249/487 5228/4250/625
f 5226/4245/622 5227/4248/486 5230/4251/626 5229/4249/487
f 463/2973/609 1732/3346/627 5222/4243/620 1949/2974/610
f 1732/3346/627 1731/3345/628 5223/4244/621 5222/4243/620
f 1731/3345/628 1730/3344/494 5224/4247/624 5223/4244/621
f 1730/3344/494 462/3327/902 2003/4252/496 5224/4247/624
f 5224/4247/624 2003/4252/496 2004/4253/497 5227/4248/486
f 5227/4248/486 2004/4253/497 2005/4254/498 5230/4251/626
f 5230/4251/626 2005/4254/498 523/4255/499 1928/4256/500
f 5229/4249/487 5230/4251/626 1928/4256/500 1929/4257/501
f 5228/4250/625 5229/4249/487 1929/4257/501 1930/4258/502
f 1951/2976/612 5228/4250/625 1930/4258/502 524/2977/613
f 1950/2975/611 5225/4246/623 5228/4250/625 1951/2976/612
f 1949/2974/610 5222/4243/620 5225/4246/623 1950/2975/611
f 5231/4259/655 5232/4260/552 5235/4261/553 5234/4262/554
f 5232/4260/552 5233/4263/555 5236/4264/556 5235/4261/553
f 5234/4262/554 5235/4261/553 5238/4265/557 5237/4266/558
f 5235/4261/553 5236/4264/556 5239/4267/559 5238/4265/557
f 419/2858/648 1529/4268/560 5231/4259/655 2008/4269/541
f 1529/4268/560 1530/4270/561 5232/4260/552 5231/4259/655
f 1530/4270/561 1531/4271/562 5233/4263/555 5232/4260/552
f 1531/4271/562 420/2814/520 1954/4272/563 5233/4263/555
f 5233/4263/555 1954/4272/563 1953/4273/564 5236/4264/556
f 5236/4264/556 1953/4273/564 1952/4274/565 5239/4267/559
f 5239/4267/559 1952/4274/565 510/4137/941 1849/4136/567
f 5238/4265/557 5239/4267/559 1849/4136/567 1848/4135/568
f 5237/4266/558 5238/4265/557 1848/4135/568 1847/4134/569
f 2006/4275/543 5237/4266/558 1847/4134/569 509/4133/928
f 2007/4276/542 5234/4262/554 5237/4266/558 2006/4275/543
f 2008/4269/541 5231/4259/655 5234/4262/554 2007/4276/542
f 5240/4277/531 5241/4278/532 5244/4279/533 5243/4280/534
f 5241/4278/532 5242/4281/535 5245/4282/536 5244/4279/533
f 5243/4280/534 5244/4279/533 5247/4283/537 5246/4284/538
f 5244/4279/533 5245/4282/536 5248/4285/539 5247/4283/537
f 553/2729/529 2119/2727/527 5240/4277/531 2303/4286/540
f 2119/2727/527 2118/2726/526 5241/4278/532 5240/4277/531
f 2118/2726/526 2117/2725/525 5242/4281/535 5241/4278/532
f 2117/2725/525 425/2724/524 2009/4287/541 5242/4281/535
f 5242/4281/535 2009/4287/541 2010/4288/542 5245/4282/536
f 5245/4282/536 2010/4288/542 2011/4289/543 5248/4285/539
f 5248/4285/539 2011/4289/543 503/4076/928 2237/4075/545
f 5247/4283/537 5248/4285/539 2237/4075/545 2238/4074/629
f 5246/4284/538 5247/4283/537 2238/4074/629 2239/4072/547
f 2305/4290/548 5246/4284/538 2239/4072/547 593/4071/549
f 2304/4291/550 5243/4280/534 5246/4284/538 2305/4290/548
f 2303/4286/540 5240/4277/531 5243/4280/534 2304/4291/550
f 5249/4292/595 5250/4293/596 5253/4294/597 5252/4295/598
f 5250/4293/596 5251/4296/599 5254/4297/707 5253/4294/597
f 5252/4295/598 5253/4294/597 5256/4298/601 5255/4299/602
f 5253/4294/597 5254/4297/707 5257/4300/603 5256/4298/601
f 617/4301/604 1613/4302/605 5249/4292/595 2825/4303/606
f 1613/4302/605 1614/4304/607 5250/4293/596 5249/4292/595
f 1614/4304/607 1615/4305/608 5251/4296/599 5250/4293/596
f 1615/4305/608 469/3465/609 2015/4306/610 5251/4296/599
f 5251/4296/599 2015/4306/610 2016/4307/611 5254/4297/707
f 5254/4297/707 2016/4307/611 2017/4308/612 5257/4300/603
f 5257/4300/603 2017/4308/612 530/4309/613 1900/4310/614
f 5256/4298/601 5257/4300/603 1900/4310/614 1899/4311/615
f 5255/4299/602 5256/4298/601 1899/4311/615 1898/4312/616
f 2827/4313/617 5255/4299/602 1898/4312/616 657/4314/618
f 2826/4315/619 5252/4295/598 5255/4299/602 2827/4313/617
f 2825/4303/606 5249/4292/595 5252/4295/598 2826/4315/619
f 5258/4316/998 5259/4317/999 5262/4318/1000 5261/4319/1001
f 5259/4317/999 5260/4320/1002 5263/4321/1003 5262/4318/1000
f 5261/4319/1001 5262/4318/1000 5265/4322/557 5264/4323/558
f 5262/4318/1000 5263/4321/1003 5266/4324/1004 5265/4322/557
f 431/2574/524 1493/4325/1005 5258/4316/998 2026/4326/541
f 1493/4325/1005 1494/4327/1006 5259/4317/999 5258/4316/998
f 1494/4327/1006 1495/4328/1007 5260/4320/1002 5259/4317/999
f 1495/4328/1007 432/4329/1008 2021/4330/1009 5260/4320/1002
f 5260/4320/1002 2021/4330/1009 2022/4331/1010 5263/4321/1003
f 5263/4321/1003 2022/4331/1010 2023/4332/1011 5266/4324/1004
f 5266/4324/1004 2023/4332/1011 498/4005/930 1831/4004/929
f 5265/4322/557 5266/4324/1004 1831/4004/929 1830/4003/568
f 5264/4323/558 5265/4322/557 1830/4003/568 1829/4002/569
f 2024/4333/543 5264/4323/558 1829/4002/569 497/4001/928
f 2025/4334/1012 5261/4319/1001 5264/4323/558 2024/4333/543
f 2026/4326/541 5258/4316/998 5261/4319/1001 2025/4334/1012
f 5267/4335/1013 5268/4336/1014 5271/4337/1015 5270/4338/1016
f 5268/4336/1014 5269/4339/1017 5272/4340/1018 5271/4337/1015
f 5270/4338/1016 5271/4337/1015 5274/4341/1019 5273/4342/1020
f 5271/4337/1015 5272/4340/1018 5275/4343/1021 5274/4341/1019
f 541/3007/731 2083/3005/729 5267/4335/1013 2297/4344/1022
f 2083/3005/729 2082/3004/728 5268/4336/1014 5267/4335/1013
f 2082/3004/728 2081/3003/727 5269/4339/1017 5268/4336/1014
f 2081/3003/727 413/3002/726 2027/4345/1023 5269/4339/1017
f 5269/4339/1017 2027/4345/1023 2028/4346/1024 5272/4340/1018
f 5272/4340/1018 2028/4346/1024 2029/4347/1025 5275/4343/1021
f 5275/4343/1021 2029/4347/1025 515/4208/996 2201/4207/995
f 5274/4341/1019 5275/4343/1021 2201/4207/995 2202/4206/994
f 5273/4342/1020 5274/4341/1019 2202/4206/994 2203/4204/993
f 2299/4348/1026 5273/4342/1020 2203/4204/993 581/4203/992
f 2298/4349/1027 5270/4338/1016 5273/4342/1020 2299/4348/1026
f 2297/4344/1022 5267/4335/1013 5270/4338/1016 2298/4349/1027
f 5276/4350/620 5277/4351/621 5280/4352/622 5279/4353/623
f 5277/4351/621 5278/4354/624 5281/4355/486 5280/4352/622
f 5279/4353/623 5280/4352/622 5283/4356/487 5282/4357/625
f 5280/4352/622 5281/4355/486 5284/4358/626 5283/4356/487
f 465/2745/609 1738/3385/627 5276/4350/620 1979/2746/610
f 1738/3385/627 1737/3384/628 5277/4351/621 5276/4350/620
f 1737/3384/628 1736/3383/494 5278/4354/624 5277/4351/621
f 1736/3383/494 464/3366/495 1972/4359/496 5278/4354/624
f 5278/4354/624 1972/4359/496 1971/4360/497 5281/4355/486
f 5281/4355/486 1971/4360/497 1970/4361/498 5284/4358/626
f 5284/4358/626 1970/4361/498 525/4362/499 1931/4363/500
f 5283/4356/487 5284/4358/626 1931/4363/500 1932/4364/501
f 5282/4357/625 5283/4356/487 1932/4364/501 1933/4365/502
f 1981/2748/612 5282/4357/625 1933/4365/502 526/2749/613
f 1980/2747/611 5279/4353/623 5282/4357/625 1981/2748/612
f 1979/2746/610 5276/4350/620 5279/4353/623 1980/2747/611
f 5285/4366/1028 5286/4367/1029 5289/4368/1030 5288/4369/1031
f 5286/4367/1029 5287/4370/1032 5290/4371/1033 5289/4368/1030
f 5288/4369/1031 5289/4368/1030 5292/4372/1034 5291/4373/1035
f 5289/4368/1030 5290/4371/1033 5293/4374/1036 5292/4372/1034
f 417/2902/674 1535/4375/1037 5285/4366/1028 2038/4376/1038
f 1535/4375/1037 1536/4377/1039 5286/4367/1029 5285/4366/1028
f 1536/4377/1039 1537/4378/1040 5287/4370/1032 5286/4367/1029
f 1537/4378/1040 418/2854/644 2033/4379/1041 5287/4370/1032
f 5287/4370/1032 2033/4379/1041 2034/4380/1042 5290/4371/1033
f 5290/4371/1033 2034/4380/1042 2035/4381/1043 5293/4374/1036
f 5293/4374/1036 2035/4381/1043 512/4162/960 1852/4161/959
f 5292/4372/1034 5293/4374/1036 1852/4161/959 1851/4160/958
f 5291/4373/1035 5292/4372/1034 1851/4160/958 1850/4159/957
f 2036/4382/1044 5291/4373/1035 1850/4159/957 511/4158/956
f 2037/4383/1045 5288/4369/1031 5291/4373/1035 2036/4382/1044
f 2038/4376/1038 5285/4366/1028 5288/4369/1031 2037/4383/1045
f 5294/4384/531 5295/4385/532 5298/4386/1046 5297/4387/534
f 5295/4385/532 5296/4388/535 5299/4389/536 5298/4386/1046
f 5297/4387/534 5298/4386/1046 5301/4390/537 5300/4391/538
f 5298/4386/1046 5299/4389/536 5302/4392/539 5301/4390/537
f 555/2679/529 2125/2677/527 5294/4384/531 2294/4393/540
f 2125/2677/527 2124/2676/526 5295/4385/532 5294/4384/531
f 2124/2676/526 2123/2675/525 5296/4388/535 5295/4385/532
f 2123/2675/525 427/2674/524 2039/4394/541 5296/4388/535
f 5296/4388/535 2039/4394/541 2040/4395/542 5299/4389/536
f 5299/4389/536 2040/4395/542 2041/4396/543 5302/4392/539
f 5302/4392/539 2041/4396/543 501/4051/928 2243/4050/545
f 5301/4390/537 5302/4392/539 2243/4050/545 2244/4049/629
f 5300/4391/538 5301/4390/537 2244/4049/629 2245/4047/547
f 2296/4397/548 5300/4391/538 2245/4047/547 595/4046/549
f 2295/4398/550 5297/4387/534 5300/4391/538 2296/4397/548
f 2294/4393/540 5294/4384/531 5297/4387/534 2295/4398/550
f 5303/4399/595 5304/4400/1047 5307/4401/597 5306/4402/598
f 5304/4400/1047 5305/4403/599 5308/4404/707 5307/4401/597
f 5306/4402/598 5307/4401/597 5310/4405/601 5309/4406/602
f 5307/4401/597 5308/4404/707 5311/4407/603 5310/4405/601
f 605/4408/604 1577/4409/605 5303/4399/595 2822/4410/606
f 1577/4409/605 1578/4411/607 5304/4400/1047 5303/4399/595
f 1578/4411/607 1579/4412/608 5305/4403/599 5304/4400/1047
f 1579/4412/608 457/3237/609 2045/4413/1048 5305/4403/599
f 5305/4403/599 2045/4413/1048 2046/4414/611 5308/4404/707
f 5308/4404/707 2046/4414/611 2047/4415/612 5311/4407/603
f 5311/4407/603 2047/4415/612 518/4416/613 1864/4417/614
f 5310/4405/601 5311/4407/603 1864/4417/614 1863/4418/615
f 5309/4406/602 5310/4405/601 1863/4418/615 1862/4419/616
f 2824/4420/617 5309/4406/602 1862/4419/616 645/4421/618
f 2823/4422/619 5306/4402/598 5309/4406/602 2824/4420/617
f 2822/4410/606 5303/4399/595 5306/4402/598 2823/4422/619
f 5312/4423/595 5313/4424/596 5316/4425/597 5315/4426/598
f 5313/4424/596 5314/4427/599 5317/4428/707 5316/4425/597
f 5315/4426/598 5316/4425/597 5319/4429/601 5318/4430/602
f 5316/4425/597 5317/4428/707 5320/4431/603 5319/4429/601
f 619/4432/604 1619/4433/605 5312/4423/595 2819/4434/606
f 1619/4433/605 1620/4435/607 5313/4424/596 5312/4423/595
f 1620/4435/607 1621/4436/608 5314/4427/599 5313/4424/596
f 1621/4436/608 471/3505/609 2051/4437/610 5314/4427/599
f 5314/4427/599 2051/4437/610 2052/4438/611 5317/4428/707
f 5317/4428/707 2052/4438/611 2053/4439/612 5320/4431/603
f 5320/4431/603 2053/4439/612 532/4440/613 1906/4441/1049
f 5319/4429/601 5320/4431/603 1906/4441/1049 1905/4442/615
f 5318/4430/602 5319/4429/601 1905/4442/615 1904/4443/616
f 2821/4444/617 5318/4430/602 1904/4443/616 659/4445/618
f 2820/4446/619 5315/4426/598 5318/4430/602 2821/4444/617
f 2819/4434/606 5312/4423/595 5315/4426/598 2820/4446/619
f 5321/4447/655 5322/4448/552 5325/4449/553 5324/4450/554
f 5322/4448/552 5323/4451/555 5326/4452/556 5325/4449/553
f 5324/4450/554 5325/4449/553 5328/4453/557 5327/4454/558
f 5325/4449/553 5326/4452/556 5329/4455/559 5328/4453/557
f 429/2624/524 1499/4456/560 5321/4447/655 2062/4457/541
f 1499/4456/560 1500/4458/561 5322/4448/552 5321/4447/655
f 1500/4458/561 1501/4459/562 5323/4451/555 5322/4448/552
f 1501/4459/562 430/2570/520 2057/4460/563 5323/4451/555
f 5323/4451/555 2057/4460/563 2058/4461/564 5326/4452/556
f 5326/4452/556 2058/4461/564 2059/4462/565 5329/4455/559
f 5329/4455/559 2059/4462/565 500/4030/566 1834/4029/567
f 5328/4453/557 5329/4455/559 1834/4029/567 1833/4028/568
f 5327/4454/558 5328/4453/557 1833/4028/568 1832/4027/569
f 2060/4463/543 5327/4454/558 1832/4027/569 499/4026/544
f 2061/4464/542 5324/4450/554 5327/4454/558 2060/4463/543
f 2062/4457/541 5321/4447/655 5324/4450/554 2061/4464/542
f 5330/4465/531 5331/4466/532 5334/4467/533 5333/4468/534
f 5331/4466/532 5332/4469/535 5335/4470/536 5334/4467/533
f 5333/4468/534 5334/4467/533 5337/4471/537 5336/4472/538
f 5334/4467/533 5335/4470/536 5338/4473/539 5337/4471/537
f 543/2957/529 2089/2955/527 5330/4465/531 2285/4474/540
f 2089/2955/527 2088/2954/526 5331/4466/532 5330/4465/531
f 2088/2954/526 2087/2953/525 5332/4469/535 5331/4466/532
f 2087/2953/525 415/2952/706 2063/4475/1050 5332/4469/535
f 5332/4469/535 2063/4475/1050 2064/4476/1051 5335/4470/536
f 5335/4470/536 2064/4476/1051 2065/4477/1052 5338/4473/539
f 5338/4473/539 2065/4477/1052 513/4183/981 2207/4182/980
f 5337/4471/537 5338/4473/539 2207/4182/980 2208/4181/979
f 5336/4472/538 5337/4471/537 2208/4181/979 2209/4179/977
f 2287/4478/548 5336/4472/538 2209/4179/977 583/4178/976
f 2286/4479/550 5333/4468/534 5336/4472/538 2287/4478/548
f 2285/4474/540 5330/4465/531 5333/4468/534 2286/4479/550
f 5339/4480/620 5340/4481/621 5343/4482/622 5342/4483/623
f 5340/4481/621 5341/4484/624 5344/4485/486 5343/4482/622
f 5342/4483/623 5343/4482/622 5346/4486/487 5345/4487/625
f 5343/4482/622 5344/4485/486 5347/4488/626 5346/4486/487
f 467/3425/609 1744/3424/627 5339/4480/620 2000/4233/610
f 1744/3424/627 1743/3423/628 5340/4481/621 5339/4480/620
f 1743/3423/628 1742/3422/494 5341/4484/624 5340/4481/621
f 1742/3422/494 466/3405/495 1993/4489/496 5341/4484/624
f 5341/4484/624 1993/4489/496 1992/4490/497 5344/4485/486
f 5344/4485/486 1992/4490/497 1991/4491/498 5347/4488/626
f 5347/4488/626 1991/4491/498 527/4492/499 1934/4493/500
f 5346/4486/487 5347/4488/626 1934/4493/500 1935/4494/501
f 5345/4487/625 5346/4486/487 1935/4494/501 1936/4495/502
f 2002/4235/612 5345/4487/625 1936/4495/502 528/4236/613
f 2001/4234/611 5342/4483/623 5345/4487/625 2002/4235/612
f 2000/4233/610 5339/4480/620 5342/4483/623 2001/4234/611
f 5348/4496/1053 5349/4497/1054 5352/4498/1055 5351/4499/1056
f 5349/4497/1054 5350/4500/1057 5353/4501/1058 5352/4498/1055
f 5351/4499/1056 5352/4498/1055 5355/4502/1059 5354/4503/1060
f 5352/4498/1055 5353/4501/1058 5356/4504/1061 5355/4502/1059
f 415/2952/706 1541/4505/1062 5348/4496/1053 2063/4475/1050
f 1541/4505/1062 1542/4506/1063 5349/4497/1054 5348/4496/1053
f 1542/4506/1063 1543/4507/1064 5350/4500/1057 5349/4497/1054
f 1543/4507/1064 416/2898/670 2066/4508/1065 5350/4500/1057
f 5350/4500/1057 2066/4508/1065 2067/4509/1066 5353/4501/1058
f 5353/4501/1058 2067/4509/1066 2068/4510/1067 5356/4504/1061
f 5356/4504/1061 2068/4510/1067 514/4187/985 1855/4186/984
f 5355/4502/1059 5356/4504/1061 1855/4186/984 1854/4185/983
f 5354/4503/1060 5355/4502/1059 1854/4185/983 1853/4184/982
f 2065/4477/1052 5354/4503/1060 1853/4184/982 513/4183/981
f 2064/4476/1051 5351/4499/1056 5354/4503/1060 2065/4477/1052
f 2063/4475/1050 5348/4496/1053 5351/4499/1056 2064/4476/1051
f 5357/4511/531 5358/4512/532 5361/4513/1046 5360/4514/534
f 5358/4512/532 5359/4515/535 5362/4516/536 5361/4513/1046
f 5360/4514/534 5361/4513/1046 5364/4517/537 5363/4518/538
f 5361/4513/1046 5362/4516/536 5365/4519/539 5364/4517/537
f 557/2629/529 2131/2627/527 5357/4511/531 2282/4520/540
f 2131/2627/527 2130/2626/526 5358/4512/532 5357/4511/531
f 2130/2626/526 2129/2625/525 5359/4515/535 5358/4512/532
f 2129/2625/525 429/2624/524 2062/4457/541 5359/4515/535
f 5359/4515/535 2062/4457/541 2061/4464/542 5362/4516/536
f 5362/4516/536 2061/4464/542 2060/4463/543 5365/4519/539
f 5365/4519/539 2060/4463/543 499/4026/544 2249/4025/545
f 5364/4517/537 5365/4519/539 2249/4025/545 2250/4024/629
f 5363/4518/538 5364/4517/537 2250/4024/629 2251/4022/547
f 2284/4521/548 5363/4518/538 2251/4022/547 597/4021/549
f 2283/4522/550 5360/4514/534 5363/4518/538 2284/4521/548
f 2282/4520/540 5357/4511/531 5360/4514/534 2283/4522/550
f 5366/4523/1068 5367/4524/1069 5370/4525/1070 5369/4526/1071
f 5367/4524/1069 5368/4527/1072 5371/4528/1073 5370/4525/1070
f 5369/4526/1071 5370/4525/1070 5373/4529/1074 5372/4530/1075
f 5370/4525/1070 5371/4528/1073 5374/4531/1076 5373/4529/1074
f 607/4532/1077 1583/4533/1078 5366/4523/1068 2816/4534/1079
f 1583/4533/1078 1584/4535/1080 5367/4524/1069 5366/4523/1068
f 1584/4535/1080 1585/4536/1081 5368/4527/1072 5367/4524/1069
f 1585/4536/1081 459/2918/690 1960/2920/692 5368/4527/1072
f 5368/4527/1072 1960/2920/692 1959/2933/705 5371/4528/1073
f 5371/4528/1073 1959/2933/705 1958/2931/703 5374/4531/1076
f 5374/4531/1076 1958/2931/703 520/2932/704 1870/4537/1082
f 5373/4529/1074 5374/4531/1076 1870/4537/1082 1869/4538/1083
f 5372/4530/1075 5373/4529/1074 1869/4538/1083 1868/4539/1084
f 2818/4540/1085 5372/4530/1075 1868/4539/1084 647/4541/1086
f 2817/4542/1087 5369/4526/1071 5372/4530/1075 2818/4540/1085
f 2816/4534/1079 5366/4523/1068 5369/4526/1071 2817/4542/1087
f 5375/4543/595 5376/4544/1047 5379/4545/597 5378/4546/598
f 5376/4544/1047 5377/4547/1088 5380/4548/707 5379/4545/597
f 5378/4546/598 5379/4545/597 5382/4549/601 5381/4550/602
f 5379/4545/597 5380/4548/707 5383/4551/603 5382/4549/601
f 621/4552/604 1625/4553/605 5375/4543/595 2813/4554/606
f 1625/4553/605 1626/4555/607 5376/4544/1047 5375/4543/595
f 1626/4555/607 1627/4556/608 5377/4547/1088 5376/4544/1047
f 1627/4556/608 473/2784/609 1978/2786/610 5377/4547/1088
f 5377/4547/1088 1978/2786/610 1977/2799/611 5380/4548/707
f 5380/4548/707 1977/2799/611 1976/2797/612 5383/4551/603
f 5383/4551/603 1976/2797/612 534/2798/613 1912/4557/614
f 5382/4549/601 5383/4551/603 1912/4557/614 1911/4558/615
f 5381/4550/602 5382/4549/601 1911/4558/615 1910/4559/616
f 2815/4560/617 5381/4550/602 1910/4559/616 661/4561/618
f 2814/4562/619 5378/4546/598 5381/4550/602 2815/4560/617
f 2813/4554/606 5375/4543/595 5378/4546/598 2814/4562/619
f 5384/4563/655 5385/4564/552 5388/4565/553 5387/4566/554
f 5385/4564/552 5386/4567/555 5389/4568/556 5388/4565/553
f 5387/4566/554 5388/4565/553 5391/4569/557 5390/4570/558
f 5388/4565/553 5389/4568/556 5392/4571/559 5391/4569/557
f 427/2674/524 1505/4572/560 5384/4563/655 2039/4394/541
f 1505/4572/560 1506/4573/561 5385/4564/552 5384/4563/655
f 1506/4573/561 1507/4574/562 5386/4567/555 5385/4564/552
f 1507/4574/562 428/2620/520 2056/4575/563 5386/4567/555
f 5386/4567/555 2056/4575/563 2055/4576/564 5389/4568/556
f 5389/4568/556 2055/4576/564 2054/4577/565 5392/4571/559
f 5392/4571/559 2054/4577/565 502/4055/566 1837/4054/567
f 5391/4569/557 5392/4571/559 1837/4054/567 1836/4053/568
f 5390/4570/558 5391/4569/557 1836/4053/568 1835/4052/569
f 2041/4396/543 5390/4570/558 1835/4052/569 501/4051/928
f 2040/4395/542 5387/4566/554 5390/4570/558 2041/4396/543
f 2039/4394/541 5384/4563/655 5387/4566/554 2040/4395/542
f 5393/4578/1089 5394/4579/1090 5397/4580/1091 5396/4581/1092
f 5394/4579/1090 5395/4582/1093 5398/4583/1094 5397/4580/1091
f 5396/4581/1092 5397/4580/1091 5400/4584/1095 5399/4585/1096
f 5397/4580/1091 5398/4583/1094 5401/4586/1097 5400/4584/1095
f 545/2907/679 2095/2905/677 5393/4578/1089 2273/4587/1098
f 2095/2905/677 2094/2904/676 5394/4579/1090 5393/4578/1089
f 2094/2904/676 2093/2903/675 5395/4582/1093 5394/4579/1090
f 2093/2903/675 417/2902/674 2038/4376/1038 5395/4582/1093
f 5395/4582/1093 2038/4376/1038 2037/4383/1045 5398/4583/1094
f 5398/4583/1094 2037/4383/1045 2036/4382/1044 5401/4586/1097
f 5401/4586/1097 2036/4382/1044 511/4158/956 2213/4157/955
f 5400/4584/1095 5401/4586/1097 2213/4157/955 2214/4156/954
f 5399/4585/1096 5400/4584/1095 2214/4156/954 2215/4154/952
f 2275/4588/1099 5399/4585/1096 2215/4154/952 585/4153/951
f 2274/4589/1100 5396/4581/1092 5399/4585/1096 2275/4588/1099
f 2273/4587/1098 5393/4578/1089 5396/4581/1092 2274/4589/1100
f 5402/4590/620 5403/4591/621 5406/4592/622 5405/4593/623
f 5403/4591/621 5404/4594/624 5407/4595/486 5406/4592/622
f 5405/4593/623 5406/4592/622 5409/4596/487 5408/4597/625
f 5406/4592/622 5407/4595/486 5410/4598/626 5409/4596/487
f 469/3465/609 1750/3464/627 5402/4590/620 2015/4306/610
f 1750/3464/627 1749/3463/628 5403/4591/621 5402/4590/620
f 1749/3463/628 1748/3462/494 5404/4594/624 5403/4591/621
f 1748/3462/494 468/3445/495 2014/4599/496 5404/4594/624
f 5404/4594/624 2014/4599/496 2013/4600/497 5407/4595/486
f 5407/4595/486 2013/4600/497 2012/4601/498 5410/4598/626
f 5410/4598/626 2012/4601/498 529/4602/499 1937/4603/500
f 5409/4596/487 5410/4598/626 1937/4603/500 1938/4604/501
f 5408/4597/625 5409/4596/487 1938/4604/501 1939/4605/502
f 2017/4308/612 5408/4597/625 1939/4605/502 530/4309/613
f 2016/4307/611 5405/4593/623 5408/4597/625 2017/4308/612
f 2015/4306/610 5402/4590/620 5405/4593/623 2016/4307/611
f 5411/4606/1101 5412/4607/999 5415/4608/1102 5414/4609/1103
f 5412/4607/999 5413/4610/1104 5416/4611/1105 5415/4608/1102
f 5414/4609/1103 5415/4608/1102 5418/4612/557 5417/4613/1106
f 5415/4608/1102 5416/4611/1105 5419/4614/559 5418/4612/557
f 413/3002/726 1547/4615/1107 5411/4606/1101 2027/4345/1023
f 1547/4615/1107 1548/4616/1006 5412/4607/999 5411/4606/1101
f 1548/4616/1006 1549/4617/1108 5413/4610/1104 5412/4607/999
f 1549/4617/1108 414/2948/520 2050/4618/1109 5413/4610/1104
f 5413/4610/1104 2050/4618/1109 2049/4619/1110 5416/4611/1105
f 5416/4611/1105 2049/4619/1110 2048/4620/565 5419/4614/559
f 5419/4614/559 2048/4620/565 516/4212/566 1858/4211/567
f 5418/4612/557 5419/4614/559 1858/4211/567 1857/4210/568
f 5417/4613/1106 5418/4612/557 1857/4210/568 1856/4209/997
f 2029/4347/1025 5417/4613/1106 1856/4209/997 515/4208/996
f 2028/4346/1024 5414/4609/1103 5417/4613/1106 2029/4347/1025
f 2027/4345/1023 5411/4606/1101 5414/4609/1103 2028/4346/1024
f 5420/4621/531 5421/4622/532 5424/4623/533 5423/4624/534
f 5421/4622/532 5422/4625/535 5425/4626/536 5424/4623/533
f 5423/4624/534 5424/4623/533 5427/4627/537 5426/4628/538
f 5424/4623/533 5425/4626/536 5428/4629/539 5427/4627/537
f 559/2579/529 2137/2577/527 5420/4621/531 2270/4630/540
f 2137/2577/527 2136/2576/526 5421/4622/532 5420/4621/531
f 2136/2576/526 2135/2575/525 5422/4625/535 5421/4622/532
f 2135/2575/525 431/2574/524 2026/4326/541 5422/4625/535
f 5422/4625/535 2026/4326/541 2025/4334/1012 5425/4626/536
f 5425/4626/536 2025/4334/1012 2024/4333/543 5428/4629/539
f 5428/4629/539 2024/4333/543 497/4001/928 2255/4000/545
f 5427/4627/537 5428/4629/539 2255/4000/545 2256/3999/629
f 5426/4628/538 5427/4627/537 2256/3999/629 2257/3997/547
f 2272/4631/548 5426/4628/538 2257/3997/547 599/3996/549
f 2271/4632/550 5423/4624/534 5426/4628/538 2272/4631/548
f 2270/4630/540 5420/4621/531 5423/4624/534 2271/4632/550
f 5429/4633/1111 5430/4634/1112 5433/4635/1113 5432/4636/1114
f 5430/4634/1112 5431/4637/1115 5434/4638/1116 5433/4635/1113
f 5432/4636/1114 5433/4635/1113 5436/4639/1117 5435/4640/1118
f 5433/4635/1113 5434/4638/1116 5437/4641/1119 5436/4639/1117
f 609/4642/1120 1589/4643/1121 5429/4633/1111 2810/4644/1122
f 1589/4643/1121 1590/4645/1123 5430/4634/1112 5429/4633/1111
f 1590/4645/1123 1591/4646/1124 5431/4637/1115 5430/4634/1112
f 1591/4646/1124 461/2690/579 1990/2692/581 5431/4637/1115
f 5431/4637/1115 1990/2692/581 1989/2705/594 5434/4638/1116
f 5434/4638/1116 1989/2705/594 1988/2703/592 5437/4641/1119
f 5437/4641/1119 1988/2703/592 522/2704/593 1876/4647/1125
f 5436/4639/1117 5437/4641/1119 1876/4647/1125 1875/4648/1126
f 5435/4640/1118 5436/4639/1117 1875/4648/1126 1874/4649/1127
f 2812/4650/1128 5435/4640/1118 1874/4649/1127 649/4651/1129
f 2811/4652/1130 5432/4636/1114 5435/4640/1118 2812/4650/1128
f 2810/4644/1122 5429/4633/1111 5432/4636/1114 2811/4652/1130
f 5438/4653/1131 5439/4654/1132 5442/4655/1133 5441/4656/1134
f 5439/4654/1132 5440/4657/1135 5443/4658/1136 5442/4655/1133
f 5441/4656/1134 5442/4655/1133 5445/4659/1137 5444/4660/1138
f 5442/4655/1133 5443/4658/1136 5446/4661/1139 5445/4659/1137
f 623/4662/1140 1631/4663/1141 5438/4653/1131 2807/4664/1142
f 1631/4663/1141 1632/4665/1143 5439/4654/1132 5438/4653/1131
f 1632/4665/1143 1633/4666/1144 5440/4657/1135 5439/4654/1132
f 1633/4666/1144 475/2540/490 1999/2542/492 5440/4657/1135
f 5440/4657/1135 1999/2542/492 1998/2555/505 5443/4658/1136
f 5443/4658/1136 1998/2555/505 1997/2553/503 5446/4661/1139
f 5446/4661/1139 1997/2553/503 536/2554/504 1918/4667/1145
f 5445/4659/1137 5446/4661/1139 1918/4667/1145 1917/4668/1146
f 5444/4660/1138 5445/4659/1137 1917/4668/1146 1916/4669/1147
f 2809/4670/1148 5444/4660/1138 1916/4669/1147 663/4671/1149
f 2808/4672/1150 5441/4656/1134 5444/4660/1138 2809/4670/1148
f 2807/4664/1142 5438/4653/1131 5441/4656/1134 2808/4672/1150
f 5447/4673/1151 5448/4674/1152 5451/4675/1153 5450/4676/1154
f 5448/4674/1152 5449/4677/1155 5452/4678/1156 5451/4675/1153
f 5450/4676/1154 5451/4675/1153 5454/4679/487 5453/4680/1157
f 5451/4675/1153 5452/4678/1156 5455/4681/1158 5454/4679/487
f 457/3237/609 1714/3236/814 5447/4673/1151 2045/4413/1048
f 1714/3236/814 1713/3235/813 5448/4674/1152 5447/4673/1151
f 1713/3235/813 1712/3234/812 5449/4677/1155 5448/4674/1152
f 1712/3234/812 456/3217/795 2032/4682/1159 5449/4677/1155
f 5449/4677/1155 2032/4682/1159 2031/4683/1160 5452/4678/1156
f 5452/4678/1156 2031/4683/1160 2030/4684/1161 5455/4681/1158
f 5455/4681/1158 2030/4684/1161 517/4685/1162 1919/4686/500
f 5454/4679/487 5455/4681/1158 1919/4686/500 1920/4687/501
f 5453/4680/1157 5454/4679/487 1920/4687/501 1921/4688/502
f 2047/4415/612 5453/4680/1157 1921/4688/502 518/4416/613
f 2046/4414/611 5450/4676/1154 5453/4680/1157 2047/4415/612
f 2045/4413/1048 5447/4673/1151 5450/4676/1154 2046/4414/611
f 5456/4689/655 5457/4690/552 5460/4691/553 5459/4692/554
f 5457/4690/552 5458/4693/1163 5461/4694/556 5460/4691/553
f 5459/4692/554 5460/4691/553 5463/4695/557 5462/4696/558
f 5460/4691/553 5461/4694/556 5464/4697/559 5463/4695/557
f 425/2724/524 1511/4698/560 5456/4689/655 2009/4287/541
f 1511/4698/560 1512/4699/561 5457/4690/552 5456/4689/655
f 1512/4699/561 1513/4700/562 5458/4693/1163 5457/4690/552
f 1513/4700/562 426/2670/520 2020/4701/563 5458/4693/1163
f 5458/4693/1163 2020/4701/563 2019/4702/564 5461/4694/556
f 5461/4694/556 2019/4702/564 2018/4703/565 5464/4697/559
f 5464/4697/559 2018/4703/565 504/4080/566 1840/4079/567
f 5463/4695/557 5464/4697/559 1840/4079/567 1839/4078/568
f 5462/4696/558 5463/4695/557 1839/4078/568 1838/4077/569
f 2011/4289/543 5462/4696/558 1838/4077/569 503/4076/928
f 2010/4288/542 5459/4692/554 5462/4696/558 2011/4289/543
f 2009/4287/541 5456/4689/655 5459/4692/554 2010/4288/542
f 5465/4704/531 5466/4705/532 5469/4706/533 5468/4707/534
f 5466/4705/532 5467/4708/535 5470/4709/536 5469/4706/533
f 5468/4707/534 5469/4706/533 5472/4710/537 5471/4711/538
f 5469/4706/533 5470/4709/536 5473/4712/539 5472/4710/537
f 547/2863/653 2101/2861/651 5465/4704/531 2261/4713/540
f 2101/2861/651 2100/2860/650 5466/4705/532 5465/4704/531
f 2100/2860/650 2099/2859/649 5467/4708/535 5466/4705/532
f 2099/2859/649 419/2858/648 2008/4269/541 5467/4708/535
f 5467/4708/535 2008/4269/541 2007/4276/542 5470/4709/536
f 5470/4709/536 2007/4276/542 2006/4275/543 5473/4712/539
f 5473/4712/539 2006/4275/543 509/4133/928 2219/4132/545
f 5472/4710/537 5473/4712/539 2219/4132/545 2220/4131/629
f 5471/4711/538 5472/4710/537 2220/4131/629 2221/4129/547
f 2263/4714/548 5471/4711/538 2221/4129/547 587/4128/549
f 2262/4715/550 5468/4707/534 5471/4711/538 2263/4714/548
f 2261/4713/540 5465/4704/531 5468/4707/534 2262/4715/550
f 5474/4716/620 5475/4717/621 5478/4718/622 5477/4719/623
f 5475/4717/621 5476/4720/624 5479/4721/486 5478/4718/622
f 5477/4719/623 5478/4718/622 5481/4722/487 5480/4723/625
f 5478/4718/622 5479/4721/486 5482/4724/626 5481/4722/487
f 471/3505/609 1756/3504/627 5474/4716/620 2051/4437/610
f 1756/3504/627 1755/3503/628 5475/4717/621 5474/4716/620
f 1755/3503/628 1754/3502/494 5476/4720/624 5475/4717/621
f 1754/3502/494 470/3485/495 2044/4725/496 5476/4720/624
f 5476/4720/624 2044/4725/496 2043/4726/497 5479/4721/486
f 5479/4721/486 2043/4726/497 2042/4727/498 5482/4724/626
f 5482/4724/626 2042/4727/498 531/4728/499 1940/4729/500
f 5481/4722/487 5482/4724/626 1940/4729/500 1941/4730/501
f 5480/4723/625 5481/4722/487 1941/4730/501 1942/4731/502
f 2053/4439/612 5480/4723/625 1942/4731/502 532/4440/613
f 2052/4438/611 5477/4719/623 5480/4723/625 2053/4439/612
f 2051/4437/610 5474/4716/620 5477/4719/623 2052/4438/611
f 5483/4732/1164 5484/4733/1165 5487/4734/1166 5486/4735/1167
f 5484/4733/1165 5485/4736/1168 5488/4737/1169 5487/4734/1166
f 5486/4735/1167 5487/4734/1166 5490/4738/1170 5489/4739/1171
f 5487/4734/1166 5488/4737/1169 5491/4740/1172 5490/4738/1170
f 610/4741/1173 2482/4742/1174 5483/4732/1164 2804/4743/1175
f 2482/4742/1174 2481/4744/1176 5484/4733/1165 5483/4732/1164
f 2481/4744/1176 2480/4745/1177 5485/4736/1168 5484/4733/1165
f 2480/4745/1177 547/2863/653 2261/4713/540 5485/4736/1168
f 5485/4736/1168 2261/4713/540 2262/4715/550 5488/4737/1169
f 5488/4737/1169 2262/4715/550 2263/4714/548 5491/4740/1172
f 5491/4740/1172 2263/4714/548 587/4128/549 2600/4746/1178
f 5490/4738/1170 5491/4740/1172 2600/4746/1178 2601/4747/1179
f 5489/4739/1171 5490/4738/1170 2601/4747/1179 2602/4748/1180
f 2806/4749/1181 5489/4739/1171 2602/4748/1180 650/4750/1182
f 2805/4751/1183 5486/4735/1167 5489/4739/1171 2806/4749/1181
f 2804/4743/1175 5483/4732/1164 5486/4735/1167 2805/4751/1183
f 5492/4752/1184 5493/4753/1185 5496/4754/1186 5495/4755/1187
f 5493/4753/1185 5494/4756/1188 5497/4757/1189 5496/4754/1186
f 5495/4755/1187 5496/4754/1186 5499/4758/1190 5498/4759/1191
f 5496/4754/1186 5497/4757/1189 5500/4760/1192 5499/4758/1190
f 432/4329/1008 2138/4761/1193 5492/4752/1184 2021/4330/1009
f 2138/4761/1193 2139/4762/1194 5493/4753/1185 5492/4752/1184
f 2139/4762/1194 2140/4763/1195 5494/4756/1188 5493/4753/1185
f 2140/4763/1195 560/4764/1196 2264/4765/1197 5494/4756/1188
f 5494/4756/1188 2264/4765/1197 2265/4766/1198 5497/4757/1189
f 5497/4757/1189 2265/4766/1198 2266/4767/1199 5500/4760/1192
f 5500/4760/1192 2266/4767/1199 600/4010/935 2260/4008/933
f 5499/4758/1190 5500/4760/1192 2260/4008/933 2259/4007/932
f 5498/4759/1191 5499/4758/1190 2259/4007/932 2258/4006/931
f 2023/4332/1011 5498/4759/1191 2258/4006/931 498/4005/930
f 2022/4331/1010 5495/4755/1187 5498/4759/1191 2023/4332/1011
f 2021/4330/1009 5492/4752/1184 5495/4755/1187 2022/4331/1010
f 5501/4768/1200 5502/4769/1201 5505/4770/1202 5504/4771/1203
f 5502/4769/1201 5503/4772/1204 5506/4773/1205 5505/4770/1202
f 5504/4771/1203 5505/4770/1202 5508/4774/1206 5507/4775/1207
f 5505/4770/1202 5506/4773/1205 5509/4776/1208 5508/4774/1206
f 418/2854/644 2096/2853/643 5501/4768/1200 2033/4379/1041
f 2096/2853/643 2097/2852/642 5502/4769/1201 5501/4768/1200
f 2097/2852/642 2098/2850/640 5503/4772/1204 5502/4769/1201
f 2098/2850/640 546/2849/639 2267/4777/1209 5503/4772/1204
f 5503/4772/1204 2267/4777/1209 2268/4778/1210 5506/4773/1205
f 5506/4773/1205 2268/4778/1210 2269/4779/1211 5509/4776/1208
f 5509/4776/1208 2269/4779/1211 586/4167/965 2218/4165/963
f 5508/4774/1206 5509/4776/1208 2218/4165/963 2217/4164/962
f 5507/4775/1207 5508/4774/1206 2217/4164/962 2216/4163/961
f 2035/4381/1043 5507/4775/1207 2216/4163/961 512/4162/960
f 2034/4380/1042 5504/4771/1203 5507/4775/1207 2035/4381/1043
f 2033/4379/1041 5501/4768/1200 5504/4771/1203 2034/4380/1042
f 5510/4780/1164 5511/4781/1165 5514/4782/1166 5513/4783/1167
f 5511/4781/1165 5512/4784/1168 5515/4785/1169 5514/4782/1166
f 5513/4783/1167 5514/4782/1166 5517/4786/1170 5516/4787/1171
f 5514/4782/1166 5515/4785/1169 5518/4788/1172 5517/4786/1170
f 622/4789/1212 2518/4790/1213 5510/4780/1164 2801/4791/1175
f 2518/4790/1213 2517/4792/1214 5511/4781/1165 5510/4780/1164
f 2517/4792/1214 2516/4793/1215 5512/4784/1168 5511/4781/1165
f 2516/4793/1215 559/2579/529 2270/4630/540 5512/4784/1168
f 5512/4784/1168 2270/4630/540 2271/4632/550 5515/4785/1169
f 5515/4785/1169 2271/4632/550 2272/4631/548 5518/4788/1172
f 5518/4788/1172 2272/4631/548 599/3996/549 2636/4794/1178
f 5517/4786/1170 5518/4788/1172 2636/4794/1178 2637/4795/1216
f 5516/4787/1171 5517/4786/1170 2637/4795/1216 2638/4796/1180
f 2803/4797/1181 5516/4787/1171 2638/4796/1180 662/4798/1182
f 2802/4799/1183 5513/4783/1167 5516/4787/1171 2803/4797/1181
f 2801/4791/1175 5510/4780/1164 5513/4783/1167 2802/4799/1183
f 5519/4800/1217 5520/4801/1218 5523/4802/1219 5522/4803/1220
f 5520/4801/1218 5521/4804/1221 5524/4805/1222 5523/4802/1219
f 5522/4803/1220 5523/4802/1219 5526/4806/1223 5525/4807/1224
f 5523/4802/1219 5524/4805/1222 5527/4808/1225 5526/4806/1223
f 608/4809/1226 2476/4810/1227 5519/4800/1217 2798/4811/1228
f 2476/4810/1227 2475/4812/1229 5520/4801/1218 5519/4800/1217
f 2475/4812/1229 2474/4813/1230 5521/4804/1221 5520/4801/1218
f 2474/4813/1230 545/2907/679 2273/4587/1098 5521/4804/1221
f 5521/4804/1221 2273/4587/1098 2274/4589/1100 5524/4805/1222
f 5524/4805/1222 2274/4589/1100 2275/4588/1099 5527/4808/1225
f 5527/4808/1225 2275/4588/1099 585/4153/951 2594/4814/1231
f 5526/4806/1223 5527/4808/1225 2594/4814/1231 2595/4815/1232
f 5525/4807/1224 5526/4806/1223 2595/4815/1232 2596/4816/1233
f 2800/4817/1234 5525/4807/1224 2596/4816/1233 648/4818/1235
f 2799/4819/1236 5522/4803/1220 5525/4807/1224 2800/4817/1234
f 2798/4811/1228 5519/4800/1217 5522/4803/1220 2799/4819/1236
f 5528/4820/1237 5529/4821/1238 5532/4822/1239 5531/4823/1240
f 5529/4821/1238 5530/4824/1241 5533/4825/1242 5532/4822/1239
f 5531/4823/1240 5532/4822/1239 5535/4826/1243 5534/4827/1244
f 5532/4822/1239 5533/4825/1242 5536/4828/1245 5535/4826/1243
f 430/2570/520 2132/2569/519 5528/4820/1237 2057/4460/563
f 2132/2569/519 2133/2568/518 5529/4821/1238 5528/4820/1237
f 2133/2568/518 2134/2566/516 5530/4824/1241 5529/4821/1238
f 2134/2566/516 558/2565/515 2276/4829/1246 5530/4824/1241
f 5530/4824/1241 2276/4829/1246 2277/4830/1247 5533/4825/1242
f 5533/4825/1242 2277/4830/1247 2278/4831/1248 5536/4828/1245
f 5536/4828/1245 2278/4831/1248 598/4035/940 2254/4033/939
f 5535/4826/1243 5536/4828/1245 2254/4033/939 2253/4032/938
f 5534/4827/1244 5535/4826/1243 2253/4032/938 2252/4031/937
f 2059/4462/565 5534/4827/1244 2252/4031/937 500/4030/566
f 2058/4461/564 5531/4823/1240 5534/4827/1244 2059/4462/565
f 2057/4460/563 5528/4820/1237 5531/4823/1240 2058/4461/564
f 5537/4832/1249 5538/4833/1250 5541/4834/1251 5540/4835/1252
f 5538/4833/1250 5539/4836/1253 5542/4837/1254 5541/4834/1251
f 5540/4835/1252 5541/4834/1251 5544/4838/1255 5543/4839/1256
f 5541/4834/1251 5542/4837/1254 5545/4840/1257 5544/4838/1255
f 416/2898/670 2090/2897/669 5537/4832/1249 2066/4508/1065
f 2090/2897/669 2091/2896/668 5538/4833/1250 5537/4832/1249
f 2091/2896/668 2092/2894/666 5539/4836/1253 5538/4833/1250
f 2092/2894/666 544/2893/665 2279/4841/1258 5539/4836/1253
f 5539/4836/1253 2279/4841/1258 2280/4842/1259 5542/4837/1254
f 5542/4837/1254 2280/4842/1259 2281/4843/1260 5545/4840/1257
f 5545/4840/1257 2281/4843/1260 584/4192/990 2212/4190/988
f 5544/4838/1255 5545/4840/1257 2212/4190/988 2211/4189/987
f 5543/4839/1256 5544/4838/1255 2211/4189/987 2210/4188/986
f 2068/4510/1067 5543/4839/1256 2210/4188/986 514/4187/985
f 2067/4509/1066 5540/4835/1252 5543/4839/1256 2068/4510/1067
f 2066/4508/1065 5537/4832/1249 5540/4835/1252 2067/4509/1066
f 5546/4844/1164 5547/4845/1165 5550/4846/1166 5549/4847/1167
f 5547/4845/1165 5548/4848/1168 5551/4849/1169 5550/4846/1166
f 5549/4847/1167 5550/4846/1166 5553/4850/1170 5552/4851/1171
f 5550/4846/1166 5551/4849/1169 5554/4852/1172 5553/4850/1170
f 620/4853/1212 2512/4854/1213 5546/4844/1164 2795/4855/1175
f 2512/4854/1213 2511/4856/1214 5547/4845/1165 5546/4844/1164
f 2511/4856/1214 2510/4857/1215 5548/4848/1168 5547/4845/1165
f 2510/4857/1215 557/2629/529 2282/4520/540 5548/4848/1168
f 5548/4848/1168 2282/4520/540 2283/4522/550 5551/4849/1169
f 5551/4849/1169 2283/4522/550 2284/4521/548 5554/4852/1172
f 5554/4852/1172 2284/4521/548 597/4021/549 2630/4858/1178
f 5553/4850/1170 5554/4852/1172 2630/4858/1178 2631/4859/1179
f 5552/4851/1171 5553/4850/1170 2631/4859/1179 2632/4860/1180
f 2797/4861/1181 5552/4851/1171 2632/4860/1180 660/4862/1182
f 2796/4863/1183 5549/4847/1167 5552/4851/1171 2797/4861/1181
f 2795/4855/1175 5546/4844/1164 5549/4847/1167 2796/4863/1183
f 5555/4864/1164 5556/4865/1165 5559/4866/1166 5558/4867/1167
f 5556/4865/1165 5557/4868/1168 5560/4869/1169 5559/4866/1166
f 5558/4867/1167 5559/4866/1166 5562/4870/1170 5561/4871/1171
f 5559/4866/1166 5560/4869/1169 5563/4872/1172 5562/4870/1170
f 606/4873/1212 2470/4874/1213 5555/4864/1164 2792/4875/1175
f 2470/4874/1213 2469/4876/1214 5556/4865/1165 5555/4864/1164
f 2469/4876/1214 2468/4877/1215 5557/4868/1168 5556/4865/1165
f 2468/4877/1215 543/2957/529 2285/4474/540 5557/4868/1168
f 5557/4868/1168 2285/4474/540 2286/4479/550 5560/4869/1169
f 5560/4869/1169 2286/4479/550 2287/4478/548 5563/4872/1172
f 5563/4872/1172 2287/4478/548 583/4178/976 2588/4878/1261
f 5562/4870/1170 5563/4872/1172 2588/4878/1261 2589/4879/1262
f 5561/4871/1171 5562/4870/1170 2589/4879/1262 2590/4880/1263
f 2794/4881/1181 5561/4871/1171 2590/4880/1263 646/4882/1264
f 2793/4883/1183 5558/4867/1167 5561/4871/1171 2794/4881/1181
f 2792/4875/1175 5555/4864/1164 5558/4867/1167 2793/4883/1183
f 5564/4884/1237 5565/4885/1238 5568/4886/1265 5567/4887/1240
f 5565/4885/1238 5566/4888/1241 5569/4889/1242 5568/4886/1265
f 5567/4887/1240 5568/4886/1265 5571/4890/1243 5570/4891/1244
f 5568/4886/1265 5569/4889/1242 5572/4892/1245 5571/4890/1243
f 428/2620/520 2126/2619/519 5564/4884/1237 2056/4575/563
f 2126/2619/519 2127/2618/518 5565/4885/1238 5564/4884/1237
f 2127/2618/518 2128/2616/516 5566/4888/1241 5565/4885/1238
f 2128/2616/516 556/2615/515 2288/4893/1246 5566/4888/1241
f 5566/4888/1241 2288/4893/1246 2289/4894/1247 5569/4889/1242
f 5569/4889/1242 2289/4894/1247 2290/4895/1248 5572/4892/1245
f 5572/4892/1245 2290/4895/1248 596/4060/940 2248/4058/939
f 5571/4890/1243 5572/4892/1245 2248/4058/939 2247/4057/938
f 5570/4891/1244 5571/4890/1243 2247/4057/938 2246/4056/937
f 2054/4577/565 5570/4891/1244 2246/4056/937 502/4055/566
f 2055/4576/564 5567/4887/1240 5570/4891/1244 2054/4577/565
f 2056/4575/563 5564/4884/1237 5567/4887/1240 2055/4576/564
f 5573/4896/1237 5574/4897/1238 5577/4898/1265 5576/4899/1240
f 5574/4897/1238 5575/4900/1241 5578/4901/1242 5577/4898/1265
f 5576/4899/1240 5577/4898/1265 5580/4902/1243 5579/4903/1244
f 5577/4898/1265 5578/4901/1242 5581/4904/1245 5580/4902/1243
f 414/2948/520 2084/2947/519 5573/4896/1237 2050/4618/1109
f 2084/2947/519 2085/2946/518 5574/4897/1238 5573/4896/1237
f 2085/2946/518 2086/2944/516 5575/4900/1241 5574/4897/1238
f 2086/2944/516 542/2943/515 2291/4905/1246 5575/4900/1241
f 5575/4900/1241 2291/4905/1246 2292/4906/1247 5578/4901/1242
f 5578/4901/1242 2292/4906/1247 2293/4907/1248 5581/4904/1245
f 5581/4904/1245 2293/4907/1248 582/4217/940 2206/4215/939
f 5580/4902/1243 5581/4904/1245 2206/4215/939 2205/4214/938
f 5579/4903/1244 5580/4902/1243 2205/4214/938 2204/4213/937
f 2048/4620/565 5579/4903/1244 2204/4213/937 516/4212/566
f 2049/4619/1110 5576/4899/1240 5579/4903/1244 2048/4620/565
f 2050/4618/1109 5573/4896/1237 5576/4899/1240 2049/4619/1110
f 5582/4908/1164 5583/4909/1165 5586/4910/1166 5585/4911/1167
f 5583/4909/1165 5584/4912/1168 5587/4913/1169 5586/4910/1166
f 5585/4911/1167 5586/4910/1166 5589/4914/1170 5588/4915/1171
f 5586/4910/1166 5587/4913/1169 5590/4916/1172 5589/4914/1170
f 618/4917/1212 2506/4918/1213 5582/4908/1164 2789/4919/1175
f 2506/4918/1213 2505/4920/1214 5583/4909/1165 5582/4908/1164
f 2505/4920/1214 2504/4921/1215 5584/4912/1168 5583/4909/1165
f 2504/4921/1215 555/2679/529 2294/4393/540 5584/4912/1168
f 5584/4912/1168 2294/4393/540 2295/4398/550 5587/4913/1169
f 5587/4913/1169 2295/4398/550 2296/4397/548 5590/4916/1172
f 5590/4916/1172 2296/4397/548 595/4046/549 2624/4922/1178
f 5589/4914/1170 5590/4916/1172 2624/4922/1178 2625/4923/1179
f 5588/4915/1171 5589/4914/1170 2625/4923/1179 2626/4924/1180
f 2791/4925/1181 5588/4915/1171 2626/4924/1180 658/4926/1182
f 2790/4927/1183 5585/4911/1167 5588/4915/1171 2791/4925/1181
f 2789/4919/1175 5582/4908/1164 5585/4911/1167 2790/4927/1183
f 5591/4928/1266 5592/4929/1267 5595/4930/1268 5594/4931/1269
f 5592/4929/1267 5593/4932/1270 5596/4933/1271 5595/4930/1268
f 5594/4931/1269 5595/4930/1268 5598/4934/1272 5597/4935/1273
f 5595/4930/1268 5596/4933/1271 5599/4936/1274 5598/4934/1272
f 604/4937/1275 2464/4938/1276 5591/4928/1266 2786/4939/1277
f 2464/4938/1276 2463/4940/1278 5592/4929/1267 5591/4928/1266
f 2463/4940/1278 2462/4941/1279 5593/4932/1270 5592/4929/1267
f 2462/4941/1279 541/3007/731 2297/4344/1022 5593/4932/1270
f 5593/4932/1270 2297/4344/1022 2298/4349/1027 5596/4933/1271
f 5596/4933/1271 2298/4349/1027 2299/4348/1026 5599/4936/1274
f 5599/4936/1274 2299/4348/1026 581/4203/992 2582/4942/1280
f 5598/4934/1272 5599/4936/1274 2582/4942/1280 2583/4943/1281
f 5597/4935/1273 5598/4934/1272 2583/4943/1281 2584/4944/1282
f 2788/4945/1283 5597/4935/1273 2584/4944/1282 644/4946/1284
f 2787/4947/1285 5594/4931/1269 5597/4935/1273 2788/4945/1283
f 2786/4939/1277 5591/4928/1266 5594/4931/1269 2787/4947/1285
f 5600/4948/1237 5601/4949/1238 5604/4950/1265 5603/4951/1240
f 5601/4949/1238 5602/4952/1241 5605/4953/1242 5604/4950/1265
f 5603/4951/1240 5604/4950/1265 5607/4954/1243 5606/4955/1244
f 5604/4950/1265 5605/4953/1242 5608/4956/1245 5607/4954/1243
f 426/2670/520 2120/2669/519 5600/4948/1237 2020/4701/563
f 2120/2669/519 2121/2668/518 5601/4949/1238 5600/4948/1237
f 2121/2668/518 2122/2666/516 5602/4952/1241 5601/4949/1238
f 2122/2666/516 554/2665/515 2300/4957/1246 5602/4952/1241
f 5602/4952/1241 2300/4957/1246 2301/4958/1247 5605/4953/1242
f 5605/4953/1242 2301/4958/1247 2302/4959/1248 5608/4956/1245
f 5608/4956/1245 2302/4959/1248 594/4085/940 2242/4083/939
f 5607/4954/1243 5608/4956/1245 2242/4083/939 2241/4082/938
f 5606/4955/1244 5607/4954/1243 2241/4082/938 2240/4081/937
f 2018/4703/565 5606/4955/1244 2240/4081/937 504/4080/566
f 2019/4702/564 5603/4951/1240 5606/4955/1244 2018/4703/565
f 2020/4701/563 5600/4948/1237 5603/4951/1240 2019/4702/564
f 5609/4960/1164 5610/4961/1165 5613/4962/1166 5612/4963/1167
f 5610/4961/1165 5611/4964/1168 5614/4965/1169 5613/4962/1166
f 5612/4963/1167 5613/4962/1166 5616/4966/1170 5615/4967/1171
f 5613/4962/1166 5614/4965/1169 5617/4968/1172 5616/4966/1170
f 616/4969/1212 2500/4970/1213 5609/4960/1164 2783/4971/1175
f 2500/4970/1213 2499/4972/1214 5610/4961/1165 5609/4960/1164
f 2499/4972/1214 2498/4973/1215 5611/4964/1168 5610/4961/1165
f 2498/4973/1215 553/2729/529 2303/4286/540 5611/4964/1168
f 5611/4964/1168 2303/4286/540 2304/4291/550 5614/4965/1169
f 5614/4965/1169 2304/4291/550 2305/4290/548 5617/4968/1172
f 5617/4968/1172 2305/4290/548 593/4071/549 2618/4974/1178
f 5616/4966/1170 5617/4968/1172 2618/4974/1178 2619/4975/1179
f 5615/4967/1171 5616/4966/1170 2619/4975/1179 2620/4976/1180
f 2785/4977/1181 5615/4967/1171 2620/4976/1180 656/4978/1182
f 2784/4979/1183 5612/4963/1167 5615/4967/1171 2785/4977/1181
f 2783/4971/1175 5609/4960/1164 5612/4963/1167 2784/4979/1183
f 5618/4980/1237 5619/4981/1238 5622/4982/1239 5621/4983/1240
f 5619/4981/1238 5620/4984/1241 5623/4985/1242 5622/4982/1239
f 5621/4983/1240 5622/4982/1239 5625/4986/1243 5624/4987/1244
f 5622/4982/1239 5623/4985/1242 5626/4988/1245 5625/4986/1243
f 424/2720/520 2114/2719/519 5618/4980/1237 1961/2877/563
f 2114/2719/519 2115/2718/518 5619/4981/1238 5618/4980/1237
f 2115/2718/518 2116/2716/516 5620/4984/1241 5619/4981/1238
f 2116/2716/516 552/2715/515 2306/4989/1246 5620/4984/1241
f 5620/4984/1241 2306/4989/1246 2307/4990/1247 5623/4985/1242
f 5623/4985/1242 2307/4990/1247 2308/4991/1248 5626/4988/1245
f 5626/4988/1245 2308/4991/1248 592/4101/940 2236/4099/939
f 5625/4986/1243 5626/4988/1245 2236/4099/939 2235/4098/938
f 5624/4987/1244 5625/4986/1243 2235/4098/938 2234/4097/937
f 1963/2879/565 5624/4987/1244 2234/4097/937 506/2880/566
f 1962/2878/564 5621/4983/1240 5624/4987/1244 1963/2879/565
f 1961/2877/563 5618/4980/1237 5621/4983/1240 1962/2878/564
f 5627/4992/1286 5628/4993/1287 5631/4994/1288 5630/4995/1289
f 5628/4993/1287 5629/4996/1290 5632/4997/871 5631/4994/1288
f 5630/4995/1289 5631/4994/1288 5634/4998/1291 5633/4999/1292
f 5631/4994/1288 5632/4997/871 5635/5000/1293 5634/4998/1291
f 644/4946/1284 2584/4944/1282 5627/4992/1286 2780/5001/1294
f 2584/4944/1282 2583/4943/1281 5628/4993/1287 5627/4992/1286
f 2583/4943/1281 2582/4942/1280 5629/4996/1290 5628/4993/1287
f 2582/4942/1280 581/4203/992 2309/4205/927 5629/4996/1290
f 5629/4996/1290 2309/4205/927 2310/4218/936 5632/4997/871
f 5632/4997/871 2310/4218/936 2311/4216/934 5635/5000/1293
f 5635/5000/1293 2311/4216/934 582/4217/940 2585/5002/1295
f 5634/4998/1291 5635/5000/1293 2585/5002/1295 2586/5003/1296
f 5633/4999/1292 5634/4998/1291 2586/5003/1296 2587/5004/1297
f 2782/5005/1298 5633/4999/1292 2587/5004/1297 645/4421/618
f 2781/5006/1299 5630/4995/1289 5633/4999/1292 2782/5005/1298
f 2780/5001/1294 5627/4992/1286 5630/4995/1289 2781/5006/1299
f 5636/5007/1300 5637/5008/1301 5640/5009/1302 5639/5010/1303
f 5637/5008/1301 5638/5011/1304 5641/5012/1305 5640/5009/1302
f 5639/5010/1303 5640/5009/1302 5643/5013/1306 5642/5014/1307
f 5640/5009/1302 5641/5012/1305 5644/5015/1308 5643/5013/1306
f 646/4882/1264 2590/4880/1263 5636/5007/1300 2777/5016/1309
f 2590/4880/1263 2589/4879/1262 5637/5008/1301 5636/5007/1300
f 2589/4879/1262 2588/4878/1261 5638/5011/1304 5637/5008/1301
f 2588/4878/1261 583/4178/976 2312/4180/978 5638/5011/1304
f 5638/5011/1304 2312/4180/978 2313/4193/991 5641/5012/1305
f 5641/5012/1305 2313/4193/991 2314/4191/989 5644/5015/1308
f 5644/5015/1308 2314/4191/989 584/4192/990 2591/5017/1310
f 5643/5013/1306 5644/5015/1308 2591/5017/1310 2592/5018/1311
f 5642/5014/1307 5643/5013/1306 2592/5018/1311 2593/5019/1312
f 2779/5020/1313 5642/5014/1307 2593/5019/1312 647/4541/1086
f 2778/5021/1314 5639/5010/1303 5642/5014/1307 2779/5020/1313
f 2777/5016/1309 5636/5007/1300 5639/5010/1303 2778/5021/1314
f 5645/5022/1315 5646/5023/1316 5649/5024/1317 5648/5025/1318
f 5646/5023/1316 5647/5026/1319 5650/5027/1320 5649/5024/1317
f 5648/5025/1318 5649/5024/1317 5652/5028/1321 5651/5029/1322
f 5649/5024/1317 5650/5027/1320 5653/5030/1323 5652/5028/1321
f 648/4818/1235 2596/4816/1233 5645/5022/1315 2774/5031/1324
f 2596/4816/1233 2595/4815/1232 5646/5023/1316 5645/5022/1315
f 2595/4815/1232 2594/4814/1231 5647/5026/1319 5646/5023/1316
f 2594/4814/1231 585/4153/951 2315/4155/953 5647/5026/1319
f 5647/5026/1319 2315/4155/953 2316/4168/966 5650/5027/1320
f 5650/5027/1320 2316/4168/966 2317/4166/964 5653/5030/1323
f 5653/5030/1323 2317/4166/964 586/4167/965 2597/5032/1325
f 5652/5028/1321 5653/5030/1323 2597/5032/1325 2598/5033/1325
f 5651/5029/1322 5652/5028/1321 2598/5033/1325 2599/5034/1325
f 2776/5035/1326 5651/5029/1322 2599/5034/1325 649/4651/1129
f 2775/5036/1327 5648/5025/1318 5651/5029/1322 2776/5035/1326
f 2774/5031/1324 5645/5022/1315 5648/5025/1318 2775/5036/1327
f 5654/5037/1286 5655/5038/1287 5658/5039/1288 5657/5040/1289
f 5655/5038/1287 5656/5041/1290 5659/5042/871 5658/5039/1288
f 5657/5040/1289 5658/5039/1288 5661/5043/1291 5660/5044/1292
f 5658/5039/1288 5659/5042/871 5662/5045/1293 5661/5043/1291
f 650/4750/1182 2602/4748/1180 5654/5037/1286 2771/5046/1294
f 2602/4748/1180 2601/4747/1179 5655/5038/1287 5654/5037/1286
f 2601/4747/1179 2600/4746/1178 5656/5041/1290 5655/5038/1287
f 2600/4746/1178 587/4128/549 2318/4130/927 5656/5041/1290
f 5656/5041/1290 2318/4130/927 2319/4143/936 5659/5042/871
f 5659/5042/871 2319/4143/936 2320/4141/934 5662/5045/1293
f 5662/5045/1293 2320/4141/934 588/4142/940 2603/5047/1295
f 5661/5043/1291 5662/5045/1293 2603/5047/1295 2604/5048/1296
f 5660/5044/1292 5661/5043/1291 2604/5048/1296 2605/5049/1297
f 2773/5050/1298 5660/5044/1292 2605/5049/1297 651/2982/618
f 2772/5051/1299 5657/5040/1289 5660/5044/1292 2773/5050/1298
f 2771/5046/1294 5654/5037/1286 5657/5040/1289 2772/5051/1299
f 5663/5052/1286 5664/5053/1287 5667/5054/1288 5666/5055/1289
f 5664/5053/1287 5665/5056/1290 5668/5057/871 5667/5054/1288
f 5666/5055/1289 5667/5054/1288 5670/5058/1291 5669/5059/1292
f 5667/5054/1288 5668/5057/871 5671/5060/1293 5670/5058/1291
f 652/5061/1182 2608/5062/1180 5663/5052/1286 2768/5063/1294
f 2608/5062/1180 2607/5064/1179 5664/5053/1287 5663/5052/1286
f 2607/5064/1179 2606/5065/1178 5665/5056/1290 5664/5053/1287
f 2606/5065/1178 589/2838/549 2321/4112/927 5665/5056/1290
f 5665/5056/1290 2321/4112/927 2322/4118/936 5668/5057/871
f 5668/5057/871 2322/4118/936 2323/4116/934 5671/5060/1293
f 5671/5060/1293 2323/4116/934 590/4117/940 2609/5066/1295
f 5670/5058/1291 5671/5060/1293 2609/5066/1295 2610/5067/1296
f 5669/5059/1292 5670/5058/1291 2610/5067/1296 2611/5068/1297
f 2770/5069/1298 5669/5059/1292 2611/5068/1297 653/2754/618
f 2769/5070/1299 5666/5055/1289 5669/5059/1292 2770/5069/1298
f 2768/5063/1294 5663/5052/1286 5666/5055/1289 2769/5070/1299
f 5672/5071/1286 5673/5072/1287 5676/5073/1288 5675/5074/1289
f 5673/5072/1287 5674/5075/1328 5677/5076/871 5676/5073/1288
f 5675/5074/1289 5676/5073/1288 5679/5077/1291 5678/5078/1292
f 5676/5073/1288 5677/5076/871 5680/5079/1293 5679/5077/1291
f 654/5080/1182 2614/5081/1180 5672/5071/1286 2765/5082/1294
f 2614/5081/1180 2613/5083/1179 5673/5072/1287 5672/5071/1286
f 2613/5083/1179 2612/5084/1178 5674/5075/1328 5673/5072/1287
f 2612/5084/1178 591/2604/549 2324/4096/927 5674/5075/1328
f 5674/5075/1328 2324/4096/927 2325/4102/936 5677/5076/871
f 5677/5076/871 2325/4102/936 2326/4100/934 5680/5079/1293
f 5680/5079/1293 2326/4100/934 592/4101/940 2615/5085/1295
f 5679/5077/1291 5680/5079/1293 2615/5085/1295 2616/5086/1296
f 5678/5078/1292 5679/5077/1291 2616/5086/1296 2617/5087/1297
f 2767/5088/1298 5678/5078/1292 2617/5087/1297 655/4241/618
f 2766/5089/1299 5675/5074/1289 5678/5078/1292 2767/5088/1298
f 2765/5082/1294 5672/5071/1286 5675/5074/1289 2766/5089/1299
f 5681/5090/1286 5682/5091/1287 5685/5092/1288 5684/5093/1289
f 5682/5091/1287 5683/5094/1290 5686/5095/871 5685/5092/1288
f 5684/5093/1289 5685/5092/1288 5688/5096/1291 5687/5097/1292
f 5685/5092/1288 5686/5095/871 5689/5098/1293 5688/5096/1291
f 656/4978/1182 2620/4976/1180 5681/5090/1286 2762/5099/1294
f 2620/4976/1180 2619/4975/1179 5682/5091/1287 5681/5090/1286
f 2619/4975/1179 2618/4974/1178 5683/5094/1290 5682/5091/1287
f 2618/4974/1178 593/4071/549 2327/4073/927 5683/5094/1290
f 5683/5094/1290 2327/4073/927 2328/4086/936 5686/5095/871
f 5686/5095/871 2328/4086/936 2329/4084/934 5689/5098/1293
f 5689/5098/1293 2329/4084/934 594/4085/940 2621/5100/1295
f 5688/5096/1291 5689/5098/1293 2621/5100/1295 2622/5101/1296
f 5687/5097/1292 5688/5096/1291 2622/5101/1296 2623/5102/1297
f 2764/5103/1298 5687/5097/1292 2623/5102/1297 657/4314/618
f 2763/5104/1299 5684/5093/1289 5687/5097/1292 2764/5103/1298
f 2762/5099/1294 5681/5090/1286 5684/5093/1289 2763/5104/1299
f 5690/5105/1286 5691/5106/1287 5694/5107/1288 5693/5108/1289
f 5691/5106/1287 5692/5109/1290 5695/5110/871 5694/5107/1288
f 5693/5108/1289 5694/5107/1288 5697/5111/1291 5696/5112/1292
f 5694/5107/1288 5695/5110/871 5698/5113/1293 5697/5111/1291
f 658/4926/1182 2626/4924/1180 5690/5105/1286 2759/5114/1294
f 2626/4924/1180 2625/4923/1179 5691/5106/1287 5690/5105/1286
f 2625/4923/1179 2624/4922/1178 5692/5109/1290 5691/5106/1287
f 2624/4922/1178 595/4046/549 2330/4048/927 5692/5109/1290
f 5692/5109/1290 2330/4048/927 2331/4061/936 5695/5110/871
f 5695/5110/871 2331/4061/936 2332/4059/934 5698/5113/1293
f 5698/5113/1293 2332/4059/934 596/4060/940 2627/5115/1295
f 5697/5111/1291 5698/5113/1293 2627/5115/1295 2628/5116/1296
f 5696/5112/1292 5697/5111/1291 2628/5116/1296 2629/5117/1297
f 2761/5118/1298 5696/5112/1292 2629/5117/1297 659/4445/618
f 2760/5119/1299 5693/5108/1289 5696/5112/1292 2761/5118/1298
f 2759/5114/1294 5690/5105/1286 5693/5108/1289 2760/5119/1299
f 5699/5120/1286 5700/5121/1287 5703/5122/1288 5702/5123/1289
f 5700/5121/1287 5701/5124/1290 5704/5125/871 5703/5122/1288
f 5702/5123/1289 5703/5122/1288 5706/5126/1291 5705/5127/1292
f 5703/5122/1288 5704/5125/871 5707/5128/1329 5706/5126/1291
f 660/4862/1182 2632/4860/1180 5699/5120/1286 2756/5129/1294
f 2632/4860/1180 2631/4859/1179 5700/5121/1287 5699/5120/1286
f 2631/4859/1179 2630/4858/1178 5701/5124/1290 5700/5121/1287
f 2630/4858/1178 597/4021/549 2333/4023/927 5701/5124/1290
f 5701/5124/1290 2333/4023/927 2334/4036/936 5704/5125/871
f 5704/5125/871 2334/4036/936 2335/4034/934 5707/5128/1329
f 5707/5128/1329 2335/4034/934 598/4035/940 2633/5130/1295
f 5706/5126/1291 5707/5128/1329 2633/5130/1295 2634/5131/1296
f 5705/5127/1292 5706/5126/1291 2634/5131/1296 2635/5132/1297
f 2758/5133/1298 5705/5127/1292 2635/5132/1297 661/4561/618
f 2757/5134/1299 5702/5123/1289 5705/5127/1292 2758/5133/1298
f 2756/5129/1294 5699/5120/1286 5702/5123/1289 2757/5134/1299
f 5708/5135/1286 5709/5136/1287 5712/5137/1288 5711/5138/1289
f 5709/5136/1287 5710/5139/1328 5713/5140/871 5712/5137/1288
f 5711/5138/1289 5712/5137/1288 5715/5141/1291 5714/5142/1292
f 5712/5137/1288 5713/5140/871 5716/5143/1293 5715/5141/1291
f 662/4798/1182 2638/4796/1180 5708/5135/1286 2753/5144/1294
f 2638/4796/1180 2637/4795/1216 5709/5136/1287 5708/5135/1286
f 2637/4795/1216 2636/4794/1178 5710/5139/1328 5709/5136/1287
f 2636/4794/1178 599/3996/549 2336/3998/927 5710/5139/1328
f 5710/5139/1328 2336/3998/927 2337/4011/936 5713/5140/871
f 5713/5140/871 2337/4011/936 2338/4009/934 5716/5143/1293
f 5716/5143/1293 2338/4009/934 600/4010/935 2639/5145/1330
f 5715/5141/1291 5716/5143/1293 2639/5145/1330 2640/5146/1331
f 5714/5142/1292 5715/5141/1291 2640/5146/1331 2641/5147/1332
f 2755/5148/1298 5714/5142/1292 2641/5147/1332 663/4671/1149
f 2754/5149/1299 5711/5138/1289 5714/5142/1292 2755/5148/1298
f 2753/5144/1294 5708/5135/1286 5711/5138/1289 2754/5149/1299
f 5717/5150/751 5718/5151/751 5721/5152/752 5720/5153/752
f 5718/5151/751 5719/5154/751 5722/5155/752 5721/5152/752
f 5720/5153/752 5721/5152/752 5724/5156/753 5723/5157/753
f 5721/5152/752 5722/5155/752 5725/5158/753 5724/5156/753
f 664/5159/741 2069/5160/741 5717/5150/751 2750/5161/751
f 2069/5160/741 2070/5162/741 5718/5151/751 5717/5150/751
f 2070/5162/741 2071/5163/741 5719/5154/751 5718/5151/751
f 2071/5163/741 537/3088/741 2339/3090/751 5719/5154/751
f 5719/5154/751 2339/3090/751 2340/3103/752 5722/5155/752
f 5722/5155/752 2340/3103/752 2341/3101/753 5725/5158/753
f 5725/5158/753 2341/3101/753 538/3102/754 2453/5164/754
f 5724/5156/753 5725/5158/753 2453/5164/754 2454/5165/754
f 5723/5157/753 5724/5156/753 2454/5165/754 2455/5166/754
f 2752/5167/753 5723/5157/753 2455/5166/754 601/5168/754
f 2751/5169/752 5720/5153/752 5723/5157/753 2752/5167/753
f 2750/5161/751 5717/5150/751 5720/5153/752 2751/5169/752
f 5726/5170/747 5727/5171/747 5730/5172/748 5729/5173/748
f 5727/5171/747 5728/5174/747 5731/5175/748 5730/5172/748
f 5729/5173/748 5730/5172/748 5733/5176/749 5732/5177/749
f 5730/5172/748 5731/5175/748 5734/5178/749 5733/5176/749
f 676/5179/750 2884/5180/750 5726/5170/747 2747/5181/747
f 2884/5180/750 2883/5182/750 5727/5171/747 5726/5170/747
f 2883/5182/750 2882/5183/750 5728/5174/747 5727/5171/747
f 2882/5183/750 673/3068/750 2342/3070/747 5728/5174/747
f 5728/5174/747 2342/3070/747 2343/3078/748 5731/5175/748
f 5731/5175/748 2343/3078/748 2344/3077/749 5734/5178/749
f 5734/5178/749 2344/3077/749 539/3043/745 2456/5184/745
f 5733/5176/749 5734/5178/749 2456/5184/745 2457/5185/745
f 5732/5177/749 5733/5176/749 2457/5185/745 2458/5186/745
f 2749/5187/749 5732/5177/749 2458/5186/745 602/5188/745
f 2748/5189/748 5729/5173/748 5732/5177/749 2749/5187/749
f 2747/5181/747 5726/5170/747 5729/5173/748 2748/5189/748
f 5735/5190/742 5736/5191/742 5739/5192/743 5738/5193/743
f 5736/5191/742 5737/5194/742 5740/5195/743 5739/5192/743
f 5738/5193/743 5739/5192/743 5742/5196/744 5741/5197/744
f 5739/5192/743 5740/5195/743 5743/5198/744 5742/5196/744
f 602/5188/745 2458/5186/745 5735/5190/742 2744/5199/742
f 2458/5186/745 2457/5185/745 5736/5191/742 5735/5190/742
f 2457/5185/745 2456/5184/745 5737/5194/742 5736/5191/742
f 2456/5184/745 539/3043/745 2345/3045/742 5737/5194/742
f 5737/5194/742 2345/3045/742 2346/3058/743 5740/5195/743
f 5740/5195/743 2346/3058/743 2347/3056/744 5743/5198/744
f 5743/5198/744 2347/3056/744 540/3057/746 2459/5200/746
f 5742/5196/744 5743/5198/744 2459/5200/746 2460/5201/746
f 5741/5197/744 5742/5196/744 2460/5201/746 2461/5202/746
f 2746/5203/744 5741/5197/744 2461/5202/746 603/5204/746
f 2745/5205/743 5738/5193/743 5741/5197/744 2746/5203/744
f 2744/5199/742 5735/5190/742 5738/5193/743 2745/5205/743
f 5744/5206/733 5745/5207/733 5748/5208/734 5747/5209/734
f 5745/5207/733 5746/5210/733 5749/5211/734 5748/5208/734
f 5747/5209/734 5748/5208/734 5751/5212/735 5750/5213/735
f 5748/5208/734 5749/5211/734 5752/5214/735 5751/5212/735
f 688/5215/736 2956/5216/1333 5744/5206/733 2741/5217/733
f 2956/5216/1333 2955/5218/1334 5745/5207/733 5744/5206/733
f 2955/5218/1334 2954/5219/1333 5746/5210/733 5745/5207/733
f 2954/5219/1333 685/3018/736 2348/3020/733 5746/5210/733
f 5746/5210/733 2348/3020/733 2349/3033/734 5749/5211/734
f 5749/5211/734 2349/3033/734 2350/3031/735 5752/5214/735
f 5752/5214/735 2350/3031/735 537/3032/741 2071/5220/741
f 5751/5212/735 5752/5214/735 2071/5220/741 2070/5221/741
f 5750/5213/735 5751/5212/735 2070/5221/741 2069/5222/741
f 2743/5223/735 5750/5213/735 2069/5222/741 664/5224/741
f 2742/5225/734 5747/5209/734 5750/5213/735 2743/5223/735
f 2741/5217/733 5744/5206/733 5747/5209/734 2742/5225/734
f 5753/5226/1335 5754/5227/1336 5757/5228/1337 5756/5229/1338
f 5754/5227/1336 5755/5230/1339 5758/5231/1340 5757/5228/1337
f 5756/5229/1338 5757/5228/1337 5760/5232/1341 5759/5233/1342
f 5757/5228/1337 5758/5231/1340 5761/5234/1343 5760/5232/1341
f 675/5235/717 2881/5236/1344 5753/5226/1335 2738/5237/1345
f 2881/5236/1344 2880/5238/1346 5754/5227/1336 5753/5226/1335
f 2880/5238/1346 2879/5239/1344 5755/5230/1339 5754/5227/1336
f 2879/5239/1344 674/2993/717 2351/2995/719 5755/5230/1339
f 5755/5230/1339 2351/2995/719 2352/3008/732 5758/5231/1340
f 5758/5231/1340 2352/3008/732 2353/3006/730 5761/5234/1343
f 5761/5234/1343 2353/3006/730 541/3007/731 2462/4941/1279
f 5760/5232/1341 5761/5234/1343 2462/4941/1279 2463/4940/1278
f 5759/5233/1342 5760/5232/1341 2463/4940/1278 2464/4938/1276
f 2740/5240/1347 5759/5233/1342 2464/4938/1276 604/4937/1275
f 2739/5241/1348 5756/5229/1338 5759/5233/1342 2740/5240/1347
f 2738/5237/1345 5753/5226/1335 5756/5229/1338 2739/5241/1348
f 5762/5242/1237 5763/5243/1238 5766/5244/1265 5765/5245/1240
f 5763/5243/1238 5764/5246/1241 5767/5247/1242 5766/5244/1265
f 5765/5245/1240 5766/5244/1265 5769/5248/1243 5768/5249/1244
f 5766/5244/1265 5767/5247/1242 5770/5250/1245 5769/5248/1243
f 420/2814/520 2102/2813/519 5762/5242/1237 1954/4272/563
f 2102/2813/519 2103/2812/518 5763/5243/1238 5762/5242/1237
f 2103/2812/518 2104/2810/516 5764/5246/1241 5763/5243/1238
f 2104/2810/516 548/2809/515 2354/5251/1246 5764/5246/1241
f 5764/5246/1241 2354/5251/1246 2355/5252/1247 5767/5247/1242
f 5767/5247/1242 2355/5252/1247 2356/5253/1248 5770/5250/1245
f 5770/5250/1245 2356/5253/1248 588/4142/940 2224/4140/939
f 5769/5248/1243 5770/5250/1245 2224/4140/939 2223/4139/938
f 5768/5249/1244 5769/5248/1243 2223/4139/938 2222/4138/937
f 1952/4274/565 5768/5249/1244 2222/4138/937 510/4137/941
f 1953/4273/564 5765/5245/1240 5768/5249/1244 1952/4274/565
f 1954/4272/563 5762/5242/1237 5765/5245/1240 1953/4273/564
f 5771/5254/1349 5772/5255/1291 5775/5256/1288 5774/5257/1350
f 5772/5255/1291 5773/5258/1351 5776/5259/1352 5775/5256/1288
f 5774/5257/1350 5775/5256/1288 5778/5260/1287 5777/5261/1353
f 5775/5256/1288 5776/5259/1352 5779/5262/1354 5778/5260/1287
f 605/4408/604 2467/5263/1355 5771/5254/1349 2735/5264/1356
f 2467/5263/1355 2466/5265/1357 5772/5255/1291 5771/5254/1349
f 2466/5265/1357 2465/5266/1358 5773/5258/1351 5772/5255/1291
f 2465/5266/1358 542/2943/515 2357/2945/517 5773/5258/1351
f 5773/5258/1351 2357/2945/517 2358/2958/530 5776/5259/1352
f 5776/5259/1352 2358/2958/530 2359/2956/528 5779/5262/1354
f 5779/5262/1354 2359/2956/528 543/2957/529 2468/4877/1215
f 5778/5260/1287 5779/5262/1354 2468/4877/1215 2469/4876/1214
f 5777/5261/1353 5778/5260/1287 2469/4876/1214 2470/4874/1213
f 2737/5267/1359 5777/5261/1353 2470/4874/1213 606/4873/1212
f 2736/5268/1360 5774/5257/1350 5777/5261/1353 2737/5267/1359
f 2735/5264/1356 5771/5254/1349 5774/5257/1350 2736/5268/1360
f 5780/5269/1361 5781/5270/1321 5784/5271/1317 5783/5272/1362
f 5781/5270/1321 5782/5273/1363 5785/5274/1364 5784/5271/1317
f 5783/5272/1362 5784/5271/1317 5787/5275/1316 5786/5276/1365
f 5784/5271/1317 5785/5274/1364 5788/5277/1366 5787/5275/1316
f 607/4532/1077 2473/5278/1367 5780/5269/1361 2732/5279/1368
f 2473/5278/1367 2472/5280/1369 5781/5270/1321 5780/5269/1361
f 2472/5280/1369 2471/5281/1370 5782/5273/1363 5781/5270/1321
f 2471/5281/1370 544/2893/665 2360/2895/667 5782/5273/1363
f 5782/5273/1363 2360/2895/667 2361/2908/680 5785/5274/1364
f 5785/5274/1364 2361/2908/680 2362/2906/678 5788/5277/1366
f 5788/5277/1366 2362/2906/678 545/2907/679 2474/4813/1230
f 5787/5275/1316 5788/5277/1366 2474/4813/1230 2475/4812/1229
f 5786/5276/1365 5787/5275/1316 2475/4812/1229 2476/4810/1227
f 2734/5282/1371 5786/5276/1365 2476/4810/1227 608/4809/1226
f 2733/5283/1372 5783/5272/1362 5786/5276/1365 2734/5282/1371
f 2732/5279/1368 5780/5269/1361 5783/5272/1362 2733/5283/1372
f 5789/5284/1373 5790/5285/1306 5793/5286/1302 5792/5287/1374
f 5790/5285/1306 5791/5288/1375 5794/5289/1376 5793/5286/1302
f 5792/5287/1374 5793/5286/1302 5796/5290/1377 5795/5291/1378
f 5793/5286/1302 5794/5289/1376 5797/5292/1379 5796/5290/1377
f 609/4642/1120 2479/5293/1380 5789/5284/1373 2729/5294/1381
f 2479/5293/1380 2478/5295/1311 5790/5285/1306 5789/5284/1373
f 2478/5295/1311 2477/5296/1380 5791/5288/1375 5790/5285/1306
f 2477/5296/1380 546/2849/639 2363/2851/641 5791/5288/1375
f 5791/5288/1375 2363/2851/641 2364/2864/654 5794/5289/1376
f 5794/5289/1376 2364/2864/654 2365/2862/652 5797/5292/1379
f 5797/5292/1379 2365/2862/652 547/2863/653 2480/4745/1177
f 5796/5290/1377 5797/5292/1379 2480/4745/1177 2481/4744/1176
f 5795/5291/1378 5796/5290/1377 2481/4744/1176 2482/4742/1174
f 2731/5297/1382 5795/5291/1378 2482/4742/1174 610/4741/1173
f 2730/5298/1383 5792/5287/1374 5795/5291/1378 2731/5297/1382
f 2729/5294/1381 5789/5284/1373 5792/5287/1374 2730/5298/1383
f 5798/5299/1164 5799/5300/1165 5802/5301/1166 5801/5302/1167
f 5799/5300/1165 5800/5303/1168 5803/5304/1169 5802/5301/1166
f 5801/5302/1167 5802/5301/1166 5805/5305/1170 5804/5306/1171
f 5802/5301/1166 5803/5304/1169 5806/5307/1172 5805/5305/1170
f 612/5308/1212 2488/5309/1213 5798/5299/1164 2726/5310/1175
f 2488/5309/1213 2487/5311/1214 5799/5300/1165 5798/5299/1164
f 2487/5311/1214 2486/5312/1215 5800/5303/1168 5799/5300/1165
f 2486/5312/1215 549/2822/529 2366/2833/540 5800/5303/1168
f 5800/5303/1168 2366/2833/540 2367/2839/550 5803/5304/1169
f 5803/5304/1169 2367/2839/550 2368/2837/548 5806/5307/1172
f 5806/5307/1172 2368/2837/548 589/2838/549 2606/5065/1178
f 5805/5305/1170 5806/5307/1172 2606/5065/1178 2607/5064/1179
f 5804/5306/1171 5805/5305/1170 2607/5064/1179 2608/5062/1180
f 2728/5313/1181 5804/5306/1171 2608/5062/1180 652/5061/1182
f 2727/5314/1183 5801/5302/1167 5804/5306/1171 2728/5313/1181
f 2726/5310/1175 5798/5299/1164 5801/5302/1167 2727/5314/1183
f 5807/5315/1349 5808/5316/1291 5811/5317/1288 5810/5318/1350
f 5808/5316/1291 5809/5319/1351 5812/5320/1352 5811/5317/1288
f 5810/5318/1350 5811/5317/1288 5814/5321/1287 5813/5322/1353
f 5811/5317/1288 5812/5320/1352 5815/5323/1354 5814/5321/1287
f 611/2968/604 2485/5324/1355 5807/5315/1349 2723/5325/1356
f 2485/5324/1355 2484/5326/1357 5808/5316/1291 5807/5315/1349
f 2484/5326/1357 2483/5327/1358 5809/5319/1351 5808/5316/1291
f 2483/5327/1358 548/2809/515 2369/2811/517 5809/5319/1351
f 5809/5319/1351 2369/2811/517 2370/2823/530 5812/5320/1352
f 5812/5320/1352 2370/2823/530 2371/2821/528 5815/5323/1354
f 5815/5323/1354 2371/2821/528 549/2822/529 2486/5312/1215
f 5814/5321/1287 5815/5323/1354 2486/5312/1215 2487/5311/1214
f 5813/5322/1353 5814/5321/1287 2487/5311/1214 2488/5309/1213
f 2725/5328/1359 5813/5322/1353 2488/5309/1213 612/5308/1212
f 2724/5329/1360 5810/5318/1350 5813/5322/1353 2725/5328/1359
f 2723/5325/1356 5807/5315/1349 5810/5318/1350 2724/5329/1360
f 5816/5330/1349 5817/5331/1291 5820/5332/1288 5819/5333/1350
f 5817/5331/1291 5818/5334/1351 5821/5335/1352 5820/5332/1288
f 5819/5333/1350 5820/5332/1288 5823/5336/1287 5822/5337/1353
f 5820/5332/1288 5821/5335/1352 5824/5338/1354 5823/5336/1287
f 613/2740/604 2491/5339/1355 5816/5330/1349 2720/5340/1356
f 2491/5339/1355 2490/5341/1357 5817/5331/1291 5816/5330/1349
f 2490/5341/1357 2489/5342/1358 5818/5334/1351 5817/5331/1291
f 2489/5342/1358 550/2765/515 2372/2767/517 5818/5334/1351
f 5818/5334/1351 2372/2767/517 2373/2774/530 5821/5335/1352
f 5821/5335/1352 2373/2774/530 2374/2773/528 5824/5338/1354
f 5824/5338/1354 2374/2773/528 551/2590/529 2492/5343/1215
f 5823/5336/1287 5824/5338/1354 2492/5343/1215 2493/5344/1214
f 5822/5337/1353 5823/5336/1287 2493/5344/1214 2494/5345/1213
f 2722/5346/1359 5822/5337/1353 2494/5345/1213 614/5347/1212
f 2721/5348/1360 5819/5333/1350 5822/5337/1353 2722/5346/1359
f 2720/5340/1356 5816/5330/1349 5819/5333/1350 2721/5348/1360
f 5825/5349/1237 5826/5350/1238 5829/5351/1239 5828/5352/1240
f 5826/5350/1238 5827/5353/1241 5830/5354/1242 5829/5351/1239
f 5828/5352/1240 5829/5351/1239 5832/5355/1243 5831/5356/1244
f 5829/5351/1239 5830/5354/1242 5833/5357/1245 5832/5355/1243
f 422/2645/520 2108/2769/519 5825/5349/1237 1984/2646/563
f 2108/2769/519 2109/2768/518 5826/5350/1238 5825/5349/1237
f 2109/2768/518 2110/2766/516 5827/5353/1241 5826/5350/1238
f 2110/2766/516 550/2765/515 2375/5358/1246 5827/5353/1241
f 5827/5353/1241 2375/5358/1246 2376/5359/1247 5830/5354/1242
f 5830/5354/1242 2376/5359/1247 2377/5360/1248 5833/5357/1245
f 5833/5357/1245 2377/5360/1248 590/4117/940 2230/4115/939
f 5832/5355/1243 5833/5357/1245 2230/4115/939 2229/4114/938
f 5831/5356/1244 5832/5355/1243 2229/4114/938 2228/4113/937
f 1982/2648/565 5831/5356/1244 2228/4113/937 508/2649/566
f 1983/2647/564 5828/5352/1240 5831/5356/1244 1982/2648/565
f 1984/2646/563 5825/5349/1237 5828/5352/1240 1983/2647/564
f 5834/5361/1349 5835/5362/1291 5838/5363/1288 5837/5364/1350
f 5835/5362/1291 5836/5365/1351 5839/5366/1352 5838/5363/1288
f 5837/5364/1350 5838/5363/1288 5841/5367/1287 5840/5368/1353
f 5838/5363/1288 5839/5366/1352 5842/5369/1354 5841/5367/1287
f 615/4228/604 2497/5370/1355 5834/5361/1349 2717/5371/1356
f 2497/5370/1355 2496/5372/1357 5835/5362/1291 5834/5361/1349
f 2496/5372/1357 2495/5373/1358 5836/5365/1351 5835/5362/1291
f 2495/5373/1358 552/2715/515 2378/2717/517 5836/5365/1351
f 5836/5365/1351 2378/2717/517 2379/2730/530 5839/5366/1352
f 5839/5366/1352 2379/2730/530 2380/2728/528 5842/5369/1354
f 5842/5369/1354 2380/2728/528 553/2729/529 2498/4973/1215
f 5841/5367/1287 5842/5369/1354 2498/4973/1215 2499/4972/1214
f 5840/5368/1353 5841/5367/1287 2499/4972/1214 2500/4970/1213
f 2719/5374/1359 5840/5368/1353 2500/4970/1213 616/4969/1212
f 2718/5375/1360 5837/5364/1350 5840/5368/1353 2719/5374/1359
f 2717/5371/1356 5834/5361/1349 5837/5364/1350 2718/5375/1360
f 5843/5376/1349 5844/5377/1291 5847/5378/1288 5846/5379/1350
f 5844/5377/1291 5845/5380/1351 5848/5381/1352 5847/5378/1288
f 5846/5379/1350 5847/5378/1288 5850/5382/1287 5849/5383/1353
f 5847/5378/1288 5848/5381/1352 5851/5384/1354 5850/5382/1287
f 617/4301/604 2503/5385/1355 5843/5376/1349 2714/5386/1356
f 2503/5385/1355 2502/5387/1357 5844/5377/1291 5843/5376/1349
f 2502/5387/1357 2501/5388/1358 5845/5380/1351 5844/5377/1291
f 2501/5388/1358 554/2665/515 2381/2667/517 5845/5380/1351
f 5845/5380/1351 2381/2667/517 2382/2680/530 5848/5381/1352
f 5848/5381/1352 2382/2680/530 2383/2678/528 5851/5384/1354
f 5851/5384/1354 2383/2678/528 555/2679/529 2504/4921/1215
f 5850/5382/1287 5851/5384/1354 2504/4921/1215 2505/4920/1214
f 5849/5383/1353 5850/5382/1287 2505/4920/1214 2506/4918/1213
f 2716/5389/1359 5849/5383/1353 2506/4918/1213 618/4917/1212
f 2715/5390/1360 5846/5379/1350 5849/5383/1353 2716/5389/1359
f 2714/5386/1356 5843/5376/1349 5846/5379/1350 2715/5390/1360
f 5852/5391/1349 5853/5392/1291 5856/5393/1288 5855/5394/1350
f 5853/5392/1291 5854/5395/1351 5857/5396/1352 5856/5393/1288
f 5855/5394/1350 5856/5393/1288 5859/5397/1287 5858/5398/1353
f 5856/5393/1288 5857/5396/1352 5860/5399/1354 5859/5397/1287
f 619/4432/604 2509/5400/1355 5852/5391/1349 2711/5401/1356
f 2509/5400/1355 2508/5402/1357 5853/5392/1291 5852/5391/1349
f 2508/5402/1357 2507/5403/1358 5854/5395/1351 5853/5392/1291
f 2507/5403/1358 556/2615/515 2384/2617/517 5854/5395/1351
f 5854/5395/1351 2384/2617/517 2385/2630/530 5857/5396/1352
f 5857/5396/1352 2385/2630/530 2386/2628/528 5860/5399/1354
f 5860/5399/1354 2386/2628/528 557/2629/529 2510/4857/1215
f 5859/5397/1287 5860/5399/1354 2510/4857/1215 2511/4856/1214
f 5858/5398/1353 5859/5397/1287 2511/4856/1214 2512/4854/1213
f 2713/5404/1359 5858/5398/1353 2512/4854/1213 620/4853/1212
f 2712/5405/1360 5855/5394/1350 5858/5398/1353 2713/5404/1359
f 2711/5401/1356 5852/5391/1349 5855/5394/1350 2712/5405/1360
f 5861/5406/1164 5862/5407/1165 5865/5408/1166 5864/5409/1167
f 5862/5407/1165 5863/5410/1168 5866/5411/1169 5865/5408/1166
f 5864/5409/1167 5865/5408/1166 5868/5412/1170 5867/5413/1171
f 5865/5408/1166 5866/5411/1169 5869/5414/1172 5868/5412/1170
f 614/5347/1212 2494/5345/1213 5861/5406/1164 2708/5415/1175
f 2494/5345/1213 2493/5344/1214 5862/5407/1165 5861/5406/1164
f 2493/5344/1214 2492/5343/1215 5863/5410/1168 5862/5407/1165
f 2492/5343/1215 551/2590/529 2387/2592/540 5863/5410/1168
f 5863/5410/1168 2387/2592/540 2388/2605/550 5866/5411/1169
f 5866/5411/1169 2388/2605/550 2389/2603/548 5869/5414/1172
f 5869/5414/1172 2389/2603/548 591/2604/549 2612/5084/1178
f 5868/5412/1170 5869/5414/1172 2612/5084/1178 2613/5083/1179
f 5867/5413/1171 5868/5412/1170 2613/5083/1179 2614/5081/1180
f 2710/5416/1181 5867/5413/1171 2614/5081/1180 654/5080/1182
f 2709/5417/1183 5864/5409/1167 5867/5413/1171 2710/5416/1181
f 2708/5415/1175 5861/5406/1164 5864/5409/1167 2709/5417/1183
f 5870/5418/1349 5871/5419/1291 5874/5420/1288 5873/5421/1350
f 5871/5419/1291 5872/5422/1351 5875/5423/1352 5874/5420/1288
f 5873/5421/1350 5874/5420/1288 5877/5424/1287 5876/5425/1353
f 5874/5420/1288 5875/5423/1352 5878/5426/1354 5877/5424/1287
f 621/4552/604 2515/5427/1355 5870/5418/1349 2705/5428/1356
f 2515/5427/1355 2514/5429/1357 5871/5419/1291 5870/5418/1349
f 2514/5429/1357 2513/5430/1358 5872/5422/1351 5871/5419/1291
f 2513/5430/1358 558/2565/515 2390/2567/517 5872/5422/1351
f 5872/5422/1351 2390/2567/517 2391/2580/530 5875/5423/1352
f 5875/5423/1352 2391/2580/530 2392/2578/528 5878/5426/1354
f 5878/5426/1354 2392/2578/528 559/2579/529 2516/4793/1215
f 5877/5424/1287 5878/5426/1354 2516/4793/1215 2517/4792/1214
f 5876/5425/1353 5877/5424/1287 2517/4792/1214 2518/4790/1213
f 2707/5431/1359 5876/5425/1353 2518/4790/1213 622/4789/1212
f 2706/5432/1360 5873/5421/1350 5876/5425/1353 2707/5431/1359
f 2705/5428/1356 5870/5418/1349 5873/5421/1350 2706/5432/1360
f 5879/5433/479 5880/5434/479 5883/5435/479 5882/5436/479
f 5880/5434/479 5881/5437/479 5884/5438/479 5883/5435/479
f 5882/5436/479 5883/5435/479 5886/5439/479 5885/5440/479
f 5883/5435/479 5884/5438/479 5887/5441/479 5886/5439/479
f 687/5442/480 2953/5443/480 5879/5433/479 2702/5444/479
f 2953/5443/480 2952/5445/480 5880/5434/479 5879/5433/479
f 2952/5445/480 2951/5446/480 5881/5437/479 5880/5434/479
f 2951/5446/480 686/2520/480 2393/2522/479 5881/5437/479
f 5881/5437/479 2393/2522/479 2394/2530/479 5884/5438/479
f 5884/5438/479 2394/2530/479 2395/2529/479 5887/5441/479
f 5887/5441/479 2395/2529/479 561/2500/479 2522/5447/479
f 5886/5439/479 5887/5441/479 2522/5447/479 2523/5448/479
f 5885/5440/479 5886/5439/479 2523/5448/479 2524/5449/479
f 2704/5450/479 5885/5440/479 2524/5449/479 624/5451/479
f 2703/5452/479 5882/5436/479 5885/5440/479 2704/5450/479
f 2702/5444/479 5879/5433/479 5882/5436/479 2703/5452/479
f 5888/5453/479 5889/5454/479 5892/5455/479 5891/5456/479
f 5889/5454/479 5890/5457/479 5893/5458/479 5892/5455/479
f 5891/5456/479 5892/5455/479 5895/5459/479 5894/5460/479
f 5892/5455/479 5893/5458/479 5896/5461/479 5895/5459/479
f 624/5451/479 2524/5449/479 5888/5453/479 2699/5462/479
f 2524/5449/479 2523/5448/479 5889/5454/479 5888/5453/479
f 2523/5448/479 2522/5447/479 5890/5457/479 5889/5454/479
f 2522/5447/479 561/2500/479 2396/2502/479 5890/5457/479
f 5890/5457/479 2396/2502/479 2397/2510/479 5893/5458/479
f 5893/5458/479 2397/2510/479 2398/2509/479 5896/5461/479
f 5896/5461/479 2398/2509/479 562/2480/479 2525/5463/479
f 5895/5459/479 5896/5461/479 2525/5463/479 2526/5464/479
f 5894/5460/479 5895/5459/479 2526/5464/479 2527/5465/479
f 2701/5466/479 5894/5460/479 2527/5465/479 625/5467/479
f 2700/5468/479 5891/5456/479 5894/5460/479 2701/5466/479
f 2699/5462/479 5888/5453/479 5891/5456/479 2700/5468/479
f 5897/5469/479 5898/5470/479 5901/5471/479 5900/5472/479
f 5898/5470/479 5899/5473/479 5902/5474/479 5901/5471/479
f 5900/5472/479 5901/5471/479 5904/5475/479 5903/5476/479
f 5901/5471/479 5902/5474/479 5905/5477/479 5904/5475/479
f 625/5467/479 2527/5465/479 5897/5469/479 2696/5478/479
f 2527/5465/479 2526/5464/479 5898/5470/479 5897/5469/479
f 2526/5464/479 2525/5463/479 5899/5473/479 5898/5470/479
f 2525/5463/479 562/2480/479 2399/2482/479 5899/5473/479
f 5899/5473/479 2399/2482/479 2400/2490/479 5902/5474/479
f 5902/5474/479 2400/2490/479 2401/2489/479 5905/5477/479
f 5905/5477/479 2401/2489/479 563/2460/479 2528/5479/479
f 5904/5475/479 5905/5477/479 2528/5479/479 2529/5480/479
f 5903/5476/479 5904/5475/479 2529/5480/479 2530/5481/479
f 2698/5482/479 5903/5476/479 2530/5481/479 626/5483/479
f 2697/5484/479 5900/5472/479 5903/5476/479 2698/5482/479
f 2696/5478/479 5897/5469/479 5900/5472/479 2697/5484/479
f 5906/5485/479 5907/5486/479 5910/5487/479 5909/5488/479
f 5907/5486/479 5908/5489/479 5911/5490/479 5910/5487/479
f 5909/5488/479 5910/5487/479 5913/5491/479 5912/5492/479
f 5910/5487/479 5911/5490/479 5914/5493/479 5913/5491/479
f 626/5483/479 2530/5481/479 5906/5485/479 2693/5494/479
f 2530/5481/479 2529/5480/479 5907/5486/479 5906/5485/479
f 2529/5480/479 2528/5479/479 5908/5489/479 5907/5486/479
f 2528/5479/479 563/2460/479 2402/2462/479 5908/5489/479
f 5908/5489/479 2402/2462/479 2403/2470/479 5911/5490/479
f 5911/5490/479 2403/2470/479 2404/2469/479 5914/5493/479
f 5914/5493/479 2404/2469/479 564/2440/479 2531/5495/479
f 5913/5491/479 5914/5493/479 2531/5495/479 2532/5496/479
f 5912/5492/479 5913/5491/479 2532/5496/479 2533/5497/479
f 2695/5498/479 5912/5492/479 2533/5497/479 627/5499/479
f 2694/5500/479 5909/5488/479 5912/5492/479 2695/5498/479
f 2693/5494/479 5906/5485/479 5909/5488/479 2694/5500/479
f 5915/5501/479 5916/5502/479 5919/5503/479 5918/5504/479
f 5916/5502/479 5917/5505/479 5920/5506/479 5919/5503/479
f 5918/5504/479 5919/5503/479 5922/5507/479 5921/5508/479
f 5919/5503/479 5920/5506/479 5923/5509/479 5922/5507/479
f 627/5499/479 2533/5497/479 5915/5501/479 2690/5510/479
f 2533/5497/479 2532/5496/479 5916/5502/479 5915/5501/479
f 2532/5496/479 2531/5495/479 5917/5505/479 5916/5502/479
f 2531/5495/479 564/2440/479 2405/2442/479 5917/5505/479
f 5917/5505/479 2405/2442/479 2406/2450/479 5920/5506/479
f 5920/5506/479 2406/2450/479 2407/2449/479 5923/5509/479
f 5923/5509/479 2407/2449/479 565/2420/479 2534/5511/479
f 5922/5507/479 5923/5509/479 2534/5511/479 2535/5512/479
f 5921/5508/479 5922/5507/479 2535/5512/479 2536/5513/479
f 2692/5514/479 5921/5508/479 2536/5513/479 628/5515/479
f 2691/5516/479 5918/5504/479 5921/5508/479 2692/5514/479
f 2690/5510/479 5915/5501/479 5918/5504/479 2691/5516/479
f 5924/5517/479 5925/5518/479 5928/5519/479 5927/5520/479
f 5925/5518/479 5926/5521/479 5929/5522/479 5928/5519/479
f 5927/5520/479 5928/5519/479 5931/5523/479 5930/5524/479
f 5928/5519/479 5929/5522/479 5932/5525/479 5931/5523/479
f 628/5515/479 2536/5513/479 5924/5517/479 2687/5526/479
f 2536/5513/479 2535/5512/479 5925/5518/479 5924/5517/479
f 2535/5512/479 2534/5511/479 5926/5521/479 5925/5518/479
f 2534/5511/479 565/2420/479 2408/2422/479 5926/5521/479
f 5926/5521/479 2408/2422/479 2409/2430/479 5929/5522/479
f 5929/5522/479 2409/2430/479 2410/2429/479 5932/5525/479
f 5932/5525/479 2410/2429/479 566/2400/479 2537/5527/479
f 5931/5523/479 5932/5525/479 2537/5527/479 2538/5528/479
f 5930/5524/479 5931/5523/479 2538/5528/479 2539/5529/479
f 2689/5530/479 5930/5524/479 2539/5529/479 629/5531/479
f 2688/5532/479 5927/5520/479 5930/5524/479 2689/5530/479
f 2687/5526/479 5924/5517/479 5927/5520/479 2688/5532/479
f 5933/5533/479 5934/5534/479 5937/5535/479 5936/5536/479
f 5934/5534/479 5935/5537/479 5938/5538/479 5937/5535/479
f 5936/5536/479 5937/5535/479 5940/5539/479 5939/5540/479
f 5937/5535/479 5938/5538/479 5941/5541/479 5940/5539/479
f 629/5531/479 2539/5529/479 5933/5533/479 2684/5542/479
f 2539/5529/479 2538/5528/479 5934/5534/479 5933/5533/479
f 2538/5528/479 2537/5527/479 5935/5537/479 5934/5534/479
f 2537/5527/479 566/2400/479 2411/2402/479 5935/5537/479
f 5935/5537/479 2411/2402/479 2412/2410/479 5938/5538/479
f 5938/5538/479 2412/2410/479 2413/2409/479 5941/5541/479
f 5941/5541/479 2413/2409/479 567/2380/479 2540/5543/479
f 5940/5539/479 5941/5541/479 2540/5543/479 2541/5544/479
f 5939/5540/479 5940/5539/479 2541/5544/479 2542/5545/479
f 2686/5546/479 5939/5540/479 2542/5545/479 630/5547/479
f 2685/5548/479 5936/5536/479 5939/5540/479 2686/5546/479
f 2684/5542/479 5933/5533/479 5936/5536/479 2685/5548/479
f 5942/5549/479 5943/5550/479 5946/5551/479 5945/5552/479
f 5943/5550/479 5944/5553/479 5947/5554/479 5946/5551/479
f 5945/5552/479 5946/5551/479 5949/5555/479 5948/5556/479
f 5946/5551/479 5947/5554/479 5950/5557/479 5949/5555/479
f 630/5547/479 2542/5545/479 5942/5549/479 2681/5558/479
f 2542/5545/479 2541/5544/479 5943/5550/479 5942/5549/479
f 2541/5544/479 2540/5543/479 5944/5553/479 5943/5550/479
f 2540/5543/479 567/2380/479 2414/2382/479 5944/5553/479
f 5944/5553/479 2414/2382/479 2415/2390/479 5947/5554/479
f 5947/5554/479 2415/2390/479 2416/2389/479 5950/5557/479
f 5950/5557/479 2416/2389/479 568/2360/479 2543/5559/479
f 5949/5555/479 5950/5557/479 2543/5559/479 2544/5560/479
f 5948/5556/479 5949/5555/479 2544/5560/479 2545/5561/479
f 2683/5562/479 5948/5556/479 2545/5561/479 631/5563/479
f 2682/5564/479 5945/5552/479 5948/5556/479 2683/5562/479
f 2681/5558/479 5942/5549/479 5945/5552/479 2682/5564/479
f 5951/5565/479 5952/5566/479 5955/5567/479 5954/5568/479
f 5952/5566/479 5953/5569/479 5956/5570/479 5955/5567/479
f 5954/5568/479 5955/5567/479 5958/5571/479 5957/5572/479
f 5955/5567/479 5956/5570/479 5959/5573/479 5958/5571/479
f 631/5563/479 2545/5561/479 5951/5565/479 2678/5574/479
f 2545/5561/479 2544/5560/479 5952/5566/479 5951/5565/479
f 2544/5560/479 2543/5559/479 5953/5569/479 5952/5566/479
f 2543/5559/479 568/2360/479 2417/2362/479 5953/5569/479
f 5953/5569/479 2417/2362/479 2418/2370/479 5956/5570/479
f 5956/5570/479 2418/2370/479 2419/2369/479 5959/5573/479
f 5959/5573/479 2419/2369/479 569/2340/479 2546/5575/479
f 5958/5571/479 5959/5573/479 2546/5575/479 2547/5576/479
f 5957/5572/479 5958/5571/479 2547/5576/479 2548/5577/479
f 2680/5578/479 5957/5572/479 2548/5577/479 632/5579/479
f 2679/5580/479 5954/5568/479 5957/5572/479 2680/5578/479
f 2678/5574/479 5951/5565/479 5954/5568/479 2679/5580/479
f 5960/5581/479 5961/5582/479 5964/5583/479 5963/5584/479
f 5961/5582/479 5962/5585/479 5965/5586/479 5964/5583/479
f 5963/5584/479 5964/5583/479 5967/5587/479 5966/5588/479
f 5964/5583/479 5965/5586/479 5968/5589/479 5967/5587/479
f 632/5579/479 2548/5577/479 5960/5581/479 2675/5590/479
f 2548/5577/479 2547/5576/479 5961/5582/479 5960/5581/479
f 2547/5576/479 2546/5575/479 5962/5585/479 5961/5582/479
f 2546/5575/479 569/2340/479 2420/2342/479 5962/5585/479
f 5962/5585/479 2420/2342/479 2421/2350/479 5965/5586/479
f 5965/5586/479 2421/2350/479 2422/2349/479 5968/5589/479
f 5968/5589/479 2422/2349/479 570/2320/479 2549/5591/479
f 5967/5587/479 5968/5589/479 2549/5591/479 2550/5592/479
f 5966/5588/479 5967/5587/479 2550/5592/479 2551/5593/479
f 2677/5594/479 5966/5588/479 2551/5593/479 633/5595/479
f 2676/5596/479 5963/5584/479 5966/5588/479 2677/5594/479
f 2675/5590/479 5960/5581/479 5963/5584/479 2676/5596/479
f 5969/5597/479 5970/5598/479 5973/5599/479 5972/5600/479
f 5970/5598/479 5971/5601/479 5974/5602/479 5973/5599/479
f 5972/5600/479 5973/5599/479 5976/5603/479 5975/5604/479
f 5973/5599/479 5974/5602/479 5977/5605/479 5976/5603/479
f 633/5595/479 2551/5593/479 5969/5597/479 2672/5606/479
f 2551/5593/479 2550/5592/479 5970/5598/479 5969/5597/479
f 2550/5592/479 2549/5591/479 5971/5601/479 5970/5598/479
f 2549/5591/479 570/2320/479 2423/2322/479 5971/5601/479
f 5971/5601/479 2423/2322/479 2424/2330/479 5974/5602/479
f 5974/5602/479 2424/2330/479 2425/2329/479 5977/5605/479
f 5977/5605/479 2425/2329/479 571/2300/479 2552/5607/479
f 5976/5603/479 5977/5605/479 2552/5607/479 2553/5608/479
f 5975/5604/479 5976/5603/479 2553/5608/479 2554/5609/479
f 2674/5610/479 5975/5604/479 2554/5609/479 634/5611/479
f 2673/5612/479 5972/5600/479 5975/5604/479 2674/5610/479
f 2672/5606/479 5969/5597/479 5972/5600/479 2673/5612/479
f 5978/5613/479 5979/5614/479 5982/5615/479 5981/5616/479
f 5979/5614/479 5980/5617/479 5983/5618/479 5982/5615/479
f 5981/5616/479 5982/5615/479 5985/5619/479 5984/5620/479
f 5982/5615/479 5983/5618/479 5986/5621/479 5985/5619/479
f 634/5611/479 2554/5609/479 5978/5613/479 2669/5622/479
f 2554/5609/479 2553/5608/479 5979/5614/479 5978/5613/479
f 2553/5608/479 2552/5607/479 5980/5617/479 5979/5614/479
f 2552/5607/479 571/2300/479 2426/2302/479 5980/5617/479
f 5980/5617/479 2426/2302/479 2427/2310/479 5983/5618/479
f 5983/5618/479 2427/2310/479 2428/2309/479 5986/5621/479
f 5986/5621/479 2428/2309/479 572/2280/479 2555/5623/479
f 5985/5619/479 5986/5621/479 2555/5623/479 2556/5624/479
f 5984/5620/479 5985/5619/479 2556/5624/479 2557/5625/479
f 2671/5626/479 5984/5620/479 2557/5625/479 635/5627/479
f 2670/5628/479 5981/5616/479 5984/5620/479 2671/5626/479
f 2669/5622/479 5978/5613/479 5981/5616/479 2670/5628/479
f 5987/5629/479 5988/5630/479 5991/5631/479 5990/5632/479
f 5988/5630/479 5989/5633/479 5992/5634/479 5991/5631/479
f 5990/5632/479 5991/5631/479 5994/5635/479 5993/5636/479
f 5991/5631/479 5992/5634/479 5995/5637/479 5994/5635/479
f 635/5627/479 2557/5625/479 5987/5629/479 2666/5638/479
f 2557/5625/479 2556/5624/479 5988/5630/479 5987/5629/479
f 2556/5624/479 2555/5623/479 5989/5633/479 5988/5630/479
f 2555/5623/479 572/2280/479 2429/2282/479 5989/5633/479
f 5989/5633/479 2429/2282/479 2430/2290/479 5992/5634/479
f 5992/5634/479 2430/2290/479 2431/2289/479 5995/5637/479
f 5995/5637/479 2431/2289/479 573/2260/479 2558/5639/479
f 5994/5635/479 5995/5637/479 2558/5639/479 2559/5640/479
f 5993/5636/479 5994/5635/479 2559/5640/479 2560/5641/479
f 2668/5642/479 5993/5636/479 2560/5641/479 636/5643/479
f 2667/5644/479 5990/5632/479 5993/5636/479 2668/5642/479
f 2666/5638/479 5987/5629/479 5990/5632/479 2667/5644/479
f 5996/5645/479 5997/5646/479 6000/5647/479 5999/5648/479
f 5997/5646/479 5998/5649/479 6001/5650/479 6000/5647/479
f 5999/5648/479 6000/5647/479 6003/5651/479 6002/5652/479
f 6000/5647/479 6001/5650/479 6004/5653/479 6003/5651/479
f 636/5643/479 2560/5641/479 5996/5645/479 2663/5654/479
f 2560/5641/479 2559/5640/479 5997/5646/479 5996/5645/479
f 2559/5640/479 2558/5639/479 5998/5649/479 5997/5646/479
f 2558/5639/479 573/2260/479 2432/2262/479 5998/5649/479
f 5998/5649/479 2432/2262/479 2433/2270/479 6001/5650/479
f 6001/5650/479 2433/2270/479 2434/2269/479 6004/5653/479
f 6004/5653/479 2434/2269/479 574/2240/479 2561/5655/479
f 6003/5651/479 6004/5653/479 2561/5655/479 2562/5656/479
f 6002/5652/479 6003/5651/479 2562/5656/479 2563/5657/479
f 2665/5658/479 6002/5652/479 2563/5657/479 637/5659/479
f 2664/5660/479 5999/5648/479 6002/5652/479 2665/5658/479
f 2663/5654/479 5996/5645/479 5999/5648/479 2664/5660/479
f 6005/5661/479 6006/5662/479 6009/5663/479 6008/5664/479
f 6006/5662/479 6007/5665/479 6010/5666/479 6009/5663/479
f 6008/5664/479 6009/5663/479 6012/5667/479 6011/5668/479
f 6009/5663/479 6010/5666/479 6013/5669/479 6012/5667/479
f 637/5659/479 2563/5657/479 6005/5661/479 2660/5670/479
f 2563/5657/479 2562/5656/479 6006/5662/479 6005/5661/479
f 2562/5656/479 2561/5655/479 6007/5665/479 6006/5662/479
f 2561/5655/479 574/2240/479 2435/2242/479 6007/5665/479
f 6007/5665/479 2435/2242/479 2436/2250/479 6010/5666/479
f 6010/5666/479 2436/2250/479 2437/2249/479 6013/5669/479
f 6013/5669/479 2437/2249/479 575/2220/479 2564/5671/479
f 6012/5667/479 6013/5669/479 2564/5671/479 2565/5672/479
f 6011/5668/479 6012/5667/479 2565/5672/479 2566/5673/479
f 2662/5674/479 6011/5668/479 2566/5673/479 638/5675/479
f 2661/5676/479 6008/5664/479 6011/5668/479 2662/5674/479
f 2660/5670/479 6005/5661/479 6008/5664/479 2661/5676/479
f 6014/5677/479 6015/5678/479 6018/5679/479 6017/5680/479
f 6015/5678/479 6016/5681/479 6019/5682/479 6018/5679/479
f 6017/5680/479 6018/5679/479 6021/5683/479 6020/5684/479
f 6018/5679/479 6019/5682/479 6022/5685/479 6021/5683/479
f 638/5675/479 2566/5673/479 6014/5677/479 2657/5686/479
f 2566/5673/479 2565/5672/479 6015/5678/479 6014/5677/479
f 2565/5672/479 2564/5671/479 6016/5681/479 6015/5678/479
f 2564/5671/479 575/2220/479 2438/2222/479 6016/5681/479
f 6016/5681/479 2438/2222/479 2439/2230/479 6019/5682/479
f 6019/5682/479 2439/2230/479 2440/2229/479 6022/5685/479
f 6022/5685/479 2440/2229/479 576/2200/479 2567/5687/479
f 6021/5683/479 6022/5685/479 2567/5687/479 2568/5688/479
f 6020/5684/479 6021/5683/479 2568/5688/479 2569/5689/479
f 2659/5690/479 6020/5684/479 2569/5689/479 639/5691/479
f 2658/5692/479 6017/5680/479 6020/5684/479 2659/5690/479
f 2657/5686/479 6014/5677/479 6017/5680/479 2658/5692/479
f 6023/5693/479 6024/5694/479 6027/5695/479 6026/5696/479
f 6024/5694/479 6025/5697/479 6028/5698/479 6027/5695/479
f 6026/5696/479 6027/5695/479 6030/5699/479 6029/5700/479
f 6027/5695/479 6028/5698/479 6031/5701/479 6030/5699/479
f 639/5691/479 2569/5689/479 6023/5693/479 2654/5702/479
f 2569/5689/479 2568/5688/479 6024/5694/479 6023/5693/479
f 2568/5688/479 2567/5687/479 6025/5697/479 6024/5694/479
f 2567/5687/479 576/2200/479 2441/2202/479 6025/5697/479
f 6025/5697/479 2441/2202/479 2442/2210/479 6028/5698/479
f 6028/5698/479 2442/2210/479 2443/2209/479 6031/5701/479
f 6031/5701/479 2443/2209/479 577/2180/479 2570/5703/479
f 6030/5699/479 6031/5701/479 2570/5703/479 2571/5704/479
f 6029/5700/479 6030/5699/479 2571/5704/479 2572/5705/479
f 2656/5706/479 6029/5700/479 2572/5705/479 640/5707/479
f 2655/5708/479 6026/5696/479 6029/5700/479 2656/5706/479
f 2654/5702/479 6023/5693/479 6026/5696/479 2655/5708/479
f 6032/5709/479 6033/5710/479 6036/5711/479 6035/5712/479
f 6033/5710/479 6034/5713/479 6037/5714/479 6036/5711/479
f 6035/5712/479 6036/5711/479 6039/5715/479 6038/5716/479
f 6036/5711/479 6037/5714/479 6040/5717/479 6039/5715/479
f 640/5707/479 2572/5705/479 6032/5709/479 2651/5718/479
f 2572/5705/479 2571/5704/479 6033/5710/479 6032/5709/479
f 2571/5704/479 2570/5703/479 6034/5713/479 6033/5710/479
f 2570/5703/479 577/2180/479 2444/2182/479 6034/5713/479
f 6034/5713/479 2444/2182/479 2445/2190/479 6037/5714/479
f 6037/5714/479 2445/2190/479 2446/2189/479 6040/5717/479
f 6040/5717/479 2446/2189/479 578/2160/479 2573/5719/479
f 6039/5715/479 6040/5717/479 2573/5719/479 2574/5720/479
f 6038/5716/479 6039/5715/479 2574/5720/479 2575/5721/479
f 2653/5722/479 6038/5716/479 2575/5721/479 641/5723/479
f 2652/5724/479 6035/5712/479 6038/5716/479 2653/5722/479
f 2651/5718/479 6032/5709/479 6035/5712/479 2652/5724/479
f 6041/5725/479 6042/5726/479 6045/5727/479 6044/5728/479
f 6042/5726/479 6043/5729/479 6046/5730/479 6045/5727/479
f 6044/5728/479 6045/5727/479 6048/5731/479 6047/5732/479
f 6045/5727/479 6046/5730/479 6049/5733/479 6048/5731/479
f 641/5723/479 2575/5721/479 6041/5725/479 2648/5734/479
f 2575/5721/479 2574/5720/479 6042/5726/479 6041/5725/479
f 2574/5720/479 2573/5719/479 6043/5729/479 6042/5726/479
f 2573/5719/479 578/2160/479 2447/2162/479 6043/5729/479
f 6043/5729/479 2447/2162/479 2448/2170/479 6046/5730/479
f 6046/5730/479 2448/2170/479 2449/2169/479 6049/5733/479
f 6049/5733/479 2449/2169/479 579/2135/479 2576/5735/479
f 6048/5731/479 6049/5733/479 2576/5735/479 2577/5736/479
f 6047/5732/479 6048/5731/479 2577/5736/479 2578/5737/479
f 2650/5738/479 6047/5732/479 2578/5737/479 642/5739/479
f 2649/5740/479 6044/5728/479 6047/5732/479 2650/5738/479
f 2648/5734/479 6041/5725/479 6044/5728/479 2649/5740/479
f 6050/5741/479 6051/5742/479 6054/5743/479 6053/5744/479
f 6051/5742/479 6052/5745/479 6055/5746/479 6054/5743/479
f 6053/5744/479 6054/5743/479 6057/5747/479 6056/5748/479
f 6054/5743/479 6055/5746/479 6058/5749/479 6057/5747/479
f 642/5739/479 2578/5737/479 6050/5741/479 2645/5750/479
f 2578/5737/479 2577/5736/479 6051/5742/479 6050/5741/479
f 2577/5736/479 2576/5735/479 6052/5745/479 6051/5742/479
f 2576/5735/479 579/2135/479 2450/2137/479 6052/5745/479
f 6052/5745/479 2450/2137/479 2451/2150/479 6055/5746/479
f 6055/5746/479 2451/2150/479 2452/2148/479 6058/5749/479
f 6058/5749/479 2452/2148/479 580/2149/479 2579/5751/479
f 6057/5747/479 6058/5749/479 2579/5751/479 2580/5752/479
f 6056/5748/479 6057/5747/479 2580/5752/479 2581/5753/479
f 2647/5754/479 6056/5748/479 2581/5753/479 643/5755/479
f 2646/5756/479 6053/5744/479 6056/5748/479 2647/5754/479
f 2645/5750/479 6050/5741/479 6053/5744/479 2646/5756/479
f 6059/5757/479 6060/5758/479 6063/5759/479 6062/5760/479
f 6060/5758/479 6061/5761/479 6064/5762/479 6063/5759/479
f 6062/5760/479 6063/5759/479 6066/5763/479 6065/5764/479
f 6063/5759/479 6064/5762/479 6067/5765/479 6066/5763/479
f 494/3960/479 1690/5766/479 6059/5757/479 1826/3977/479
f 1690/5766/479 1689/5767/479 6060/5758/479 6059/5757/479
f 1689/5767/479 1688/5768/479 6061/5761/479 6060/5758/479
f 1688/5768/479 642/5739/479 2645/5750/479 6061/5761/479
f 6061/5761/479 2645/5750/479 2646/5756/479 6064/5762/479
f 6064/5762/479 2646/5756/479 2647/5754/479 6067/5765/479
f 6067/5765/479 2647/5754/479 643/5755/479 1691/5769/479
f 6066/5763/479 6067/5765/479 1691/5769/479 1692/5770/479
f 6065/5764/479 6066/5763/479 1692/5770/479 1693/5771/479
f 1828/3979/479 6065/5764/479 1693/5771/479 495/3980/479
f 1827/3978/479 6062/5760/479 6065/5764/479 1828/3979/479
f 1826/3977/479 6059/5757/479 6062/5760/479 1827/3978/479
f 6068/5772/479 6069/5773/479 6072/5774/479 6071/5775/479
f 6069/5773/479 6070/5776/479 6073/5777/479 6072/5774/479
f 6071/5775/479 6072/5774/479 6075/5778/479 6074/5779/479
f 6072/5774/479 6073/5777/479 6076/5780/479 6075/5778/479
f 493/3940/479 1687/5781/479 6068/5772/479 1823/3957/479
f 1687/5781/479 1686/5782/479 6069/5773/479 6068/5772/479
f 1686/5782/479 1685/5783/479 6070/5776/479 6069/5773/479
f 1685/5783/479 641/5723/479 2648/5734/479 6070/5776/479
f 6070/5776/479 2648/5734/479 2649/5740/479 6073/5777/479
f 6073/5777/479 2649/5740/479 2650/5738/479 6076/5780/479
f 6076/5780/479 2650/5738/479 642/5739/479 1688/5768/479
f 6075/5778/479 6076/5780/479 1688/5768/479 1689/5767/479
f 6074/5779/479 6075/5778/479 1689/5767/479 1690/5766/479
f 1825/3959/479 6074/5779/479 1690/5766/479 494/3960/479
f 1824/3958/479 6071/5775/479 6074/5779/479 1825/3959/479
f 1823/3957/479 6068/5772/479 6071/5775/479 1824/3958/479
f 6077/5784/479 6078/5785/479 6081/5786/479 6080/5787/479
f 6078/5785/479 6079/5788/479 6082/5789/479 6081/5786/479
f 6080/5787/479 6081/5786/479 6084/5790/479 6083/5791/479
f 6081/5786/479 6082/5789/479 6085/5792/479 6084/5790/479
f 492/3920/479 1684/5793/479 6077/5784/479 1820/3937/479
f 1684/5793/479 1683/5794/479 6078/5785/479 6077/5784/479
f 1683/5794/479 1682/5795/479 6079/5788/479 6078/5785/479
f 1682/5795/479 640/5707/479 2651/5718/479 6079/5788/479
f 6079/5788/479 2651/5718/479 2652/5724/479 6082/5789/479
f 6082/5789/479 2652/5724/479 2653/5722/479 6085/5792/479
f 6085/5792/479 2653/5722/479 641/5723/479 1685/5783/479
f 6084/5790/479 6085/5792/479 1685/5783/479 1686/5782/479
f 6083/5791/479 6084/5790/479 1686/5782/479 1687/5781/479
f 1822/3939/479 6083/5791/479 1687/5781/479 493/3940/479
f 1821/3938/479 6080/5787/479 6083/5791/479 1822/3939/479
f 1820/3937/479 6077/5784/479 6080/5787/479 1821/3938/479
f 6086/5796/479 6087/5797/479 6090/5798/479 6089/5799/479
f 6087/5797/479 6088/5800/479 6091/5801/479 6090/5798/479
f 6089/5799/479 6090/5798/479 6093/5802/479 6092/5803/479
f 6090/5798/479 6091/5801/479 6094/5804/479 6093/5802/479
f 491/3900/479 1681/5805/479 6086/5796/479 1817/3917/479
f 1681/5805/479 1680/5806/479 6087/5797/479 6086/5796/479
f 1680/5806/479 1679/5807/479 6088/5800/479 6087/5797/479
f 1679/5807/479 639/5691/479 2654/5702/479 6088/5800/479
f 6088/5800/479 2654/5702/479 2655/5708/479 6091/5801/479
f 6091/5801/479 2655/5708/479 2656/5706/479 6094/5804/479
f 6094/5804/479 2656/5706/479 640/5707/479 1682/5795/479
f 6093/5802/479 6094/5804/479 1682/5795/479 1683/5794/479
f 6092/5803/479 6093/5802/479 1683/5794/479 1684/5793/479
f 1819/3919/479 6092/5803/479 1684/5793/479 492/3920/479
f 1818/3918/479 6089/5799/479 6092/5803/479 1819/3919/479
f 1817/3917/479 6086/5796/479 6089/5799/479 1818/3918/479
f 6095/5808/479 6096/5809/479 6099/5810/479 6098/5811/479
f 6096/5809/479 6097/5812/479 6100/5813/479 6099/5810/479
f 6098/5811/479 6099/5810/479 6102/5814/479 6101/5815/479
f 6099/5810/479 6100/5813/479 6103/5816/479 6102/5814/479
f 490/3880/479 1678/5817/479 6095/5808/479 1814/3897/479
f 1678/5817/479 1677/5818/479 6096/5809/479 6095/5808/479
f 1677/5818/479 1676/5819/479 6097/5812/479 6096/5809/479
f 1676/5819/479 638/5675/479 2657/5686/479 6097/5812/479
f 6097/5812/479 2657/5686/479 2658/5692/479 6100/5813/479
f 6100/5813/479 2658/5692/479 2659/5690/479 6103/5816/479
f 6103/5816/479 2659/5690/479 639/5691/479 1679/5807/479
f 6102/5814/479 6103/5816/479 1679/5807/479 1680/5806/479
f 6101/5815/479 6102/5814/479 1680/5806/479 1681/5805/479
f 1816/3899/479 6101/5815/479 1681/5805/479 491/3900/479
f 1815/3898/479 6098/5811/479 6101/5815/479 1816/3899/479
f 1814/3897/479 6095/5808/479 6098/5811/479 1815/3898/479
f 6104/5820/479 6105/5821/479 6108/5822/479 6107/5823/479
f 6105/5821/479 6106/5824/479 6109/5825/479 6108/5822/479
f 6107/5823/479 6108/5822/479 6111/5826/479 6110/5827/479
f 6108/5822/479 6109/5825/479 6112/5828/479 6111/5826/479
f 489/3860/479 1675/5829/479 6104/5820/479 1811/3877/479
f 1675/5829/479 1674/5830/479 6105/5821/479 6104/5820/479
f 1674/5830/479 1673/5831/479 6106/5824/479 6105/5821/479
f 1673/5831/479 637/5659/479 2660/5670/479 6106/5824/479
f 6106/5824/479 2660/5670/479 2661/5676/479 6109/5825/479
f 6109/5825/479 2661/5676/479 2662/5674/479 6112/5828/479
f 6112/5828/479 2662/5674/479 638/5675/479 1676/5819/479
f 6111/5826/479 6112/5828/479 1676/5819/479 1677/5818/479
f 6110/5827/479 6111/5826/479 1677/5818/479 1678/5817/479
f 1813/3879/479 6110/5827/479 1678/5817/479 490/3880/479
f 1812/3878/479 6107/5823/479 6110/5827/479 1813/3879/479
f 1811/3877/479 6104/5820/479 6107/5823/479 1812/3878/479
f 6113/5832/479 6114/5833/479 6117/5834/479 6116/5835/479
f 6114/5833/479 6115/5836/479 6118/5837/479 6117/5834/479
f 6116/5835/479 6117/5834/479 6120/5838/479 6119/5839/479
f 6117/5834/479 6118/5837/479 6121/5840/479 6120/5838/479
f 488/3840/479 1672/5841/479 6113/5832/479 1808/3857/479
f 1672/5841/479 1671/5842/479 6114/5833/479 6113/5832/479
f 1671/5842/479 1670/5843/479 6115/5836/479 6114/5833/479
f 1670/5843/479 636/5643/479 2663/5654/479 6115/5836/479
f 6115/5836/479 2663/5654/479 2664/5660/479 6118/5837/479
f 6118/5837/479 2664/5660/479 2665/5658/479 6121/5840/479
f 6121/5840/479 2665/5658/479 637/5659/479 1673/5831/479
f 6120/5838/479 6121/5840/479 1673/5831/479 1674/5830/479
f 6119/5839/479 6120/5838/479 1674/5830/479 1675/5829/479
f 1810/3859/479 6119/5839/479 1675/5829/479 489/3860/479
f 1809/3858/479 6116/5835/479 6119/5839/479 1810/3859/479
f 1808/3857/479 6113/5832/479 6116/5835/479 1809/3858/479
f 6122/5844/479 6123/5845/479 6126/5846/479 6125/5847/479
f 6123/5845/479 6124/5848/479 6127/5849/479 6126/5846/479
f 6125/5847/479 6126/5846/479 6129/5850/479 6128/5851/479
f 6126/5846/479 6127/5849/479 6130/5852/479 6129/5850/479
f 487/3820/479 1669/5853/479 6122/5844/479 1805/3837/479
f 1669/5853/479 1668/5854/479 6123/5845/479 6122/5844/479
f 1668/5854/479 1667/5855/479 6124/5848/479 6123/5845/479
f 1667/5855/479 635/5627/479 2666/5638/479 6124/5848/479
f 6124/5848/479 2666/5638/479 2667/5644/479 6127/5849/479
f 6127/5849/479 2667/5644/479 2668/5642/479 6130/5852/479
f 6130/5852/479 2668/5642/479 636/5643/479 1670/5843/479
f 6129/5850/479 6130/5852/479 1670/5843/479 1671/5842/479
f 6128/5851/479 6129/5850/479 1671/5842/479 1672/5841/479
f 1807/3839/479 6128/5851/479 1672/5841/479 488/3840/479
f 1806/3838/479 6125/5847/479 6128/5851/479 1807/3839/479
f 1805/3837/479 6122/5844/479 6125/5847/479 1806/3838/479
f 6131/5856/479 6132/5857/479 6135/5858/479 6134/5859/479
f 6132/5857/479 6133/5860/479 6136/5861/479 6135/5858/479
f 6134/5859/479 6135/5858/479 6138/5862/479 6137/5863/479
f 6135/5858/479 6136/5861/479 6139/5864/479 6138/5862/479
f 486/3800/479 1666/5865/479 6131/5856/479 1802/3817/479
f 1666/5865/479 1665/5866/479 6132/5857/479 6131/5856/479
f 1665/5866/479 1664/5867/479 6133/5860/479 6132/5857/479
f 1664/5867/479 634/5611/479 2669/5622/479 6133/5860/479
f 6133/5860/479 2669/5622/479 2670/5628/479 6136/5861/479
f 6136/5861/479 2670/5628/479 2671/5626/479 6139/5864/479
f 6139/5864/479 2671/5626/479 635/5627/479 1667/5855/479
f 6138/5862/479 6139/5864/479 1667/5855/479 1668/5854/479
f 6137/5863/479 6138/5862/479 1668/5854/479 1669/5853/479
f 1804/3819/479 6137/5863/479 1669/5853/479 487/3820/479
f 1803/3818/479 6134/5859/479 6137/5863/479 1804/3819/479
f 1802/3817/479 6131/5856/479 6134/5859/479 1803/3818/479
f 6140/5868/479 6141/5869/479 6144/5870/479 6143/5871/479
f 6141/5869/479 6142/5872/479 6145/5873/479 6144/5870/479
f 6143/5871/479 6144/5870/479 6147/5874/479 6146/5875/479
f 6144/5870/479 6145/5873/479 6148/5876/479 6147/5874/479
f 485/3780/479 1663/5877/479 6140/5868/479 1799/3797/479
f 1663/5877/479 1662/5878/479 6141/5869/479 6140/5868/479
f 1662/5878/479 1661/5879/479 6142/5872/479 6141/5869/479
f 1661/5879/479 633/5595/479 2672/5606/479 6142/5872/479
f 6142/5872/479 2672/5606/479 2673/5612/479 6145/5873/479
f 6145/5873/479 2673/5612/479 2674/5610/479 6148/5876/479
f 6148/5876/479 2674/5610/479 634/5611/479 1664/5867/479
f 6147/5874/479 6148/5876/479 1664/5867/479 1665/5866/479
f 6146/5875/479 6147/5874/479 1665/5866/479 1666/5865/479
f 1801/3799/479 6146/5875/479 1666/5865/479 486/3800/479
f 1800/3798/479 6143/5871/479 6146/5875/479 1801/3799/479
f 1799/3797/479 6140/5868/479 6143/5871/479 1800/3798/479
f 6149/5880/479 6150/5881/479 6153/5882/479 6152/5883/479
f 6150/5881/479 6151/5884/479 6154/5885/479 6153/5882/479
f 6152/5883/479 6153/5882/479 6156/5886/479 6155/5887/479
f 6153/5882/479 6154/5885/479 6157/5888/479 6156/5886/479
f 484/3760/479 1660/5889/479 6149/5880/479 1796/3777/479
f 1660/5889/479 1659/5890/479 6150/5881/479 6149/5880/479
f 1659/5890/479 1658/5891/479 6151/5884/479 6150/5881/479
f 1658/5891/479 632/5579/479 2675/5590/479 6151/5884/479
f 6151/5884/479 2675/5590/479 2676/5596/479 6154/5885/479
f 6154/5885/479 2676/5596/479 2677/5594/479 6157/5888/479
f 6157/5888/479 2677/5594/479 633/5595/479 1661/5879/479
f 6156/5886/479 6157/5888/479 1661/5879/479 1662/5878/479
f 6155/5887/479 6156/5886/479 1662/5878/479 1663/5877/479
f 1798/3779/479 6155/5887/479 1663/5877/479 485/3780/479
f 1797/3778/479 6152/5883/479 6155/5887/479 1798/3779/479
f 1796/3777/479 6149/5880/479 6152/5883/479 1797/3778/479
f 6158/5892/479 6159/5893/479 6162/5894/479 6161/5895/479
f 6159/5893/479 6160/5896/479 6163/5897/479 6162/5894/479
f 6161/5895/479 6162/5894/479 6165/5898/479 6164/5899/479
f 6162/5894/479 6163/5897/479 6166/5900/479 6165/5898/479
f 483/3740/479 1657/5901/479 6158/5892/479 1793/3757/479
f 1657/5901/479 1656/5902/479 6159/5893/479 6158/5892/479
f 1656/5902/479 1655/5903/479 6160/5896/479 6159/5893/479
f 1655/5903/479 631/5563/479 2678/5574/479 6160/5896/479
f 6160/5896/479 2678/5574/479 2679/5580/479 6163/5897/479
f 6163/5897/479 2679/5580/479 2680/5578/479 6166/5900/479
f 6166/5900/479 2680/5578/479 632/5579/479 1658/5891/479
f 6165/5898/479 6166/5900/479 1658/5891/479 1659/5890/479
f 6164/5899/479 6165/5898/479 1659/5890/479 1660/5889/479
f 1795/3759/479 6164/5899/479 1660/5889/479 484/3760/479
f 1794/3758/479 6161/5895/479 6164/5899/479 1795/3759/479
f 1793/3757/479 6158/5892/479 6161/5895/479 1794/3758/479
f 6167/5904/479 6168/5905/479 6171/5906/479 6170/5907/479
f 6168/5905/479 6169/5908/479 6172/5909/479 6171/5906/479
f 6170/5907/479 6171/5906/479 6174/5910/479 6173/5911/479
f 6171/5906/479 6172/5909/479 6175/5912/479 6174/5910/479
f 482/3720/479 1654/5913/479 6167/5904/479 1790/3737/479
f 1654/5913/479 1653/5914/479 6168/5905/479 6167/5904/479
f 1653/5914/479 1652/5915/479 6169/5908/479 6168/5905/479
f 1652/5915/479 630/5547/479 2681/5558/479 6169/5908/479
f 6169/5908/479 2681/5558/479 2682/5564/479 6172/5909/479
f 6172/5909/479 2682/5564/479 2683/5562/479 6175/5912/479
f 6175/5912/479 2683/5562/479 631/5563/479 1655/5903/479
f 6174/5910/479 6175/5912/479 1655/5903/479 1656/5902/479
f 6173/5911/479 6174/5910/479 1656/5902/479 1657/5901/479
f 1792/3739/479 6173/5911/479 1657/5901/479 483/3740/479
f 1791/3738/479 6170/5907/479 6173/5911/479 1792/3739/479
f 1790/3737/479 6167/5904/479 6170/5907/479 1791/3738/479
f 6176/5916/479 6177/5917/479 6180/5918/479 6179/5919/479
f 6177/5917/479 6178/5920/479 6181/5921/479 6180/5918/479
f 6179/5919/479 6180/5918/479 6183/5922/479 6182/5923/479
f 6180/5918/479 6181/5921/479 6184/5924/479 6183/5922/479
f 481/3700/479 1651/5925/479 6176/5916/479 1787/3717/479
f 1651/5925/479 1650/5926/479 6177/5917/479 6176/5916/479
f 1650/5926/479 1649/5927/479 6178/5920/479 6177/5917/479
f 1649/5927/479 629/5531/479 2684/5542/479 6178/5920/479
f 6178/5920/479 2684/5542/479 2685/5548/479 6181/5921/479
f 6181/5921/479 2685/5548/479 2686/5546/479 6184/5924/479
f 6184/5924/479 2686/5546/479 630/5547/479 1652/5915/479
f 6183/5922/479 6184/5924/479 1652/5915/479 1653/5914/479
f 6182/5923/479 6183/5922/479 1653/5914/479 1654/5913/479
f 1789/3719/479 6182/5923/479 1654/5913/479 482/3720/479
f 1788/3718/479 6179/5919/479 6182/5923/479 1789/3719/479
f 1787/3717/479 6176/5916/479 6179/5919/479 1788/3718/479
f 6185/5928/479 6186/5929/479 6189/5930/479 6188/5931/479
f 6186/5929/479 6187/5932/479 6190/5933/479 6189/5930/479
f 6188/5931/479 6189/5930/479 6192/5934/479 6191/5935/479
f 6189/5930/479 6190/5933/479 6193/5936/479 6192/5934/479
f 480/3680/479 1648/5937/479 6185/5928/479 1784/3697/479
f 1648/5937/479 1647/5938/479 6186/5929/479 6185/5928/479
f 1647/5938/479 1646/5939/479 6187/5932/479 6186/5929/479
f 1646/5939/479 628/5515/479 2687/5526/479 6187/5932/479
f 6187/5932/479 2687/5526/479 2688/5532/479 6190/5933/479
f 6190/5933/479 2688/5532/479 2689/5530/479 6193/5936/479
f 6193/5936/479 2689/5530/479 629/5531/479 1649/5927/479
f 6192/5934/479 6193/5936/479 1649/5927/479 1650/5926/479
f 6191/5935/479 6192/5934/479 1650/5926/479 1651/5925/479
f 1786/3699/479 6191/5935/479 1651/5925/479 481/3700/479
f 1785/3698/479 6188/5931/479 6191/5935/479 1786/3699/479
f 1784/3697/479 6185/5928/479 6188/5931/479 1785/3698/479
f 6194/5940/479 6195/5941/479 6198/5942/479 6197/5943/479
f 6195/5941/479 6196/5944/479 6199/5945/479 6198/5942/479
f 6197/5943/479 6198/5942/479 6201/5946/479 6200/5947/479
f 6198/5942/479 6199/5945/479 6202/5948/479 6201/5946/479
f 479/3660/479 1645/5949/479 6194/5940/479 1781/3677/479
f 1645/5949/479 1644/5950/479 6195/5941/479 6194/5940/479
f 1644/5950/479 1643/5951/479 6196/5944/479 6195/5941/479
f 1643/5951/479 627/5499/479 2690/5510/479 6196/5944/479
f 6196/5944/479 2690/5510/479 2691/5516/479 6199/5945/479
f 6199/5945/479 2691/5516/479 2692/5514/479 6202/5948/479
f 6202/5948/479 2692/5514/479 628/5515/479 1646/5939/479
f 6201/5946/479 6202/5948/479 1646/5939/479 1647/5938/479
f 6200/5947/479 6201/5946/479 1647/5938/479 1648/5937/479
f 1783/3679/479 6200/5947/479 1648/5937/479 480/3680/479
f 1782/3678/479 6197/5943/479 6200/5947/479 1783/3679/479
f 1781/3677/479 6194/5940/479 6197/5943/479 1782/3678/479
f 6203/5952/479 6204/5953/479 6207/5954/479 6206/5955/479
f 6204/5953/479 6205/5956/479 6208/5957/479 6207/5954/479
f 6206/5955/479 6207/5954/479 6210/5958/479 6209/5959/479
f 6207/5954/479 6208/5957/479 6211/5960/479 6210/5958/479
f 478/3640/479 1642/5961/479 6203/5952/479 1778/3657/479
f 1642/5961/479 1641/5962/479 6204/5953/479 6203/5952/479
f 1641/5962/479 1640/5963/479 6205/5956/479 6204/5953/479
f 1640/5963/479 626/5483/479 2693/5494/479 6205/5956/479
f 6205/5956/479 2693/5494/479 2694/5500/479 6208/5957/479
f 6208/5957/479 2694/5500/479 2695/5498/479 6211/5960/479
f 6211/5960/479 2695/5498/479 627/5499/479 1643/5951/479
f 6210/5958/479 6211/5960/479 1643/5951/479 1644/5950/479
f 6209/5959/479 6210/5958/479 1644/5950/479 1645/5949/479
f 1780/3659/479 6209/5959/479 1645/5949/479 479/3660/479
f 1779/3658/479 6206/5955/479 6209/5959/479 1780/3659/479
f 1778/3657/479 6203/5952/479 6206/5955/479 1779/3658/479
f 6212/5964/479 6213/5965/479 6216/5966/479 6215/5967/479
f 6213/5965/479 6214/5968/479 6217/5969/479 6216/5966/479
f 6215/5967/479 6216/5966/479 6219/5970/479 6218/5971/479
f 6216/5966/479 6217/5969/479 6220/5972/479 6219/5970/479
f 477/3620/479 1639/5973/479 6212/5964/479 1775/3637/479
f 1639/5973/479 1638/5974/479 6213/5965/479 6212/5964/479
f 1638/5974/479 1637/5975/479 6214/5968/479 6213/5965/479
f 1637/5975/479 625/5467/479 2696/5478/479 6214/5968/479
f 6214/5968/479 2696/5478/479 2697/5484/479 6217/5969/479
f 6217/5969/479 2697/5484/479 2698/5482/479 6220/5972/479
f 6220/5972/479 2698/5482/479 626/5483/479 1640/5963/479
f 6219/5970/479 6220/5972/479 1640/5963/479 1641/5962/479
f 6218/5971/479 6219/5970/479 1641/5962/479 1642/5961/479
f 1777/3639/479 6218/5971/479 1642/5961/479 478/3640/479
f 1776/3638/479 6215/5967/479 6218/5971/479 1777/3639/479
f 1775/3637/479 6212/5964/479 6215/5967/479 1776/3638/479
f 6221/5976/479 6222/5977/479 6225/5978/479 6224/5979/479
f 6222/5977/479 6223/5980/479 6226/5981/479 6225/5978/479
f 6224/5979/479 6225/5978/479 6228/5982/479 6227/5983/479
f 6225/5978/479 6226/5981/479 6229/5984/479 6228/5982/479
f 476/3600/479 1636/5985/479 6221/5976/479 1772/3617/479
f 1636/5985/479 1635/5986/479 6222/5977/479 6221/5976/479
f 1635/5986/479 1634/5987/479 6223/5980/479 6222/5977/479
f 1634/5987/479 624/5451/479 2699/5462/479 6223/5980/479
f 6223/5980/479 2699/5462/479 2700/5468/479 6226/5981/479
f 6226/5981/479 2700/5468/479 2701/5466/479 6229/5984/479
f 6229/5984/479 2701/5466/479 625/5467/479 1637/5975/479
f 6228/5982/479 6229/5984/479 1637/5975/479 1638/5974/479
f 6227/5983/479 6228/5982/479 1638/5974/479 1639/5973/479
f 1774/3619/479 6227/5983/479 1639/5973/479 477/3620/479
f 1773/3618/479 6224/5979/479 6227/5983/479 1774/3619/479
f 1772/3617/479 6221/5976/479 6224/5979/479 1773/3618/479
f 6230/5988/479 6231/5989/479 6234/5990/479 6233/5991/479
f 6231/5989/479 6232/5992/479 6235/5993/479 6234/5990/479
f 6233/5991/479 6234/5990/479 6237/5994/479 6236/5995/479
f 6234/5990/479 6235/5993/479 6238/5996/479 6237/5994/479
f 684/3596/480 2950/5997/480 6230/5988/479 1769/3597/479
f 2950/5997/480 2949/5998/480 6231/5989/479 6230/5988/479
f 2949/5998/480 2948/5999/480 6232/5992/479 6231/5989/479
f 2948/5999/480 687/5442/480 2702/5444/479 6232/5992/479
f 6232/5992/479 2702/5444/479 2703/5452/479 6235/5993/479
f 6235/5993/479 2703/5452/479 2704/5450/479 6238/5996/479
f 6238/5996/479 2704/5450/479 624/5451/479 1634/5987/479
f 6237/5994/479 6238/5996/479 1634/5987/479 1635/5986/479
f 6236/5995/479 6237/5994/479 1635/5986/479 1636/5985/479
f 1771/3599/479 6236/5995/479 1636/5985/479 476/3600/479
f 1770/3598/479 6233/5991/479 6236/5995/479 1771/3599/479
f 1769/3597/479 6230/5988/479 6233/5991/479 1770/3598/479
f 6239/6000/1384 6240/6001/1385 6243/6002/1386 6242/6003/1387
f 6240/6001/1385 6241/6004/1388 6244/6005/1389 6243/6002/1386
f 6242/6003/1387 6243/6002/1386 6246/6006/1390 6245/6007/1391
f 6243/6002/1386 6244/6005/1389 6247/6008/1392 6246/6006/1390
f 473/2784/609 1627/4556/608 6239/6000/1384 1763/3557/830
f 1627/4556/608 1626/4555/607 6240/6001/1385 6239/6000/1384
f 1626/4555/607 1625/4553/605 6241/6004/1388 6240/6001/1385
f 1625/4553/605 621/4552/604 2705/5428/1356 6241/6004/1388
f 6241/6004/1388 2705/5428/1356 2706/5432/1360 6244/6005/1389
f 6244/6005/1389 2706/5432/1360 2707/5431/1359 6247/6008/1392
f 6247/6008/1392 2707/5431/1359 622/4789/1212 1628/6009/1393
f 6246/6006/1390 6247/6008/1392 1628/6009/1393 1629/6010/1394
f 6245/6007/1391 6246/6006/1390 1629/6010/1394 1630/6011/1395
f 1765/3559/832 6245/6007/1391 1630/6011/1395 474/2545/495
f 1764/3558/831 6242/6003/1387 6245/6007/1391 1765/3559/832
f 1763/3557/830 6239/6000/1384 6242/6003/1387 1764/3558/831
f 6248/6012/1396 6249/6013/1397 6252/6014/1398 6251/6015/1399
f 6249/6013/1397 6250/6016/1400 6253/6017/1401 6252/6014/1398
f 6251/6015/1399 6252/6014/1398 6255/6018/1402 6254/6019/1403
f 6252/6014/1398 6253/6017/1401 6256/6020/1404 6255/6018/1402
f 466/3405/495 1606/6021/1395 6248/6012/1396 1993/4489/496
f 1606/6021/1395 1605/6022/1394 6249/6013/1397 6248/6012/1396
f 1605/6022/1394 1604/6023/1393 6250/6016/1400 6249/6013/1397
f 1604/6023/1393 614/5347/1212 2708/5415/1175 6250/6016/1400
f 6250/6016/1400 2708/5415/1175 2709/5417/1183 6253/6017/1401
f 6253/6017/1401 2709/5417/1183 2710/5416/1181 6256/6020/1404
f 6256/6020/1404 2710/5416/1181 654/5080/1182 1889/6024/1405
f 6255/6018/1402 6256/6020/1404 1889/6024/1405 1890/6025/1406
f 6254/6019/1403 6255/6018/1402 1890/6025/1406 1891/6026/1407
f 1991/4491/498 6254/6019/1403 1891/6026/1407 527/4492/499
f 1992/4490/497 6251/6015/1399 6254/6019/1403 1991/4491/498
f 1993/4489/496 6248/6012/1396 6251/6015/1399 1992/4490/497
f 6257/6027/1384 6258/6028/1385 6261/6029/1386 6260/6030/1387
f 6258/6028/1385 6259/6031/1388 6262/6032/1389 6261/6029/1386
f 6260/6030/1387 6261/6029/1386 6264/6033/1390 6263/6034/1391
f 6261/6029/1386 6262/6032/1389 6265/6035/1392 6264/6033/1390
f 471/3505/609 1621/4436/608 6257/6027/1384 1757/3522/830
f 1621/4436/608 1620/4435/607 6258/6028/1385 6257/6027/1384
f 1620/4435/607 1619/4433/605 6259/6031/1388 6258/6028/1385
f 1619/4433/605 619/4432/604 2711/5401/1356 6259/6031/1388
f 6259/6031/1388 2711/5401/1356 2712/5405/1360 6262/6032/1389
f 6262/6032/1389 2712/5405/1360 2713/5404/1359 6265/6035/1392
f 6265/6035/1392 2713/5404/1359 620/4853/1212 1622/6036/1393
f 6264/6033/1390 6265/6035/1392 1622/6036/1393 1623/6037/1394
f 6263/6034/1391 6264/6033/1390 1623/6037/1394 1624/6038/1395
f 1759/3524/832 6263/6034/1391 1624/6038/1395 472/2789/495
f 1758/3523/831 6260/6030/1387 6263/6034/1391 1759/3524/832
f 1757/3522/830 6257/6027/1384 6260/6030/1387 1758/3523/831
f 6266/6039/1384 6267/6040/1385 6270/6041/1386 6269/6042/1387
f 6267/6040/1385 6268/6043/1388 6271/6044/1389 6270/6041/1386
f 6269/6042/1387 6270/6041/1386 6273/6045/1390 6272/6046/1391
f 6270/6041/1386 6271/6044/1389 6274/6047/1392 6273/6045/1390
f 469/3465/609 1615/4305/608 6266/6039/1384 1751/3482/830
f 1615/4305/608 1614/4304/607 6267/6040/1385 6266/6039/1384
f 1614/4304/607 1613/4302/605 6268/6043/1388 6267/6040/1385
f 1613/4302/605 617/4301/604 2714/5386/1356 6268/6043/1388
f 6268/6043/1388 2714/5386/1356 2715/5390/1360 6271/6044/1389
f 6271/6044/1389 2715/5390/1360 2716/5389/1359 6274/6047/1392
f 6274/6047/1392 2716/5389/1359 618/4917/1212 1616/6048/1393
f 6273/6045/1390 6274/6047/1392 1616/6048/1393 1617/6049/1394
f 6272/6046/1391 6273/6045/1390 1617/6049/1394 1618/6050/1395
f 1753/3484/832 6272/6046/1391 1618/6050/1395 470/3485/495
f 1752/3483/831 6269/6042/1387 6272/6046/1391 1753/3484/832
f 1751/3482/830 6266/6039/1384 6269/6042/1387 1752/3483/831
f 6275/6051/1384 6276/6052/1385 6279/6053/1386 6278/6054/1387
f 6276/6052/1385 6277/6055/1388 6280/6056/1389 6279/6053/1386
f 6278/6054/1387 6279/6053/1386 6282/6057/1390 6281/6058/1391
f 6279/6053/1386 6280/6056/1389 6283/6059/1392 6282/6057/1390
f 467/3425/609 1609/4232/608 6275/6051/1384 1745/3442/830
f 1609/4232/608 1608/4231/607 6276/6052/1385 6275/6051/1384
f 1608/4231/607 1607/4229/605 6277/6055/1388 6276/6052/1385
f 1607/4229/605 615/4228/604 2717/5371/1356 6277/6055/1388
f 6277/6055/1388 2717/5371/1356 2718/5375/1360 6280/6056/1389
f 6280/6056/1389 2718/5375/1360 2719/5374/1359 6283/6059/1392
f 6283/6059/1392 2719/5374/1359 616/4969/1212 1610/6060/1393
f 6282/6057/1390 6283/6059/1392 1610/6060/1393 1611/6061/1394
f 6281/6058/1391 6282/6057/1390 1611/6061/1394 1612/6062/1395
f 1747/3444/832 6281/6058/1391 1612/6062/1395 468/3445/495
f 1746/3443/831 6278/6054/1387 6281/6058/1391 1747/3444/832
f 1745/3442/830 6275/6051/1384 6278/6054/1387 1746/3443/831
f 6284/6063/1384 6285/6064/1385 6288/6065/1386 6287/6066/1387
f 6285/6064/1385 6286/6067/1388 6289/6068/1389 6288/6065/1386
f 6287/6066/1387 6288/6065/1386 6291/6069/1390 6290/6070/1391
f 6288/6065/1386 6289/6068/1389 6292/6071/1392 6291/6069/1390
f 465/2745/609 1603/2744/608 6284/6063/1384 1739/3402/830
f 1603/2744/608 1602/2743/607 6285/6064/1385 6284/6063/1384
f 1602/2743/607 1601/2741/605 6286/6067/1388 6285/6064/1385
f 1601/2741/605 613/2740/604 2720/5340/1356 6286/6067/1388
f 6286/6067/1388 2720/5340/1356 2721/5348/1360 6289/6068/1389
f 6289/6068/1389 2721/5348/1360 2722/5346/1359 6292/6071/1392
f 6292/6071/1392 2722/5346/1359 614/5347/1212 1604/6023/1393
f 6291/6069/1390 6292/6071/1392 1604/6023/1393 1605/6022/1394
f 6290/6070/1391 6291/6069/1390 1605/6022/1394 1606/6021/1395
f 1741/3404/832 6290/6070/1391 1606/6021/1395 466/3405/495
f 1740/3403/831 6287/6066/1387 6290/6070/1391 1741/3404/832
f 1739/3402/830 6284/6063/1384 6287/6066/1387 1740/3403/831
f 6293/6072/1384 6294/6073/1385 6297/6074/1386 6296/6075/1387
f 6294/6073/1385 6295/6076/1388 6298/6077/1389 6297/6074/1386
f 6296/6075/1387 6297/6074/1386 6300/6078/1390 6299/6079/1391
f 6297/6074/1386 6298/6077/1389 6301/6080/1392 6300/6078/1390
f 463/2973/609 1597/2972/608 6293/6072/1384 1733/3363/830
f 1597/2972/608 1596/2971/607 6294/6073/1385 6293/6072/1384
f 1596/2971/607 1595/2969/605 6295/6076/1388 6294/6073/1385
f 1595/2969/605 611/2968/604 2723/5325/1356 6295/6076/1388
f 6295/6076/1388 2723/5325/1356 2724/5329/1360 6298/6077/1389
f 6298/6077/1389 2724/5329/1360 2725/5328/1359 6301/6080/1392
f 6301/6080/1392 2725/5328/1359 612/5308/1212 1598/6081/1393
f 6300/6078/1390 6301/6080/1392 1598/6081/1393 1599/6082/1394
f 6299/6079/1391 6300/6078/1390 1599/6082/1394 1600/6083/1395
f 1735/3365/832 6299/6079/1391 1600/6083/1395 464/3366/495
f 1734/3364/831 6296/6075/1387 6299/6079/1391 1735/3365/832
f 1733/3363/830 6293/6072/1384 6296/6075/1387 1734/3364/831
f 6302/6084/1396 6303/6085/1408 6306/6086/1398 6305/6087/1399
f 6303/6085/1408 6304/6088/1400 6307/6089/1401 6306/6086/1398
f 6305/6087/1399 6306/6086/1398 6309/6090/1402 6308/6091/1409
f 6306/6086/1398 6307/6089/1401 6310/6092/1404 6309/6090/1402
f 464/3366/495 1600/6083/1395 6302/6084/1396 1972/4359/496
f 1600/6083/1395 1599/6082/1394 6303/6085/1408 6302/6084/1396
f 1599/6082/1394 1598/6081/1393 6304/6088/1400 6303/6085/1408
f 1598/6081/1393 612/5308/1212 2726/5310/1175 6304/6088/1400
f 6304/6088/1400 2726/5310/1175 2727/5314/1183 6307/6089/1401
f 6307/6089/1401 2727/5314/1183 2728/5313/1181 6310/6092/1404
f 6310/6092/1404 2728/5313/1181 652/5061/1182 1883/6093/1405
f 6309/6090/1402 6310/6092/1404 1883/6093/1405 1884/6094/1406
f 6308/6091/1409 6309/6090/1402 1884/6094/1406 1885/6095/1407
f 1970/4361/498 6308/6091/1409 1885/6095/1407 525/4362/499
f 1971/4360/497 6305/6087/1399 6308/6091/1409 1970/4361/498
f 1972/4359/496 6302/6084/1396 6305/6087/1399 1971/4360/497
f 6311/6096/1410 6312/6097/1411 6315/6098/1412 6314/6099/1413
f 6312/6097/1411 6313/6100/1414 6316/6101/1415 6315/6098/1412
f 6314/6099/1413 6315/6098/1412 6318/6102/1416 6317/6103/1417
f 6315/6098/1412 6316/6101/1415 6319/6104/1418 6318/6102/1416
f 461/2690/579 1591/4646/1124 6311/6096/1410 1727/3324/899
f 1591/4646/1124 1590/4645/1123 6312/6097/1411 6311/6096/1410
f 1590/4645/1123 1589/4643/1121 6313/6100/1414 6312/6097/1411
f 1589/4643/1121 609/4642/1120 2729/5294/1381 6313/6100/1414
f 6313/6100/1414 2729/5294/1381 2730/5298/1383 6316/6101/1415
f 6316/6101/1415 2730/5298/1383 2731/5297/1382 6319/6104/1418
f 6319/6104/1418 2731/5297/1382 610/4741/1173 1592/6105/1419
f 6318/6102/1416 6319/6104/1418 1592/6105/1419 1593/6106/1420
f 6317/6103/1417 6318/6102/1416 1593/6106/1420 1594/6107/1421
f 1729/3326/901 6317/6103/1417 1594/6107/1421 462/3327/902
f 1728/3325/900 6314/6099/1413 6317/6103/1417 1729/3326/901
f 1727/3324/899 6311/6096/1410 6314/6099/1413 1728/3325/900
f 6320/6108/1422 6321/6109/1423 6324/6110/1424 6323/6111/1425
f 6321/6109/1423 6322/6112/1426 6325/6113/1427 6324/6110/1424
f 6323/6111/1425 6324/6110/1424 6327/6114/1428 6326/6115/1429
f 6324/6110/1424 6325/6113/1427 6328/6116/1430 6327/6114/1428
f 459/2918/690 1585/4536/1081 6320/6108/1422 1721/3289/865
f 1585/4536/1081 1584/4535/1080 6321/6109/1423 6320/6108/1422
f 1584/4535/1080 1583/4533/1078 6322/6112/1426 6321/6109/1423
f 1583/4533/1078 607/4532/1077 2732/5279/1368 6322/6112/1426
f 6322/6112/1426 2732/5279/1368 2733/5283/1372 6325/6113/1427
f 6325/6113/1427 2733/5283/1372 2734/5282/1371 6328/6116/1430
f 6328/6116/1430 2734/5282/1371 608/4809/1226 1586/6117/1431
f 6327/6114/1428 6328/6116/1430 1586/6117/1431 1587/6118/1432
f 6326/6115/1429 6327/6114/1428 1587/6118/1432 1588/6119/1433
f 1723/3291/867 6326/6115/1429 1588/6119/1433 460/2695/584
f 1722/3290/866 6323/6111/1425 6326/6115/1429 1723/3291/867
f 1721/3289/865 6320/6108/1422 6323/6111/1425 1722/3290/866
f 6329/6120/1384 6330/6121/1385 6333/6122/1386 6332/6123/1387
f 6330/6121/1385 6331/6124/1388 6334/6125/1389 6333/6122/1386
f 6332/6123/1387 6333/6122/1386 6336/6126/1390 6335/6127/1391
f 6333/6122/1386 6334/6125/1389 6337/6128/1392 6336/6126/1390
f 457/3237/609 1579/4412/608 6329/6120/1384 1715/3254/830
f 1579/4412/608 1578/4411/607 6330/6121/1385 6329/6120/1384
f 1578/4411/607 1577/4409/605 6331/6124/1388 6330/6121/1385
f 1577/4409/605 605/4408/604 2735/5264/1356 6331/6124/1388
f 6331/6124/1388 2735/5264/1356 2736/5268/1360 6334/6125/1389
f 6334/6125/1389 2736/5268/1360 2737/5267/1359 6337/6128/1392
f 6337/6128/1392 2737/5267/1359 606/4873/1212 1580/6129/1393
f 6336/6126/1390 6337/6128/1392 1580/6129/1393 1581/6130/1394
f 6335/6127/1391 6336/6126/1390 1581/6130/1394 1582/6131/1395
f 1717/3256/832 6335/6127/1391 1582/6131/1395 458/2923/695
f 1716/3255/831 6332/6123/1387 6335/6127/1391 1717/3256/832
f 1715/3254/830 6329/6120/1384 6332/6123/1387 1716/3255/831
f 6338/6132/1434 6339/6133/1435 6342/6134/1436 6341/6135/1437
f 6339/6133/1435 6340/6136/1438 6343/6137/1439 6342/6134/1436
f 6341/6135/1437 6342/6134/1436 6345/6138/1440 6344/6139/1441
f 6342/6134/1436 6343/6137/1439 6346/6140/1442 6345/6138/1440
f 672/3213/791 2878/6141/1443 6338/6132/1434 1709/3214/792
f 2878/6141/1443 2877/6142/1444 6339/6133/1435 6338/6132/1434
f 2877/6142/1444 2876/6143/1445 6340/6136/1438 6339/6133/1435
f 2876/6143/1445 675/5235/717 2738/5237/1345 6340/6136/1438
f 6340/6136/1438 2738/5237/1345 2739/5241/1348 6343/6137/1439
f 6343/6137/1439 2739/5241/1348 2740/5240/1347 6346/6140/1442
f 6346/6140/1442 2740/5240/1347 604/4937/1275 1574/6144/1446
f 6345/6138/1440 6346/6140/1442 1574/6144/1446 1575/6145/1447
f 6344/6139/1441 6345/6138/1440 1575/6145/1447 1576/6146/1448
f 1711/3216/794 6344/6139/1441 1576/6146/1448 456/3217/795
f 1710/3215/793 6341/6135/1437 6344/6139/1441 1711/3216/794
f 1709/3214/792 6338/6132/1434 6341/6135/1437 1710/3215/793
f 6347/6147/733 6348/6148/733 6351/6149/734 6350/6150/734
f 6348/6148/733 6349/6151/733 6352/6152/734 6351/6149/734
f 6350/6150/734 6351/6149/734 6354/6153/735 6353/6154/735
f 6351/6149/734 6352/6152/734 6355/6155/735 6354/6153/735
f 683/3188/774 2947/6156/1449 6347/6147/733 1706/3189/733
f 2947/6156/1449 2946/6157/1450 6348/6148/733 6347/6147/733
f 2946/6157/1450 2945/6158/1451 6349/6151/733 6348/6148/733
f 2945/6158/1451 688/5215/736 2741/5217/733 6349/6151/733
f 6349/6151/733 2741/5217/733 2742/5225/734 6352/6152/734
f 6352/6152/734 2742/5225/734 2743/5223/735 6355/6155/735
f 6355/6155/735 2743/5223/735 664/5224/741 2644/6159/741
f 6354/6153/735 6355/6155/735 2644/6159/741 2643/6160/741
f 6353/6154/735 6354/6153/735 2643/6160/741 2642/6161/741
f 1708/3191/735 6353/6154/735 2642/6161/741 496/3192/741
f 1707/3190/734 6350/6150/734 6353/6154/735 1708/3191/735
f 1706/3189/733 6347/6147/733 6350/6150/734 1707/3190/734
f 6356/6162/742 6357/6163/742 6360/6164/743 6359/6165/743
f 6357/6163/742 6358/6166/742 6361/6167/743 6360/6164/743
f 6359/6165/743 6360/6164/743 6363/6168/744 6362/6169/744
f 6360/6164/743 6361/6167/743 6364/6170/744 6363/6168/744
f 454/3147/745 1570/6171/745 6356/6162/742 1703/3164/742
f 1570/6171/745 1569/6172/745 6357/6163/742 6356/6162/742
f 1569/6172/745 1568/6173/745 6358/6166/742 6357/6163/742
f 1568/6173/745 602/5188/745 2744/5199/742 6358/6166/742
f 6358/6166/742 2744/5199/742 2745/5205/743 6361/6167/743
f 6361/6167/743 2745/5205/743 2746/5203/744 6364/6170/744
f 6364/6170/744 2746/5203/744 603/5204/746 1571/6174/746
f 6363/6168/744 6364/6170/744 1571/6174/746 1572/6175/746
f 6362/6169/744 6363/6168/744 1572/6175/746 1573/6176/746
f 1705/3166/744 6362/6169/744 1573/6176/746 455/3167/746
f 1704/3165/743 6359/6165/743 6362/6169/744 1705/3166/744
f 1703/3164/742 6356/6162/742 6359/6165/743 1704/3165/743
f 6365/6177/747 6366/6178/747 6369/6179/748 6368/6180/748
f 6366/6178/747 6367/6181/747 6370/6182/748 6369/6179/748
f 6368/6180/748 6369/6179/748 6372/6183/749 6371/6184/749
f 6369/6179/748 6370/6182/748 6373/6185/749 6372/6183/749
f 671/3143/750 2875/6186/750 6365/6177/747 1700/3144/747
f 2875/6186/750 2874/6187/750 6366/6178/747 6365/6177/747
f 2874/6187/750 2873/6188/750 6367/6181/747 6366/6178/747
f 2873/6188/750 676/5179/750 2747/5181/747 6367/6181/747
f 6367/6181/747 2747/5181/747 2748/5189/748 6370/6182/748
f 6370/6182/748 2748/5189/748 2749/5187/749 6373/6185/749
f 6373/6185/749 2749/5187/749 602/5188/745 1568/6173/745
f 6372/6183/749 6373/6185/749 1568/6173/745 1569/6172/745
f 6371/6184/749 6372/6183/749 1569/6172/745 1570/6171/745
f 1702/3146/749 6371/6184/749 1570/6171/745 454/3147/745
f 1701/3145/748 6368/6180/748 6371/6184/749 1702/3146/749
f 1700/3144/747 6365/6177/747 6368/6180/748 1701/3145/748
f 6374/6189/751 6375/6190/751 6378/6191/752 6377/6192/752
f 6375/6190/751 6376/6193/751 6379/6194/752 6378/6191/752
f 6377/6192/752 6378/6191/752 6381/6195/753 6380/6196/753
f 6378/6191/752 6379/6194/752 6382/6197/753 6381/6195/753
f 496/3118/741 2642/6198/741 6374/6189/751 1697/3119/751
f 2642/6198/741 2643/6199/741 6375/6190/751 6374/6189/751
f 2643/6199/741 2644/6200/741 6376/6193/751 6375/6190/751
f 2644/6200/741 664/5159/741 2750/5161/751 6376/6193/751
f 6376/6193/751 2750/5161/751 2751/5169/752 6379/6194/752
f 6379/6194/752 2751/5169/752 2752/5167/753 6382/6197/753
f 6382/6197/753 2752/5167/753 601/5168/754 1565/6201/754
f 6381/6195/753 6382/6197/753 1565/6201/754 1566/6202/754
f 6380/6196/753 6381/6195/753 1566/6202/754 1567/6203/754
f 1699/3121/753 6380/6196/753 1567/6203/754 453/3122/754
f 1698/3120/752 6377/6192/752 6380/6196/753 1699/3121/753
f 1697/3119/751 6374/6189/751 6377/6192/752 1698/3120/752
f 6383/6204/1452 6384/6205/1453 6387/6206/1454 6386/6207/1455
f 6384/6205/1453 6385/6208/1456 6388/6209/1457 6387/6206/1454
f 6386/6207/1455 6387/6206/1454 6390/6210/1458 6389/6211/1459
f 6387/6206/1454 6388/6209/1457 6391/6212/1460 6390/6210/1458
f 535/2549/499 1915/6213/1407 6383/6204/1452 1946/2550/500
f 1915/6213/1407 1914/6214/1406 6384/6205/1453 6383/6204/1452
f 1914/6214/1406 1913/6215/1405 6385/6208/1456 6384/6205/1453
f 1913/6215/1405 662/4798/1182 2753/5144/1294 6385/6208/1456
f 6385/6208/1456 2753/5144/1294 2754/5149/1299 6388/6209/1457
f 6388/6209/1457 2754/5149/1299 2755/5148/1298 6391/6212/1460
f 6391/6212/1460 2755/5148/1298 663/4671/1149 1916/4669/1147
f 6390/6210/1458 6391/6212/1460 1916/4669/1147 1917/4668/1146
f 6389/6211/1459 6390/6210/1458 1917/4668/1146 1918/4667/1145
f 1948/2552/502 6389/6211/1459 1918/4667/1145 536/2554/504
f 1947/2551/501 6386/6207/1455 6389/6211/1459 1948/2552/502
f 1946/2550/500 6383/6204/1452 6386/6207/1455 1947/2551/501
f 6392/6216/1452 6393/6217/1453 6396/6218/1454 6395/6219/1461
f 6393/6217/1453 6394/6220/1456 6397/6221/1457 6396/6218/1454
f 6395/6219/1461 6396/6218/1454 6399/6222/1458 6398/6223/1459
f 6396/6218/1454 6397/6221/1457 6400/6224/1460 6399/6222/1458
f 533/2793/499 1909/6225/1407 6392/6216/1452 1943/2794/500
f 1909/6225/1407 1908/6226/1406 6393/6217/1453 6392/6216/1452
f 1908/6226/1406 1907/6227/1405 6394/6220/1456 6393/6217/1453
f 1907/6227/1405 660/4862/1182 2756/5129/1294 6394/6220/1456
f 6394/6220/1456 2756/5129/1294 2757/5134/1299 6397/6221/1457
f 6397/6221/1457 2757/5134/1299 2758/5133/1298 6400/6224/1460
f 6400/6224/1460 2758/5133/1298 661/4561/618 1910/4559/616
f 6399/6222/1458 6400/6224/1460 1910/4559/616 1911/4558/615
f 6398/6223/1459 6399/6222/1458 1911/4558/615 1912/4557/614
f 1945/2796/502 6398/6223/1459 1912/4557/614 534/2798/613
f 1944/2795/501 6395/6219/1461 6398/6223/1459 1945/2796/502
f 1943/2794/500 6392/6216/1452 6395/6219/1461 1944/2795/501
f 6401/6228/1452 6402/6229/1453 6405/6230/1454 6404/6231/1455
f 6402/6229/1453 6403/6232/1456 6406/6233/1457 6405/6230/1454
f 6404/6231/1455 6405/6230/1454 6408/6234/1458 6407/6235/1459
f 6405/6230/1454 6406/6233/1457 6409/6236/1460 6408/6234/1458
f 531/4728/499 1903/6237/1407 6401/6228/1452 1940/4729/500
f 1903/6237/1407 1902/6238/1406 6402/6229/1453 6401/6228/1452
f 1902/6238/1406 1901/6239/1405 6403/6232/1456 6402/6229/1453
f 1901/6239/1405 658/4926/1182 2759/5114/1294 6403/6232/1456
f 6403/6232/1456 2759/5114/1294 2760/5119/1299 6406/6233/1457
f 6406/6233/1457 2760/5119/1299 2761/5118/1298 6409/6236/1460
f 6409/6236/1460 2761/5118/1298 659/4445/618 1904/4443/616
f 6408/6234/1458 6409/6236/1460 1904/4443/616 1905/4442/615
f 6407/6235/1459 6408/6234/1458 1905/4442/615 1906/4441/1049
f 1942/4731/502 6407/6235/1459 1906/4441/1049 532/4440/613
f 1941/4730/501 6404/6231/1455 6407/6235/1459 1942/4731/502
f 1940/4729/500 6401/6228/1452 6404/6231/1455 1941/4730/501
f 6410/6240/1452 6411/6241/1453 6414/6242/1454 6413/6243/1455
f 6411/6241/1453 6412/6244/1456 6415/6245/1457 6414/6242/1454
f 6413/6243/1455 6414/6242/1454 6417/6246/1458 6416/6247/1459
f 6414/6242/1454 6415/6245/1457 6418/6248/1460 6417/6246/1458
f 529/4602/499 1897/6249/1407 6410/6240/1452 1937/4603/500
f 1897/6249/1407 1896/6250/1406 6411/6241/1453 6410/6240/1452
f 1896/6250/1406 1895/6251/1405 6412/6244/1456 6411/6241/1453
f 1895/6251/1405 656/4978/1182 2762/5099/1294 6412/6244/1456
f 6412/6244/1456 2762/5099/1294 2763/5104/1299 6415/6245/1457
f 6415/6245/1457 2763/5104/1299 2764/5103/1298 6418/6248/1460
f 6418/6248/1460 2764/5103/1298 657/4314/618 1898/4312/616
f 6417/6246/1458 6418/6248/1460 1898/4312/616 1899/4311/615
f 6416/6247/1459 6417/6246/1458 1899/4311/615 1900/4310/614
f 1939/4605/502 6416/6247/1459 1900/4310/614 530/4309/613
f 1938/4604/501 6413/6243/1455 6416/6247/1459 1939/4605/502
f 1937/4603/500 6410/6240/1452 6413/6243/1455 1938/4604/501
f 6419/6252/1452 6420/6253/1453 6423/6254/1454 6422/6255/1455
f 6420/6253/1453 6421/6256/1456 6424/6257/1457 6423/6254/1454
f 6422/6255/1455 6423/6254/1454 6426/6258/1458 6425/6259/1459
f 6423/6254/1454 6424/6257/1457 6427/6260/1460 6426/6258/1458
f 527/4492/499 1891/6026/1407 6419/6252/1452 1934/4493/500
f 1891/6026/1407 1890/6025/1406 6420/6253/1453 6419/6252/1452
f 1890/6025/1406 1889/6024/1405 6421/6256/1456 6420/6253/1453
f 1889/6024/1405 654/5080/1182 2765/5082/1294 6421/6256/1456
f 6421/6256/1456 2765/5082/1294 2766/5089/1299 6424/6257/1457
f 6424/6257/1457 2766/5089/1299 2767/5088/1298 6427/6260/1460
f 6427/6260/1460 2767/5088/1298 655/4241/618 1892/4239/616
f 6426/6258/1458 6427/6260/1460 1892/4239/616 1893/4238/615
f 6425/6259/1459 6426/6258/1458 1893/4238/615 1894/4237/614
f 1936/4495/502 6425/6259/1459 1894/4237/614 528/4236/613
f 1935/4494/501 6422/6255/1455 6425/6259/1459 1936/4495/502
f 1934/4493/500 6419/6252/1452 6422/6255/1455 1935/4494/501
f 6428/6261/1452 6429/6262/1453 6432/6263/1454 6431/6264/1455
f 6429/6262/1453 6430/6265/1456 6433/6266/1457 6432/6263/1454
f 6431/6264/1455 6432/6263/1454 6435/6267/1458 6434/6268/1459
f 6432/6263/1454 6433/6266/1457 6436/6269/1460 6435/6267/1458
f 525/4362/499 1885/6095/1407 6428/6261/1452 1931/4363/500
f 1885/6095/1407 1884/6094/1406 6429/6262/1453 6428/6261/1452
f 1884/6094/1406 1883/6093/1405 6430/6265/1456 6429/6262/1453
f 1883/6093/1405 652/5061/1182 2768/5063/1294 6430/6265/1456
f 6430/6265/1456 2768/5063/1294 2769/5070/1299 6433/6266/1457
f 6433/6266/1457 2769/5070/1299 2770/5069/1298 6436/6269/1460
f 6436/6269/1460 2770/5069/1298 653/2754/618 1886/2752/616
f 6435/6267/1458 6436/6269/1460 1886/2752/616 1887/2751/615
f 6434/6268/1459 6435/6267/1458 1887/2751/615 1888/2750/614
f 1933/4365/502 6434/6268/1459 1888/2750/614 526/2749/613
f 1932/4364/501 6431/6264/1455 6434/6268/1459 1933/4365/502
f 1931/4363/500 6428/6261/1452 6431/6264/1455 1932/4364/501
f 6437/6270/1452 6438/6271/1453 6441/6272/1454 6440/6273/1461
f 6438/6271/1453 6439/6274/1456 6442/6275/1457 6441/6272/1454
f 6440/6273/1461 6441/6272/1454 6444/6276/1458 6443/6277/1459
f 6441/6272/1454 6442/6275/1457 6445/6278/1460 6444/6276/1458
f 523/4255/499 1879/6279/1407 6437/6270/1452 1928/4256/500
f 1879/6279/1407 1878/6280/1406 6438/6271/1453 6437/6270/1452
f 1878/6280/1406 1877/6281/1405 6439/6274/1456 6438/6271/1453
f 1877/6281/1405 650/4750/1182 2771/5046/1294 6439/6274/1456
f 6439/6274/1456 2771/5046/1294 2772/5051/1299 6442/6275/1457
f 6442/6275/1457 2772/5051/1299 2773/5050/1298 6445/6278/1460
f 6445/6278/1460 2773/5050/1298 651/2982/618 1880/2980/616
f 6444/6276/1458 6445/6278/1460 1880/2980/616 1881/2979/615
f 6443/6277/1459 6444/6276/1458 1881/2979/615 1882/2978/614
f 1930/4258/502 6443/6277/1459 1882/2978/614 524/2977/613
f 1929/4257/501 6440/6273/1461 6443/6277/1459 1930/4258/502
f 1928/4256/500 6437/6270/1452 6440/6273/1461 1929/4257/501
f 6446/6282/1462 6447/6283/1463 6450/6284/1464 6449/6285/1465
f 6447/6283/1463 6448/6286/1466 6451/6287/1467 6450/6284/1464
f 6449/6285/1465 6450/6284/1464 6453/6288/1468 6452/6289/1469
f 6450/6284/1464 6451/6287/1467 6454/6290/1470 6453/6288/1468
f 521/2699/588 1873/6291/1471 6446/6282/1462 1925/2700/589
f 1873/6291/1471 1872/6292/1472 6447/6283/1463 6446/6282/1462
f 1872/6292/1472 1871/6293/1473 6448/6286/1466 6447/6283/1463
f 1871/6293/1473 648/4818/1235 2774/5031/1324 6448/6286/1466
f 6448/6286/1466 2774/5031/1324 2775/5036/1327 6451/6287/1467
f 6451/6287/1467 2775/5036/1327 2776/5035/1326 6454/6290/1470
f 6454/6290/1470 2776/5035/1326 649/4651/1129 1874/4649/1127
f 6453/6288/1468 6454/6290/1470 1874/4649/1127 1875/4648/1126
f 6452/6289/1469 6453/6288/1468 1875/4648/1126 1876/4647/1125
f 1927/2702/591 6452/6289/1469 1876/4647/1125 522/2704/593
f 1926/2701/590 6449/6285/1465 6452/6289/1469 1927/2702/591
f 1925/2700/589 6446/6282/1462 6449/6285/1465 1926/2701/590
f 6455/6294/1474 6456/6295/1475 6459/6296/1476 6458/6297/1477
f 6456/6295/1475 6457/6298/1478 6460/6299/1479 6459/6296/1476
f 6458/6297/1477 6459/6296/1476 6462/6300/1480 6461/6301/1481
f 6459/6296/1476 6460/6299/1479 6463/6302/1482 6462/6300/1480
f 519/2927/699 1867/6303/1483 6455/6294/1474 1922/2928/700
f 1867/6303/1483 1866/6304/1484 6456/6295/1475 6455/6294/1474
f 1866/6304/1484 1865/6305/1485 6457/6298/1478 6456/6295/1475
f 1865/6305/1485 646/4882/1264 2777/5016/1309 6457/6298/1478
f 6457/6298/1478 2777/5016/1309 2778/5021/1314 6460/6299/1479
f 6460/6299/1479 2778/5021/1314 2779/5020/1313 6463/6302/1482
f 6463/6302/1482 2779/5020/1313 647/4541/1086 1868/4539/1084
f 6462/6300/1480 6463/6302/1482 1868/4539/1084 1869/4538/1083
f 6461/6301/1481 6462/6300/1480 1869/4538/1083 1870/4537/1082
f 1924/2930/702 6461/6301/1481 1870/4537/1082 520/2932/704
f 1923/2929/701 6458/6297/1477 6461/6301/1481 1924/2930/702
f 1922/2928/700 6455/6294/1474 6458/6297/1477 1923/2929/701
f 6464/6306/1452 6465/6307/1453 6468/6308/1454 6467/6309/1455
f 6465/6307/1453 6466/6310/1456 6469/6311/1457 6468/6308/1454
f 6467/6309/1455 6468/6308/1454 6471/6312/1458 6470/6313/1459
f 6468/6308/1454 6469/6311/1457 6472/6314/1460 6471/6312/1458
f 517/4685/1162 1861/6315/1486 6464/6306/1452 1919/4686/500
f 1861/6315/1486 1860/6316/1487 6465/6307/1453 6464/6306/1452
f 1860/6316/1487 1859/6317/1488 6466/6310/1456 6465/6307/1453
f 1859/6317/1488 644/4946/1284 2780/5001/1294 6466/6310/1456
f 6466/6310/1456 2780/5001/1294 2781/5006/1299 6469/6311/1457
f 6469/6311/1457 2781/5006/1299 2782/5005/1298 6472/6314/1460
f 6472/6314/1460 2782/5005/1298 645/4421/618 1862/4419/616
f 6471/6312/1458 6472/6314/1460 1862/4419/616 1863/4418/615
f 6470/6313/1459 6471/6312/1458 1863/4418/615 1864/4417/614
f 1921/4688/502 6470/6313/1459 1864/4417/614 518/4416/613
f 1920/4687/501 6467/6309/1455 6470/6313/1459 1921/4688/502
f 1919/4686/500 6464/6306/1452 6467/6309/1455 1920/4687/501
f 6473/6318/1396 6474/6319/1397 6477/6320/1398 6476/6321/1399
f 6474/6319/1397 6475/6322/1400 6478/6323/1401 6477/6320/1398
f 6476/6321/1399 6477/6320/1398 6480/6324/1402 6479/6325/1409
f 6477/6320/1398 6478/6323/1401 6481/6326/1404 6480/6324/1402
f 468/3445/495 1612/6062/1395 6473/6318/1396 2014/4599/496
f 1612/6062/1395 1611/6061/1394 6474/6319/1397 6473/6318/1396
f 1611/6061/1394 1610/6060/1393 6475/6322/1400 6474/6319/1397
f 1610/6060/1393 616/4969/1212 2783/4971/1175 6475/6322/1400
f 6475/6322/1400 2783/4971/1175 2784/4979/1183 6478/6323/1401
f 6478/6323/1401 2784/4979/1183 2785/4977/1181 6481/6326/1404
f 6481/6326/1404 2785/4977/1181 656/4978/1182 1895/6251/1405
f 6480/6324/1402 6481/6326/1404 1895/6251/1405 1896/6250/1406
f 6479/6325/1409 6480/6324/1402 1896/6250/1406 1897/6249/1407
f 2012/4601/498 6479/6325/1409 1897/6249/1407 529/4602/499
f 2013/4600/497 6476/6321/1399 6479/6325/1409 2012/4601/498
f 2014/4599/496 6473/6318/1396 6476/6321/1399 2013/4600/497
f 6482/6327/1489 6483/6328/1490 6486/6329/1491 6485/6330/1492
f 6483/6328/1490 6484/6331/1493 6487/6332/1494 6486/6329/1491
f 6485/6330/1492 6486/6329/1491 6489/6333/1495 6488/6334/1496
f 6486/6329/1491 6487/6332/1494 6490/6335/1497 6489/6333/1495
f 456/3217/795 1576/6146/1448 6482/6327/1489 2032/4682/1159
f 1576/6146/1448 1575/6145/1447 6483/6328/1490 6482/6327/1489
f 1575/6145/1447 1574/6144/1446 6484/6331/1493 6483/6328/1490
f 1574/6144/1446 604/4937/1275 2786/4939/1277 6484/6331/1493
f 6484/6331/1493 2786/4939/1277 2787/4947/1285 6487/6332/1494
f 6487/6332/1494 2787/4947/1285 2788/4945/1283 6490/6335/1497
f 6490/6335/1497 2788/4945/1283 644/4946/1284 1859/6317/1488
f 6489/6333/1495 6490/6335/1497 1859/6317/1488 1860/6316/1487
f 6488/6334/1496 6489/6333/1495 1860/6316/1487 1861/6315/1486
f 2030/4684/1161 6488/6334/1496 1861/6315/1486 517/4685/1162
f 2031/4683/1160 6485/6330/1492 6488/6334/1496 2030/4684/1161
f 2032/4682/1159 6482/6327/1489 6485/6330/1492 2031/4683/1160
f 6491/6336/1396 6492/6337/1397 6495/6338/1398 6494/6339/1399
f 6492/6337/1397 6493/6340/1400 6496/6341/1401 6495/6338/1398
f 6494/6339/1399 6495/6338/1398 6498/6342/1402 6497/6343/1409
f 6495/6338/1398 6496/6341/1401 6499/6344/1404 6498/6342/1402
f 470/3485/495 1618/6050/1395 6491/6336/1396 2044/4725/496
f 1618/6050/1395 1617/6049/1394 6492/6337/1397 6491/6336/1396
f 1617/6049/1394 1616/6048/1393 6493/6340/1400 6492/6337/1397
f 1616/6048/1393 618/4917/1212 2789/4919/1175 6493/6340/1400
f 6493/6340/1400 2789/4919/1175 2790/4927/1183 6496/6341/1401
f 6496/6341/1401 2790/4927/1183 2791/4925/1181 6499/6344/1404
f 6499/6344/1404 2791/4925/1181 658/4926/1182 1901/6239/1405
f 6498/6342/1402 6499/6344/1404 1901/6239/1405 1902/6238/1406
f 6497/6343/1409 6498/6342/1402 1902/6238/1406 1903/6237/1407
f 2042/4727/498 6497/6343/1409 1903/6237/1407 531/4728/499
f 2043/4726/497 6494/6339/1399 6497/6343/1409 2042/4727/498
f 2044/4725/496 6491/6336/1396 6494/6339/1399 2043/4726/497
f 6500/6345/1396 6501/6346/1397 6504/6347/1398 6503/6348/1399
f 6501/6346/1397 6502/6349/1400 6505/6350/1401 6504/6347/1398
f 6503/6348/1399 6504/6347/1398 6507/6351/1402 6506/6352/1409
f 6504/6347/1398 6505/6350/1401 6508/6353/1404 6507/6351/1402
f 458/2923/695 1582/6131/1395 6500/6345/1396 1955/2924/696
f 1582/6131/1395 1581/6130/1394 6501/6346/1397 6500/6345/1396
f 1581/6130/1394 1580/6129/1393 6502/6349/1400 6501/6346/1397
f 1580/6129/1393 606/4873/1212 2792/4875/1175 6502/6349/1400
f 6502/6349/1400 2792/4875/1175 2793/4883/1183 6505/6350/1401
f 6505/6350/1401 2793/4883/1183 2794/4881/1181 6508/6353/1404
f 6508/6353/1404 2794/4881/1181 646/4882/1264 1865/6305/1485
f 6507/6351/1402 6508/6353/1404 1865/6305/1485 1866/6304/1484
f 6506/6352/1409 6507/6351/1402 1866/6304/1484 1867/6303/1483
f 1957/2926/698 6506/6352/1409 1867/6303/1483 519/2927/699
f 1956/2925/697 6503/6348/1399 6506/6352/1409 1957/2926/698
f 1955/2924/696 6500/6345/1396 6503/6348/1399 1956/2925/697
f 6509/6354/1396 6510/6355/1408 6513/6356/1398 6512/6357/1399
f 6510/6355/1408 6511/6358/1400 6514/6359/1401 6513/6356/1398
f 6512/6357/1399 6513/6356/1398 6516/6360/1402 6515/6361/1409
f 6513/6356/1398 6514/6359/1401 6517/6362/1404 6516/6360/1402
f 472/2789/495 1624/6038/1395 6509/6354/1396 1973/2790/496
f 1624/6038/1395 1623/6037/1394 6510/6355/1408 6509/6354/1396
f 1623/6037/1394 1622/6036/1393 6511/6358/1400 6510/6355/1408
f 1622/6036/1393 620/4853/1212 2795/4855/1175 6511/6358/1400
f 6511/6358/1400 2795/4855/1175 2796/4863/1183 6514/6359/1401
f 6514/6359/1401 2796/4863/1183 2797/4861/1181 6517/6362/1404
f 6517/6362/1404 2797/4861/1181 660/4862/1182 1907/6227/1405
f 6516/6360/1402 6517/6362/1404 1907/6227/1405 1908/6226/1406
f 6515/6361/1409 6516/6360/1402 1908/6226/1406 1909/6225/1407
f 1975/2792/498 6515/6361/1409 1909/6225/1407 533/2793/499
f 1974/2791/497 6512/6357/1399 6515/6361/1409 1975/2792/498
f 1973/2790/496 6509/6354/1396 6512/6357/1399 1974/2791/497
f 6518/6363/1498 6519/6364/1499 6522/6365/1500 6521/6366/1501
f 6519/6364/1499 6520/6367/1502 6523/6368/1503 6522/6365/1500
f 6521/6366/1501 6522/6365/1500 6525/6369/1504 6524/6370/1505
f 6522/6365/1500 6523/6368/1503 6526/6371/1506 6525/6369/1504
f 460/2695/584 1588/6119/1433 6518/6363/1498 1985/2696/585
f 1588/6119/1433 1587/6118/1432 6519/6364/1499 6518/6363/1498
f 1587/6118/1432 1586/6117/1431 6520/6367/1502 6519/6364/1499
f 1586/6117/1431 608/4809/1226 2798/4811/1228 6520/6367/1502
f 6520/6367/1502 2798/4811/1228 2799/4819/1236 6523/6368/1503
f 6523/6368/1503 2799/4819/1236 2800/4817/1234 6526/6371/1506
f 6526/6371/1506 2800/4817/1234 648/4818/1235 1871/6293/1473
f 6525/6369/1504 6526/6371/1506 1871/6293/1473 1872/6292/1472
f 6524/6370/1505 6525/6369/1504 1872/6292/1472 1873/6291/1471
f 1987/2698/587 6524/6370/1505 1873/6291/1471 521/2699/588
f 1986/2697/586 6521/6366/1501 6524/6370/1505 1987/2698/587
f 1985/2696/585 6518/6363/1498 6521/6366/1501 1986/2697/586
f 6527/6372/1396 6528/6373/1397 6531/6374/1398 6530/6375/1399
f 6528/6373/1397 6529/6376/1400 6532/6377/1401 6531/6374/1398
f 6530/6375/1399 6531/6374/1398 6534/6378/1402 6533/6379/1409
f 6531/6374/1398 6532/6377/1401 6535/6380/1404 6534/6378/1402
f 474/2545/495 1630/6011/1395 6527/6372/1396 1994/2546/496
f 1630/6011/1395 1629/6010/1394 6528/6373/1397 6527/6372/1396
f 1629/6010/1394 1628/6009/1393 6529/6376/1400 6528/6373/1397
f 1628/6009/1393 622/4789/1212 2801/4791/1175 6529/6376/1400
f 6529/6376/1400 2801/4791/1175 2802/4799/1183 6532/6377/1401
f 6532/6377/1401 2802/4799/1183 2803/4797/1181 6535/6380/1404
f 6535/6380/1404 2803/4797/1181 662/4798/1182 1913/6215/1405
f 6534/6378/1402 6535/6380/1404 1913/6215/1405 1914/6214/1406
f 6533/6379/1409 6534/6378/1402 1914/6214/1406 1915/6213/1407
f 1996/2548/498 6533/6379/1409 1915/6213/1407 535/2549/499
f 1995/2547/497 6530/6375/1399 6533/6379/1409 1996/2548/498
f 1994/2546/496 6527/6372/1396 6530/6375/1399 1995/2547/497
f 6536/6381/1396 6537/6382/1397 6540/6383/1398 6539/6384/1399
f 6537/6382/1397 6538/6385/1400 6541/6386/1401 6540/6383/1398
f 6539/6384/1399 6540/6383/1398 6543/6387/1402 6542/6388/1409
f 6540/6383/1398 6541/6386/1401 6544/6389/1404 6543/6387/1402
f 462/3327/902 1594/6107/1421 6536/6381/1396 2003/4252/496
f 1594/6107/1421 1593/6106/1420 6537/6382/1397 6536/6381/1396
f 1593/6106/1420 1592/6105/1419 6538/6385/1400 6537/6382/1397
f 1592/6105/1419 610/4741/1173 2804/4743/1175 6538/6385/1400
f 6538/6385/1400 2804/4743/1175 2805/4751/1183 6541/6386/1401
f 6541/6386/1401 2805/4751/1183 2806/4749/1181 6544/6389/1404
f 6544/6389/1404 2806/4749/1181 650/4750/1182 1877/6281/1405
f 6543/6387/1402 6544/6389/1404 1877/6281/1405 1878/6280/1406
f 6542/6388/1409 6543/6387/1402 1878/6280/1406 1879/6279/1407
f 2005/4254/498 6542/6388/1409 1879/6279/1407 523/4255/499
f 2004/4253/497 6539/6384/1399 6542/6388/1409 2005/4254/498
f 2003/4252/496 6536/6381/1396 6539/6384/1399 2004/4253/497
f 6545/6390/1507 6546/6391/1508 6549/6392/1509 6548/6393/1510
f 6546/6391/1508 6547/6394/1511 6550/6395/1512 6549/6392/1509
f 6548/6393/1510 6549/6392/1509 6552/6396/1513 6551/6397/1514
f 6549/6392/1509 6550/6395/1512 6553/6398/1515 6552/6396/1513
f 560/4764/1196 2519/6399/1516 6545/6390/1507 2264/4765/1197
f 2519/6399/1516 2520/6400/1517 6546/6391/1508 6545/6390/1507
f 2520/6400/1517 2521/6401/1518 6547/6394/1511 6546/6391/1508
f 2521/6401/1518 623/4662/1140 2807/4664/1142 6547/6394/1511
f 6547/6394/1511 2807/4664/1142 2808/4672/1150 6550/6395/1512
f 6550/6395/1512 2808/4672/1150 2809/4670/1148 6553/6398/1515
f 6553/6398/1515 2809/4670/1148 663/4671/1149 2641/5147/1332
f 6552/6396/1513 6553/6398/1515 2641/5147/1332 2640/5146/1331
f 6551/6397/1514 6552/6396/1513 2640/5146/1331 2639/5145/1330
f 2266/4767/1199 6551/6397/1514 2639/5145/1330 600/4010/935
f 2265/4766/1198 6548/6393/1510 6551/6397/1514 2266/4767/1199
f 2264/4765/1197 6545/6390/1507 6548/6393/1510 2265/4766/1198
f 6554/6402/1519 6555/6403/1519 6558/6404/1520 6557/6405/1520
f 6555/6403/1519 6556/6406/1519 6559/6407/1520 6558/6404/1520
f 6557/6405/1520 6558/6404/1520 6561/6408/1519 6560/6409/1519
f 6558/6404/1520 6559/6407/1520 6562/6410/1519 6561/6408/1519
f 546/2849/639 2477/5296/1380 6554/6402/1519 2267/4777/1209
f 2477/5296/1380 2478/5295/1311 6555/6403/1519 6554/6402/1519
f 2478/5295/1311 2479/5293/1380 6556/6406/1519 6555/6403/1519
f 2479/5293/1380 609/4642/1120 2810/4644/1122 6556/6406/1519
f 6556/6406/1519 2810/4644/1122 2811/4652/1130 6559/6407/1520
f 6559/6407/1520 2811/4652/1130 2812/4650/1128 6562/6410/1519
f 6562/6410/1519 2812/4650/1128 649/4651/1129 2599/5034/1325
f 6561/6408/1519 6562/6410/1519 2599/5034/1325 2598/5033/1325
f 6560/6409/1519 6561/6408/1519 2598/5033/1325 2597/5032/1325
f 2269/4779/1211 6560/6409/1519 2597/5032/1325 586/4167/965
f 2268/4778/1210 6557/6405/1520 6560/6409/1519 2269/4779/1211
f 2267/4777/1209 6554/6402/1519 6557/6405/1520 2268/4778/1210
f 6563/6411/1521 6564/6412/1522 6567/6413/1523 6566/6414/1524
f 6564/6412/1522 6565/6415/1525 6568/6416/1526 6567/6413/1523
f 6566/6414/1524 6567/6413/1523 6570/6417/1527 6569/6418/1528
f 6567/6413/1523 6568/6416/1526 6571/6419/1529 6570/6417/1527
f 558/2565/515 2513/5430/1358 6563/6411/1521 2276/4829/1246
f 2513/5430/1358 2514/5429/1357 6564/6412/1522 6563/6411/1521
f 2514/5429/1357 2515/5427/1355 6565/6415/1525 6564/6412/1522
f 2515/5427/1355 621/4552/604 2813/4554/606 6565/6415/1525
f 6565/6415/1525 2813/4554/606 2814/4562/619 6568/6416/1526
f 6568/6416/1526 2814/4562/619 2815/4560/617 6571/6419/1529
f 6571/6419/1529 2815/4560/617 661/4561/618 2635/5132/1297
f 6570/6417/1527 6571/6419/1529 2635/5132/1297 2634/5131/1296
f 6569/6418/1528 6570/6417/1527 2634/5131/1296 2633/5130/1295
f 2278/4831/1248 6569/6418/1528 2633/5130/1295 598/4035/940
f 2277/4830/1247 6566/6414/1524 6569/6418/1528 2278/4831/1248
f 2276/4829/1246 6563/6411/1521 6566/6414/1524 2277/4830/1247
f 6572/6420/1530 6573/6421/1531 6576/6422/1520 6575/6423/1532
f 6573/6421/1531 6574/6424/1533 6577/6425/1534 6576/6422/1520
f 6575/6423/1532 6576/6422/1520 6579/6426/1535 6578/6427/1536
f 6576/6422/1520 6577/6425/1534 6580/6428/1537 6579/6426/1535
f 544/2893/665 2471/5281/1370 6572/6420/1530 2279/4841/1258
f 2471/5281/1370 2472/5280/1369 6573/6421/1531 6572/6420/1530
f 2472/5280/1369 2473/5278/1367 6574/6424/1533 6573/6421/1531
f 2473/5278/1367 607/4532/1077 2816/4534/1079 6574/6424/1533
f 6574/6424/1533 2816/4534/1079 2817/4542/1087 6577/6425/1534
f 6577/6425/1534 2817/4542/1087 2818/4540/1085 6580/6428/1537
f 6580/6428/1537 2818/4540/1085 647/4541/1086 2593/5019/1312
f 6579/6426/1535 6580/6428/1537 2593/5019/1312 2592/5018/1311
f 6578/6427/1536 6579/6426/1535 2592/5018/1311 2591/5017/1310
f 2281/4843/1260 6578/6427/1536 2591/5017/1310 584/4192/990
f 2280/4842/1259 6575/6423/1532 6578/6427/1536 2281/4843/1260
f 2279/4841/1258 6572/6420/1530 6575/6423/1532 2280/4842/1259
f 6581/6429/1521 6582/6430/1522 6585/6431/1523 6584/6432/1524
f 6582/6430/1522 6583/6433/1525 6586/6434/1526 6585/6431/1523
f 6584/6432/1524 6585/6431/1523 6588/6435/1527 6587/6436/1528
f 6585/6431/1523 6586/6434/1526 6589/6437/1529 6588/6435/1527
f 556/2615/515 2507/5403/1358 6581/6429/1521 2288/4893/1246
f 2507/5403/1358 2508/5402/1357 6582/6430/1522 6581/6429/1521
f 2508/5402/1357 2509/5400/1355 6583/6433/1525 6582/6430/1522
f 2509/5400/1355 619/4432/604 2819/4434/606 6583/6433/1525
f 6583/6433/1525 2819/4434/606 2820/4446/619 6586/6434/1526
f 6586/6434/1526 2820/4446/619 2821/4444/617 6589/6437/1529
f 6589/6437/1529 2821/4444/617 659/4445/618 2629/5117/1297
f 6588/6435/1527 6589/6437/1529 2629/5117/1297 2628/5116/1296
f 6587/6436/1528 6588/6435/1527 2628/5116/1296 2627/5115/1295
f 2290/4895/1248 6587/6436/1528 2627/5115/1295 596/4060/940
f 2289/4894/1247 6584/6432/1524 6587/6436/1528 2290/4895/1248
f 2288/4893/1246 6581/6429/1521 6584/6432/1524 2289/4894/1247
f 6590/6438/1521 6591/6439/1522 6594/6440/1523 6593/6441/1524
f 6591/6439/1522 6592/6442/1525 6595/6443/1526 6594/6440/1523
f 6593/6441/1524 6594/6440/1523 6597/6444/1527 6596/6445/1528
f 6594/6440/1523 6595/6443/1526 6598/6446/1529 6597/6444/1527
f 542/2943/515 2465/5266/1358 6590/6438/1521 2291/4905/1246
f 2465/5266/1358 2466/5265/1357 6591/6439/1522 6590/6438/1521
f 2466/5265/1357 2467/5263/1355 6592/6442/1525 6591/6439/1522
f 2467/5263/1355 605/4408/604 2822/4410/606 6592/6442/1525
f 6592/6442/1525 2822/4410/606 2823/4422/619 6595/6443/1526
f 6595/6443/1526 2823/4422/619 2824/4420/617 6598/6446/1529
f 6598/6446/1529 2824/4420/617 645/4421/618 2587/5004/1297
f 6597/6444/1527 6598/6446/1529 2587/5004/1297 2586/5003/1296
f 6596/6445/1528 6597/6444/1527 2586/5003/1296 2585/5002/1295
f 2293/4907/1248 6596/6445/1528 2585/5002/1295 582/4217/940
f 2292/4906/1247 6593/6441/1524 6596/6445/1528 2293/4907/1248
f 2291/4905/1246 6590/6438/1521 6593/6441/1524 2292/4906/1247
f 6599/6447/1521 6600/6448/1522 6603/6449/1523 6602/6450/1524
f 6600/6448/1522 6601/6451/1525 6604/6452/1526 6603/6449/1523
f 6602/6450/1524 6603/6449/1523 6606/6453/1527 6605/6454/1528
f 6603/6449/1523 6604/6452/1526 6607/6455/1529 6606/6453/1527
f 554/2665/515 2501/5388/1358 6599/6447/1521 2300/4957/1246
f 2501/5388/1358 2502/5387/1357 6600/6448/1522 6599/6447/1521
f 2502/5387/1357 2503/5385/1355 6601/6451/1525 6600/6448/1522
f 2503/5385/1355 617/4301/604 2825/4303/606 6601/6451/1525
f 6601/6451/1525 2825/4303/606 2826/4315/619 6604/6452/1526
f 6604/6452/1526 2826/4315/619 2827/4313/617 6607/6455/1529
f 6607/6455/1529 2827/4313/617 657/4314/618 2623/5102/1297
f 6606/6453/1527 6607/6455/1529 2623/5102/1297 2622/5101/1296
f 6605/6454/1528 6606/6453/1527 2622/5101/1296 2621/5100/1295
f 2302/4959/1248 6605/6454/1528 2621/5100/1295 594/4085/940
f 2301/4958/1247 6602/6450/1524 6605/6454/1528 2302/4959/1248
f 2300/4957/1246 6599/6447/1521 6602/6450/1524 2301/4958/1247
f 6608/6456/1521 6609/6457/1522 6612/6458/1523 6611/6459/1524
f 6609/6457/1522 6610/6460/1525 6613/6461/1526 6612/6458/1523
f 6611/6459/1524 6612/6458/1523 6615/6462/1527 6614/6463/1528
f 6612/6458/1523 6613/6461/1526 6616/6464/1529 6615/6462/1527
f 552/2715/515 2495/5373/1358 6608/6456/1521 2306/4989/1246
f 2495/5373/1358 2496/5372/1357 6609/6457/1522 6608/6456/1521
f 2496/5372/1357 2497/5370/1355 6610/6460/1525 6609/6457/1522
f 2497/5370/1355 615/4228/604 2828/4230/606 6610/6460/1525
f 6610/6460/1525 2828/4230/606 2829/4242/619 6613/6461/1526
f 6613/6461/1526 2829/4242/619 2830/4240/617 6616/6464/1529
f 6616/6464/1529 2830/4240/617 655/4241/618 2617/5087/1297
f 6615/6462/1527 6616/6464/1529 2617/5087/1297 2616/5086/1296
f 6614/6463/1528 6615/6462/1527 2616/5086/1296 2615/5085/1295
f 2308/4991/1248 6614/6463/1528 2615/5085/1295 592/4101/940
f 2307/4990/1247 6611/6459/1524 6614/6463/1528 2308/4991/1248
f 2306/4989/1246 6608/6456/1521 6611/6459/1524 2307/4990/1247
f 6617/6465/1521 6618/6466/1522 6621/6467/1523 6620/6468/1524
f 6618/6466/1522 6619/6469/1525 6622/6470/1526 6621/6467/1523
f 6620/6468/1524 6621/6467/1523 6624/6471/1527 6623/6472/1528
f 6621/6467/1523 6622/6470/1526 6625/6473/1529 6624/6471/1527
f 548/2809/515 2483/5327/1358 6617/6465/1521 2354/5251/1246
f 2483/5327/1358 2484/5326/1357 6618/6466/1522 6617/6465/1521
f 2484/5326/1357 2485/5324/1355 6619/6469/1525 6618/6466/1522
f 2485/5324/1355 611/2968/604 2831/2970/606 6619/6469/1525
f 6619/6469/1525 2831/2970/606 2832/2983/619 6622/6470/1526
f 6622/6470/1526 2832/2983/619 2833/2981/617 6625/6473/1529
f 6625/6473/1529 2833/2981/617 651/2982/618 2605/5049/1297
f 6624/6471/1527 6625/6473/1529 2605/5049/1297 2604/5048/1296
f 6623/6472/1528 6624/6471/1527 2604/5048/1296 2603/5047/1295
f 2356/5253/1248 6623/6472/1528 2603/5047/1295 588/4142/940
f 2355/5252/1247 6620/6468/1524 6623/6472/1528 2356/5253/1248
f 2354/5251/1246 6617/6465/1521 6620/6468/1524 2355/5252/1247
f 6626/6474/1521 6627/6475/1522 6630/6476/1523 6629/6477/1524
f 6627/6475/1522 6628/6478/1525 6631/6479/1526 6630/6476/1523
f 6629/6477/1524 6630/6476/1523 6633/6480/1527 6632/6481/1528
f 6630/6476/1523 6631/6479/1526 6634/6482/1529 6633/6480/1527
f 550/2765/515 2489/5342/1358 6626/6474/1521 2375/5358/1246
f 2489/5342/1358 2490/5341/1357 6627/6475/1522 6626/6474/1521
f 2490/5341/1357 2491/5339/1355 6628/6478/1525 6627/6475/1522
f 2491/5339/1355 613/2740/604 2834/2742/606 6628/6478/1525
f 6628/6478/1525 2834/2742/606 2835/2755/619 6631/6479/1526
f 6631/6479/1526 2835/2755/619 2836/2753/617 6634/6482/1529
f 6634/6482/1529 2836/2753/617 653/2754/618 2611/5068/1297
f 6633/6480/1527 6634/6482/1529 2611/5068/1297 2610/5067/1296
f 6632/6481/1528 6633/6480/1527 2610/5067/1296 2609/5066/1295
f 2377/5360/1248 6632/6481/1528 2609/5066/1295 590/4117/940
f 2376/5359/1247 6629/6477/1524 6632/6481/1528 2377/5360/1248
f 2375/5358/1246 6626/6474/1521 6629/6477/1524 2376/5359/1247
f 6635/6483/479 6636/6484/479 6639/6485/479 6638/6486/479
f 6636/6484/479 6637/6487/479 6640/6488/479 6639/6485/479
f 6638/6486/479 6639/6485/479 6642/6489/479 6641/6490/479
f 6639/6485/479 6640/6488/479 6643/6491/479 6642/6489/479
f 495/3980/479 1693/5771/479 6635/6483/479 2855/6492/479
f 1693/5771/479 1692/5770/479 6636/6484/479 6635/6483/479
f 1692/5770/479 1691/5769/479 6637/6487/479 6636/6484/479
f 1691/5769/479 643/5755/479 2870/6493/479 6637/6487/479
f 6637/6487/479 2870/6493/479 2871/6494/479 6640/6488/479
f 6640/6488/479 2871/6494/479 2872/6495/479 6643/6491/479
f 6643/6491/479 2872/6495/479 676/5179/750 2873/6188/750
f 6642/6489/479 6643/6491/479 2873/6188/750 2874/6187/750
f 6641/6490/479 6642/6489/479 2874/6187/750 2875/6186/750
f 2857/6496/479 6641/6490/479 2875/6186/750 671/3143/750
f 2856/6497/479 6638/6486/479 6641/6490/479 2857/6496/479
f 2855/6492/479 6635/6483/479 6638/6486/479 2856/6497/479
f 6644/6498/1538 6645/6499/1538 6648/6500/1539 6647/6501/1539
f 6645/6499/1538 6646/6502/1538 6649/6503/1539 6648/6500/1539
f 6647/6501/1539 6648/6500/1539 6651/6504/1540 6650/6505/1540
f 6648/6500/1539 6649/6503/1539 6652/6506/1540 6651/6504/1540
f 455/3167/746 1573/6176/746 6644/6498/1538 2858/6507/1538
f 1573/6176/746 1572/6175/746 6645/6499/1538 6644/6498/1538
f 1572/6175/746 1571/6174/746 6646/6502/1538 6645/6499/1538
f 1571/6174/746 603/5204/746 2867/6508/1538 6646/6502/1538
f 6646/6502/1538 2867/6508/1538 2868/6509/1539 6649/6503/1539
f 6649/6503/1539 2868/6509/1539 2869/6510/1540 6652/6506/1540
f 6652/6506/1540 2869/6510/1540 675/5235/717 2876/6143/1445
f 6651/6504/1540 6652/6506/1540 2876/6143/1445 2877/6142/1444
f 6650/6505/1540 6651/6504/1540 2877/6142/1444 2878/6141/1443
f 2860/6511/1540 6650/6505/1540 2878/6141/1443 672/3213/791
f 2859/6512/1539 6647/6501/1539 6650/6505/1540 2860/6511/1540
f 2858/6507/1538 6644/6498/1538 6647/6501/1539 2859/6512/1539
f 6653/6513/1538 6654/6514/1538 6657/6515/1539 6656/6516/1539
f 6654/6514/1538 6655/6517/1538 6658/6518/1539 6657/6515/1539
f 6656/6516/1539 6657/6515/1539 6660/6519/1540 6659/6520/1540
f 6657/6515/1539 6658/6518/1539 6661/6521/1540 6660/6519/1540
f 603/5204/746 2461/5202/746 6653/6513/1538 2867/6508/1538
f 2461/5202/746 2460/5201/746 6654/6514/1538 6653/6513/1538
f 2460/5201/746 2459/5200/746 6655/6517/1538 6654/6514/1538
f 2459/5200/746 540/3057/746 2864/6522/1538 6655/6517/1538
f 6655/6517/1538 2864/6522/1538 2865/6523/1539 6658/6518/1539
f 6658/6518/1539 2865/6523/1539 2866/6524/1540 6661/6521/1540
f 6661/6521/1540 2866/6524/1540 674/2993/717 2879/5239/1344
f 6660/6519/1540 6661/6521/1540 2879/5239/1344 2880/5238/1346
f 6659/6520/1540 6660/6519/1540 2880/5238/1346 2881/5236/1344
f 2869/6510/1540 6659/6520/1540 2881/5236/1344 675/5235/717
f 2868/6509/1539 6656/6516/1539 6659/6520/1540 2869/6510/1540
f 2867/6508/1538 6653/6513/1538 6656/6516/1539 2868/6509/1539
f 6662/6525/479 6663/6526/479 6666/6527/479 6665/6528/479
f 6663/6526/479 6664/6529/479 6667/6530/479 6666/6527/479
f 6665/6528/479 6666/6527/479 6669/6531/479 6668/6532/479
f 6666/6527/479 6667/6530/479 6670/6533/479 6669/6531/479
f 643/5755/479 2581/5753/479 6662/6525/479 2870/6493/479
f 2581/5753/479 2580/5752/479 6663/6526/479 6662/6525/479
f 2580/5752/479 2579/5751/479 6664/6529/479 6663/6526/479
f 2579/5751/479 580/2149/479 2861/6534/479 6664/6529/479
f 6664/6529/479 2861/6534/479 2862/6535/479 6667/6530/479
f 6667/6530/479 2862/6535/479 2863/6536/479 6670/6533/479
f 6670/6533/479 2863/6536/479 673/3068/750 2882/5183/750
f 6669/6531/479 6670/6533/479 2882/5183/750 2883/5182/750
f 6668/6532/479 6669/6531/479 2883/5182/750 2884/5180/750
f 2872/6495/479 6668/6532/479 2884/5180/750 676/5179/750
f 2871/6494/479 6665/6528/479 6668/6532/479 2872/6495/479
f 2870/6493/479 6662/6525/479 6665/6528/479 2871/6494/479
f 6671/6537/1538 6672/6538/1538 6675/6539/1539 6674/6540/1539
f 6672/6538/1538 6673/6541/1538 6676/6542/1539 6675/6539/1539
f 6674/6540/1539 6675/6539/1539 6678/6543/1540 6677/6544/1540
f 6675/6539/1539 6676/6542/1539 6679/6545/1540 6678/6543/1540
f 691/3172/767 2989/3170/746 6671/6537/1538 3134/6546/1541
f 2989/3170/746 2988/3169/746 6672/6538/1538 6671/6537/1538
f 2988/3169/746 2987/3168/746 6673/6541/1538 6672/6538/1538
f 2987/3168/746 455/3167/746 2858/6507/1538 6673/6541/1538
f 6673/6541/1538 2858/6507/1538 2859/6512/1539 6676/6542/1539
f 6676/6542/1539 2859/6512/1539 2860/6511/1540 6679/6545/1540
f 6679/6545/1540 2860/6511/1540 672/3213/791 3113/3212/790
f 6678/6543/1540 6679/6545/1540 3113/3212/790 3114/3211/789
f 6677/6544/1540 6678/6543/1540 3114/3211/789 3115/3209/787
f 3136/6547/1542 6677/6544/1540 3115/3209/787 733/3208/786
f 3135/6548/1543 6674/6540/1539 6677/6544/1540 3136/6547/1542
f 3134/6546/1541 6671/6537/1538 6674/6540/1539 3135/6548/1543
f 6680/6549/479 6681/6550/479 6684/6551/479 6683/6552/479
f 6681/6550/479 6682/6553/479 6685/6554/479 6684/6551/479
f 6683/6552/479 6684/6551/479 6687/6555/479 6686/6556/479
f 6684/6551/479 6685/6554/479 6688/6557/479 6687/6555/479
f 731/3985/917 3109/3983/479 6680/6549/479 3131/6558/917
f 3109/3983/479 3108/3982/479 6681/6550/479 6680/6549/479
f 3108/3982/479 3107/3981/479 6682/6553/479 6681/6550/479
f 3107/3981/479 495/3980/479 2855/6492/479 6682/6553/479
f 6682/6553/479 2855/6492/479 2856/6497/479 6685/6554/479
f 6685/6554/479 2856/6497/479 2857/6496/479 6688/6557/479
f 6688/6557/479 2857/6496/479 671/3143/750 3116/3142/750
f 6687/6555/479 6688/6557/479 3116/3142/750 3117/3141/750
f 6686/6556/479 6687/6555/479 3117/3141/750 3118/3139/750
f 3133/6559/917 6686/6556/479 3118/3139/750 734/3138/760
f 3132/6560/917 6683/6552/479 6686/6556/479 3133/6559/917
f 3131/6558/917 6680/6549/479 6683/6552/479 3132/6560/917
f 6689/6561/479 6690/6562/479 6693/6563/479 6692/6564/479
f 6690/6562/479 6691/6565/479 6694/6566/479 6693/6563/479
f 6692/6564/479 6693/6563/479 6696/6567/479 6695/6568/479
f 6693/6563/479 6694/6566/479 6697/6569/479 6696/6567/479
f 580/2149/479 2200/2147/479 6689/6561/479 2861/6534/479
f 2200/2147/479 2199/2146/479 6690/6562/479 6689/6561/479
f 2199/2146/479 2198/2145/479 6691/6565/479 6690/6562/479
f 2198/2145/479 452/2144/479 2852/6570/479 6691/6565/479
f 6691/6565/479 2852/6570/479 2853/6571/479 6694/6566/479
f 6694/6566/479 2853/6571/479 2854/6572/479 6697/6569/479
f 6697/6569/479 2854/6572/479 670/3073/750 2891/3072/750
f 6696/6567/479 6697/6569/479 2891/3072/750 2892/3071/750
f 6695/6568/479 6696/6567/479 2892/3071/750 2893/3069/750
f 2863/6536/479 6695/6568/479 2893/3069/750 673/3068/750
f 2862/6535/479 6692/6564/479 6695/6568/479 2863/6536/479
f 2861/6534/479 6689/6561/479 6692/6564/479 2862/6535/479
f 6698/6573/1538 6699/6574/1538 6702/6575/1539 6701/6576/1539
f 6699/6574/1538 6700/6577/1538 6703/6578/1539 6702/6575/1539
f 6701/6576/1539 6702/6575/1539 6705/6579/1540 6704/6580/1540
f 6702/6575/1539 6703/6578/1539 6706/6581/1540 6705/6579/1540
f 540/3057/746 2080/3055/746 6698/6573/1538 2864/6522/1538
f 2080/3055/746 2079/3054/746 6699/6574/1538 6698/6573/1538
f 2079/3054/746 2078/3053/746 6700/6577/1538 6699/6574/1538
f 2078/3053/746 412/3052/746 2849/6582/1538 6700/6577/1538
f 6700/6577/1538 2849/6582/1538 2850/6583/1539 6703/6578/1539
f 6703/6578/1539 2850/6583/1539 2851/6584/1540 6706/6581/1540
f 6706/6581/1540 2851/6584/1540 669/2998/722 2894/2997/721
f 6705/6579/1540 6706/6581/1540 2894/2997/721 2895/2996/720
f 6704/6580/1540 6705/6579/1540 2895/2996/720 2896/2994/718
f 2866/6524/1540 6704/6580/1540 2896/2994/718 674/2993/717
f 2865/6523/1539 6701/6576/1539 6704/6580/1540 2866/6524/1540
f 2864/6522/1538 6698/6573/1538 6701/6576/1539 2865/6523/1539
f 6707/6585/1544 6708/6586/1545 6711/6587/1546 6710/6588/1547
f 6708/6586/1545 6709/6589/1548 6712/6590/1549 6711/6587/1546
f 6710/6588/1547 6711/6587/1546 6714/6591/1550 6713/6592/1551
f 6711/6587/1546 6712/6590/1549 6715/6593/1552 6714/6591/1550
f 740/429/356 3280/427/354 6707/6585/1544 3422/6594/1553
f 3280/427/354 3279/426/353 6708/6586/1545 6707/6585/1544
f 3279/426/353 3278/425/352 6709/6589/1548 6708/6586/1545
f 3278/425/352 326/424/351 2846/6595/1554 6709/6589/1548
f 6709/6589/1548 2846/6595/1554 2847/6596/1555 6712/6590/1549
f 6712/6590/1549 2847/6596/1555 2848/6597/1556 6715/6593/1552
f 6715/6593/1552 2848/6597/1556 668/1330/426 3401/1329/445
f 6714/6591/1550 6715/6593/1552 3401/1329/445 3402/1328/444
f 6713/6592/1551 6714/6591/1550 3402/1328/444 3403/1326/442
f 3424/6598/1557 6713/6592/1551 3403/1326/442 781/1325/441
f 3423/6599/1558 6710/6588/1547 6713/6592/1551 3424/6598/1557
f 3422/6594/1553 6707/6585/1544 6710/6588/1547 3423/6599/1558
f 6716/6600/1559 6717/6601/1560 6720/6602/1561 6719/6603/1562
f 6717/6601/1560 6718/6604/1563 6721/6605/1564 6720/6602/1561
f 6719/6603/1562 6720/6602/1561 6723/6606/1565 6722/6607/1566
f 6720/6602/1561 6721/6605/1564 6724/6608/1567 6723/6606/1565
f 328/404/331 802/6609/330 6716/6600/1559 809/421/348
f 802/6609/330 801/6610/329 6717/6601/1560 6716/6600/1559
f 801/6610/329 800/6611/328 6718/6604/1563 6717/6601/1560
f 800/6611/328 665/515/327 2900/517/423 6718/6604/1563
f 6718/6604/1563 2900/517/423 2901/530/427 6721/6605/1564
f 6721/6605/1564 2901/530/427 2902/528/425 6724/6608/1567
f 6724/6608/1567 2902/528/425 668/529/426 2848/6612/1556
f 6723/6606/1565 6724/6608/1567 2848/6612/1556 2847/6613/1555
f 6722/6607/1566 6723/6606/1565 2847/6613/1555 2846/6614/1554
f 811/423/350 6722/6607/1566 2846/6614/1554 326/424/351
f 810/422/349 6719/6603/1562 6722/6607/1566 811/423/350
f 809/421/348 6716/6600/1559 6719/6603/1562 810/422/349
f 6725/6615/428 6726/6616/428 6729/6617/429 6728/6618/429
f 6726/6616/428 6727/6619/428 6730/6620/429 6729/6617/429
f 6728/6618/429 6729/6617/429 6732/6621/430 6731/6622/430
f 6729/6617/429 6730/6620/429 6733/6623/430 6732/6621/430
f 329/1308/432 823/6624/432 6725/6615/428 1178/1309/428
f 823/6624/432 822/6625/432 6726/6616/428 6725/6615/428
f 822/6625/432 821/6626/432 6727/6619/428 6726/6616/428
f 821/6626/432 667/465/387 2903/467/389 6727/6619/428
f 6727/6619/428 2903/467/389 2904/480/402 6730/6620/429
f 6730/6620/429 2904/480/402 2905/478/400 6733/6623/430
f 6733/6623/430 2905/478/400 666/479/401 2842/6627/434
f 6732/6621/430 6733/6623/430 2842/6627/434 2841/6628/434
f 6731/6622/430 6732/6621/430 2841/6628/434 2840/6629/434
f 1180/1311/430 6731/6622/430 2840/6629/434 388/1312/434
f 1179/1310/429 6728/6618/429 6731/6622/430 1180/1311/430
f 1178/1309/428 6725/6615/428 6728/6618/429 1179/1310/429
f 6734/6630/470 6735/6631/471 6738/6632/471 6737/6633/470
f 6735/6631/471 6736/6634/472 6739/6635/472 6738/6632/471
f 6737/6633/470 6738/6632/471 6741/6636/471 6740/6637/470
f 6738/6632/471 6739/6635/472 6742/6638/472 6741/6636/471
f 780/2124/475 3400/2122/470 6734/6630/470 3419/6639/475
f 3400/2122/470 3399/2121/471 6735/6631/471 6734/6630/470
f 3399/2121/471 3398/2120/472 6736/6634/472 6735/6631/471
f 3398/2120/472 368/2119/422 2837/6640/422 6736/6634/472
f 6736/6634/472 2837/6640/422 2838/6641/422 6739/6635/472
f 6739/6635/472 2838/6641/422 2839/6642/422 6742/6638/472
f 6742/6638/472 2839/6642/422 665/400/327 3404/399/326
f 6741/6636/471 6742/6638/472 3404/399/326 3405/398/325
f 6740/6637/470 6741/6636/471 3405/398/325 3406/396/323
f 3421/6643/475 6740/6637/470 3406/396/323 782/395/322
f 3420/6644/475 6737/6633/470 6740/6637/470 3421/6643/475
f 3419/6639/475 6734/6630/470 6737/6633/470 3420/6644/475
f 6743/6645/1568 6744/6646/1569 6747/6647/1570 6746/6648/1571
f 6744/6646/1569 6745/6649/1572 6748/6650/1573 6747/6647/1570
f 6746/6648/1571 6747/6647/1570 6750/6651/1574 6749/6652/1575
f 6747/6647/1570 6748/6650/1573 6751/6653/1576 6750/6651/1574
f 475/2540/490 1633/4666/1144 6743/6645/1568 2927/6654/1577
f 1633/4666/1144 1632/4665/1143 6744/6646/1569 6743/6645/1568
f 1632/4665/1143 1631/4663/1141 6745/6649/1572 6744/6646/1569
f 1631/4663/1141 623/4662/1140 2942/6655/1578 6745/6649/1572
f 6745/6649/1572 2942/6655/1578 2943/6656/1579 6748/6650/1573
f 6748/6650/1573 2943/6656/1579 2944/6657/1580 6751/6653/1576
f 6751/6653/1576 2944/6657/1580 688/5215/736 2945/6158/1451
f 6750/6651/1574 6751/6653/1576 2945/6158/1451 2946/6157/1450
f 6749/6652/1575 6750/6651/1574 2946/6157/1450 2947/6156/1449
f 2929/6658/1581 6749/6652/1575 2947/6156/1449 683/3188/774
f 2928/6659/1582 6746/6648/1571 6749/6652/1575 2929/6658/1581
f 2927/6654/1577 6743/6645/1568 6746/6648/1571 2928/6659/1582
f 6752/6660/1583 6753/6661/1583 6756/6662/1584 6755/6663/1584
f 6753/6661/1583 6754/6664/1583 6757/6665/1584 6756/6662/1584
f 6755/6663/1584 6756/6662/1584 6759/6666/1585 6758/6667/1585
f 6756/6662/1584 6757/6665/1584 6760/6668/1585 6759/6666/1585
f 453/3122/754 1567/6203/754 6752/6660/1583 2930/6669/1583
f 1567/6203/754 1566/6202/754 6753/6661/1583 6752/6660/1583
f 1566/6202/754 1565/6201/754 6754/6664/1583 6753/6661/1583
f 1565/6201/754 601/5168/754 2939/6670/1583 6754/6664/1583
f 6754/6664/1583 2939/6670/1583 2940/6671/1584 6757/6665/1584
f 6757/6665/1584 2940/6671/1584 2941/6672/1585 6760/6668/1585
f 6760/6668/1585 2941/6672/1585 687/5442/480 2948/5999/480
f 6759/6666/1585 6760/6668/1585 2948/5999/480 2949/5998/480
f 6758/6667/1585 6759/6666/1585 2949/5998/480 2950/5997/480
f 2932/6673/1585 6758/6667/1585 2950/5997/480 684/3596/480
f 2931/6674/1584 6755/6663/1584 6758/6667/1585 2932/6673/1585
f 2930/6669/1583 6752/6660/1583 6755/6663/1584 2931/6674/1584
f 6761/6675/1583 6762/6676/1583 6765/6677/1584 6764/6678/1584
f 6762/6676/1583 6763/6679/1583 6766/6680/1584 6765/6677/1584
f 6764/6678/1584 6765/6677/1584 6768/6681/1585 6767/6682/1585
f 6765/6677/1584 6766/6680/1584 6769/6683/1585 6768/6681/1585
f 601/5168/754 2455/5166/754 6761/6675/1583 2939/6670/1583
f 2455/5166/754 2454/5165/754 6762/6676/1583 6761/6675/1583
f 2454/5165/754 2453/5164/754 6763/6679/1583 6762/6676/1583
f 2453/5164/754 538/3102/754 2936/6684/1583 6763/6679/1583
f 6763/6679/1583 2936/6684/1583 2937/6685/1584 6766/6680/1584
f 6766/6680/1584 2937/6685/1584 2938/6686/1585 6769/6683/1585
f 6769/6683/1585 2938/6686/1585 686/2520/480 2951/5446/480
f 6768/6681/1585 6769/6683/1585 2951/5446/480 2952/5445/480
f 6767/6682/1585 6768/6681/1585 2952/5445/480 2953/5443/480
f 2941/6672/1585 6767/6682/1585 2953/5443/480 687/5442/480
f 2940/6671/1584 6764/6678/1584 6767/6682/1585 2941/6672/1585
f 2939/6670/1583 6761/6675/1583 6764/6678/1584 2940/6671/1584
f 6770/6687/1586 6771/6688/1587 6774/6689/1588 6773/6690/1589
f 6771/6688/1587 6772/6691/1590 6775/6692/1591 6774/6689/1588
f 6773/6690/1589 6774/6689/1588 6777/6693/1592 6776/6694/1593
f 6774/6689/1588 6775/6692/1591 6778/6695/1594 6777/6693/1592
f 623/4662/1140 2521/6401/1518 6770/6687/1586 2942/6655/1578
f 2521/6401/1518 2520/6400/1517 6771/6688/1587 6770/6687/1586
f 2520/6400/1517 2519/6399/1516 6772/6691/1590 6771/6688/1587
f 2519/6399/1516 560/4764/1196 2933/6696/1595 6772/6691/1590
f 6772/6691/1590 2933/6696/1595 2934/6697/1596 6775/6692/1591
f 6775/6692/1591 2934/6697/1596 2935/6698/1597 6778/6695/1594
f 6778/6695/1594 2935/6698/1597 685/3018/736 2954/5219/1333
f 6777/6693/1592 6778/6695/1594 2954/5219/1333 2955/5218/1334
f 6776/6694/1593 6777/6693/1592 2955/5218/1334 2956/5216/1333
f 2944/6657/1580 6776/6694/1593 2956/5216/1333 688/5215/736
f 2943/6656/1579 6773/6690/1589 6776/6694/1593 2944/6657/1580
f 2942/6655/1578 6770/6687/1586 6773/6690/1589 2943/6656/1579
f 6779/6699/1583 6780/6700/1583 6783/6701/1584 6782/6702/1584
f 6780/6700/1583 6781/6703/1583 6784/6704/1584 6783/6701/1584
f 6782/6702/1584 6783/6701/1584 6786/6705/1585 6785/6706/1585
f 6783/6701/1584 6784/6704/1584 6787/6707/1585 6786/6705/1585
f 689/3127/758 2983/3125/754 6779/6699/1583 3128/6708/1598
f 2983/3125/754 2982/3124/754 6780/6700/1583 6779/6699/1583
f 2982/3124/754 2981/3123/754 6781/6703/1583 6780/6700/1583
f 2981/3123/754 453/3122/754 2930/6669/1583 6781/6703/1583
f 6781/6703/1583 2930/6669/1583 2931/6674/1584 6784/6704/1584
f 6784/6704/1584 2931/6674/1584 2932/6673/1585 6787/6707/1585
f 6787/6707/1585 2932/6673/1585 684/3596/480 3119/3595/480
f 6786/6705/1585 6787/6707/1585 3119/3595/480 3120/3594/480
f 6785/6706/1585 6786/6705/1585 3120/3594/480 3121/3592/480
f 3130/6709/1599 6785/6706/1585 3121/3592/480 735/3591/916
f 3129/6710/1600 6782/6702/1584 6785/6706/1585 3130/6709/1599
f 3128/6708/1598 6779/6699/1583 6782/6702/1584 3129/6710/1600
f 6788/6711/1601 6789/6712/1602 6792/6713/1603 6791/6714/1604
f 6789/6712/1602 6790/6715/1605 6793/6716/1606 6792/6713/1603
f 6791/6714/1604 6792/6713/1603 6795/6717/1607 6794/6718/1608
f 6792/6713/1603 6793/6716/1606 6796/6719/1609 6795/6717/1607
f 711/3580/818 3049/3578/915 6788/6711/1601 3125/6720/1610
f 3049/3578/915 3048/3577/914 6789/6712/1602 6788/6711/1601
f 3048/3577/914 3047/3576/913 6790/6715/1605 6789/6712/1602
f 3047/3576/913 475/2540/490 2927/6654/1577 6790/6715/1605
f 6790/6715/1605 2927/6654/1577 2928/6659/1582 6793/6716/1606
f 6793/6716/1606 2928/6659/1582 2929/6658/1581 6796/6719/1609
f 6796/6719/1609 2929/6658/1581 683/3188/774 3122/3187/773
f 6795/6717/1607 6796/6719/1609 3122/3187/773 3123/3186/772
f 6794/6718/1608 6795/6717/1607 3123/3186/772 3124/3184/770
f 3127/6721/788 6794/6718/1608 3124/3184/770 736/3183/769
f 3126/6722/1611 6791/6714/1604 6794/6718/1608 3127/6721/788
f 3125/6720/1610 6788/6711/1601 6791/6714/1604 3126/6722/1611
f 6797/6723/1612 6798/6724/1613 6801/6725/1614 6800/6726/1615
f 6798/6724/1613 6799/6727/1616 6802/6728/1617 6801/6725/1614
f 6800/6726/1615 6801/6725/1614 6804/6729/1618 6803/6730/1619
f 6801/6725/1614 6802/6728/1617 6805/6731/1620 6804/6729/1618
f 560/4764/1196 2140/4763/1195 6797/6723/1612 2933/6696/1595
f 2140/4763/1195 2139/4762/1194 6798/6724/1613 6797/6723/1612
f 2139/4762/1194 2138/4761/1193 6799/6727/1616 6798/6724/1613
f 2138/4761/1193 432/4329/1008 2924/6732/1621 6799/6727/1616
f 6799/6727/1616 2924/6732/1621 2925/6733/1622 6802/6728/1617
f 6802/6728/1617 2925/6733/1622 2926/6734/1623 6805/6731/1620
f 6805/6731/1620 2926/6734/1623 682/3023/740 2963/3022/739
f 6804/6729/1618 6805/6731/1620 2963/3022/739 2964/3021/738
f 6803/6730/1619 6804/6729/1618 2964/3021/738 2965/3019/737
f 2935/6698/1597 6803/6730/1619 2965/3019/737 685/3018/736
f 2934/6697/1596 6800/6726/1615 6803/6730/1619 2935/6698/1597
f 2933/6696/1595 6797/6723/1612 6800/6726/1615 2934/6697/1596
f 6806/6735/1583 6807/6736/1583 6810/6737/1584 6809/6738/1584
f 6807/6736/1583 6808/6739/1583 6811/6740/1584 6810/6737/1584
f 6809/6738/1584 6810/6737/1584 6813/6741/1585 6812/6742/1585
f 6810/6737/1584 6811/6740/1584 6814/6743/1585 6813/6741/1585
f 538/3102/754 2074/3100/754 6806/6735/1583 2936/6684/1583
f 2074/3100/754 2073/3099/754 6807/6736/1583 6806/6735/1583
f 2073/3099/754 2072/3098/754 6808/6739/1583 6807/6736/1583
f 2072/3098/754 410/3097/754 2921/6744/1583 6808/6739/1583
f 6808/6739/1583 2921/6744/1583 2922/6745/1584 6811/6740/1584
f 6811/6740/1584 2922/6745/1584 2923/6746/1585 6814/6743/1585
f 6814/6743/1585 2923/6746/1585 681/2525/480 2966/2524/480
f 6813/6741/1585 6814/6743/1585 2966/2524/480 2967/2523/480
f 6812/6742/1585 6813/6741/1585 2967/2523/480 2968/2521/480
f 2938/6686/1585 6812/6742/1585 2968/2521/480 686/2520/480
f 2937/6685/1584 6809/6738/1584 6812/6742/1585 2938/6686/1585
f 2936/6684/1583 6806/6735/1583 6809/6738/1584 2937/6685/1584
f 6815/6747/1624 6816/6748/1625 6819/6749/1626 6818/6750/1627
f 6816/6748/1625 6817/6751/1628 6820/6752/1629 6819/6749/1626
f 6818/6750/1627 6819/6749/1626 6822/6753/1630 6821/6754/1631
f 6819/6749/1626 6820/6752/1629 6823/6755/1632 6822/6753/1630
f 738/384/311 3274/382/309 6815/6747/1624 3416/6756/1633
f 3274/382/309 3273/381/308 6816/6748/1625 6815/6747/1624
f 3273/381/308 3272/380/307 6817/6751/1628 6816/6748/1625
f 3272/380/307 324/379/306 2915/6757/416 6817/6751/1628
f 6817/6751/1628 2915/6757/416 2916/6758/415 6820/6752/1629
f 6820/6752/1629 2916/6758/415 2917/6759/413 6823/6755/1632
f 6823/6755/1632 2917/6759/413 679/1735/412 3407/1734/477
f 6822/6753/1630 6823/6755/1632 3407/1734/477 3408/1733/476
f 6821/6754/1631 6822/6753/1630 3408/1733/476 3409/1731/474
f 3418/6760/1634 6821/6754/1631 3409/1731/474 783/1730/473
f 3417/6761/1635 6818/6750/1627 6821/6754/1631 3418/6760/1634
f 3416/6756/1633 6815/6747/1624 6818/6750/1627 3417/6761/1635
f 6824/6762/1636 6825/6763/1637 6828/6764/1638 6827/6765/1639
f 6825/6763/1637 6826/6766/1640 6829/6767/1641 6828/6764/1638
f 6827/6765/1639 6828/6764/1638 6831/6768/1642 6830/6769/1643
f 6828/6764/1638 6829/6767/1641 6832/6770/1644 6831/6768/1642
f 323/6771/1645 799/6772/1646 6824/6762/1636 785/6773/1647
f 799/6772/1646 798/6774/1648 6825/6763/1637 6824/6762/1636
f 798/6774/1648 797/6775/1649 6826/6766/1640 6825/6763/1637
f 797/6775/1649 677/920/431 2972/922/433 6826/6766/1640
f 6826/6766/1640 2972/922/433 2973/935/437 6829/6767/1641
f 6829/6767/1641 2973/935/437 2974/933/435 6832/6770/1644
f 6832/6770/1644 2974/933/435 680/934/436 2920/6776/1650
f 6831/6768/1642 6832/6770/1644 2920/6776/1650 2919/6777/1651
f 6830/6769/1643 6831/6768/1642 2919/6777/1651 2918/6778/1652
f 787/6779/1653 6830/6769/1643 2918/6778/1652 321/6780/1654
f 786/6781/1655 6827/6765/1639 6830/6769/1643 787/6779/1653
f 785/6773/1647 6824/6762/1636 6827/6765/1639 786/6781/1655
f 6833/6782/419 6834/6783/419 6837/6784/420 6836/6785/420
f 6834/6783/419 6835/6786/419 6838/6787/420 6837/6784/420
f 6836/6785/420 6837/6784/420 6840/6788/421 6839/6789/421
f 6837/6784/420 6838/6787/420 6841/6790/421 6840/6788/421
f 349/903/422 883/6791/422 6833/6782/419 1118/904/419
f 883/6791/422 882/6792/422 6834/6783/419 6833/6782/419
f 882/6792/422 881/6793/422 6835/6786/419 6834/6783/419
f 881/6793/422 679/490/412 2975/492/414 6835/6786/419
f 6835/6786/419 2975/492/414 2976/505/418 6838/6787/420
f 6838/6787/420 2976/505/418 2977/503/417 6841/6790/421
f 6841/6790/421 2977/503/417 678/504/372 2914/6794/424
f 6840/6788/421 6841/6790/421 2914/6794/424 2913/6795/424
f 6839/6789/421 6840/6788/421 2913/6795/424 2912/6796/424
f 1120/906/421 6839/6789/421 2912/6796/424 408/907/424
f 1119/905/420 6836/6785/420 6839/6789/421 1120/906/421
f 1118/904/419 6833/6782/419 6836/6785/420 1119/905/420
f 6842/6797/438 6843/6798/439 6846/6799/439 6845/6800/438
f 6843/6798/439 6844/6801/440 6847/6802/440 6846/6799/439
f 6845/6800/438 6846/6799/439 6849/6803/439 6848/6804/438
f 6846/6799/439 6847/6802/440 6850/6805/440 6849/6803/439
f 760/1719/450 3340/1717/438 6842/6797/438 3413/6806/1656
f 3340/1717/438 3339/1716/439 6843/6798/439 6842/6797/438
f 3339/1716/439 3338/1715/440 6844/6801/440 6843/6798/439
f 3338/1715/440 408/1714/424 2912/6807/424 6844/6801/440
f 6844/6801/440 2912/6807/424 2913/6808/424 6847/6802/440
f 6847/6802/440 2913/6808/424 2914/6809/424 6850/6805/440
f 6850/6805/440 2914/6809/424 678/445/372 3410/444/371
f 6849/6803/439 6850/6805/440 3410/444/371 3411/443/370
f 6848/6804/438 6849/6803/439 3411/443/370 3412/441/368
f 3415/6810/443 6848/6804/438 3412/441/368 784/440/367
f 3414/6811/1657 6845/6800/438 6848/6804/438 3415/6810/443
f 3413/6806/1656 6842/6797/438 6845/6800/438 3414/6811/1657
f 6851/6812/1658 6852/6813/1659 6855/6814/1659 6854/6815/1658
f 6852/6813/1659 6853/6816/1660 6856/6817/1660 6855/6814/1659
f 6854/6815/1658 6855/6814/1659 6858/6818/1659 6857/6819/1658
f 6855/6814/1659 6856/6817/1660 6859/6820/1660 6858/6818/1659
f 369/6821/434 1240/6822/1658 6851/6812/1658 943/6823/434
f 1240/6822/1658 1239/6824/1659 6852/6813/1659 6851/6812/1658
f 1239/6824/1659 1238/6825/1660 6853/6816/1660 6852/6813/1659
f 1238/6825/1660 711/3580/818 3125/6720/1610 6853/6816/1660
f 6853/6816/1660 3125/6720/1610 3126/6722/1611 6856/6817/1660
f 6856/6817/1660 3126/6722/1611 3127/6721/788 6859/6820/1660
f 6859/6820/1660 3127/6721/788 736/3183/769 2960/6826/1661
f 6858/6818/1659 6859/6820/1660 2960/6826/1661 2961/6827/1662
f 6857/6819/1658 6858/6818/1659 2961/6827/1662 2962/6828/1663
f 941/6829/434 6857/6819/1658 2962/6828/1663 680/6830/436
f 942/6831/434 6854/6815/1658 6857/6819/1658 941/6829/434
f 943/6823/434 6851/6812/1658 6854/6815/1658 942/6831/434
f 6860/6832/1664 6861/6833/1665 6864/6834/1666 6863/6835/1667
f 6861/6833/1665 6862/6836/1668 6865/6837/1669 6864/6834/1666
f 6863/6835/1667 6864/6834/1666 6867/6838/1670 6866/6839/1671
f 6864/6834/1666 6865/6837/1669 6868/6840/1672 6867/6838/1670
f 323/6841/1645 796/6842/1673 6860/6832/1664 799/6843/1646
f 796/6842/1673 795/6844/1674 6861/6833/1665 6860/6832/1664
f 795/6844/1674 794/6845/1675 6862/6836/1668 6861/6833/1665
f 794/6845/1675 689/3127/758 3128/6708/1598 6862/6836/1668
f 6862/6836/1668 3128/6708/1598 3129/6710/1600 6865/6837/1669
f 6865/6837/1669 3129/6710/1600 3130/6709/1599 6868/6840/1672
f 6868/6840/1672 3130/6709/1599 735/3591/916 2957/6846/1676
f 6867/6838/1670 6868/6840/1672 2957/6846/1676 2958/6847/1677
f 6866/6839/1671 6867/6838/1670 2958/6847/1677 2959/6848/1678
f 797/6849/1649 6866/6839/1671 2959/6848/1678 677/6850/431
f 798/6851/1648 6863/6835/1667 6866/6839/1671 797/6849/1649
f 799/6843/1646 6860/6832/1664 6863/6835/1667 798/6851/1648
f 6869/6852/1679 6870/6853/1680 6873/6854/1680 6872/6855/1679
f 6870/6853/1680 6871/6856/1681 6874/6857/1681 6873/6854/1680
f 6872/6855/1679 6873/6854/1680 6876/6858/1680 6875/6859/1679
f 6873/6854/1680 6874/6857/1681 6877/6860/1681 6876/6858/1680
f 329/6861/432 1300/6862/1679 6869/6852/1679 823/6863/432
f 1300/6862/1679 1299/6864/1680 6870/6853/1680 6869/6852/1679
f 1299/6864/1680 1298/6865/1681 6871/6856/1681 6870/6853/1680
f 1298/6865/1681 731/3985/917 3131/6558/917 6871/6856/1681
f 6871/6856/1681 3131/6558/917 3132/6560/917 6874/6857/1681
f 6874/6857/1681 3132/6560/917 3133/6559/917 6877/6860/1681
f 6877/6860/1681 3133/6559/917 734/3138/760 2888/6866/1682
f 6876/6858/1680 6877/6860/1681 2888/6866/1682 2889/6867/1683
f 6875/6859/1679 6876/6858/1680 2889/6867/1683 2890/6868/1684
f 821/6869/432 6875/6859/1679 2890/6868/1684 667/6870/387
f 822/6871/432 6872/6855/1679 6875/6859/1679 821/6869/432
f 823/6863/432 6869/6852/1679 6872/6855/1679 822/6871/432
f 6878/6872/1685 6879/6873/1686 6882/6874/1687 6881/6875/1688
f 6879/6873/1686 6880/6876/1689 6883/6877/1690 6882/6874/1687
f 6881/6875/1688 6882/6874/1687 6885/6878/1691 6884/6879/1692
f 6882/6874/1687 6883/6877/1690 6886/6880/1693 6885/6878/1691
f 325/474/396 814/6881/1694 6878/6872/1685 817/6882/397
f 814/6881/1694 813/6883/1695 6879/6873/1686 6878/6872/1685
f 813/6883/1695 812/6884/1696 6880/6876/1689 6879/6873/1686
f 812/6884/1696 691/3172/767 3134/6546/1541 6880/6876/1689
f 6880/6876/1689 3134/6546/1541 3135/6548/1543 6883/6877/1690
f 6883/6877/1690 3135/6548/1543 3136/6547/1542 6886/6880/1693
f 6886/6880/1693 3136/6547/1542 733/3208/786 2885/6885/1697
f 6885/6878/1691 6886/6880/1693 2885/6885/1697 2886/6886/1698
f 6884/6879/1692 6885/6878/1691 2886/6886/1698 2887/6887/1699
f 815/6888/399 6884/6879/1692 2887/6887/1699 666/6889/401
f 816/6890/398 6881/6875/1688 6884/6879/1692 815/6888/399
f 817/6882/397 6878/6872/1685 6881/6875/1688 816/6890/398
f 6887/6891/1679 6888/6892/1680 6891/6893/1680 6890/6894/1679
f 6888/6892/1680 6889/6895/1681 6892/6896/1681 6891/6893/1680
f 6890/6894/1679 6891/6893/1680 6894/6897/1680 6893/6898/1679
f 6891/6893/1680 6892/6896/1681 6895/6899/1681 6894/6897/1680
f 330/6900/432 1297/6901/1679 6887/6891/1679 826/6902/432
f 1297/6901/1679 1296/6903/1680 6888/6892/1680 6887/6891/1679
f 1296/6903/1680 1295/6904/1681 6889/6895/1681 6888/6892/1680
f 1295/6904/1681 730/3965/917 3137/3976/917 6889/6895/1681
f 6889/6895/1681 3137/3976/917 3138/3986/917 6892/6896/1681
f 6892/6896/1681 3138/3986/917 3139/3984/917 6895/6899/1681
f 6895/6899/1681 3139/3984/917 731/3985/917 1298/6865/1681
f 6894/6897/1680 6895/6899/1681 1298/6865/1681 1299/6864/1680
f 6893/6898/1679 6894/6897/1680 1299/6864/1680 1300/6862/1679
f 824/6905/432 6893/6898/1679 1300/6862/1679 329/6861/432
f 825/6906/432 6890/6894/1679 6893/6898/1679 824/6905/432
f 826/6902/432 6887/6891/1679 6890/6894/1679 825/6906/432
f 6896/6907/1679 6897/6908/1680 6900/6909/1680 6899/6910/1679
f 6897/6908/1680 6898/6911/1681 6901/6912/1681 6900/6909/1680
f 6899/6910/1679 6900/6909/1680 6903/6913/1680 6902/6914/1679
f 6900/6909/1680 6901/6912/1681 6904/6915/1681 6903/6913/1680
f 331/6916/432 1294/6917/1679 6896/6907/1679 829/6918/432
f 1294/6917/1679 1293/6919/1680 6897/6908/1680 6896/6907/1679
f 1293/6919/1680 1292/6920/1681 6898/6911/1681 6897/6908/1680
f 1292/6920/1681 729/3945/917 3140/3956/917 6898/6911/1681
f 6898/6911/1681 3140/3956/917 3141/3966/917 6901/6912/1681
f 6901/6912/1681 3141/3966/917 3142/3964/917 6904/6915/1681
f 6904/6915/1681 3142/3964/917 730/3965/917 1295/6904/1681
f 6903/6913/1680 6904/6915/1681 1295/6904/1681 1296/6903/1680
f 6902/6914/1679 6903/6913/1680 1296/6903/1680 1297/6901/1679
f 827/6921/432 6902/6914/1679 1297/6901/1679 330/6900/432
f 828/6922/432 6899/6910/1679 6902/6914/1679 827/6921/432
f 829/6918/432 6896/6907/1679 6899/6910/1679 828/6922/432
f 6905/6923/1679 6906/6924/1680 6909/6925/1680 6908/6926/1679
f 6906/6924/1680 6907/6927/1681 6910/6928/1681 6909/6925/1680
f 6908/6926/1679 6909/6925/1680 6912/6929/1680 6911/6930/1679
f 6909/6925/1680 6910/6928/1681 6913/6931/1681 6912/6929/1680
f 332/6932/432 1291/6933/1679 6905/6923/1679 832/6934/432
f 1291/6933/1679 1290/6935/1680 6906/6924/1680 6905/6923/1679
f 1290/6935/1680 1289/6936/1681 6907/6927/1681 6906/6924/1680
f 1289/6936/1681 728/3925/917 3143/3936/917 6907/6927/1681
f 6907/6927/1681 3143/3936/917 3144/3946/917 6910/6928/1681
f 6910/6928/1681 3144/3946/917 3145/3944/917 6913/6931/1681
f 6913/6931/1681 3145/3944/917 729/3945/917 1292/6920/1681
f 6912/6929/1680 6913/6931/1681 1292/6920/1681 1293/6919/1680
f 6911/6930/1679 6912/6929/1680 1293/6919/1680 1294/6917/1679
f 830/6937/432 6911/6930/1679 1294/6917/1679 331/6916/432
f 831/6938/432 6908/6926/1679 6911/6930/1679 830/6937/432
f 832/6934/432 6905/6923/1679 6908/6926/1679 831/6938/432
f 6914/6939/1679 6915/6940/1680 6918/6941/1680 6917/6942/1679
f 6915/6940/1680 6916/6943/1681 6919/6944/1681 6918/6941/1680
f 6917/6942/1679 6918/6941/1680 6921/6945/1680 6920/6946/1679
f 6918/6941/1680 6919/6944/1681 6922/6947/1681 6921/6945/1680
f 333/6948/432 1288/6949/1679 6914/6939/1679 835/6950/432
f 1288/6949/1679 1287/6951/1680 6915/6940/1680 6914/6939/1679
f 1287/6951/1680 1286/6952/1681 6916/6943/1681 6915/6940/1680
f 1286/6952/1681 727/3905/917 3146/3916/917 6916/6943/1681
f 6916/6943/1681 3146/3916/917 3147/3926/917 6919/6944/1681
f 6919/6944/1681 3147/3926/917 3148/3924/917 6922/6947/1681
f 6922/6947/1681 3148/3924/917 728/3925/917 1289/6936/1681
f 6921/6945/1680 6922/6947/1681 1289/6936/1681 1290/6935/1680
f 6920/6946/1679 6921/6945/1680 1290/6935/1680 1291/6933/1679
f 833/6953/432 6920/6946/1679 1291/6933/1679 332/6932/432
f 834/6954/432 6917/6942/1679 6920/6946/1679 833/6953/432
f 835/6950/432 6914/6939/1679 6917/6942/1679 834/6954/432
f 6923/6955/1679 6924/6956/1680 6927/6957/1680 6926/6958/1679
f 6924/6956/1680 6925/6959/1681 6928/6960/1681 6927/6957/1680
f 6926/6958/1679 6927/6957/1680 6930/6961/1680 6929/6962/1679
f 6927/6957/1680 6928/6960/1681 6931/6963/1681 6930/6961/1680
f 334/6964/432 1285/6965/1679 6923/6955/1679 838/6966/432
f 1285/6965/1679 1284/6967/1680 6924/6956/1680 6923/6955/1679
f 1284/6967/1680 1283/6968/1681 6925/6959/1681 6924/6956/1680
f 1283/6968/1681 726/3885/917 3149/3896/917 6925/6959/1681
f 6925/6959/1681 3149/3896/917 3150/3906/917 6928/6960/1681
f 6928/6960/1681 3150/3906/917 3151/3904/917 6931/6963/1681
f 6931/6963/1681 3151/3904/917 727/3905/917 1286/6952/1681
f 6930/6961/1680 6931/6963/1681 1286/6952/1681 1287/6951/1680
f 6929/6962/1679 6930/6961/1680 1287/6951/1680 1288/6949/1679
f 836/6969/432 6929/6962/1679 1288/6949/1679 333/6948/432
f 837/6970/432 6926/6958/1679 6929/6962/1679 836/6969/432
f 838/6966/432 6923/6955/1679 6926/6958/1679 837/6970/432
f 6932/6971/1679 6933/6972/1680 6936/6973/1680 6935/6974/1679
f 6933/6972/1680 6934/6975/1681 6937/6976/1681 6936/6973/1680
f 6935/6974/1679 6936/6973/1680 6939/6977/1680 6938/6978/1679
f 6936/6973/1680 6937/6976/1681 6940/6979/1681 6939/6977/1680
f 335/6980/432 1282/6981/1679 6932/6971/1679 841/6982/432
f 1282/6981/1679 1281/6983/1680 6933/6972/1680 6932/6971/1679
f 1281/6983/1680 1280/6984/1681 6934/6975/1681 6933/6972/1680
f 1280/6984/1681 725/3865/917 3152/3876/917 6934/6975/1681
f 6934/6975/1681 3152/3876/917 3153/3886/917 6937/6976/1681
f 6937/6976/1681 3153/3886/917 3154/3884/917 6940/6979/1681
f 6940/6979/1681 3154/3884/917 726/3885/917 1283/6968/1681
f 6939/6977/1680 6940/6979/1681 1283/6968/1681 1284/6967/1680
f 6938/6978/1679 6939/6977/1680 1284/6967/1680 1285/6965/1679
f 839/6985/432 6938/6978/1679 1285/6965/1679 334/6964/432
f 840/6986/432 6935/6974/1679 6938/6978/1679 839/6985/432
f 841/6982/432 6932/6971/1679 6935/6974/1679 840/6986/432
f 6941/6987/1679 6942/6988/1680 6945/6989/1680 6944/6990/1679
f 6942/6988/1680 6943/6991/1681 6946/6992/1681 6945/6989/1680
f 6944/6990/1679 6945/6989/1680 6948/6993/1680 6947/6994/1679
f 6945/6989/1680 6946/6992/1681 6949/6995/1681 6948/6993/1680
f 336/6996/432 1279/6997/1679 6941/6987/1679 844/6998/432
f 1279/6997/1679 1278/6999/1680 6942/6988/1680 6941/6987/1679
f 1278/6999/1680 1277/7000/1681 6943/6991/1681 6942/6988/1680
f 1277/7000/1681 724/3845/917 3155/3856/917 6943/6991/1681
f 6943/6991/1681 3155/3856/917 3156/3866/917 6946/6992/1681
f 6946/6992/1681 3156/3866/917 3157/3864/917 6949/6995/1681
f 6949/6995/1681 3157/3864/917 725/3865/917 1280/6984/1681
f 6948/6993/1680 6949/6995/1681 1280/6984/1681 1281/6983/1680
f 6947/6994/1679 6948/6993/1680 1281/6983/1680 1282/6981/1679
f 842/7001/432 6947/6994/1679 1282/6981/1679 335/6980/432
f 843/7002/432 6944/6990/1679 6947/6994/1679 842/7001/432
f 844/6998/432 6941/6987/1679 6944/6990/1679 843/7002/432
f 6950/7003/1679 6951/7004/1680 6954/7005/1680 6953/7006/1679
f 6951/7004/1680 6952/7007/1681 6955/7008/1681 6954/7005/1680
f 6953/7006/1679 6954/7005/1680 6957/7009/1680 6956/7010/1679
f 6954/7005/1680 6955/7008/1681 6958/7011/1681 6957/7009/1680
f 337/7012/432 1276/7013/1679 6950/7003/1679 847/7014/432
f 1276/7013/1679 1275/7015/1680 6951/7004/1680 6950/7003/1679
f 1275/7015/1680 1274/7016/1681 6952/7007/1681 6951/7004/1680
f 1274/7016/1681 723/3825/917 3158/3836/917 6952/7007/1681
f 6952/7007/1681 3158/3836/917 3159/3846/917 6955/7008/1681
f 6955/7008/1681 3159/3846/917 3160/3844/917 6958/7011/1681
f 6958/7011/1681 3160/3844/917 724/3845/917 1277/7000/1681
f 6957/7009/1680 6958/7011/1681 1277/7000/1681 1278/6999/1680
f 6956/7010/1679 6957/7009/1680 1278/6999/1680 1279/6997/1679
f 845/7017/432 6956/7010/1679 1279/6997/1679 336/6996/432
f 846/7018/432 6953/7006/1679 6956/7010/1679 845/7017/432
f 847/7014/432 6950/7003/1679 6953/7006/1679 846/7018/432
f 6959/7019/1679 6960/7020/1680 6963/7021/1680 6962/7022/1679
f 6960/7020/1680 6961/7023/1681 6964/7024/1681 6963/7021/1680
f 6962/7022/1679 6963/7021/1680 6966/7025/1680 6965/7026/1679
f 6963/7021/1680 6964/7024/1681 6967/7027/1681 6966/7025/1680
f 338/7028/432 1273/7029/1679 6959/7019/1679 850/7030/432
f 1273/7029/1679 1272/7031/1680 6960/7020/1680 6959/7019/1679
f 1272/7031/1680 1271/7032/1681 6961/7023/1681 6960/7020/1680
f 1271/7032/1681 722/3805/917 3161/3816/917 6961/7023/1681
f 6961/7023/1681 3161/3816/917 3162/3826/917 6964/7024/1681
f 6964/7024/1681 3162/3826/917 3163/3824/917 6967/7027/1681
f 6967/7027/1681 3163/3824/917 723/3825/917 1274/7016/1681
f 6966/7025/1680 6967/7027/1681 1274/7016/1681 1275/7015/1680
f 6965/7026/1679 6966/7025/1680 1275/7015/1680 1276/7013/1679
f 848/7033/432 6965/7026/1679 1276/7013/1679 337/7012/432
f 849/7034/432 6962/7022/1679 6965/7026/1679 848/7033/432
f 850/7030/432 6959/7019/1679 6962/7022/1679 849/7034/432
f 6968/7035/1679 6969/7036/1680 6972/7037/1680 6971/7038/1679
f 6969/7036/1680 6970/7039/1681 6973/7040/1681 6972/7037/1680
f 6971/7038/1679 6972/7037/1680 6975/7041/1680 6974/7042/1679
f 6972/7037/1680 6973/7040/1681 6976/7043/1681 6975/7041/1680
f 339/7044/432 1270/7045/1679 6968/7035/1679 853/7046/432
f 1270/7045/1679 1269/7047/1680 6969/7036/1680 6968/7035/1679
f 1269/7047/1680 1268/7048/1681 6970/7039/1681 6969/7036/1680
f 1268/7048/1681 721/3785/917 3164/3796/917 6970/7039/1681
f 6970/7039/1681 3164/3796/917 3165/3806/917 6973/7040/1681
f 6973/7040/1681 3165/3806/917 3166/3804/917 6976/7043/1681
f 6976/7043/1681 3166/3804/917 722/3805/917 1271/7032/1681
f 6975/7041/1680 6976/7043/1681 1271/7032/1681 1272/7031/1680
f 6974/7042/1679 6975/7041/1680 1272/7031/1680 1273/7029/1679
f 851/7049/432 6974/7042/1679 1273/7029/1679 338/7028/432
f 852/7050/432 6971/7038/1679 6974/7042/1679 851/7049/432
f 853/7046/432 6968/7035/1679 6971/7038/1679 852/7050/432
f 6977/7051/1679 6978/7052/1680 6981/7053/1680 6980/7054/1679
f 6978/7052/1680 6979/7055/1681 6982/7056/1681 6981/7053/1680
f 6980/7054/1679 6981/7053/1680 6984/7057/1680 6983/7058/1679
f 6981/7053/1680 6982/7056/1681 6985/7059/1681 6984/7057/1680
f 340/7060/432 1267/7061/1679 6977/7051/1679 856/7062/432
f 1267/7061/1679 1266/7063/1680 6978/7052/1680 6977/7051/1679
f 1266/7063/1680 1265/7064/1681 6979/7055/1681 6978/7052/1680
f 1265/7064/1681 720/3765/917 3167/3776/917 6979/7055/1681
f 6979/7055/1681 3167/3776/917 3168/3786/917 6982/7056/1681
f 6982/7056/1681 3168/3786/917 3169/3784/917 6985/7059/1681
f 6985/7059/1681 3169/3784/917 721/3785/917 1268/7048/1681
f 6984/7057/1680 6985/7059/1681 1268/7048/1681 1269/7047/1680
f 6983/7058/1679 6984/7057/1680 1269/7047/1680 1270/7045/1679
f 854/7065/432 6983/7058/1679 1270/7045/1679 339/7044/432
f 855/7066/432 6980/7054/1679 6983/7058/1679 854/7065/432
f 856/7062/432 6977/7051/1679 6980/7054/1679 855/7066/432
f 6986/7067/1679 6987/7068/1680 6990/7069/1680 6989/7070/1679
f 6987/7068/1680 6988/7071/1681 6991/7072/1681 6990/7069/1680
f 6989/7070/1679 6990/7069/1680 6993/7073/1680 6992/7074/1679
f 6990/7069/1680 6991/7072/1681 6994/7075/1681 6993/7073/1680
f 341/7076/432 1264/7077/1679 6986/7067/1679 859/7078/432
f 1264/7077/1679 1263/7079/1680 6987/7068/1680 6986/7067/1679
f 1263/7079/1680 1262/7080/1681 6988/7071/1681 6987/7068/1680
f 1262/7080/1681 719/3745/917 3170/3756/917 6988/7071/1681
f 6988/7071/1681 3170/3756/917 3171/3766/917 6991/7072/1681
f 6991/7072/1681 3171/3766/917 3172/3764/917 6994/7075/1681
f 6994/7075/1681 3172/3764/917 720/3765/917 1265/7064/1681
f 6993/7073/1680 6994/7075/1681 1265/7064/1681 1266/7063/1680
f 6992/7074/1679 6993/7073/1680 1266/7063/1680 1267/7061/1679
f 857/7081/432 6992/7074/1679 1267/7061/1679 340/7060/432
f 858/7082/432 6989/7070/1679 6992/7074/1679 857/7081/432
f 859/7078/432 6986/7067/1679 6989/7070/1679 858/7082/432
f 6995/7083/1679 6996/7084/1680 6999/7085/1680 6998/7086/1679
f 6996/7084/1680 6997/7087/1681 7000/7088/1681 6999/7085/1680
f 6998/7086/1679 6999/7085/1680 7002/7089/1680 7001/7090/1679
f 6999/7085/1680 7000/7088/1681 7003/7091/1681 7002/7089/1680
f 342/7092/432 1261/7093/1679 6995/7083/1679 862/7094/432
f 1261/7093/1679 1260/7095/1680 6996/7084/1680 6995/7083/1679
f 1260/7095/1680 1259/7096/1681 6997/7087/1681 6996/7084/1680
f 1259/7096/1681 718/3725/917 3173/3736/917 6997/7087/1681
f 6997/7087/1681 3173/3736/917 3174/3746/917 7000/7088/1681
f 7000/7088/1681 3174/3746/917 3175/3744/917 7003/7091/1681
f 7003/7091/1681 3175/3744/917 719/3745/917 1262/7080/1681
f 7002/7089/1680 7003/7091/1681 1262/7080/1681 1263/7079/1680
f 7001/7090/1679 7002/7089/1680 1263/7079/1680 1264/7077/1679
f 860/7097/432 7001/7090/1679 1264/7077/1679 341/7076/432
f 861/7098/432 6998/7086/1679 7001/7090/1679 860/7097/432
f 862/7094/432 6995/7083/1679 6998/7086/1679 861/7098/432
f 7004/7099/1679 7005/7100/1680 7008/7101/1680 7007/7102/1679
f 7005/7100/1680 7006/7103/1681 7009/7104/1681 7008/7101/1680
f 7007/7102/1679 7008/7101/1680 7011/7105/1680 7010/7106/1679
f 7008/7101/1680 7009/7104/1681 7012/7107/1681 7011/7105/1680
f 343/7108/432 1258/7109/1679 7004/7099/1679 865/7110/432
f 1258/7109/1679 1257/7111/1680 7005/7100/1680 7004/7099/1679
f 1257/7111/1680 1256/7112/1681 7006/7103/1681 7005/7100/1680
f 1256/7112/1681 717/3705/917 3176/3716/917 7006/7103/1681
f 7006/7103/1681 3176/3716/917 3177/3726/917 7009/7104/1681
f 7009/7104/1681 3177/3726/917 3178/3724/917 7012/7107/1681
f 7012/7107/1681 3178/3724/917 718/3725/917 1259/7096/1681
f 7011/7105/1680 7012/7107/1681 1259/7096/1681 1260/7095/1680
f 7010/7106/1679 7011/7105/1680 1260/7095/1680 1261/7093/1679
f 863/7113/432 7010/7106/1679 1261/7093/1679 342/7092/432
f 864/7114/432 7007/7102/1679 7010/7106/1679 863/7113/432
f 865/7110/432 7004/7099/1679 7007/7102/1679 864/7114/432
f 7013/7115/1679 7014/7116/1680 7017/7117/1680 7016/7118/1679
f 7014/7116/1680 7015/7119/1681 7018/7120/1681 7017/7117/1680
f 7016/7118/1679 7017/7117/1680 7020/7121/1680 7019/7122/1679
f 7017/7117/1680 7018/7120/1681 7021/7123/1681 7020/7121/1680
f 344/7124/432 1255/7125/1679 7013/7115/1679 868/7126/432
f 1255/7125/1679 1254/7127/1680 7014/7116/1680 7013/7115/1679
f 1254/7127/1680 1253/7128/1681 7015/7119/1681 7014/7116/1680
f 1253/7128/1681 716/3685/917 3179/3696/917 7015/7119/1681
f 7015/7119/1681 3179/3696/917 3180/3706/917 7018/7120/1681
f 7018/7120/1681 3180/3706/917 3181/3704/917 7021/7123/1681
f 7021/7123/1681 3181/3704/917 717/3705/917 1256/7112/1681
f 7020/7121/1680 7021/7123/1681 1256/7112/1681 1257/7111/1680
f 7019/7122/1679 7020/7121/1680 1257/7111/1680 1258/7109/1679
f 866/7129/432 7019/7122/1679 1258/7109/1679 343/7108/432
f 867/7130/432 7016/7118/1679 7019/7122/1679 866/7129/432
f 868/7126/432 7013/7115/1679 7016/7118/1679 867/7130/432
f 7022/7131/1679 7023/7132/1680 7026/7133/1680 7025/7134/1679
f 7023/7132/1680 7024/7135/1681 7027/7136/1681 7026/7133/1680
f 7025/7134/1679 7026/7133/1680 7029/7137/1680 7028/7138/1679
f 7026/7133/1680 7027/7136/1681 7030/7139/1681 7029/7137/1680
f 345/7140/432 1252/7141/1679 7022/7131/1679 871/7142/432
f 1252/7141/1679 1251/7143/1680 7023/7132/1680 7022/7131/1679
f 1251/7143/1680 1250/7144/1681 7024/7135/1681 7023/7132/1680
f 1250/7144/1681 715/3665/917 3182/3676/917 7024/7135/1681
f 7024/7135/1681 3182/3676/917 3183/3686/917 7027/7136/1681
f 7027/7136/1681 3183/3686/917 3184/3684/917 7030/7139/1681
f 7030/7139/1681 3184/3684/917 716/3685/917 1253/7128/1681
f 7029/7137/1680 7030/7139/1681 1253/7128/1681 1254/7127/1680
f 7028/7138/1679 7029/7137/1680 1254/7127/1680 1255/7125/1679
f 869/7145/432 7028/7138/1679 1255/7125/1679 344/7124/432
f 870/7146/432 7025/7134/1679 7028/7138/1679 869/7145/432
f 871/7142/432 7022/7131/1679 7025/7134/1679 870/7146/432
f 7031/7147/1679 7032/7148/1680 7035/7149/1680 7034/7150/1679
f 7032/7148/1680 7033/7151/1681 7036/7152/1681 7035/7149/1680
f 7034/7150/1679 7035/7149/1680 7038/7153/1680 7037/7154/1679
f 7035/7149/1680 7036/7152/1681 7039/7155/1681 7038/7153/1680
f 346/7156/432 1249/7157/1679 7031/7147/1679 874/7158/432
f 1249/7157/1679 1248/7159/1680 7032/7148/1680 7031/7147/1679
f 1248/7159/1680 1247/7160/1681 7033/7151/1681 7032/7148/1680
f 1247/7160/1681 714/3645/917 3185/3656/917 7033/7151/1681
f 7033/7151/1681 3185/3656/917 3186/3666/917 7036/7152/1681
f 7036/7152/1681 3186/3666/917 3187/3664/917 7039/7155/1681
f 7039/7155/1681 3187/3664/917 715/3665/917 1250/7144/1681
f 7038/7153/1680 7039/7155/1681 1250/7144/1681 1251/7143/1680
f 7037/7154/1679 7038/7153/1680 1251/7143/1680 1252/7141/1679
f 872/7161/432 7037/7154/1679 1252/7141/1679 345/7140/432
f 873/7162/432 7034/7150/1679 7037/7154/1679 872/7161/432
f 874/7158/432 7031/7147/1679 7034/7150/1679 873/7162/432
f 7040/7163/1679 7041/7164/1680 7044/7165/1680 7043/7166/1679
f 7041/7164/1680 7042/7167/1681 7045/7168/1681 7044/7165/1680
f 7043/7166/1679 7044/7165/1680 7047/7169/1680 7046/7170/1679
f 7044/7165/1680 7045/7168/1681 7048/7171/1681 7047/7169/1680
f 347/7172/432 1246/7173/1679 7040/7163/1679 877/7174/432
f 1246/7173/1679 1245/7175/1680 7041/7164/1680 7040/7163/1679
f 1245/7175/1680 1244/7176/1681 7042/7167/1681 7041/7164/1680
f 1244/7176/1681 713/3625/917 3188/3636/917 7042/7167/1681
f 7042/7167/1681 3188/3636/917 3189/3646/917 7045/7168/1681
f 7045/7168/1681 3189/3646/917 3190/3644/917 7048/7171/1681
f 7048/7171/1681 3190/3644/917 714/3645/917 1247/7160/1681
f 7047/7169/1680 7048/7171/1681 1247/7160/1681 1248/7159/1680
f 7046/7170/1679 7047/7169/1680 1248/7159/1680 1249/7157/1679
f 875/7177/432 7046/7170/1679 1249/7157/1679 346/7156/432
f 876/7178/432 7043/7166/1679 7046/7170/1679 875/7177/432
f 877/7174/432 7040/7163/1679 7043/7166/1679 876/7178/432
f 7049/7179/1679 7050/7180/1680 7053/7181/1680 7052/7182/1679
f 7050/7180/1680 7051/7183/1681 7054/7184/1681 7053/7181/1680
f 7052/7182/1679 7053/7181/1680 7056/7185/1680 7055/7186/1679
f 7053/7181/1680 7054/7184/1681 7057/7187/1681 7056/7185/1680
f 348/7188/432 1243/7189/1679 7049/7179/1679 880/7190/432
f 1243/7189/1679 1242/7191/1680 7050/7180/1680 7049/7179/1679
f 1242/7191/1680 1241/7192/1681 7051/7183/1681 7050/7180/1680
f 1241/7192/1681 712/3605/917 3191/3616/917 7051/7183/1681
f 7051/7183/1681 3191/3616/917 3192/3626/917 7054/7184/1681
f 7054/7184/1681 3192/3626/917 3193/3624/917 7057/7187/1681
f 7057/7187/1681 3193/3624/917 713/3625/917 1244/7176/1681
f 7056/7185/1680 7057/7187/1681 1244/7176/1681 1245/7175/1680
f 7055/7186/1679 7056/7185/1680 1245/7175/1680 1246/7173/1679
f 878/7193/432 7055/7186/1679 1246/7173/1679 347/7172/432
f 879/7194/432 7052/7182/1679 7055/7186/1679 878/7193/432
f 880/7190/432 7049/7179/1679 7052/7182/1679 879/7194/432
f 7058/7195/1679 7059/7196/1680 7062/7197/1680 7061/7198/1679
f 7059/7196/1680 7060/7199/1681 7063/7200/1681 7062/7197/1680
f 7061/7198/1679 7062/7197/1680 7065/7201/1680 7064/7202/1679
f 7062/7197/1680 7063/7200/1681 7066/7203/1681 7065/7201/1680
f 677/6850/431 2959/6848/1678 7058/7195/1679 2911/7204/432
f 2959/6848/1678 2958/6847/1677 7059/7196/1680 7058/7195/1679
f 2958/6847/1677 2957/6846/1676 7060/7199/1681 7059/7196/1680
f 2957/6846/1676 735/3591/916 3194/3593/917 7060/7199/1681
f 7060/7199/1681 3194/3593/917 3195/3606/917 7063/7200/1681
f 7063/7200/1681 3195/3606/917 3196/3604/917 7066/7203/1681
f 7066/7203/1681 3196/3604/917 712/3605/917 1241/7192/1681
f 7065/7201/1680 7066/7203/1681 1241/7192/1681 1242/7191/1680
f 7064/7202/1679 7065/7201/1680 1242/7191/1680 1243/7189/1679
f 2909/7205/432 7064/7202/1679 1243/7189/1679 348/7188/432
f 2910/7206/432 7061/7198/1679 7064/7202/1679 2909/7205/432
f 2911/7204/432 7058/7195/1679 7061/7198/1679 2910/7206/432
f 7067/7207/1658 7068/7208/1659 7071/7209/1659 7070/7210/1658
f 7068/7208/1659 7069/7211/1660 7072/7212/1660 7071/7209/1659
f 7070/7210/1658 7071/7209/1659 7074/7213/1659 7073/7214/1658
f 7071/7209/1659 7072/7212/1660 7075/7215/1660 7074/7213/1659
f 370/7216/434 1237/7217/1658 7067/7207/1658 946/7218/434
f 1237/7217/1658 1236/7219/1659 7068/7208/1659 7067/7207/1658
f 1236/7219/1659 1235/7220/1660 7069/7211/1660 7068/7208/1659
f 1235/7220/1660 710/3564/800 3197/3575/811 7069/7211/1660
f 7069/7211/1660 3197/3575/811 3198/3581/819 7072/7212/1660
f 7072/7212/1660 3198/3581/819 3199/3579/811 7075/7215/1660
f 7075/7215/1660 3199/3579/811 711/3580/818 1238/6825/1660
f 7074/7213/1659 7075/7215/1660 1238/6825/1660 1239/6824/1659
f 7073/7214/1658 7074/7213/1659 1239/6824/1659 1240/6822/1658
f 944/7221/434 7073/7214/1658 1240/6822/1658 369/6821/434
f 945/7222/434 7070/7210/1658 7073/7214/1658 944/7221/434
f 946/7218/434 7067/7207/1658 7070/7210/1658 945/7222/434
f 7076/7223/1658 7077/7224/1659 7080/7225/1659 7079/7226/1658
f 7077/7224/1659 7078/7227/1660 7081/7228/1660 7080/7225/1659
f 7079/7226/1658 7080/7225/1659 7083/7229/1659 7082/7230/1658
f 7080/7225/1659 7081/7228/1660 7084/7231/1660 7083/7229/1659
f 371/7232/434 1234/7233/1658 7076/7223/1658 949/7234/434
f 1234/7233/1658 1233/7235/1659 7077/7224/1659 7076/7223/1658
f 1233/7235/1659 1232/7236/1660 7078/7227/1660 7077/7224/1659
f 1232/7236/1660 709/3545/818 3200/3556/829 7078/7227/1660
f 7078/7227/1660 3200/3556/829 3201/3565/838 7081/7228/1660
f 7081/7228/1660 3201/3565/838 3202/3563/836 7084/7231/1660
f 7084/7231/1660 3202/3563/836 710/3564/800 1235/7220/1660
f 7083/7229/1659 7084/7231/1660 1235/7220/1660 1236/7219/1659
f 7082/7230/1658 7083/7229/1659 1236/7219/1659 1237/7217/1658
f 947/7237/434 7082/7230/1658 1237/7217/1658 370/7216/434
f 948/7238/434 7079/7226/1658 7082/7230/1658 947/7237/434
f 949/7234/434 7076/7223/1658 7079/7226/1658 948/7238/434
f 7085/7239/1658 7086/7240/1659 7089/7241/1659 7088/7242/1658
f 7086/7240/1659 7087/7243/1660 7090/7244/1660 7089/7241/1659
f 7088/7242/1658 7089/7241/1659 7092/7245/1659 7091/7246/1658
f 7089/7241/1659 7090/7244/1660 7093/7247/1660 7092/7245/1659
f 372/7248/434 1231/7249/1658 7085/7239/1658 952/7250/434
f 1231/7249/1658 1230/7251/1659 7086/7240/1659 7085/7239/1658
f 1230/7251/1659 1229/7252/1660 7087/7243/1660 7086/7240/1659
f 1229/7252/1660 708/3529/800 3203/3540/811 7087/7243/1660
f 7087/7243/1660 3203/3540/811 3204/3546/819 7090/7244/1660
f 7090/7244/1660 3204/3546/819 3205/3544/811 7093/7247/1660
f 7093/7247/1660 3205/3544/811 709/3545/818 1232/7236/1660
f 7092/7245/1659 7093/7247/1660 1232/7236/1660 1233/7235/1659
f 7091/7246/1658 7092/7245/1659 1233/7235/1659 1234/7233/1658
f 950/7253/434 7091/7246/1658 1234/7233/1658 371/7232/434
f 951/7254/434 7088/7242/1658 7091/7246/1658 950/7253/434
f 952/7250/434 7085/7239/1658 7088/7242/1658 951/7254/434
f 7094/7255/1658 7095/7256/1659 7098/7257/1659 7097/7258/1658
f 7095/7256/1659 7096/7259/1660 7099/7260/1660 7098/7257/1659
f 7097/7258/1658 7098/7257/1659 7101/7261/1659 7100/7262/1658
f 7098/7257/1659 7099/7260/1660 7102/7263/1660 7101/7261/1659
f 373/7264/434 1228/7265/1658 7094/7255/1658 955/7266/434
f 1228/7265/1658 1227/7267/1659 7095/7256/1659 7094/7255/1658
f 1227/7267/1659 1226/7268/1660 7096/7259/1660 7095/7256/1659
f 1226/7268/1660 707/3510/818 3206/3521/829 7096/7259/1660
f 7096/7259/1660 3206/3521/829 3207/3530/838 7099/7260/1660
f 7099/7260/1660 3207/3530/838 3208/3528/836 7102/7263/1660
f 7102/7263/1660 3208/3528/836 708/3529/800 1229/7252/1660
f 7101/7261/1659 7102/7263/1660 1229/7252/1660 1230/7251/1659
f 7100/7262/1658 7101/7261/1659 1230/7251/1659 1231/7249/1658
f 953/7269/434 7100/7262/1658 1231/7249/1658 372/7248/434
f 954/7270/434 7097/7258/1658 7100/7262/1658 953/7269/434
f 955/7266/434 7094/7255/1658 7097/7258/1658 954/7270/434
f 7103/7271/1658 7104/7272/1659 7107/7273/1659 7106/7274/1658
f 7104/7272/1659 7105/7275/1660 7108/7276/1660 7107/7273/1659
f 7106/7274/1658 7107/7273/1659 7110/7277/1659 7109/7278/1658
f 7107/7273/1659 7108/7276/1660 7111/7279/1660 7110/7277/1659
f 374/7280/434 1225/7281/1658 7103/7271/1658 958/7282/434
f 1225/7281/1658 1224/7283/1659 7104/7272/1659 7103/7271/1658
f 1224/7283/1659 1223/7284/1660 7105/7275/1660 7104/7272/1659
f 1223/7284/1660 706/3490/800 3209/3501/811 7105/7275/1660
f 7105/7275/1660 3209/3501/811 3210/3511/819 7108/7276/1660
f 7108/7276/1660 3210/3511/819 3211/3509/811 7111/7279/1660
f 7111/7279/1660 3211/3509/811 707/3510/818 1226/7268/1660
f 7110/7277/1659 7111/7279/1660 1226/7268/1660 1227/7267/1659
f 7109/7278/1658 7110/7277/1659 1227/7267/1659 1228/7265/1658
f 956/7285/434 7109/7278/1658 1228/7265/1658 373/7264/434
f 957/7286/434 7106/7274/1658 7109/7278/1658 956/7285/434
f 958/7282/434 7103/7271/1658 7106/7274/1658 957/7286/434
f 7112/7287/1658 7113/7288/1659 7116/7289/1659 7115/7290/1658
f 7113/7288/1659 7114/7291/1660 7117/7292/1660 7116/7289/1659
f 7115/7290/1658 7116/7289/1659 7119/7293/1659 7118/7294/1658
f 7116/7289/1659 7117/7292/1660 7120/7295/1660 7119/7293/1659
f 375/7296/434 1222/7297/1658 7112/7287/1658 961/7298/434
f 1222/7297/1658 1221/7299/1659 7113/7288/1659 7112/7287/1658
f 1221/7299/1659 1220/7300/1660 7114/7291/1660 7113/7288/1659
f 1220/7300/1660 705/3470/818 3212/3481/829 7114/7291/1660
f 7114/7291/1660 3212/3481/829 3213/3491/838 7117/7292/1660
f 7117/7292/1660 3213/3491/838 3214/3489/836 7120/7295/1660
f 7120/7295/1660 3214/3489/836 706/3490/800 1223/7284/1660
f 7119/7293/1659 7120/7295/1660 1223/7284/1660 1224/7283/1659
f 7118/7294/1658 7119/7293/1659 1224/7283/1659 1225/7281/1658
f 959/7301/434 7118/7294/1658 1225/7281/1658 374/7280/434
f 960/7302/434 7115/7290/1658 7118/7294/1658 959/7301/434
f 961/7298/434 7112/7287/1658 7115/7290/1658 960/7302/434
f 7121/7303/1658 7122/7304/1659 7125/7305/1659 7124/7306/1658
f 7122/7304/1659 7123/7307/1660 7126/7308/1660 7125/7305/1659
f 7124/7306/1658 7125/7305/1659 7128/7309/1659 7127/7310/1658
f 7125/7305/1659 7126/7308/1660 7129/7311/1660 7128/7309/1659
f 376/7312/434 1219/7313/1658 7121/7303/1658 964/7314/434
f 1219/7313/1658 1218/7315/1659 7122/7304/1659 7121/7303/1658
f 1218/7315/1659 1217/7316/1660 7123/7307/1660 7122/7304/1659
f 1217/7316/1660 704/3450/800 3215/3461/811 7123/7307/1660
f 7123/7307/1660 3215/3461/811 3216/3471/819 7126/7308/1660
f 7126/7308/1660 3216/3471/819 3217/3469/811 7129/7311/1660
f 7129/7311/1660 3217/3469/811 705/3470/818 1220/7300/1660
f 7128/7309/1659 7129/7311/1660 1220/7300/1660 1221/7299/1659
f 7127/7310/1658 7128/7309/1659 1221/7299/1659 1222/7297/1658
f 962/7317/434 7127/7310/1658 1222/7297/1658 375/7296/434
f 963/7318/434 7124/7306/1658 7127/7310/1658 962/7317/434
f 964/7314/434 7121/7303/1658 7124/7306/1658 963/7318/434
f 7130/7319/1658 7131/7320/1659 7134/7321/1659 7133/7322/1658
f 7131/7320/1659 7132/7323/1660 7135/7324/1660 7134/7321/1659
f 7133/7322/1658 7134/7321/1659 7137/7325/1659 7136/7326/1658
f 7134/7321/1659 7135/7324/1660 7138/7327/1660 7137/7325/1659
f 377/7328/434 1216/7329/1658 7130/7319/1658 967/7330/434
f 1216/7329/1658 1215/7331/1659 7131/7320/1659 7130/7319/1658
f 1215/7331/1659 1214/7332/1660 7132/7323/1660 7131/7320/1659
f 1214/7332/1660 703/3430/818 3218/3441/829 7132/7323/1660
f 7132/7323/1660 3218/3441/829 3219/3451/838 7135/7324/1660
f 7135/7324/1660 3219/3451/838 3220/3449/836 7138/7327/1660
f 7138/7327/1660 3220/3449/836 704/3450/800 1217/7316/1660
f 7137/7325/1659 7138/7327/1660 1217/7316/1660 1218/7315/1659
f 7136/7326/1658 7137/7325/1659 1218/7315/1659 1219/7313/1658
f 965/7333/434 7136/7326/1658 1219/7313/1658 376/7312/434
f 966/7334/434 7133/7322/1658 7136/7326/1658 965/7333/434
f 967/7330/434 7130/7319/1658 7133/7322/1658 966/7334/434
f 7139/7335/1658 7140/7336/1659 7143/7337/1659 7142/7338/1658
f 7140/7336/1659 7141/7339/1660 7144/7340/1660 7143/7337/1659
f 7142/7338/1658 7143/7337/1659 7146/7341/1659 7145/7342/1658
f 7143/7337/1659 7144/7340/1660 7147/7343/1660 7146/7341/1659
f 378/7344/434 1213/7345/1658 7139/7335/1658 970/7346/434
f 1213/7345/1658 1212/7347/1659 7140/7336/1659 7139/7335/1658
f 1212/7347/1659 1211/7348/1660 7141/7339/1660 7140/7336/1659
f 1211/7348/1660 702/3410/800 3221/3421/811 7141/7339/1660
f 7141/7339/1660 3221/3421/811 3222/3431/819 7144/7340/1660
f 7144/7340/1660 3222/3431/819 3223/3429/811 7147/7343/1660
f 7147/7343/1660 3223/3429/811 703/3430/818 1214/7332/1660
f 7146/7341/1659 7147/7343/1660 1214/7332/1660 1215/7331/1659
f 7145/7342/1658 7146/7341/1659 1215/7331/1659 1216/7329/1658
f 968/7349/434 7145/7342/1658 1216/7329/1658 377/7328/434
f 969/7350/434 7142/7338/1658 7145/7342/1658 968/7349/434
f 970/7346/434 7139/7335/1658 7142/7338/1658 969/7350/434
f 7148/7351/1658 7149/7352/1659 7152/7353/1659 7151/7354/1658
f 7149/7352/1659 7150/7355/1660 7153/7356/1660 7152/7353/1659
f 7151/7354/1658 7152/7353/1659 7155/7357/1659 7154/7358/1658
f 7152/7353/1659 7153/7356/1660 7156/7359/1660 7155/7357/1659
f 379/7360/434 1210/7361/1658 7148/7351/1658 973/7362/434
f 1210/7361/1658 1209/7363/1659 7149/7352/1659 7148/7351/1658
f 1209/7363/1659 1208/7364/1660 7150/7355/1660 7149/7352/1659
f 1208/7364/1660 701/3390/818 3224/3401/829 7150/7355/1660
f 7150/7355/1660 3224/3401/829 3225/3411/838 7153/7356/1660
f 7153/7356/1660 3225/3411/838 3226/3409/836 7156/7359/1660
f 7156/7359/1660 3226/3409/836 702/3410/800 1211/7348/1660
f 7155/7357/1659 7156/7359/1660 1211/7348/1660 1212/7347/1659
f 7154/7358/1658 7155/7357/1659 1212/7347/1659 1213/7345/1658
f 971/7365/434 7154/7358/1658 1213/7345/1658 378/7344/434
f 972/7366/434 7151/7354/1658 7154/7358/1658 971/7365/434
f 973/7362/434 7148/7351/1658 7151/7354/1658 972/7366/434
f 7157/7367/1658 7158/7368/1659 7161/7369/1659 7160/7370/1658
f 7158/7368/1659 7159/7371/1660 7162/7372/1660 7161/7369/1659
f 7160/7370/1658 7161/7369/1659 7164/7373/1659 7163/7374/1658
f 7161/7369/1659 7162/7372/1660 7165/7375/1660 7164/7373/1659
f 380/7376/434 1207/7377/1658 7157/7367/1658 976/7378/434
f 1207/7377/1658 1206/7379/1659 7158/7368/1659 7157/7367/1658
f 1206/7379/1659 1205/7380/1660 7159/7371/1660 7158/7368/1659
f 1205/7380/1660 700/3371/800 3227/3382/811 7159/7371/1660
f 7159/7371/1660 3227/3382/811 3228/3391/819 7162/7372/1660
f 7162/7372/1660 3228/3391/819 3229/3389/811 7165/7375/1660
f 7165/7375/1660 3229/3389/811 701/3390/818 1208/7364/1660
f 7164/7373/1659 7165/7375/1660 1208/7364/1660 1209/7363/1659
f 7163/7374/1658 7164/7373/1659 1209/7363/1659 1210/7361/1658
f 974/7381/434 7163/7374/1658 1210/7361/1658 379/7360/434
f 975/7382/434 7160/7370/1658 7163/7374/1658 974/7381/434
f 976/7378/434 7157/7367/1658 7160/7370/1658 975/7382/434
f 7166/7383/1658 7167/7384/1659 7170/7385/1659 7169/7386/1658
f 7167/7384/1659 7168/7387/1660 7171/7388/1660 7170/7385/1659
f 7169/7386/1658 7170/7385/1659 7173/7389/1659 7172/7390/1658
f 7170/7385/1659 7171/7388/1660 7174/7391/1660 7173/7389/1659
f 381/7392/434 1204/7393/1658 7166/7383/1658 979/7394/434
f 1204/7393/1658 1203/7395/1659 7167/7384/1659 7166/7383/1658
f 1203/7395/1659 1202/7396/1660 7168/7387/1660 7167/7384/1659
f 1202/7396/1660 699/3351/818 3230/3362/829 7168/7387/1660
f 7168/7387/1660 3230/3362/829 3231/3372/838 7171/7388/1660
f 7171/7388/1660 3231/3372/838 3232/3370/836 7174/7391/1660
f 7174/7391/1660 3232/3370/836 700/3371/800 1205/7380/1660
f 7173/7389/1659 7174/7391/1660 1205/7380/1660 1206/7379/1659
f 7172/7390/1658 7173/7389/1659 1206/7379/1659 1207/7377/1658
f 977/7397/434 7172/7390/1658 1207/7377/1658 380/7376/434
f 978/7398/434 7169/7386/1658 7172/7390/1658 977/7397/434
f 979/7394/434 7166/7383/1658 7169/7386/1658 978/7398/434
f 7175/7399/1658 7176/7400/1659 7179/7401/1659 7178/7402/1658
f 7176/7400/1659 7177/7403/1660 7180/7404/1660 7179/7401/1659
f 7178/7402/1658 7179/7401/1659 7182/7405/1659 7181/7406/1658
f 7179/7401/1659 7180/7404/1660 7183/7407/1660 7182/7405/1659
f 382/7408/434 1201/7409/1658 7175/7399/1658 982/7410/434
f 1201/7409/1658 1200/7411/1659 7176/7400/1659 7175/7399/1658
f 1200/7411/1659 1199/7412/1660 7177/7403/1660 7176/7400/1659
f 1199/7412/1660 698/3332/800 3233/3343/811 7177/7403/1660
f 7177/7403/1660 3233/3343/811 3234/3352/819 7180/7404/1660
f 7180/7404/1660 3234/3352/819 3235/3350/811 7183/7407/1660
f 7183/7407/1660 3235/3350/811 699/3351/818 1202/7396/1660
f 7182/7405/1659 7183/7407/1660 1202/7396/1660 1203/7395/1659
f 7181/7406/1658 7182/7405/1659 1203/7395/1659 1204/7393/1658
f 980/7413/434 7181/7406/1658 1204/7393/1658 381/7392/434
f 981/7414/434 7178/7402/1658 7181/7406/1658 980/7413/434
f 982/7410/434 7175/7399/1658 7178/7402/1658 981/7414/434
f 7184/7415/1658 7185/7416/1659 7188/7417/1659 7187/7418/1658
f 7185/7416/1659 7186/7419/1660 7189/7420/1660 7188/7417/1659
f 7187/7418/1658 7188/7417/1659 7191/7421/1659 7190/7422/1658
f 7188/7417/1659 7189/7420/1660 7192/7423/1660 7191/7421/1659
f 383/7424/434 1198/7425/1658 7184/7415/1658 985/7426/434
f 1198/7425/1658 1197/7427/1659 7185/7416/1659 7184/7415/1658
f 1197/7427/1659 1196/7428/1660 7186/7419/1660 7185/7416/1659
f 1196/7428/1660 697/3312/887 3236/3323/898 7186/7419/1660
f 7186/7419/1660 3236/3323/898 3237/3333/906 7189/7420/1660
f 7189/7420/1660 3237/3333/906 3238/3331/836 7192/7423/1660
f 7192/7423/1660 3238/3331/836 698/3332/800 1199/7412/1660
f 7191/7421/1659 7192/7423/1660 1199/7412/1660 1200/7411/1659
f 7190/7422/1658 7191/7421/1659 1200/7411/1659 1201/7409/1658
f 983/7429/434 7190/7422/1658 1201/7409/1658 382/7408/434
f 984/7430/434 7187/7418/1658 7190/7422/1658 983/7429/434
f 985/7426/434 7184/7415/1658 7187/7418/1658 984/7430/434
f 7193/7431/1658 7194/7432/1659 7197/7433/1659 7196/7434/1658
f 7194/7432/1659 7195/7435/1660 7198/7436/1660 7197/7433/1659
f 7196/7434/1658 7197/7433/1659 7200/7437/1659 7199/7438/1658
f 7197/7433/1659 7198/7436/1660 7201/7439/1660 7200/7437/1659
f 384/7440/434 1195/7441/1658 7193/7431/1658 988/7442/434
f 1195/7441/1658 1194/7443/1659 7194/7432/1659 7193/7431/1658
f 1194/7443/1659 1193/7444/1660 7195/7435/1660 7194/7432/1659
f 1193/7444/1660 696/3296/872 3239/3307/882 7195/7435/1660
f 7195/7435/1660 3239/3307/882 3240/3313/888 7198/7436/1660
f 7198/7436/1660 3240/3313/888 3241/3311/886 7201/7439/1660
f 7201/7439/1660 3241/3311/886 697/3312/887 1196/7428/1660
f 7200/7437/1659 7201/7439/1660 1196/7428/1660 1197/7427/1659
f 7199/7438/1658 7200/7437/1659 1197/7427/1659 1198/7425/1658
f 986/7445/434 7199/7438/1658 1198/7425/1658 383/7424/434
f 987/7446/434 7196/7434/1658 7199/7438/1658 986/7445/434
f 988/7442/434 7193/7431/1658 7196/7434/1658 987/7446/434
f 7202/7447/1658 7203/7448/1659 7206/7449/1659 7205/7450/1658
f 7203/7448/1659 7204/7451/1660 7207/7452/1660 7206/7449/1659
f 7205/7450/1658 7206/7449/1659 7209/7453/1659 7208/7454/1658
f 7206/7449/1659 7207/7452/1660 7210/7455/1660 7209/7453/1659
f 385/7456/434 1192/7457/1658 7202/7447/1658 991/7458/434
f 1192/7457/1658 1191/7459/1659 7203/7448/1659 7202/7447/1658
f 1191/7459/1659 1190/7460/1660 7204/7451/1660 7203/7448/1659
f 1190/7460/1660 695/3277/853 3242/3288/864 7204/7451/1660
f 7204/7451/1660 3242/3288/864 3243/3297/864 7207/7452/1660
f 7207/7452/1660 3243/3297/864 3244/3295/871 7210/7455/1660
f 7210/7455/1660 3244/3295/871 696/3296/872 1193/7444/1660
f 7209/7453/1659 7210/7455/1660 1193/7444/1660 1194/7443/1659
f 7208/7454/1658 7209/7453/1659 1194/7443/1659 1195/7441/1658
f 989/7461/434 7208/7454/1658 1195/7441/1658 384/7440/434
f 990/7462/434 7205/7450/1658 7208/7454/1658 989/7461/434
f 991/7458/434 7202/7447/1658 7205/7450/1658 990/7462/434
f 7211/7463/1658 7212/7464/1659 7215/7465/1659 7214/7466/1658
f 7212/7464/1659 7213/7467/1660 7216/7468/1660 7215/7465/1659
f 7214/7466/1658 7215/7465/1659 7218/7469/1659 7217/7470/1658
f 7215/7465/1659 7216/7468/1660 7219/7471/1660 7218/7469/1659
f 386/7472/434 1189/7473/1658 7211/7463/1658 994/7474/434
f 1189/7473/1658 1188/7475/1659 7212/7464/1659 7211/7463/1658
f 1188/7475/1659 1187/7476/1660 7213/7467/1660 7212/7464/1659
f 1187/7476/1660 694/3261/837 3245/3272/848 7213/7467/1660
f 7213/7467/1660 3245/3272/848 3246/3278/854 7216/7468/1660
f 7216/7468/1660 3246/3278/854 3247/3276/852 7219/7471/1660
f 7219/7471/1660 3247/3276/852 695/3277/853 1190/7460/1660
f 7218/7469/1659 7219/7471/1660 1190/7460/1660 1191/7459/1659
f 7217/7470/1658 7218/7469/1659 1191/7459/1659 1192/7457/1658
f 992/7477/434 7217/7470/1658 1192/7457/1658 385/7456/434
f 993/7478/434 7214/7466/1658 7217/7470/1658 992/7477/434
f 994/7474/434 7211/7463/1658 7214/7466/1658 993/7478/434
f 7220/7479/1658 7221/7480/1659 7224/7481/1659 7223/7482/1658
f 7221/7480/1659 7222/7483/1660 7225/7484/1660 7224/7481/1659
f 7223/7482/1658 7224/7481/1659 7227/7485/1659 7226/7486/1658
f 7224/7481/1659 7225/7484/1660 7228/7487/1660 7227/7485/1659
f 387/7488/434 1186/7489/1658 7220/7479/1658 997/7490/434
f 1186/7489/1658 1185/7491/1659 7221/7480/1659 7220/7479/1658
f 1185/7491/1659 1184/7492/1660 7222/7483/1660 7221/7480/1659
f 1184/7492/1660 693/3242/818 3248/3253/829 7222/7483/1660
f 7222/7483/1660 3248/3253/829 3249/3262/838 7225/7484/1660
f 7225/7484/1660 3249/3262/838 3250/3260/836 7228/7487/1660
f 7228/7487/1660 3250/3260/836 694/3261/837 1187/7476/1660
f 7227/7485/1659 7228/7487/1660 1187/7476/1660 1188/7475/1659
f 7226/7486/1658 7227/7485/1659 1188/7475/1659 1189/7473/1658
f 995/7493/434 7226/7486/1658 1189/7473/1658 386/7472/434
f 996/7494/434 7223/7482/1658 7226/7486/1658 995/7493/434
f 997/7490/434 7220/7479/1658 7223/7482/1658 996/7494/434
f 7229/7495/1658 7230/7496/1659 7233/7497/1659 7232/7498/1658
f 7230/7496/1659 7231/7499/1660 7234/7500/1660 7233/7497/1659
f 7232/7498/1658 7233/7497/1659 7236/7501/1659 7235/7502/1658
f 7233/7497/1659 7234/7500/1660 7237/7503/1660 7236/7501/1659
f 388/7504/434 1183/7505/1658 7229/7495/1658 1000/7506/434
f 1183/7505/1658 1182/7507/1659 7230/7496/1659 7229/7495/1658
f 1182/7507/1659 1181/7508/1660 7231/7499/1660 7230/7496/1659
f 1181/7508/1660 692/3222/800 3251/3233/811 7231/7499/1660
f 7231/7499/1660 3251/3233/811 3252/3243/819 7234/7500/1660
f 7234/7500/1660 3252/3243/819 3253/3241/811 7237/7503/1660
f 7237/7503/1660 3253/3241/811 693/3242/818 1184/7492/1660
f 7236/7501/1659 7237/7503/1660 1184/7492/1660 1185/7491/1659
f 7235/7502/1658 7236/7501/1659 1185/7491/1659 1186/7489/1658
f 998/7509/434 7235/7502/1658 1186/7489/1658 387/7488/434
f 999/7510/434 7232/7498/1658 7235/7502/1658 998/7509/434
f 1000/7506/434 7229/7495/1658 7232/7498/1658 999/7510/434
f 7238/7511/1658 7239/7512/1659 7242/7513/1659 7241/7514/1658
f 7239/7512/1659 7240/7515/1660 7243/7516/1660 7242/7513/1659
f 7241/7514/1658 7242/7513/1659 7245/7517/1659 7244/7518/1658
f 7242/7513/1659 7243/7516/1660 7246/7519/1660 7245/7517/1659
f 666/6889/401 2887/6887/1699 7238/7511/1658 2842/7520/434
f 2887/6887/1699 2886/6886/1698 7239/7512/1659 7238/7511/1658
f 2886/6886/1698 2885/6885/1697 7240/7515/1660 7239/7512/1659
f 2885/6885/1697 733/3208/786 3254/3210/788 7240/7515/1660
f 7240/7515/1660 3254/3210/788 3255/3223/801 7243/7516/1660
f 7243/7516/1660 3255/3223/801 3256/3221/799 7246/7519/1660
f 7246/7519/1660 3256/3221/799 692/3222/800 1181/7508/1660
f 7245/7517/1659 7246/7519/1660 1181/7508/1660 1182/7507/1659
f 7244/7518/1658 7245/7517/1659 1182/7507/1659 1183/7505/1658
f 2840/7521/434 7244/7518/1658 1183/7505/1658 388/7504/434
f 2841/7522/434 7241/7514/1658 7244/7518/1658 2840/7521/434
f 2842/7520/434 7238/7511/1658 7241/7514/1658 2841/7522/434
f 7247/7523/1700 7248/7524/1701 7251/7525/1702 7250/7526/1703
f 7248/7524/1701 7249/7527/1704 7252/7528/1705 7251/7525/1702
f 7250/7526/1703 7251/7525/1702 7254/7529/1706 7253/7530/1707
f 7251/7525/1702 7252/7528/1705 7255/7531/1708 7254/7529/1706
f 680/6830/436 2962/6828/1663 7247/7523/1700 2920/7532/1650
f 2962/6828/1663 2961/6827/1662 7248/7524/1701 7247/7523/1700
f 2961/6827/1662 2960/6826/1661 7249/7527/1704 7248/7524/1701
f 2960/6826/1661 736/3183/769 3257/3185/771 7249/7527/1704
f 7249/7527/1704 3257/3185/771 3258/3198/776 7252/7528/1705
f 7252/7528/1705 3258/3198/776 3259/3196/775 7255/7531/1708
f 7255/7531/1708 3259/3196/775 732/3197/755 3112/7533/1709
f 7254/7529/1706 7255/7531/1708 3112/7533/1709 3111/7534/1710
f 7253/7530/1707 7254/7529/1706 3111/7534/1710 3110/7535/1711
f 2918/7536/1652 7253/7530/1707 3110/7535/1711 321/7537/1654
f 2919/7538/1651 7250/7526/1703 7253/7530/1707 2918/7536/1652
f 2920/7532/1650 7247/7523/1700 7250/7526/1703 2919/7538/1651
f 7256/7539/1712 7257/7540/1713 7260/7541/1714 7259/7542/1715
f 7257/7540/1713 7258/7543/1716 7261/7544/1717 7260/7541/1714
f 7259/7542/1715 7260/7541/1714 7263/7545/1718 7262/7546/1719
f 7260/7541/1714 7261/7544/1717 7264/7547/1720 7263/7545/1718
f 327/470/392 805/7548/1721 7256/7539/1712 808/471/393
f 805/7548/1721 804/7549/1722 7257/7540/1713 7256/7539/1712
f 804/7549/1722 803/7550/1723 7258/7543/1716 7257/7540/1713
f 803/7550/1723 690/3152/763 3260/3163/765 7258/7543/1716
f 7258/7543/1716 3260/3163/765 3261/3173/768 7261/7544/1717
f 7261/7544/1717 3261/3173/768 3262/3171/766 7264/7547/1720
f 7264/7547/1720 3262/3171/766 691/3172/767 812/6884/1696
f 7263/7545/1718 7264/7547/1720 812/6884/1696 813/6883/1695
f 7262/7546/1719 7263/7545/1718 813/6883/1695 814/6881/1694
f 806/473/395 7262/7546/1719 814/6881/1694 325/474/396
f 807/472/394 7259/7542/1715 7262/7546/1719 806/473/395
f 808/471/393 7256/7539/1712 7259/7542/1715 807/472/394
f 7265/7551/1724 7266/7552/1725 7269/7553/1726 7268/7554/1727
f 7266/7552/1725 7267/7555/1728 7270/7556/1729 7269/7553/1726
f 7268/7554/1727 7269/7553/1726 7272/7557/1730 7271/7558/1731
f 7269/7553/1726 7270/7556/1729 7273/7559/1732 7272/7557/1730
f 667/6870/387 2890/6868/1684 7265/7551/1724 2845/7560/388
f 2890/6868/1684 2889/6867/1683 7266/7552/1725 7265/7551/1724
f 2889/6867/1683 2888/6866/1682 7267/7555/1728 7266/7552/1725
f 2888/6866/1682 734/3138/760 3263/3140/761 7267/7555/1728
f 7267/7555/1728 3263/3140/761 3264/3153/764 7270/7556/1729
f 7270/7556/1729 3264/3153/764 3265/3151/762 7273/7559/1732
f 7273/7559/1732 3265/3151/762 690/3152/763 803/7550/1723
f 7272/7557/1730 7273/7559/1732 803/7550/1723 804/7549/1722
f 7271/7558/1731 7272/7557/1730 804/7549/1722 805/7548/1721
f 2843/7561/391 7271/7558/1731 805/7548/1721 327/470/392
f 2844/7562/390 7268/7554/1727 7271/7558/1731 2843/7561/391
f 2845/7560/388 7265/7551/1724 7268/7554/1727 2844/7562/390
f 7274/7563/1733 7275/7564/1734 7278/7565/1735 7277/7566/1736
f 7275/7564/1734 7276/7567/1737 7279/7568/1738 7278/7565/1735
f 7277/7566/1736 7278/7565/1735 7281/7569/1739 7280/7570/1740
f 7278/7565/1735 7279/7568/1738 7282/7571/1741 7281/7569/1739
f 321/7572/1654 3110/7573/1711 7274/7563/1733 787/7574/1653
f 3110/7573/1711 3111/7575/1710 7275/7564/1734 7274/7563/1733
f 3111/7575/1710 3112/7576/1709 7276/7567/1737 7275/7564/1734
f 3112/7576/1709 732/3113/755 3266/3115/756 7276/7567/1737
f 7276/7567/1737 3266/3115/756 3267/3128/759 7279/7568/1738
f 7279/7568/1738 3267/3128/759 3268/3126/757 7282/7571/1741
f 7282/7571/1741 3268/3126/757 689/3127/758 794/6845/1675
f 7281/7569/1739 7282/7571/1741 794/6845/1675 795/6844/1674
f 7280/7570/1740 7281/7569/1739 795/6844/1674 796/6842/1673
f 785/7577/1647 7280/7570/1740 796/6842/1673 323/6841/1645
f 786/7578/1655 7277/7566/1736 7280/7570/1740 785/7577/1647
f 787/7574/1653 7274/7563/1733 7277/7566/1736 786/7578/1655
f 7283/7579/1742 7284/7580/1743 7287/7581/1744 7286/7582/1745
f 7284/7580/1743 7285/7583/1746 7288/7584/1747 7287/7581/1744
f 7286/7582/1745 7287/7581/1744 7290/7585/1748 7289/7586/1749
f 7287/7581/1744 7288/7584/1747 7291/7587/1750 7290/7585/1748
f 432/4329/1008 1372/7588/1751 7283/7579/1742 2924/6732/1621
f 1372/7588/1751 1371/7589/1752 7284/7580/1743 7283/7579/1742
f 1371/7589/1752 1370/7590/1753 7285/7583/1746 7284/7580/1743
f 1370/7590/1753 760/1719/450 3413/6806/1656 7285/7583/1746
f 7285/7583/1746 3413/6806/1656 3414/6811/1657 7288/7584/1747
f 7288/7584/1747 3414/6811/1657 3415/6810/443 7291/7587/1750
f 7291/7587/1750 3415/6810/443 784/440/367 2978/7591/1754
f 7290/7585/1748 7291/7587/1750 2978/7591/1754 2979/7592/1755
f 7289/7586/1749 7290/7585/1748 2979/7592/1755 2980/7593/1756
f 2926/6734/1623 7289/7586/1749 2980/7593/1756 682/3023/740
f 2925/6733/1622 7286/7582/1745 7289/7586/1749 2926/6734/1623
f 2924/6732/1621 7283/7579/1742 7286/7582/1745 2925/6733/1622
f 7292/7594/1583 7293/7595/1583 7296/7596/1584 7295/7597/1584
f 7293/7595/1583 7294/7598/1583 7297/7599/1584 7296/7596/1584
f 7295/7597/1584 7296/7596/1584 7299/7600/1585 7298/7601/1585
f 7296/7596/1584 7297/7599/1584 7300/7602/1585 7299/7600/1585
f 410/3097/754 1306/7603/754 7292/7594/1583 2921/6744/1583
f 1306/7603/754 1305/7604/754 7293/7595/1583 7292/7594/1583
f 1305/7604/754 1304/7605/754 7294/7598/1583 7293/7595/1583
f 1304/7605/754 738/384/311 3416/6756/1633 7294/7598/1583
f 7294/7598/1583 3416/6756/1633 3417/6761/1635 7297/7599/1584
f 7297/7599/1584 3417/6761/1635 3418/6760/1634 7300/7602/1585
f 7300/7602/1585 3418/6760/1634 783/1730/473 2969/7606/480
f 7299/7600/1585 7300/7602/1585 2969/7606/480 2970/7607/480
f 7298/7601/1585 7299/7600/1585 2970/7607/480 2971/7608/480
f 2923/6746/1585 7298/7601/1585 2971/7608/480 681/2525/480
f 2922/6745/1584 7295/7597/1584 7298/7601/1585 2923/6746/1585
f 2921/6744/1583 7292/7594/1583 7295/7597/1584 2922/6745/1584
f 7301/7609/479 7302/7610/479 7305/7611/479 7304/7612/479
f 7302/7610/479 7303/7613/479 7306/7614/479 7305/7611/479
f 7304/7612/479 7305/7611/479 7308/7615/479 7307/7616/479
f 7305/7611/479 7306/7614/479 7309/7617/479 7308/7615/479
f 452/2144/479 1432/7618/479 7301/7609/479 2852/6570/479
f 1432/7618/479 1431/7619/479 7302/7610/479 7301/7609/479
f 1431/7619/479 1430/7620/479 7303/7613/479 7302/7610/479
f 1430/7620/479 780/2124/475 3419/6639/475 7303/7613/479
f 7303/7613/479 3419/6639/475 3420/6644/475 7306/7614/479
f 7306/7614/479 3420/6644/475 3421/6643/475 7309/7617/479
f 7309/7617/479 3421/6643/475 782/395/322 2906/7621/750
f 7308/7615/479 7309/7617/479 2906/7621/750 2907/7622/750
f 7307/7616/479 7308/7615/479 2907/7622/750 2908/7623/750
f 2854/6572/479 7307/7616/479 2908/7623/750 670/3073/750
f 2853/6571/479 7304/7612/479 7307/7616/479 2854/6572/479
f 2852/6570/479 7301/7609/479 7304/7612/479 2853/6571/479
f 7310/7624/1538 7311/7625/1538 7314/7626/1539 7313/7627/1539
f 7311/7625/1538 7312/7628/1538 7315/7629/1539 7314/7626/1539
f 7313/7627/1539 7314/7626/1539 7317/7630/1540 7316/7631/1540
f 7314/7626/1539 7315/7629/1539 7318/7632/1540 7317/7630/1540
f 412/3052/746 1312/7633/746 7310/7624/1538 2849/6582/1538
f 1312/7633/746 1311/7634/746 7311/7625/1538 7310/7624/1538
f 1311/7634/746 1310/7635/746 7312/7628/1538 7311/7625/1538
f 1310/7635/746 740/429/356 3422/6594/1553 7312/7628/1538
f 7312/7628/1538 3422/6594/1553 3423/6599/1558 7315/7629/1539
f 7315/7629/1539 3423/6599/1558 3424/6598/1557 7318/7632/1540
f 7318/7632/1540 3424/6598/1557 781/1325/441 2897/7636/1757
f 7317/7630/1540 7318/7632/1540 2897/7636/1757 2898/7637/1758
f 7316/7631/1540 7317/7630/1540 2898/7637/1758 2899/7638/1759
f 2851/6584/1540 7316/7631/1540 2899/7638/1759 669/2998/722
f 2850/6583/1539 7313/7627/1539 7316/7631/1540 2851/6584/1540
f 2849/6582/1538 7310/7624/1538 7313/7627/1539 2850/6583/1539
f 7319/7639/479 7320/7640/479 7323/7641/479 7322/7642/479
f 7320/7640/479 7321/7643/479 7324/7644/479 7323/7641/479
f 7322/7642/479 7323/7641/479 7326/7645/479 7325/7646/479
f 7323/7641/479 7324/7644/479 7327/7647/479 7326/7645/479
f 451/2140/479 1429/7648/479 7319/7639/479 1433/2141/479
f 1429/7648/479 1428/7649/479 7320/7640/479 7319/7639/479
f 1428/7649/479 1427/7650/479 7321/7643/479 7320/7640/479
f 1427/7650/479 779/2104/475 3425/2115/475 7321/7643/479
f 7321/7643/479 3425/2115/475 3426/2125/475 7324/7644/479
f 7324/7644/479 3426/2125/475 3427/2123/475 7327/7647/479
f 7327/7647/479 3427/2123/475 780/2124/475 1430/7620/479
f 7326/7645/479 7327/7647/479 1430/7620/479 1431/7619/479
f 7325/7646/479 7326/7645/479 1431/7619/479 1432/7618/479
f 1435/2143/479 7325/7646/479 1432/7618/479 452/2144/479
f 1434/2142/479 7322/7642/479 7325/7646/479 1435/2143/479
f 1433/2141/479 7319/7639/479 7322/7642/479 1434/2142/479
f 7328/7651/479 7329/7652/479 7332/7653/479 7331/7654/479
f 7329/7652/479 7330/7655/479 7333/7656/479 7332/7653/479
f 7331/7654/479 7332/7653/479 7335/7657/479 7334/7658/479
f 7332/7653/479 7333/7656/479 7336/7659/479 7335/7657/479
f 450/2165/479 1426/7660/479 7328/7651/479 1436/2166/479
f 1426/7660/479 1425/7661/479 7329/7652/479 7328/7651/479
f 1425/7661/479 1424/7662/479 7330/7655/479 7329/7652/479
f 1424/7662/479 778/2084/475 3428/2095/475 7330/7655/479
f 7330/7655/479 3428/2095/475 3429/2105/475 7333/7656/479
f 7333/7656/479 3429/2105/475 3430/2103/475 7336/7659/479
f 7336/7659/479 3430/2103/475 779/2104/475 1427/7650/479
f 7335/7657/479 7336/7659/479 1427/7650/479 1428/7649/479
f 7334/7658/479 7335/7657/479 1428/7649/479 1429/7648/479
f 1438/2168/479 7334/7658/479 1429/7648/479 451/2140/479
f 1437/2167/479 7331/7654/479 7334/7658/479 1438/2168/479
f 1436/2166/479 7328/7651/479 7331/7654/479 1437/2167/479
f 7337/7663/479 7338/7664/479 7341/7665/479 7340/7666/479
f 7338/7664/479 7339/7667/479 7342/7668/479 7341/7665/479
f 7340/7666/479 7341/7665/479 7344/7669/479 7343/7670/479
f 7341/7665/479 7342/7668/479 7345/7671/479 7344/7669/479
f 449/2185/479 1423/7672/479 7337/7663/479 1439/2186/479
f 1423/7672/479 1422/7673/479 7338/7664/479 7337/7663/479
f 1422/7673/479 1421/7674/479 7339/7667/479 7338/7664/479
f 1421/7674/479 777/2064/475 3431/2075/475 7339/7667/479
f 7339/7667/479 3431/2075/475 3432/2085/475 7342/7668/479
f 7342/7668/479 3432/2085/475 3433/2083/475 7345/7671/479
f 7345/7671/479 3433/2083/475 778/2084/475 1424/7662/479
f 7344/7669/479 7345/7671/479 1424/7662/479 1425/7661/479
f 7343/7670/479 7344/7669/479 1425/7661/479 1426/7660/479
f 1441/2188/479 7343/7670/479 1426/7660/479 450/2165/479
f 1440/2187/479 7340/7666/479 7343/7670/479 1441/2188/479
f 1439/2186/479 7337/7663/479 7340/7666/479 1440/2187/479
f 7346/7675/479 7347/7676/479 7350/7677/479 7349/7678/479
f 7347/7676/479 7348/7679/479 7351/7680/479 7350/7677/479
f 7349/7678/479 7350/7677/479 7353/7681/479 7352/7682/479
f 7350/7677/479 7351/7680/479 7354/7683/479 7353/7681/479
f 448/2205/479 1420/7684/479 7346/7675/479 1442/2206/479
f 1420/7684/479 1419/7685/479 7347/7676/479 7346/7675/479
f 1419/7685/479 1418/7686/479 7348/7679/479 7347/7676/479
f 1418/7686/479 776/2044/475 3434/2055/475 7348/7679/479
f 7348/7679/479 3434/2055/475 3435/2065/475 7351/7680/479
f 7351/7680/479 3435/2065/475 3436/2063/475 7354/7683/479
f 7354/7683/479 3436/2063/475 777/2064/475 1421/7674/479
f 7353/7681/479 7354/7683/479 1421/7674/479 1422/7673/479
f 7352/7682/479 7353/7681/479 1422/7673/479 1423/7672/479
f 1444/2208/479 7352/7682/479 1423/7672/479 449/2185/479
f 1443/2207/479 7349/7678/479 7352/7682/479 1444/2208/479
f 1442/2206/479 7346/7675/479 7349/7678/479 1443/2207/479
f 7355/7687/479 7356/7688/479 7359/7689/479 7358/7690/479
f 7356/7688/479 7357/7691/479 7360/7692/479 7359/7689/479
f 7358/7690/479 7359/7689/479 7362/7693/479 7361/7694/479
f 7359/7689/479 7360/7692/479 7363/7695/479 7362/7693/479
f 447/2225/479 1417/7696/479 7355/7687/479 1445/2226/479
f 1417/7696/479 1416/7697/479 7356/7688/479 7355/7687/479
f 1416/7697/479 1415/7698/479 7357/7691/479 7356/7688/479
f 1415/7698/479 775/2024/475 3437/2035/475 7357/7691/479
f 7357/7691/479 3437/2035/475 3438/2045/475 7360/7692/479
f 7360/7692/479 3438/2045/475 3439/2043/475 7363/7695/479
f 7363/7695/479 3439/2043/475 776/2044/475 1418/7686/479
f 7362/7693/479 7363/7695/479 1418/7686/479 1419/7685/479
f 7361/7694/479 7362/7693/479 1419/7685/479 1420/7684/479
f 1447/2228/479 7361/7694/479 1420/7684/479 448/2205/479
f 1446/2227/479 7358/7690/479 7361/7694/479 1447/2228/479
f 1445/2226/479 7355/7687/479 7358/7690/479 1446/2227/479
f 7364/7699/479 7365/7700/479 7368/7701/479 7367/7702/479
f 7365/7700/479 7366/7703/479 7369/7704/479 7368/7701/479
f 7367/7702/479 7368/7701/479 7371/7705/479 7370/7706/479
f 7368/7701/479 7369/7704/479 7372/7707/479 7371/7705/479
f 446/2245/479 1414/7708/479 7364/7699/479 1448/2246/479
f 1414/7708/479 1413/7709/479 7365/7700/479 7364/7699/479
f 1413/7709/479 1412/7710/479 7366/7703/479 7365/7700/479
f 1412/7710/479 774/2004/475 3440/2015/475 7366/7703/479
f 7366/7703/479 3440/2015/475 3441/2025/475 7369/7704/479
f 7369/7704/479 3441/2025/475 3442/2023/475 7372/7707/479
f 7372/7707/479 3442/2023/475 775/2024/475 1415/7698/479
f 7371/7705/479 7372/7707/479 1415/7698/479 1416/7697/479
f 7370/7706/479 7371/7705/479 1416/7697/479 1417/7696/479
f 1450/2248/479 7370/7706/479 1417/7696/479 447/2225/479
f 1449/2247/479 7367/7702/479 7370/7706/479 1450/2248/479
f 1448/2246/479 7364/7699/479 7367/7702/479 1449/2247/479
f 7373/7711/479 7374/7712/479 7377/7713/479 7376/7714/479
f 7374/7712/479 7375/7715/479 7378/7716/479 7377/7713/479
f 7376/7714/479 7377/7713/479 7380/7717/479 7379/7718/479
f 7377/7713/479 7378/7716/479 7381/7719/479 7380/7717/479
f 445/2265/479 1411/7720/479 7373/7711/479 1451/2266/479
f 1411/7720/479 1410/7721/479 7374/7712/479 7373/7711/479
f 1410/7721/479 1409/7722/479 7375/7715/479 7374/7712/479
f 1409/7722/479 773/1984/475 3443/1995/475 7375/7715/479
f 7375/7715/479 3443/1995/475 3444/2005/475 7378/7716/479
f 7378/7716/479 3444/2005/475 3445/2003/475 7381/7719/479
f 7381/7719/479 3445/2003/475 774/2004/475 1412/7710/479
f 7380/7717/479 7381/7719/479 1412/7710/479 1413/7709/479
f 7379/7718/479 7380/7717/479 1413/7709/479 1414/7708/479
f 1453/2268/479 7379/7718/479 1414/7708/479 446/2245/479
f 1452/2267/479 7376/7714/479 7379/7718/479 1453/2268/479
f 1451/2266/479 7373/7711/479 7376/7714/479 1452/2267/479
f 7382/7723/479 7383/7724/479 7386/7725/479 7385/7726/479
f 7383/7724/479 7384/7727/479 7387/7728/479 7386/7725/479
f 7385/7726/479 7386/7725/479 7389/7729/479 7388/7730/479
f 7386/7725/479 7387/7728/479 7390/7731/479 7389/7729/479
f 444/2285/479 1408/7732/479 7382/7723/479 1454/2286/479
f 1408/7732/479 1407/7733/479 7383/7724/479 7382/7723/479
f 1407/7733/479 1406/7734/479 7384/7727/479 7383/7724/479
f 1406/7734/479 772/1964/475 3446/1975/475 7384/7727/479
f 7384/7727/479 3446/1975/475 3447/1985/475 7387/7728/479
f 7387/7728/479 3447/1985/475 3448/1983/475 7390/7731/479
f 7390/7731/479 3448/1983/475 773/1984/475 1409/7722/479
f 7389/7729/479 7390/7731/479 1409/7722/479 1410/7721/479
f 7388/7730/479 7389/7729/479 1410/7721/479 1411/7720/479
f 1456/2288/479 7388/7730/479 1411/7720/479 445/2265/479
f 1455/2287/479 7385/7726/479 7388/7730/479 1456/2288/479
f 1454/2286/479 7382/7723/479 7385/7726/479 1455/2287/479
f 7391/7735/479 7392/7736/479 7395/7737/479 7394/7738/479
f 7392/7736/479 7393/7739/479 7396/7740/479 7395/7737/479
f 7394/7738/479 7395/7737/479 7398/7741/479 7397/7742/479
f 7395/7737/479 7396/7740/479 7399/7743/479 7398/7741/479
f 443/2305/479 1405/7744/479 7391/7735/479 1457/2306/479
f 1405/7744/479 1404/7745/479 7392/7736/479 7391/7735/479
f 1404/7745/479 1403/7746/479 7393/7739/479 7392/7736/479
f 1403/7746/479 771/1944/475 3449/1955/475 7393/7739/479
f 7393/7739/479 3449/1955/475 3450/1965/475 7396/7740/479
f 7396/7740/479 3450/1965/475 3451/1963/475 7399/7743/479
f 7399/7743/479 3451/1963/475 772/1964/475 1406/7734/479
f 7398/7741/479 7399/7743/479 1406/7734/479 1407/7733/479
f 7397/7742/479 7398/7741/479 1407/7733/479 1408/7732/479
f 1459/2308/479 7397/7742/479 1408/7732/479 444/2285/479
f 1458/2307/479 7394/7738/479 7397/7742/479 1459/2308/479
f 1457/2306/479 7391/7735/479 7394/7738/479 1458/2307/479
f 7400/7747/479 7401/7748/479 7404/7749/479 7403/7750/479
f 7401/7748/479 7402/7751/479 7405/7752/479 7404/7749/479
f 7403/7750/479 7404/7749/479 7407/7753/479 7406/7754/479
f 7404/7749/479 7405/7752/479 7408/7755/479 7407/7753/479
f 442/2325/479 1402/7756/479 7400/7747/479 1460/2326/479
f 1402/7756/479 1401/7757/479 7401/7748/479 7400/7747/479
f 1401/7757/479 1400/7758/479 7402/7751/479 7401/7748/479
f 1400/7758/479 770/1924/475 3452/1935/475 7402/7751/479
f 7402/7751/479 3452/1935/475 3453/1945/475 7405/7752/479
f 7405/7752/479 3453/1945/475 3454/1943/475 7408/7755/479
f 7408/7755/479 3454/1943/475 771/1944/475 1403/7746/479
f 7407/7753/479 7408/7755/479 1403/7746/479 1404/7745/479
f 7406/7754/479 7407/7753/479 1404/7745/479 1405/7744/479
f 1462/2328/479 7406/7754/479 1405/7744/479 443/2305/479
f 1461/2327/479 7403/7750/479 7406/7754/479 1462/2328/479
f 1460/2326/479 7400/7747/479 7403/7750/479 1461/2327/479
f 7409/7759/479 7410/7760/479 7413/7761/479 7412/7762/479
f 7410/7760/479 7411/7763/479 7414/7764/479 7413/7761/479
f 7412/7762/479 7413/7761/479 7416/7765/479 7415/7766/479
f 7413/7761/479 7414/7764/479 7417/7767/479 7416/7765/479
f 441/2345/479 1399/7768/479 7409/7759/479 1463/2346/479
f 1399/7768/479 1398/7769/479 7410/7760/479 7409/7759/479
f 1398/7769/479 1397/7770/479 7411/7763/479 7410/7760/479
f 1397/7770/479 769/1904/475 3455/1915/475 7411/7763/479
f 7411/7763/479 3455/1915/475 3456/1925/475 7414/7764/479
f 7414/7764/479 3456/1925/475 3457/1923/475 7417/7767/479
f 7417/7767/479 3457/1923/475 770/1924/475 1400/7758/479
f 7416/7765/479 7417/7767/479 1400/7758/479 1401/7757/479
f 7415/7766/479 7416/7765/479 1401/7757/479 1402/7756/479
f 1465/2348/479 7415/7766/479 1402/7756/479 442/2325/479
f 1464/2347/479 7412/7762/479 7415/7766/479 1465/2348/479
f 1463/2346/479 7409/7759/479 7412/7762/479 1464/2347/479
f 7418/7771/479 7419/7772/479 7422/7773/479 7421/7774/479
f 7419/7772/479 7420/7775/479 7423/7776/479 7422/7773/479
f 7421/7774/479 7422/7773/479 7425/7777/479 7424/7778/479
f 7422/7773/479 7423/7776/479 7426/7779/479 7425/7777/479
f 440/2365/479 1396/7780/479 7418/7771/479 1466/2366/479
f 1396/7780/479 1395/7781/479 7419/7772/479 7418/7771/479
f 1395/7781/479 1394/7782/479 7420/7775/479 7419/7772/479
f 1394/7782/479 768/1884/475 3458/1895/475 7420/7775/479
f 7420/7775/479 3458/1895/475 3459/1905/475 7423/7776/479
f 7423/7776/479 3459/1905/475 3460/1903/475 7426/7779/479
f 7426/7779/479 3460/1903/475 769/1904/475 1397/7770/479
f 7425/7777/479 7426/7779/479 1397/7770/479 1398/7769/479
f 7424/7778/479 7425/7777/479 1398/7769/479 1399/7768/479
f 1468/2368/479 7424/7778/479 1399/7768/479 441/2345/479
f 1467/2367/479 7421/7774/479 7424/7778/479 1468/2368/479
f 1466/2366/479 7418/7771/479 7421/7774/479 1467/2367/479
f 7427/7783/479 7428/7784/479 7431/7785/479 7430/7786/479
f 7428/7784/479 7429/7787/479 7432/7788/479 7431/7785/479
f 7430/7786/479 7431/7785/479 7434/7789/479 7433/7790/479
f 7431/7785/479 7432/7788/479 7435/7791/479 7434/7789/479
f 439/2385/479 1393/7792/479 7427/7783/479 1469/2386/479
f 1393/7792/479 1392/7793/479 7428/7784/479 7427/7783/479
f 1392/7793/479 1391/7794/479 7429/7787/479 7428/7784/479
f 1391/7794/479 767/1864/475 3461/1875/475 7429/7787/479
f 7429/7787/479 3461/1875/475 3462/1885/475 7432/7788/479
f 7432/7788/479 3462/1885/475 3463/1883/475 7435/7791/479
f 7435/7791/479 3463/1883/475 768/1884/475 1394/7782/479
f 7434/7789/479 7435/7791/479 1394/7782/479 1395/7781/479
f 7433/7790/479 7434/7789/479 1395/7781/479 1396/7780/479
f 1471/2388/479 7433/7790/479 1396/7780/479 440/2365/479
f 1470/2387/479 7430/7786/479 7433/7790/479 1471/2388/479
f 1469/2386/479 7427/7783/479 7430/7786/479 1470/2387/479
f 7436/7795/479 7437/7796/479 7440/7797/479 7439/7798/479
f 7437/7796/479 7438/7799/479 7441/7800/479 7440/7797/479
f 7439/7798/479 7440/7797/479 7443/7801/479 7442/7802/479
f 7440/7797/479 7441/7800/479 7444/7803/479 7443/7801/479
f 438/2405/479 1390/7804/479 7436/7795/479 1472/2406/479
f 1390/7804/479 1389/7805/479 7437/7796/479 7436/7795/479
f 1389/7805/479 1388/7806/479 7438/7799/479 7437/7796/479
f 1388/7806/479 766/1844/475 3464/1855/475 7438/7799/479
f 7438/7799/479 3464/1855/475 3465/1865/475 7441/7800/479
f 7441/7800/479 3465/1865/475 3466/1863/475 7444/7803/479
f 7444/7803/479 3466/1863/475 767/1864/475 1391/7794/479
f 7443/7801/479 7444/7803/479 1391/7794/479 1392/7793/479
f 7442/7802/479 7443/7801/479 1392/7793/479 1393/7792/479
f 1474/2408/479 7442/7802/479 1393/7792/479 439/2385/479
f 1473/2407/479 7439/7798/479 7442/7802/479 1474/2408/479
f 1472/2406/479 7436/7795/479 7439/7798/479 1473/2407/479
f 7445/7807/479 7446/7808/479 7449/7809/479 7448/7810/479
f 7446/7808/479 7447/7811/479 7450/7812/479 7449/7809/479
f 7448/7810/479 7449/7809/479 7452/7813/479 7451/7814/479
f 7449/7809/479 7450/7812/479 7453/7815/479 7452/7813/479
f 437/2425/479 1387/7816/479 7445/7807/479 1475/2426/479
f 1387/7816/479 1386/7817/479 7446/7808/479 7445/7807/479
f 1386/7817/479 1385/7818/479 7447/7811/479 7446/7808/479
f 1385/7818/479 765/1824/475 3467/1835/475 7447/7811/479
f 7447/7811/479 3467/1835/475 3468/1845/475 7450/7812/479
f 7450/7812/479 3468/1845/475 3469/1843/475 7453/7815/479
f 7453/7815/479 3469/1843/475 766/1844/475 1388/7806/479
f 7452/7813/479 7453/7815/479 1388/7806/479 1389/7805/479
f 7451/7814/479 7452/7813/479 1389/7805/479 1390/7804/479
f 1477/2428/479 7451/7814/479 1390/7804/479 438/2405/479
f 1476/2427/479 7448/7810/479 7451/7814/479 1477/2428/479
f 1475/2426/479 7445/7807/479 7448/7810/479 1476/2427/479
f 7454/7819/479 7455/7820/479 7458/7821/479 7457/7822/479
f 7455/7820/479 7456/7823/479 7459/7824/479 7458/7821/479
f 7457/7822/479 7458/7821/479 7461/7825/479 7460/7826/479
f 7458/7821/479 7459/7824/479 7462/7827/479 7461/7825/479
f 436/2445/479 1384/7828/479 7454/7819/479 1478/2446/479
f 1384/7828/479 1383/7829/479 7455/7820/479 7454/7819/479
f 1383/7829/479 1382/7830/479 7456/7823/479 7455/7820/479
f 1382/7830/479 764/1804/475 3470/1815/475 7456/7823/479
f 7456/7823/479 3470/1815/475 3471/1825/475 7459/7824/479
f 7459/7824/479 3471/1825/475 3472/1823/475 7462/7827/479
f 7462/7827/479 3472/1823/475 765/1824/475 1385/7818/479
f 7461/7825/479 7462/7827/479 1385/7818/479 1386/7817/479
f 7460/7826/479 7461/7825/479 1386/7817/479 1387/7816/479
f 1480/2448/479 7460/7826/479 1387/7816/479 437/2425/479
f 1479/2447/479 7457/7822/479 7460/7826/479 1480/2448/479
f 1478/2446/479 7454/7819/479 7457/7822/479 1479/2447/479
f 7463/7831/479 7464/7832/479 7467/7833/479 7466/7834/479
f 7464/7832/479 7465/7835/479 7468/7836/479 7467/7833/479
f 7466/7834/479 7467/7833/479 7470/7837/479 7469/7838/479
f 7467/7833/479 7468/7836/479 7471/7839/479 7470/7837/479
f 435/2465/479 1381/7840/479 7463/7831/479 1481/2466/479
f 1381/7840/479 1380/7841/479 7464/7832/479 7463/7831/479
f 1380/7841/479 1379/7842/479 7465/7835/479 7464/7832/479
f 1379/7842/479 763/1784/475 3473/1795/475 7465/7835/479
f 7465/7835/479 3473/1795/475 3474/1805/475 7468/7836/479
f 7468/7836/479 3474/1805/475 3475/1803/475 7471/7839/479
f 7471/7839/479 3475/1803/475 764/1804/475 1382/7830/479
f 7470/7837/479 7471/7839/479 1382/7830/479 1383/7829/479
f 7469/7838/479 7470/7837/479 1383/7829/479 1384/7828/479
f 1483/2468/479 7469/7838/479 1384/7828/479 436/2445/479
f 1482/2467/479 7466/7834/479 7469/7838/479 1483/2468/479
f 1481/2466/479 7463/7831/479 7466/7834/479 1482/2467/479
f 7472/7843/479 7473/7844/479 7476/7845/479 7475/7846/479
f 7473/7844/479 7474/7847/479 7477/7848/479 7476/7845/479
f 7475/7846/479 7476/7845/479 7479/7849/479 7478/7850/479
f 7476/7845/479 7477/7848/479 7480/7851/479 7479/7849/479
f 434/2485/479 1378/7852/479 7472/7843/479 1484/2486/479
f 1378/7852/479 1377/7853/479 7473/7844/479 7472/7843/479
f 1377/7853/479 1376/7854/479 7474/7847/479 7473/7844/479
f 1376/7854/479 762/1764/475 3476/1775/475 7474/7847/479
f 7474/7847/479 3476/1775/475 3477/1785/475 7477/7848/479
f 7477/7848/479 3477/1785/475 3478/1783/475 7480/7851/479
f 7480/7851/479 3478/1783/475 763/1784/475 1379/7842/479
f 7479/7849/479 7480/7851/479 1379/7842/479 1380/7841/479
f 7478/7850/479 7479/7849/479 1380/7841/479 1381/7840/479
f 1486/2488/479 7478/7850/479 1381/7840/479 435/2465/479
f 1485/2487/479 7475/7846/479 7478/7850/479 1486/2488/479
f 1484/2486/479 7472/7843/479 7475/7846/479 1485/2487/479
f 7481/7855/479 7482/7856/479 7485/7857/479 7484/7858/479
f 7482/7856/479 7483/7859/479 7486/7860/479 7485/7857/479
f 7484/7858/479 7485/7857/479 7488/7861/479 7487/7862/479
f 7485/7857/479 7486/7860/479 7489/7863/479 7488/7861/479
f 433/2505/479 1375/7864/479 7481/7855/479 1487/2506/479
f 1375/7864/479 1374/7865/479 7482/7856/479 7481/7855/479
f 1374/7865/479 1373/7866/479 7483/7859/479 7482/7856/479
f 1373/7866/479 761/1744/475 3479/1755/475 7483/7859/479
f 7483/7859/479 3479/1755/475 3480/1765/475 7486/7860/479
f 7486/7860/479 3480/1765/475 3481/1763/475 7489/7863/479
f 7489/7863/479 3481/1763/475 762/1764/475 1376/7854/479
f 7488/7861/479 7489/7863/479 1376/7854/479 1377/7853/479
f 7487/7862/479 7488/7861/479 1377/7853/479 1378/7852/479
f 1489/2508/479 7487/7862/479 1378/7852/479 434/2485/479
f 1488/2507/479 7484/7858/479 7487/7862/479 1489/2508/479
f 1487/2506/479 7481/7855/479 7484/7858/479 1488/2507/479
f 7490/7867/479 7491/7868/479 7494/7869/479 7493/7870/479
f 7491/7868/479 7492/7871/479 7495/7872/479 7494/7869/479
f 7493/7870/479 7494/7869/479 7497/7873/479 7496/7874/479
f 7494/7869/479 7495/7872/479 7498/7875/479 7497/7873/479
f 681/2525/480 2971/7608/480 7490/7867/479 1490/2526/479
f 2971/7608/480 2970/7607/480 7491/7868/479 7490/7867/479
f 2970/7607/480 2969/7606/480 7492/7871/479 7491/7868/479
f 2969/7606/480 783/1730/473 3482/1732/475 7492/7871/479
f 7492/7871/479 3482/1732/475 3483/1745/475 7495/7872/479
f 7495/7872/479 3483/1745/475 3484/1743/475 7498/7875/479
f 7498/7875/479 3484/1743/475 761/1744/475 1373/7866/479
f 7497/7873/479 7498/7875/479 1373/7866/479 1374/7865/479
f 7496/7874/479 7497/7873/479 1374/7865/479 1375/7864/479
f 1492/2528/479 7496/7874/479 1375/7864/479 433/2505/479
f 1491/2527/479 7493/7870/479 7496/7874/479 1492/2528/479
f 1490/2526/479 7490/7867/479 7493/7870/479 1491/2527/479
f 7499/7876/1760 7500/7877/1761 7503/7878/1762 7502/7879/1763
f 7500/7877/1761 7501/7880/1764 7504/7881/1765 7503/7878/1762
f 7502/7879/1763 7503/7878/1762 7506/7882/1766 7505/7883/1767
f 7503/7878/1762 7504/7881/1765 7507/7884/1768 7506/7882/1766
f 431/2574/524 1369/7885/1769 7499/7876/1760 1493/4325/1005
f 1369/7885/1769 1368/7886/1770 7500/7877/1761 7499/7876/1760
f 1368/7886/1770 1367/7887/1771 7501/7880/1764 7500/7877/1761
f 1367/7887/1771 759/1699/447 3485/1710/449 7501/7880/1764
f 7501/7880/1764 3485/1710/449 3486/1720/451 7504/7881/1765
f 7504/7881/1765 3486/1720/451 3487/1718/449 7507/7884/1768
f 7507/7884/1768 3487/1718/449 760/1719/450 1370/7590/1753
f 7506/7882/1766 7507/7884/1768 1370/7590/1753 1371/7589/1752
f 7505/7883/1767 7506/7882/1766 1371/7589/1752 1372/7588/1751
f 1495/4328/1007 7505/7883/1767 1372/7588/1751 432/4329/1008
f 1494/4327/1006 7502/7879/1763 7505/7883/1767 1495/4328/1007
f 1493/4325/1005 7499/7876/1760 7502/7879/1763 1494/4327/1006
f 7508/7888/1772 7509/7889/1773 7512/7890/1774 7511/7891/1775
f 7509/7889/1773 7510/7892/1776 7513/7893/1777 7512/7890/1774
f 7511/7891/1775 7512/7890/1774 7515/7894/1778 7514/7895/1779
f 7512/7890/1774 7513/7893/1777 7516/7896/1780 7515/7894/1778
f 430/2570/520 1366/7897/1781 7508/7888/1772 1496/2571/521
f 1366/7897/1781 1365/7898/1782 7509/7889/1773 7508/7888/1772
f 1365/7898/1782 1364/7899/1783 7510/7892/1776 7509/7889/1773
f 1364/7899/1783 758/1679/450 3488/1690/452 7510/7892/1776
f 7510/7892/1776 3488/1690/452 3489/1700/455 7513/7893/1777
f 7513/7893/1777 3489/1700/455 3490/1698/453 7516/7896/1780
f 7516/7896/1780 3490/1698/453 759/1699/447 1367/7887/1771
f 7515/7894/1778 7516/7896/1780 1367/7887/1771 1368/7886/1770
f 7514/7895/1779 7515/7894/1778 1368/7886/1770 1369/7885/1769
f 1498/2573/523 7514/7895/1779 1369/7885/1769 431/2574/524
f 1497/2572/522 7511/7891/1775 7514/7895/1779 1498/2573/523
f 1496/2571/521 7508/7888/1772 7511/7891/1775 1497/2572/522
f 7517/7900/1760 7518/7901/1784 7521/7902/1762 7520/7903/1785
f 7518/7901/1784 7519/7904/1764 7522/7905/1765 7521/7902/1762
f 7520/7903/1785 7521/7902/1762 7524/7906/1786 7523/7907/1787
f 7521/7902/1762 7522/7905/1765 7525/7908/1788 7524/7906/1786
f 429/2624/524 1363/7909/1769 7517/7900/1760 1499/4456/560
f 1363/7909/1769 1362/7910/1770 7518/7901/1784 7517/7900/1760
f 1362/7910/1770 1361/7911/1771 7519/7904/1764 7518/7901/1784
f 1361/7911/1771 757/1659/447 3491/1670/449 7519/7904/1764
f 7519/7904/1764 3491/1670/449 3492/1680/451 7522/7905/1765
f 7522/7905/1765 3492/1680/451 3493/1678/449 7525/7908/1788
f 7525/7908/1788 3493/1678/449 758/1679/450 1364/7899/1783
f 7524/7906/1786 7525/7908/1788 1364/7899/1783 1365/7898/1782
f 7523/7907/1787 7524/7906/1786 1365/7898/1782 1366/7897/1781
f 1501/4459/562 7523/7907/1787 1366/7897/1781 430/2570/520
f 1500/4458/561 7520/7903/1785 7523/7907/1787 1501/4459/562
f 1499/4456/560 7517/7900/1760 7520/7903/1785 1500/4458/561
f 7526/7912/1772 7527/7913/1773 7530/7914/1774 7529/7915/1775
f 7527/7913/1773 7528/7916/1776 7531/7917/1777 7530/7914/1774
f 7529/7915/1775 7530/7914/1774 7533/7918/1778 7532/7919/1779
f 7530/7914/1774 7531/7917/1777 7534/7920/1780 7533/7918/1778
f 428/2620/520 1360/7921/1781 7526/7912/1772 1502/2621/521
f 1360/7921/1781 1359/7922/1782 7527/7913/1773 7526/7912/1772
f 1359/7922/1782 1358/7923/1783 7528/7916/1776 7527/7913/1773
f 1358/7923/1783 756/1639/450 3494/1650/452 7528/7916/1776
f 7528/7916/1776 3494/1650/452 3495/1660/455 7531/7917/1777
f 7531/7917/1777 3495/1660/455 3496/1658/453 7534/7920/1780
f 7534/7920/1780 3496/1658/453 757/1659/447 1361/7911/1771
f 7533/7918/1778 7534/7920/1780 1361/7911/1771 1362/7910/1770
f 7532/7919/1779 7533/7918/1778 1362/7910/1770 1363/7909/1769
f 1504/2623/523 7532/7919/1779 1363/7909/1769 429/2624/524
f 1503/2622/522 7529/7915/1775 7532/7919/1779 1504/2623/523
f 1502/2621/521 7526/7912/1772 7529/7915/1775 1503/2622/522
f 7535/7924/1760 7536/7925/1784 7539/7926/1762 7538/7927/1785
f 7536/7925/1784 7537/7928/1764 7540/7929/1765 7539/7926/1762
f 7538/7927/1785 7539/7926/1762 7542/7930/1786 7541/7931/1787
f 7539/7926/1762 7540/7929/1765 7543/7932/1788 7542/7930/1786
f 427/2674/524 1357/7933/1769 7535/7924/1760 1505/4572/560
f 1357/7933/1769 1356/7934/1770 7536/7925/1784 7535/7924/1760
f 1356/7934/1770 1355/7935/1771 7537/7928/1764 7536/7925/1784
f 1355/7935/1771 755/1619/447 3497/1630/449 7537/7928/1764
f 7537/7928/1764 3497/1630/449 3498/1640/451 7540/7929/1765
f 7540/7929/1765 3498/1640/451 3499/1638/449 7543/7932/1788
f 7543/7932/1788 3499/1638/449 756/1639/450 1358/7923/1783
f 7542/7930/1786 7543/7932/1788 1358/7923/1783 1359/7922/1782
f 7541/7931/1787 7542/7930/1786 1359/7922/1782 1360/7921/1781
f 1507/4574/562 7541/7931/1787 1360/7921/1781 428/2620/520
f 1506/4573/561 7538/7927/1785 7541/7931/1787 1507/4574/562
f 1505/4572/560 7535/7924/1760 7538/7927/1785 1506/4573/561
f 7544/7936/1772 7545/7937/1773 7548/7938/1774 7547/7939/1775
f 7545/7937/1773 7546/7940/1776 7549/7941/1777 7548/7938/1774
f 7547/7939/1775 7548/7938/1774 7551/7942/1778 7550/7943/1779
f 7548/7938/1774 7549/7941/1777 7552/7944/1780 7551/7942/1778
f 426/2670/520 1354/7945/1781 7544/7936/1772 1508/2671/521
f 1354/7945/1781 1353/7946/1782 7545/7937/1773 7544/7936/1772
f 1353/7946/1782 1352/7947/1783 7546/7940/1776 7545/7937/1773
f 1352/7947/1783 754/1599/450 3500/1610/452 7546/7940/1776
f 7546/7940/1776 3500/1610/452 3501/1620/455 7549/7941/1777
f 7549/7941/1777 3501/1620/455 3502/1618/453 7552/7944/1780
f 7552/7944/1780 3502/1618/453 755/1619/447 1355/7935/1771
f 7551/7942/1778 7552/7944/1780 1355/7935/1771 1356/7934/1770
f 7550/7943/1779 7551/7942/1778 1356/7934/1770 1357/7933/1769
f 1510/2673/523 7550/7943/1779 1357/7933/1769 427/2674/524
f 1509/2672/522 7547/7939/1775 7550/7943/1779 1510/2673/523
f 1508/2671/521 7544/7936/1772 7547/7939/1775 1509/2672/522
f 7553/7948/1760 7554/7949/1784 7557/7950/1762 7556/7951/1785
f 7554/7949/1784 7555/7952/1764 7558/7953/1765 7557/7950/1762
f 7556/7951/1785 7557/7950/1762 7560/7954/1786 7559/7955/1787
f 7557/7950/1762 7558/7953/1765 7561/7956/1788 7560/7954/1786
f 425/2724/524 1351/7957/1769 7553/7948/1760 1511/4698/560
f 1351/7957/1769 1350/7958/1770 7554/7949/1784 7553/7948/1760
f 1350/7958/1770 1349/7959/1771 7555/7952/1764 7554/7949/1784
f 1349/7959/1771 753/1579/447 3503/1590/449 7555/7952/1764
f 7555/7952/1764 3503/1590/449 3504/1600/451 7558/7953/1765
f 7558/7953/1765 3504/1600/451 3505/1598/449 7561/7956/1788
f 7561/7956/1788 3505/1598/449 754/1599/450 1352/7947/1783
f 7560/7954/1786 7561/7956/1788 1352/7947/1783 1353/7946/1782
f 7559/7955/1787 7560/7954/1786 1353/7946/1782 1354/7945/1781
f 1513/4700/562 7559/7955/1787 1354/7945/1781 426/2670/520
f 1512/4699/561 7556/7951/1785 7559/7955/1787 1513/4700/562
f 1511/4698/560 7553/7948/1760 7556/7951/1785 1512/4699/561
f 7562/7960/1772 7563/7961/1773 7566/7962/1774 7565/7963/1775
f 7563/7961/1773 7564/7964/1776 7567/7965/1777 7566/7962/1774
f 7565/7963/1775 7566/7962/1774 7569/7966/1778 7568/7967/1779
f 7566/7962/1774 7567/7965/1777 7570/7968/1780 7569/7966/1778
f 424/2720/520 1348/7969/1781 7562/7960/1772 1514/2721/521
f 1348/7969/1781 1347/7970/1782 7563/7961/1773 7562/7960/1772
f 1347/7970/1782 1346/7971/1783 7564/7964/1776 7563/7961/1773
f 1346/7971/1783 752/1559/450 3506/1570/452 7564/7964/1776
f 7564/7964/1776 3506/1570/452 3507/1580/455 7567/7965/1777
f 7567/7965/1777 3507/1580/455 3508/1578/453 7570/7968/1780
f 7570/7968/1780 3508/1578/453 753/1579/447 1349/7959/1771
f 7569/7966/1778 7570/7968/1780 1349/7959/1771 1350/7958/1770
f 7568/7967/1779 7569/7966/1778 1350/7958/1770 1351/7957/1769
f 1516/2723/523 7568/7967/1779 1351/7957/1769 425/2724/524
f 1515/2722/522 7565/7963/1775 7568/7967/1779 1516/2723/523
f 1514/2721/521 7562/7960/1772 7565/7963/1775 1515/2722/522
f 7571/7972/1760 7572/7973/1784 7575/7974/1762 7574/7975/1785
f 7572/7973/1784 7573/7976/1764 7576/7977/1765 7575/7974/1762
f 7574/7975/1785 7575/7974/1762 7578/7978/1786 7577/7979/1787
f 7575/7974/1762 7576/7977/1765 7579/7980/1788 7578/7978/1786
f 423/2595/524 1345/7981/1769 7571/7972/1760 1517/2874/560
f 1345/7981/1769 1344/7982/1770 7572/7973/1784 7571/7972/1760
f 1344/7982/1770 1343/7983/1771 7573/7976/1764 7572/7973/1784
f 1343/7983/1771 751/1539/447 3509/1550/449 7573/7976/1764
f 7573/7976/1764 3509/1550/449 3510/1560/451 7576/7977/1765
f 7576/7977/1765 3510/1560/451 3511/1558/449 7579/7980/1788
f 7579/7980/1788 3511/1558/449 752/1559/450 1346/7971/1783
f 7578/7978/1786 7579/7980/1788 1346/7971/1783 1347/7970/1782
f 7577/7979/1787 7578/7978/1786 1347/7970/1782 1348/7969/1781
f 1519/2876/562 7577/7979/1787 1348/7969/1781 424/2720/520
f 1518/2875/561 7574/7975/1785 7577/7979/1787 1519/2876/562
f 1517/2874/560 7571/7972/1760 7574/7975/1785 1518/2875/561
f 7580/7984/1772 7581/7985/1773 7584/7986/1774 7583/7987/1775
f 7581/7985/1773 7582/7988/1776 7585/7989/1777 7584/7986/1774
f 7583/7987/1775 7584/7986/1774 7587/7990/1778 7586/7991/1779
f 7584/7986/1774 7585/7989/1777 7588/7992/1780 7587/7990/1778
f 422/2645/520 1342/7993/1781 7580/7984/1772 1520/2770/521
f 1342/7993/1781 1341/7994/1782 7581/7985/1773 7580/7984/1772
f 1341/7994/1782 1340/7995/1783 7582/7988/1776 7581/7985/1773
f 1340/7995/1783 750/1519/450 3512/1530/452 7582/7988/1776
f 7582/7988/1776 3512/1530/452 3513/1540/455 7585/7989/1777
f 7585/7989/1777 3513/1540/455 3514/1538/453 7588/7992/1780
f 7588/7992/1780 3514/1538/453 751/1539/447 1343/7983/1771
f 7587/7990/1778 7588/7992/1780 1343/7983/1771 1344/7982/1770
f 7586/7991/1779 7587/7990/1778 1344/7982/1770 1345/7981/1769
f 1522/2772/523 7586/7991/1779 1345/7981/1769 423/2595/524
f 1521/2771/522 7583/7987/1775 7586/7991/1779 1522/2772/523
f 1520/2770/521 7580/7984/1772 7583/7987/1775 1521/2771/522
f 7589/7996/1760 7590/7997/1784 7593/7998/1762 7592/7999/1785
f 7590/7997/1784 7591/8000/1764 7594/8001/1765 7593/7998/1762
f 7592/7999/1785 7593/7998/1762 7596/8002/1786 7595/8003/1787
f 7593/7998/1762 7594/8001/1765 7597/8004/1788 7596/8002/1786
f 421/2640/524 1339/8005/1769 7589/7996/1760 1523/2641/560
f 1339/8005/1769 1338/8006/1770 7590/7997/1784 7589/7996/1760
f 1338/8006/1770 1337/8007/1771 7591/8000/1764 7590/7997/1784
f 1337/8007/1771 749/1499/447 3515/1510/449 7591/8000/1764
f 7591/8000/1764 3515/1510/449 3516/1520/451 7594/8001/1765
f 7594/8001/1765 3516/1520/451 3517/1518/449 7597/8004/1788
f 7597/8004/1788 3517/1518/449 750/1519/450 1340/7995/1783
f 7596/8002/1786 7597/8004/1788 1340/7995/1783 1341/7994/1782
f 7595/8003/1787 7596/8002/1786 1341/7994/1782 1342/7993/1781
f 1525/2644/562 7595/8003/1787 1342/7993/1781 422/2645/520
f 1524/2643/561 7592/7999/1785 7595/8003/1787 1525/2644/562
f 1523/2641/560 7589/7996/1760 7592/7999/1785 1524/2643/561
f 7598/8008/1772 7599/8009/1773 7602/8010/1774 7601/8011/1775
f 7599/8009/1773 7600/8012/1776 7603/8013/1777 7602/8010/1774
f 7601/8011/1775 7602/8010/1774 7605/8014/1778 7604/8015/1779
f 7602/8010/1774 7603/8013/1777 7606/8016/1780 7605/8014/1778
f 420/2814/520 1336/8017/1781 7598/8008/1772 1526/2815/521
f 1336/8017/1781 1335/8018/1782 7599/8009/1773 7598/8008/1772
f 1335/8018/1782 1334/8019/1783 7600/8012/1776 7599/8009/1773
f 1334/8019/1783 748/1479/450 3518/1490/452 7600/8012/1776
f 7600/8012/1776 3518/1490/452 3519/1500/455 7603/8013/1777
f 7603/8013/1777 3519/1500/455 3520/1498/453 7606/8016/1780
f 7606/8016/1780 3520/1498/453 749/1499/447 1337/8007/1771
f 7605/8014/1778 7606/8016/1780 1337/8007/1771 1338/8006/1770
f 7604/8015/1779 7605/8014/1778 1338/8006/1770 1339/8005/1769
f 1528/2817/523 7604/8015/1779 1339/8005/1769 421/2640/524
f 1527/2816/522 7601/8011/1775 7604/8015/1779 1528/2817/523
f 1526/2815/521 7598/8008/1772 7601/8011/1775 1527/2816/522
f 7607/8020/1760 7608/8021/1784 7611/8022/1762 7610/8023/1763
f 7608/8021/1784 7609/8024/1764 7612/8025/1765 7611/8022/1762
f 7610/8023/1763 7611/8022/1762 7614/8026/1786 7613/8027/1787
f 7611/8022/1762 7612/8025/1765 7615/8028/1788 7614/8026/1786
f 419/2858/648 1333/8029/1789 7607/8020/1760 1529/4268/560
f 1333/8029/1789 1332/8030/1790 7608/8021/1784 7607/8020/1760
f 1332/8030/1790 1331/8031/1771 7609/8024/1764 7608/8021/1784
f 1331/8031/1771 747/1459/447 3521/1470/449 7609/8024/1764
f 7609/8024/1764 3521/1470/449 3522/1480/451 7612/8025/1765
f 7612/8025/1765 3522/1480/451 3523/1478/449 7615/8028/1788
f 7615/8028/1788 3523/1478/449 748/1479/450 1334/8019/1783
f 7614/8026/1786 7615/8028/1788 1334/8019/1783 1335/8018/1782
f 7613/8027/1787 7614/8026/1786 1335/8018/1782 1336/8017/1781
f 1531/4271/562 7613/8027/1787 1336/8017/1781 420/2814/520
f 1530/4270/561 7610/8023/1763 7613/8027/1787 1531/4271/562
f 1529/4268/560 7607/8020/1760 7610/8023/1763 1530/4270/561
f 7616/8032/1791 7617/8033/1792 7620/8034/1793 7619/8035/1794
f 7617/8033/1792 7618/8036/1795 7621/8037/1796 7620/8034/1793
f 7619/8035/1794 7620/8034/1793 7623/8038/1797 7622/8039/1798
f 7620/8034/1793 7621/8037/1796 7624/8040/1799 7623/8038/1797
f 418/2854/644 1330/8041/1800 7616/8032/1791 1532/2855/645
f 1330/8041/1800 1329/8042/1801 7617/8033/1792 7616/8032/1791
f 1329/8042/1801 1328/8043/1802 7618/8036/1795 7617/8033/1792
f 1328/8043/1802 746/1439/465 3524/1450/467 7618/8036/1795
f 7618/8036/1795 3524/1450/467 3525/1460/468 7621/8037/1796
f 7621/8037/1796 3525/1460/468 3526/1458/453 7624/8040/1799
f 7624/8040/1799 3526/1458/453 747/1459/447 1331/8031/1771
f 7623/8038/1797 7624/8040/1799 1331/8031/1771 1332/8030/1790
f 7622/8039/1798 7623/8038/1797 1332/8030/1790 1333/8029/1789
f 1534/2857/647 7622/8039/1798 1333/8029/1789 419/2858/648
f 1533/2856/646 7619/8035/1794 7622/8039/1798 1534/2857/647
f 1532/2855/645 7616/8032/1791 7619/8035/1794 1533/2856/646
f 7625/8044/1803 7626/8045/1804 7629/8046/1805 7628/8047/1806
f 7626/8045/1804 7627/8048/1807 7630/8049/1808 7629/8046/1805
f 7628/8047/1806 7629/8046/1805 7632/8050/1809 7631/8051/1810
f 7629/8046/1805 7630/8049/1808 7633/8052/1811 7632/8050/1809
f 417/2902/674 1327/8053/1812 7625/8044/1803 1535/4375/1037
f 1327/8053/1812 1326/8054/1813 7626/8045/1804 7625/8044/1803
f 1326/8054/1813 1325/8055/1814 7627/8048/1807 7626/8045/1804
f 1325/8055/1814 745/1419/462 3527/1430/463 7627/8048/1807
f 7627/8048/1807 3527/1430/463 3528/1440/466 7630/8049/1808
f 7630/8049/1808 3528/1440/466 3529/1438/464 7633/8052/1811
f 7633/8052/1811 3529/1438/464 746/1439/465 1328/8043/1802
f 7632/8050/1809 7633/8052/1811 1328/8043/1802 1329/8042/1801
f 7631/8051/1810 7632/8050/1809 1329/8042/1801 1330/8041/1800
f 1537/4378/1040 7631/8051/1810 1330/8041/1800 418/2854/644
f 1536/4377/1039 7628/8047/1806 7631/8051/1810 1537/4378/1040
f 1535/4375/1037 7625/8044/1803 7628/8047/1806 1536/4377/1039
f 7634/8056/1815 7635/8057/1816 7638/8058/1817 7637/8059/1818
f 7635/8057/1816 7636/8060/1819 7639/8061/1820 7638/8058/1817
f 7637/8059/1818 7638/8058/1817 7641/8062/1821 7640/8063/1822
f 7638/8058/1817 7639/8061/1820 7642/8064/1823 7641/8062/1821
f 416/2898/670 1324/8065/1824 7634/8056/1815 1538/2899/671
f 1324/8065/1824 1323/8066/1825 7635/8057/1816 7634/8056/1815
f 1323/8066/1825 1322/8067/1826 7636/8060/1819 7635/8057/1816
f 1322/8067/1826 744/1399/458 3530/1410/460 7636/8060/1819
f 7636/8060/1819 3530/1410/460 3531/1420/460 7639/8061/1820
f 7639/8061/1820 3531/1420/460 3532/1418/461 7642/8064/1823
f 7642/8064/1823 3532/1418/461 745/1419/462 1325/8055/1814
f 7641/8062/1821 7642/8064/1823 1325/8055/1814 1326/8054/1813
f 7640/8063/1822 7641/8062/1821 1326/8054/1813 1327/8053/1812
f 1540/2901/673 7640/8063/1822 1327/8053/1812 417/2902/674
f 1539/2900/672 7637/8059/1818 7640/8063/1822 1540/2901/673
f 1538/2899/671 7634/8056/1815 7637/8059/1818 1539/2900/672
f 7643/8068/1827 7644/8069/1828 7647/8070/1829 7646/8071/1830
f 7644/8069/1828 7645/8072/1831 7648/8073/1832 7647/8070/1829
f 7646/8071/1830 7647/8070/1829 7650/8074/1833 7649/8075/1834
f 7647/8070/1829 7648/8073/1832 7651/8076/1835 7650/8074/1833
f 415/2952/706 1321/8077/1836 7643/8068/1827 1541/4505/1062
f 1321/8077/1836 1320/8078/1837 7644/8069/1828 7643/8068/1827
f 1320/8078/1837 1319/8079/1838 7645/8072/1831 7644/8069/1828
f 1319/8079/1838 743/1379/454 3533/1390/456 7645/8072/1831
f 7645/8072/1831 3533/1390/456 3534/1400/459 7648/8073/1832
f 7648/8073/1832 3534/1400/459 3535/1398/457 7651/8076/1835
f 7651/8076/1835 3535/1398/457 744/1399/458 1322/8067/1826
f 7650/8074/1833 7651/8076/1835 1322/8067/1826 1323/8066/1825
f 7649/8075/1834 7650/8074/1833 1323/8066/1825 1324/8065/1824
f 1543/4507/1064 7649/8075/1834 1324/8065/1824 416/2898/670
f 1542/4506/1063 7646/8071/1830 7649/8075/1834 1543/4507/1064
f 1541/4505/1062 7643/8068/1827 7646/8071/1830 1542/4506/1063
f 7652/8080/1772 7653/8081/1773 7656/8082/1774 7655/8083/1775
f 7653/8081/1773 7654/8084/1776 7657/8085/1777 7656/8082/1774
f 7655/8083/1775 7656/8082/1774 7659/8086/1778 7658/8087/1779
f 7656/8082/1774 7657/8085/1777 7660/8088/1780 7659/8086/1778
f 414/2948/520 1318/8089/1781 7652/8080/1772 1544/2949/521
f 1318/8089/1781 1317/8090/1782 7653/8081/1773 7652/8080/1772
f 1317/8090/1782 1316/8091/1783 7654/8084/1776 7653/8081/1773
f 1316/8091/1783 742/1359/450 3536/1370/452 7654/8084/1776
f 7654/8084/1776 3536/1370/452 3537/1380/455 7657/8085/1777
f 7657/8085/1777 3537/1380/455 3538/1378/453 7660/8088/1780
f 7660/8088/1780 3538/1378/453 743/1379/454 1319/8079/1838
f 7659/8086/1778 7660/8088/1780 1319/8079/1838 1320/8078/1837
f 7658/8087/1779 7659/8086/1778 1320/8078/1837 1321/8077/1836
f 1546/2951/523 7658/8087/1779 1321/8077/1836 415/2952/706
f 1545/2950/522 7655/8083/1775 7658/8087/1779 1546/2951/523
f 1544/2949/521 7652/8080/1772 7655/8083/1775 1545/2950/522
f 7661/8092/1839 7662/8093/1840 7665/8094/1762 7664/8095/1763
f 7662/8093/1840 7663/8096/1841 7666/8097/1765 7665/8094/1762
f 7664/8095/1763 7665/8094/1762 7668/8098/1842 7667/8099/1787
f 7665/8094/1762 7666/8097/1765 7669/8100/1788 7668/8098/1842
f 413/3002/726 1315/8101/1843 7661/8092/1839 1547/4615/1107
f 1315/8101/1843 1314/8102/1844 7662/8093/1840 7661/8092/1839
f 1314/8102/1844 1313/8103/1845 7663/8096/1841 7662/8093/1840
f 1313/8103/1845 741/1339/447 3539/1350/449 7663/8096/1841
f 7663/8096/1841 3539/1350/449 3540/1360/451 7666/8097/1765
f 7666/8097/1765 3540/1360/451 3541/1358/449 7669/8100/1788
f 7669/8100/1788 3541/1358/449 742/1359/450 1316/8091/1783
f 7668/8098/1842 7669/8100/1788 1316/8091/1783 1317/8090/1782
f 7667/8099/1787 7668/8098/1842 1317/8090/1782 1318/8089/1781
f 1549/4617/1108 7667/8099/1787 1318/8089/1781 414/2948/520
f 1548/4616/1006 7664/8095/1763 7667/8099/1787 1549/4617/1108
f 1547/4615/1107 7661/8092/1839 7664/8095/1763 1548/4616/1006
f 7670/8104/1846 7671/8105/1847 7674/8106/1848 7673/8107/1849
f 7671/8105/1847 7672/8108/1850 7675/8109/1851 7674/8106/1848
f 7673/8107/1849 7674/8106/1848 7677/8110/1852 7676/8111/1853
f 7674/8106/1848 7675/8109/1851 7678/8112/1854 7677/8110/1852
f 669/2998/722 2899/7638/1759 7670/8104/1846 1550/2999/723
f 2899/7638/1759 2898/7637/1758 7671/8105/1847 7670/8104/1846
f 2898/7637/1758 2897/7636/1757 7672/8108/1850 7671/8105/1847
f 2897/7636/1757 781/1325/441 3542/1327/443 7672/8108/1850
f 7672/8108/1850 3542/1327/443 3543/1340/448 7675/8109/1851
f 7675/8109/1851 3543/1340/448 3544/1338/446 7678/8112/1854
f 7678/8112/1854 3544/1338/446 741/1339/447 1313/8103/1845
f 7677/8110/1852 7678/8112/1854 1313/8103/1845 1314/8102/1844
f 7676/8111/1853 7677/8110/1852 1314/8102/1844 1315/8101/1843
f 1552/3001/725 7676/8111/1853 1315/8101/1843 413/3002/726
f 1551/3000/724 7673/8107/1849 7676/8111/1853 1552/3001/725
f 1550/2999/723 7670/8104/1846 7673/8107/1849 1551/3000/724
f 7679/8113/733 7680/8114/733 7683/8115/734 7682/8116/734
f 7680/8114/733 7681/8117/733 7684/8118/734 7683/8115/734
f 7682/8116/734 7683/8115/734 7686/8119/735 7685/8120/735
f 7683/8115/734 7684/8118/734 7687/8121/735 7686/8119/735
f 682/3023/740 2980/7593/1756 7679/8113/733 1553/3024/733
f 2980/7593/1756 2979/7592/1755 7680/8114/733 7679/8113/733
f 2979/7592/1755 2978/7591/1754 7681/8117/733 7680/8114/733
f 2978/7591/1754 784/440/367 3545/442/369 7681/8117/733
f 7681/8117/733 3545/442/369 3546/455/377 7684/8118/734
f 7684/8118/734 3546/455/377 3547/453/376 7687/8121/735
f 7687/8121/735 3547/453/376 737/454/297 3271/8122/741
f 7686/8119/735 7687/8121/735 3271/8122/741 3270/8123/741
f 7685/8120/735 7686/8119/735 3270/8123/741 3269/8124/741
f 1555/3026/735 7685/8120/735 3269/8124/741 409/3027/741
f 1554/3025/734 7682/8116/734 7685/8120/735 1555/3026/735
f 1553/3024/733 7679/8113/733 7682/8116/734 1554/3025/734
f 7688/8125/742 7689/8126/742 7692/8127/743 7691/8128/743
f 7689/8126/742 7690/8129/742 7693/8130/743 7692/8127/743
f 7691/8128/743 7692/8127/743 7695/8131/744 7694/8132/744
f 7692/8127/743 7693/8130/743 7696/8133/744 7695/8131/744
f 411/3048/745 1309/8134/745 7688/8125/742 1556/3049/742
f 1309/8134/745 1308/8135/745 7689/8126/742 7688/8125/742
f 1308/8135/745 1307/8136/745 7690/8129/742 7689/8126/742
f 1307/8136/745 739/409/336 3548/420/347 7690/8129/742
f 7690/8129/742 3548/420/347 3549/430/357 7693/8130/743
f 7693/8130/743 3549/430/357 3550/428/355 7696/8133/744
f 7696/8133/744 3550/428/355 740/429/356 1310/7635/746
f 7695/8131/744 7696/8133/744 1310/7635/746 1311/7634/746
f 7694/8132/744 7695/8131/744 1311/7634/746 1312/7633/746
f 1558/3051/744 7694/8132/744 1312/7633/746 412/3052/746
f 1557/3050/743 7691/8128/743 7694/8132/744 1558/3051/744
f 1556/3049/742 7688/8125/742 7691/8128/743 1557/3050/743
f 7697/8137/747 7698/8138/747 7701/8139/748 7700/8140/748
f 7698/8138/747 7699/8141/747 7702/8142/748 7701/8139/748
f 7700/8140/748 7701/8139/748 7704/8143/749 7703/8144/749
f 7701/8139/748 7702/8142/748 7705/8145/749 7704/8143/749
f 670/3073/750 2908/7623/750 7697/8137/747 1559/3074/747
f 2908/7623/750 2907/7622/750 7698/8138/747 7697/8137/747
f 2907/7622/750 2906/7621/750 7699/8141/747 7698/8138/747
f 2906/7621/750 782/395/322 3551/397/324 7699/8141/747
f 7699/8141/747 3551/397/324 3552/410/337 7702/8142/748
f 7702/8142/748 3552/410/337 3553/408/335 7705/8145/749
f 7705/8145/749 3553/408/335 739/409/336 1307/8136/745
f 7704/8143/749 7705/8145/749 1307/8136/745 1308/8135/745
f 7703/8144/749 7704/8143/749 1308/8135/745 1309/8134/745
f 1561/3076/749 7703/8144/749 1309/8134/745 411/3048/745
f 1560/3075/748 7700/8140/748 7703/8144/749 1561/3076/749
f 1559/3074/747 7697/8137/747 7700/8140/748 1560/3075/748
f 7706/8146/751 7707/8147/751 7710/8148/752 7709/8149/752
f 7707/8147/751 7708/8150/751 7711/8151/752 7710/8148/752
f 7709/8149/752 7710/8148/752 7713/8152/753 7712/8153/753
f 7710/8148/752 7711/8151/752 7714/8154/753 7713/8152/753
f 409/3093/741 3269/8155/741 7706/8146/751 1562/3094/751
f 3269/8155/741 3270/8156/741 7707/8147/751 7706/8146/751
f 3270/8156/741 3271/8157/741 7708/8150/751 7707/8147/751
f 3271/8157/741 737/370/297 3554/372/299 7708/8150/751
f 7708/8150/751 3554/372/299 3555/385/312 7711/8151/752
f 7711/8151/752 3555/385/312 3556/383/310 7714/8154/753
f 7714/8154/753 3556/383/310 738/384/311 1304/7605/754
f 7713/8152/753 7714/8154/753 1304/7605/754 1305/7604/754
f 7712/8153/753 7713/8152/753 1305/7604/754 1306/7603/754
f 1564/3096/753 7712/8153/753 1306/7603/754 410/3097/754
f 1563/3095/752 7709/8149/752 7712/8153/753 1564/3096/753
f 1562/3094/751 7706/8146/751 7709/8149/752 1563/3095/752
o Feet_Cylinder.003
v -4.063274 -0.118796 -0.070000
v -4.063274 0.306730 -0.050000
v -4.013777 -0.118796 -0.049497
v -4.027919 0.306730 -0.035355
v -3.993274 -0.118796 0.000000
v -4.013274 0.306730 0.000000
v -4.013777 -0.118796 0.049497
v -4.027919 0.306730 0.035355
v -4.063274 -0.118796 0.070000
v -4.063274 0.306730 0.050000
v -4.112772 -0.118796 0.049497
v -4.098629 0.306730 0.035355
v -4.133274 -0.118796 -0.000000
v -4.113274 0.306730 -0.000000
v -4.112772 -0.118796 -0.049497
v -4.098629 0.306730 -0.035355
v -4.063274 0.142441 -0.070000
v -4.013777 0.142441 -0.049497
v -3.993274 0.142441 0.000000
v -4.013777 0.142441 0.049497
v -4.063274 0.142441 0.070000
v -4.112772 0.142441 0.049497
v -4.133274 0.142441 -0.000000
v -4.112772 0.142441 -0.049497
v 0.020540 -0.118796 -0.070000
v 0.020540 0.306730 -0.050000
v -0.028957 -0.118796 -0.049497
v -0.014815 0.306730 -0.035355
v -0.049459 -0.118796 0.000000
v -0.029459 0.306730 0.000000
v -0.028957 -0.118796 0.049497
v -0.014815 0.306730 0.035355
v 0.020540 -0.118796 0.070000
v 0.020540 0.306730 0.050000
v 0.070038 -0.118796 0.049497
v 0.055896 0.306730 0.035355
v 0.090540 -0.118796 -0.000000
v 0.070540 0.306730 -0.000000
v 0.070038 -0.118796 -0.049497
v 0.055896 0.306730 -0.035355
v 0.020540 0.142441 -0.070000
v -0.028957 0.142441 -0.049497
v -0.049459 0.142441 0.000000
v -0.028957 0.142441 0.049497
v 0.020540 0.142441 0.070000
v 0.070038 0.142441 0.049497
v 0.090540 0.142441 -0.000000
v 0.070038 0.142441 -0.049497
vt 1.000000 0.806958
vt 1.000000 1.000000
vt 0.875000 1.000000
vt 0.875000 0.806958
vt 0.750000 1.000000
vt 0.750000 0.806958
vt 0.625000 1.000000
vt 0.625000 0.806958
vt 0.500000 1.000000
vt 0.500000 0.806958
vt 0.375000 1.000000
vt 0.375000 0.806958
vt 0.250000 1.000000
vt 0.250000 0.806958
vt 0.419706 0.419706
vt 0.250000 0.490000
vt 0.080294 0.419706
vt 0.010000 0.250000
vt 0.080294 0.080294
vt 0.250000 0.010000
vt 0.419706 0.080294
vt 0.490000 0.250000
vt 0.125000 1.000000
vt 0.125000 0.806958
vt 0.000000 1.000000
vt 0.000000 0.806958
vt 0.750000 0.490000
vt 0.919706 0.419706
vt 0.990000 0.250000
vt 0.919706 0.080294
vt 0.750000 0.010000
vt 0.580294 0.080294
vt 0.510000 0.250000
vt 0.580294 0.419706
vt 0.125000 0.500000
vt 0.000000 0.500000
vt 0.250000 0.500000
vt 0.375000 0.500000
vt 0.500000 0.500000
vt 0.625000 0.500000
vt 0.750000 0.500000
vt 0.875000 0.500000
vt 1.000000 0.500000
vt 1.000000 0.806958
vt 0.875000 0.806958
vt 0.875000 1.000000
vt 1.000000 1.000000
vt 0.750000 0.806958
vt 0.750000 1.000000
vt 0.625000 0.806958
vt 0.625000 1.000000
vt 0.500000 0.806958
vt 0.500000 1.000000
vt 0.375000 0.806958
vt 0.375000 1.000000
vt 0.250000 0.806958
vt 0.250000 1.000000
vt 0.419706 0.419706
vt 0.490000 0.250000
vt 0.419706 0.080294
vt 0.250000 0.010000
vt 0.080294 0.080294
vt 0.010000 0.250000
vt 0.080294 0.419706
vt 0.250000 0.490000
vt 0.125000 0.806958
vt 0.125000 1.000000
vt 0.000000 0.806958
vt 0.000000 1.000000
vt 0.750000 0.490000
vt 0.580294 0.419706
vt 0.510000 0.250000
vt 0.580294 0.080294
vt 0.750000 0.010000
vt 0.919706 0.080294
vt 0.990000 0.250000
vt 0.919706 0.419706
vt 0.125000 0.500000
vt 0.000000 0.500000
vt 0.250000 0.500000
vt 0.375000 0.500000
vt 0.500000 0.500000
vt 0.625000 0.500000
vt 0.750000 0.500000
vt 0.875000 0.500000
vt 1.000000 0.500000
vn -0.0000 0.0597 -0.9982
vn -0.0000 0.6752 -0.7377
vn 0.5216 0.6752 -0.5216
vn 0.7058 0.0597 -0.7058
vn 0.7377 0.6752 0.0000
vn 0.9982 0.0597 0.0000
vn 0.5216 0.6752 0.5216
vn 0.7058 0.0597 0.7058
vn -0.0000 0.6752 0.7377
vn -0.0000 0.0597 0.9982
vn -0.5216 0.6752 0.5216
vn -0.7058 0.0597 0.7058
vn -0.7377 0.6752 0.0000
vn -0.9982 0.0597 0.0000
vn -0.5216 0.6752 -0.5216
vn -0.7058 0.0597 -0.7058
vn -0.0000 -0.6303 -0.7764
vn 0.5490 -0.6303 -0.5490
vn 0.7764 -0.6303 0.0000
vn 0.5490 -0.6303 0.5490
vn -0.0000 -0.6303 0.7764
vn -0.5490 -0.6303 0.5490
vn -0.7764 -0.6303 -0.0000
vn -0.5490 -0.6303 -0.5490
usemtl Feet_Material
s 1
f 7731/8158/1855 7716/8159/1856 7718/8160/1857 7732/8161/1858
f 7732/8161/1858 7718/8160/1857 7720/8162/1859 7733/8163/1860
f 7733/8163/1860 7720/8162/1859 7722/8164/1861 7734/8165/1862
f 7734/8165/1862 7722/8164/1861 7724/8166/1863 7735/8167/1864
f 7735/8167/1864 7724/8166/1863 7726/8168/1865 7736/8169/1866
f 7736/8169/1866 7726/8168/1865 7728/8170/1867 7737/8171/1868
f 7718/8172/1857 7716/8173/1856 7730/8174/1869 7728/8175/1867 7726/8176/1865 7724/8177/1863 7722/8178/1861 7720/8179/1859
f 7737/8171/1868 7728/8170/1867 7730/8180/1869 7738/8181/1870
f 7738/8181/1870 7730/8180/1869 7716/8182/1856 7731/8183/1855
f 7715/8184/1871 7717/8185/1872 7719/8186/1873 7721/8187/1874 7723/8188/1875 7725/8189/1876 7727/8190/1877 7729/8191/1878
f 7729/8192/1878 7738/8181/1870 7731/8183/1855 7715/8193/1871
f 7727/8194/1877 7737/8171/1868 7738/8181/1870 7729/8192/1878
f 7725/8195/1876 7736/8169/1866 7737/8171/1868 7727/8194/1877
f 7723/8196/1875 7735/8167/1864 7736/8169/1866 7725/8195/1876
f 7721/8197/1874 7734/8165/1862 7735/8167/1864 7723/8196/1875
f 7719/8198/1873 7733/8163/1860 7734/8165/1862 7721/8197/1874
f 7717/8199/1872 7732/8161/1858 7733/8163/1860 7719/8198/1873
f 7715/8200/1871 7731/8158/1855 7732/8161/1858 7717/8199/1872
f 7755/8201/1855 7756/8202/1870 7742/8203/1869 7740/8204/1856
f 7756/8202/1870 7757/8205/1868 7744/8206/1867 7742/8203/1869
f 7757/8205/1868 7758/8207/1866 7746/8208/1865 7744/8206/1867
f 7758/8207/1866 7759/8209/1864 7748/8210/1863 7746/8208/1865
f 7759/8209/1864 7760/8211/1862 7750/8212/1861 7748/8210/1863
f 7760/8211/1862 7761/8213/1860 7752/8214/1859 7750/8212/1861
f 7742/8215/1869 7744/8216/1867 7746/8217/1865 7748/8218/1863 7750/8219/1861 7752/8220/1859 7754/8221/1857 7740/8222/1856
f 7761/8213/1860 7762/8223/1858 7754/8224/1857 7752/8214/1859
f 7762/8223/1858 7755/8225/1855 7740/8226/1856 7754/8224/1857
f 7739/8227/1871 7753/8228/1872 7751/8229/1873 7749/8230/1874 7747/8231/1875 7745/8232/1876 7743/8233/1877 7741/8234/1878
f 7753/8235/1872 7739/8236/1871 7755/8225/1855 7762/8223/1858
f 7751/8237/1873 7753/8235/1872 7762/8223/1858 7761/8213/1860
f 7749/8238/1874 7751/8237/1873 7761/8213/1860 7760/8211/1862
f 7747/8239/1875 7749/8238/1874 7760/8211/1862 7759/8209/1864
f 7745/8240/1876 7747/8239/1875 7759/8209/1864 7758/8207/1866
f 7743/8241/1877 7745/8240/1876 7758/8207/1866 7757/8205/1868
f 7741/8242/1878 7743/8241/1877 7757/8205/1868 7756/8202/1870
f 7739/8243/1871 7741/8242/1878 7756/8202/1870 7755/8201/1855
