# Blender v3.2.1 OBJ File: 'Gulv Lift.blend'
# www.blender.org
mtllib Gulv Lift.mtl
o Gulv_Lift_Frame.001_Gulv_Lift_Hydraolik.005
v -0.033228 -0.049992 0.049992
v -0.033228 0.049992 0.049992
v -0.033228 -0.049992 -0.049992
v -0.033228 0.049992 -0.049992
v 0.000000 -0.049992 0.049992
v 0.000000 0.049992 0.049992
v 0.000000 -0.049992 -0.049992
v 0.000000 0.049992 -0.049992
v -0.437482 -0.049992 -0.049992
v -0.437482 -0.049992 0.049992
v -0.437482 0.049992 0.049992
v -0.437482 0.049992 -0.049992
v -0.369572 -0.049992 -0.049992
v -0.369572 0.049992 -0.049992
v -0.369572 0.049992 0.049992
v -0.369572 -0.049992 0.049992
v -0.571705 -0.049992 1.453022
v -0.571705 0.049992 1.453022
v -0.503796 0.049992 1.453022
v -0.503796 -0.049992 1.453022
v -0.033228 0.309965 0.049992
v -0.033228 0.309965 -0.049992
v 0.000000 0.309965 -0.049992
v 0.000000 0.309965 0.049992
v -0.033228 0.681290 0.049992
v -0.033228 0.681290 -0.049992
v 0.000000 0.681290 -0.049992
v 0.000000 0.681290 0.049992
v -0.033228 1.584245 0.275401
v -0.033228 1.584245 0.175416
v 0.000000 1.584245 0.175416
v 0.000000 1.584245 0.275401
v 0.000000 0.861881 -0.004911
v 0.000000 0.965527 0.020963
v 0.000000 1.459782 0.144346
v 0.000000 1.528167 0.161418
v 0.000000 1.528167 0.261402
v 0.000000 1.459782 0.244331
v 0.000000 0.965527 0.120948
v 0.000000 0.861881 0.095074
v -0.033228 1.459782 0.244331
v -0.033228 1.528167 0.261402
v -0.033228 1.528167 0.161418
v -0.033228 1.459782 0.144346
v -0.033228 0.965527 0.020963
v -0.033228 0.861881 -0.004911
v -0.089208 0.965527 0.020963
v -0.089208 0.861881 -0.004911
v -0.033228 0.861881 0.095074
v -0.033228 0.965527 0.120948
v -0.089208 0.861881 0.095074
v -0.089208 0.965527 0.120948
v 0.000000 0.930081 0.262940
v 0.000000 0.826435 0.237066
v -0.033228 0.826435 0.237066
v -0.033228 0.930081 0.262940
v -0.089208 0.826435 0.237066
v -0.089208 0.930081 0.262940
v -0.054048 1.459782 0.244331
v -0.054048 1.528167 0.261402
v -0.054048 1.528167 0.161418
v -0.054048 1.459782 0.144346
v 0.000000 1.521465 0.288253
v 0.000000 1.453079 0.271181
v -0.033228 1.453079 0.271181
v -0.033228 1.521465 0.288253
v -0.054048 1.453079 0.271181
v -0.054048 1.521465 0.288253
v 0.000000 1.669048 0.296571
v 0.000000 1.662345 0.323422
v -0.054048 1.669048 0.296571
v -0.033228 1.662345 0.323422
v -0.054048 1.662345 0.323422
v 0.000000 1.722139 0.309825
v 0.000000 1.715437 0.336675
v -0.054048 1.722139 0.309825
v -0.054048 1.715437 0.336675
v 0.000000 1.591220 0.608339
v -0.054048 1.591220 0.608339
v -0.054048 1.644312 0.621592
v 0.000000 1.644312 0.621592
v 0.000000 1.442560 0.879714
v -0.054048 1.442560 0.879714
v -0.054048 1.485417 0.913738
v 0.000000 1.485417 0.913738
v 0.000000 1.340273 1.034692
v -0.039225 1.340273 1.034692
v -0.039225 1.357675 1.048507
v 0.000000 1.357675 1.048507
v 0.000000 1.683698 0.463816
v 0.000000 1.675668 0.495984
v 0.000000 1.622576 0.482730
v 0.000000 1.630607 0.450562
v -0.054048 1.683698 0.463816
v -0.054048 1.675668 0.495984
v -0.033228 1.622576 0.482730
v -0.033228 1.630607 0.450562
v -0.054048 1.630607 0.450562
v -0.054048 1.622576 0.482730
v -0.033228 0.847042 0.154516
v -0.033228 0.832569 0.212493
v -0.089208 0.832569 0.212493
v -0.089208 0.847042 0.154516
v -0.089208 0.936215 0.238367
v -0.089208 0.950688 0.180390
v -0.028905 0.936215 0.238367
v -0.028905 0.950688 0.180390
v 0.000000 0.936215 0.238367
v 0.000000 0.950417 0.181476
v 0.000000 0.847042 0.154516
v 0.000000 0.832569 0.212493
v 0.000000 1.155255 0.068326
v 0.000000 1.166058 0.071022
v 0.000000 1.166058 0.171007
v 0.000000 1.155255 0.168310
v -0.033228 1.155255 0.168310
v -0.033228 1.166058 0.171007
v -0.033228 1.166058 0.071022
v -0.033228 1.155255 0.068326
v 0.000000 1.162266 0.040238
v 0.000000 1.173069 0.042935
v -0.033228 1.173070 0.042935
v -0.033228 1.162266 0.040238
v -0.359863 0.049992 -0.049992
v -0.359863 -0.049992 0.049992
v -0.359863 -0.049992 -0.049992
v -0.359863 0.049992 0.049992
v -0.371633 -0.049992 0.071535
v -0.439543 -0.049992 0.071535
v -0.371633 0.049992 0.071535
v -0.439543 0.049992 0.071535
v -0.498329 -0.049992 1.395876
v -0.498329 0.049992 1.395876
v -0.566238 -0.049992 1.395876
v -0.566238 0.049992 1.395876
v -0.036519 1.173070 0.042935
v -0.036519 1.166058 0.071022
v -0.036519 1.162266 0.040238
v -0.036519 1.155255 0.068326
v 0.000000 1.452877 0.142622
v -0.033228 1.452877 0.242607
v 0.000000 1.452877 0.242607
v -0.033228 1.452877 0.142622
v 0.000000 1.470231 0.146955
v 0.000000 1.470231 0.246939
v -0.033228 1.470231 0.146955
v -0.054048 1.470231 0.246939
v -0.054048 1.470231 0.146955
v 0.000000 1.463528 0.273790
v -0.033228 1.463528 0.273790
v -0.054048 1.463528 0.273790
v 0.000000 1.521844 0.159839
v -0.054048 1.521844 0.259824
v -0.033228 1.515142 0.286674
v -0.054048 1.515142 0.286674
v 0.000000 1.521844 0.259824
v -0.033228 1.521844 0.159839
v -0.054048 1.521844 0.159839
v 0.000000 1.515142 0.286674
v -0.047542 1.528167 0.161418
v -0.047542 1.528167 0.261402
v -0.047542 1.459782 0.244331
v -0.047542 1.459782 0.144346
v -0.047542 1.521465 0.288253
v -0.047542 1.453079 0.271181
v -0.047542 1.669048 0.296571
v -0.047542 1.662345 0.323422
v -0.047542 1.722139 0.309825
v -0.047542 1.715437 0.336675
v -0.047542 1.591220 0.608339
v -0.047542 1.644312 0.621592
v -0.047542 1.442560 0.879714
v -0.047542 1.485417 0.913738
v -0.036583 1.340273 1.034692
v -0.036583 1.357675 1.048507
v -0.047542 1.630607 0.450562
v -0.047542 1.622576 0.482730
v -0.047542 1.683698 0.463816
v -0.047542 1.675668 0.495984
v -0.047542 1.463528 0.273790
v -0.047542 1.470231 0.146955
v -0.047542 1.521844 0.159839
v -0.047542 1.515142 0.286674
v 0.000000 1.176354 0.173578
v -0.033228 1.176354 0.073593
v 0.000000 1.176354 0.073593
v -0.033228 1.176354 0.173578
v 0.000000 1.575423 0.173214
v -0.033228 1.575423 0.273199
v 0.000000 1.575423 0.273199
v -0.033228 1.575423 0.173214
v -0.054048 1.532263 0.290948
v -0.054048 1.538966 0.264098
v 0.000000 1.538966 0.264098
v -0.033228 1.532263 0.290948
v 0.000000 1.532263 0.290948
v -0.047542 1.532263 0.290948
v -0.047542 1.538966 0.264098
v -0.054048 1.653755 0.321277
v -0.033228 1.653755 0.321277
v -0.047542 1.653755 0.321277
v -0.047542 1.660457 0.294427
v -0.054048 1.660457 0.294427
v 0.000000 1.660457 0.294427
v 0.000000 1.653755 0.321277
v 0.000000 1.660109 0.332381
v -0.033228 1.660109 0.332381
v 0.000000 1.713200 0.345634
v -0.054048 1.713200 0.345634
v -0.054048 1.660109 0.332381
v -0.047542 1.713200 0.345634
v -0.047542 1.660109 0.332381
v 0.000000 1.686003 0.454581
v -0.054048 1.686003 0.454581
v -0.054048 1.632912 0.441328
v -0.047542 1.686003 0.454581
v -0.047542 1.632912 0.441328
v 0.000000 1.632912 0.441328
v -0.033228 1.632912 0.441328
v 0.000000 1.622375 0.447129
v -0.033228 1.622375 0.447129
v -0.033228 1.614230 0.479759
v 0.000000 1.614230 0.479759
v 0.000000 1.673212 0.505823
v -0.054048 1.673212 0.505823
v -0.054048 1.620120 0.492570
v 0.000000 1.620120 0.492570
v -0.047542 1.620120 0.492570
v -0.047542 1.673212 0.505823
v -0.041831 1.380131 1.024815
v -0.041831 1.358254 1.007447
v 0.000000 1.358254 1.007447
v 0.000000 1.380131 1.024815
v -0.038510 1.358254 1.007447
v -0.038510 1.380131 1.024815
v 0.000000 0.982971 0.125302
v -0.033228 0.982971 0.025318
v 0.000000 0.982971 0.025318
v -0.033228 0.982971 0.125302
v 0.000000 0.828063 0.086632
v -0.033228 0.828063 -0.013353
v 0.000000 0.828063 -0.013353
v -0.033228 0.828063 0.086632
v -0.075266 0.965527 0.020963
v -0.075266 0.861881 -0.004911
v -0.075266 0.861881 0.095074
v -0.075266 0.965527 0.120948
v -0.075266 0.930081 0.262940
v -0.075266 0.826435 0.237066
v -0.075266 0.950688 0.180390
v -0.075266 0.936215 0.238367
v -0.075266 0.847042 0.154516
v -0.075266 0.832569 0.212493
v 0.000000 0.913704 0.008026
v -0.033228 0.913704 0.008026
v -0.089208 0.913704 0.108011
v -0.089208 0.913704 0.008026
v 0.000000 0.878258 0.250003
v -0.033228 0.878258 0.250003
v -0.089208 0.878258 0.250003
v -0.089208 0.898865 0.167453
v -0.089208 0.884392 0.225430
v -0.075266 0.878258 0.250003
v -0.075266 0.913704 0.008026
v 0.033228 -0.049992 0.049992
v 0.033228 0.049992 0.049992
v 0.033228 -0.049992 -0.049992
v 0.033228 0.049992 -0.049992
v 0.437482 -0.049992 -0.049992
v 0.437482 -0.049992 0.049992
v 0.437482 0.049992 0.049992
v 0.437482 0.049992 -0.049992
v 0.369572 -0.049992 -0.049992
v 0.369572 0.049992 -0.049992
v 0.369572 0.049992 0.049992
v 0.369572 -0.049992 0.049992
v 0.571705 -0.049992 1.453022
v 0.571705 0.049992 1.453022
v 0.503796 0.049992 1.453022
v 0.503796 -0.049992 1.453022
v 0.033228 0.309965 0.049992
v 0.033228 0.309965 -0.049992
v 0.033228 0.681290 0.049992
v 0.033228 0.681290 -0.049992
v 0.033228 1.584245 0.275401
v 0.033228 1.584245 0.175416
v 0.033228 1.459782 0.244331
v 0.033228 1.528167 0.261402
v 0.033228 1.528167 0.161418
v 0.033228 1.459782 0.144346
v 0.033228 0.965527 0.020963
v 0.033228 0.861881 -0.004911
v 0.089208 0.965527 0.020963
v 0.089208 0.861881 -0.004911
v 0.033228 0.861881 0.095074
v 0.033228 0.965527 0.120948
v 0.089208 0.861881 0.095074
v 0.089208 0.965527 0.120948
v 0.033228 0.826435 0.237066
v 0.033228 0.930081 0.262940
v 0.089208 0.826435 0.237066
v 0.089208 0.930081 0.262940
v 0.054048 1.459782 0.244331
v 0.054048 1.528167 0.261402
v 0.054048 1.528167 0.161418
v 0.054048 1.459782 0.144346
v 0.033228 1.453079 0.271181
v 0.033228 1.521465 0.288253
v 0.054048 1.453079 0.271181
v 0.054048 1.521465 0.288253
v 0.054048 1.669048 0.296571
v 0.033228 1.662345 0.323422
v 0.054048 1.662345 0.323422
v 0.054048 1.722139 0.309825
v 0.054048 1.715437 0.336675
v 0.054048 1.591220 0.608339
v 0.054048 1.644312 0.621592
v 0.054048 1.442560 0.879714
v 0.054048 1.485417 0.913738
v 0.039225 1.340273 1.034692
v 0.039225 1.357675 1.048507
v 0.054048 1.683698 0.463816
v 0.054048 1.675668 0.495984
v 0.033228 1.622576 0.482730
v 0.033228 1.630607 0.450562
v 0.054048 1.630607 0.450562
v 0.054048 1.622576 0.482730
v 0.033228 0.847042 0.154516
v 0.033228 0.832569 0.212493
v 0.089208 0.832569 0.212493
v 0.089208 0.847042 0.154516
v 0.089208 0.936215 0.238367
v 0.089208 0.950688 0.180390
v 0.028905 0.936215 0.238367
v 0.028905 0.950688 0.180390
v 0.033228 1.155255 0.168310
v 0.033228 1.166058 0.171007
v 0.033228 1.166058 0.071022
v 0.033228 1.155255 0.068326
v 0.033228 1.173070 0.042935
v 0.033228 1.162266 0.040238
v 0.359863 0.049992 -0.049992
v 0.359863 -0.049992 0.049992
v 0.359863 -0.049992 -0.049992
v 0.359863 0.049992 0.049992
v 0.371633 -0.049992 0.071535
v 0.439543 -0.049992 0.071535
v 0.371633 0.049992 0.071535
v 0.439543 0.049992 0.071535
v 0.498329 -0.049992 1.395876
v 0.498329 0.049992 1.395876
v 0.566238 -0.049992 1.395876
v 0.566238 0.049992 1.395876
v 0.036519 1.173070 0.042935
v 0.036519 1.166058 0.071022
v 0.036519 1.162266 0.040238
v 0.036519 1.155255 0.068326
v 0.033228 1.452877 0.242607
v 0.033228 1.452877 0.142622
v 0.033228 1.470231 0.146955
v 0.054048 1.470231 0.246939
v 0.054048 1.470231 0.146955
v 0.033228 1.463528 0.273790
v 0.054048 1.463528 0.273790
v 0.054048 1.521844 0.259824
v 0.033228 1.515142 0.286674
v 0.054048 1.515142 0.286674
v 0.033228 1.521844 0.159839
v 0.054048 1.521844 0.159839
v 0.047542 1.528167 0.161418
v 0.047542 1.528167 0.261402
v 0.047542 1.459782 0.244331
v 0.047542 1.459782 0.144346
v 0.047542 1.521465 0.288253
v 0.047542 1.453079 0.271181
v 0.047542 1.669048 0.296571
v 0.047542 1.662345 0.323422
v 0.047542 1.722139 0.309825
v 0.047542 1.715437 0.336675
v 0.047542 1.591220 0.608339
v 0.047542 1.644312 0.621592
v 0.047542 1.442560 0.879714
v 0.047542 1.485417 0.913738
v 0.036583 1.340273 1.034692
v 0.036583 1.357675 1.048507
v 0.047542 1.630607 0.450562
v 0.047542 1.622576 0.482730
v 0.047542 1.683698 0.463816
v 0.047542 1.675668 0.495984
v 0.047542 1.463528 0.273790
v 0.047542 1.470231 0.146955
v 0.047542 1.521844 0.159839
v 0.047542 1.515142 0.286674
v 0.033228 1.176354 0.073593
v 0.033228 1.176354 0.173578
v 0.033228 1.575423 0.273199
v 0.033228 1.575423 0.173214
v 0.054048 1.532263 0.290948
v 0.054048 1.538966 0.264098
v 0.033228 1.532263 0.290948
v 0.047542 1.532263 0.290948
v 0.047542 1.538966 0.264098
v 0.054048 1.653755 0.321277
v 0.033228 1.653755 0.321277
v 0.047542 1.653755 0.321277
v 0.047542 1.660457 0.294427
v 0.054048 1.660457 0.294427
v 0.033228 1.660109 0.332381
v 0.054048 1.713200 0.345634
v 0.054048 1.660109 0.332381
v 0.047542 1.713200 0.345634
v 0.047542 1.660109 0.332381
v 0.054048 1.686003 0.454581
v 0.054048 1.632912 0.441328
v 0.047542 1.686003 0.454581
v 0.047542 1.632912 0.441328
v 0.033228 1.632912 0.441328
v 0.033228 1.622375 0.447129
v 0.033228 1.614230 0.479759
v 0.054048 1.673212 0.505823
v 0.054048 1.620120 0.492570
v 0.047542 1.620120 0.492570
v 0.047542 1.673212 0.505823
v 0.041831 1.380131 1.024815
v 0.041831 1.358254 1.007447
v 0.038510 1.358254 1.007447
v 0.038510 1.380131 1.024815
v 0.033228 0.982971 0.025318
v 0.033228 0.982971 0.125302
v 0.033228 0.828063 -0.013353
v 0.033228 0.828063 0.086632
v 0.075266 0.965527 0.020963
v 0.075266 0.861881 -0.004911
v 0.075266 0.861881 0.095074
v 0.075266 0.965527 0.120948
v 0.075266 0.930081 0.262940
v 0.075266 0.826435 0.237066
v 0.075266 0.950688 0.180390
v 0.075266 0.936215 0.238367
v 0.075266 0.847042 0.154516
v 0.075266 0.832569 0.212493
v 0.033228 0.913704 0.008026
v 0.089208 0.913704 0.108011
v 0.089208 0.913704 0.008026
v 0.033228 0.878258 0.250003
v 0.089208 0.878258 0.250003
v 0.089208 0.898865 0.167453
v 0.089208 0.884392 0.225430
v 0.075266 0.878258 0.250003
v 0.075266 0.913704 0.008026
vt 0.625000 0.250000
vt 0.375000 0.250000
vt 0.375000 0.250000
vt 0.625000 0.250000
vt 0.652185 0.777185
vt 0.875000 0.750000
vt 0.875000 0.750000
vt 0.875000 0.750000
vt 0.652185 0.777185
vt 0.352521 0.468108
vt 0.625000 0.445629
vt 0.625000 0.804371
vt 0.347815 0.777185
vt 0.375000 0.250000
vt 0.625000 0.250000
vt 0.625000 1.000000
vt 0.375000 1.000000
vt 0.647479 0.468108
vt 0.652185 0.777185
vt 0.375000 0.000000
vt 0.625000 0.000000
vt 0.125000 0.750000
vt 0.125000 0.750000
vt 0.125000 0.750000
vt 0.125000 0.750000
vt 0.875000 0.750000
vt 0.875000 0.500000
vt 0.875000 0.500000
vt 0.875000 0.750000
vt 0.125000 0.500000
vt 0.125000 0.750000
vt 0.125000 0.750000
vt 0.125000 0.500000
vt 0.125000 0.500000
vt 0.125000 0.750000
vt 0.875000 0.750000
vt 0.875000 0.500000
vt 0.375000 1.000000
vt 0.625000 1.000000
vt 0.625000 1.000000
vt 0.375000 1.000000
vt 0.625000 0.250000
vt 0.375000 0.250000
vt 0.375000 1.000000
vt 0.625000 1.000000
vt 0.625000 1.000000
vt 0.375000 1.000000
vt 0.375000 1.000000
vt 0.625000 1.000000
vt 0.625000 0.000000
vt 0.375000 0.000000
vt 0.375000 0.000000
vt 0.625000 0.000000
vt 0.875000 0.750000
vt 0.875000 0.750000
vt 0.875000 0.750000
vt 0.875000 0.750000
vt 0.125000 0.500000
vt 0.125000 0.750000
vt 0.875000 0.500000
vt 0.875000 0.750000
vt 0.875000 0.750000
vt 0.875000 0.500000
vt 0.625000 1.000000
vt 0.652185 0.777185
vt 0.625000 1.000000
vt 0.652185 0.777185
vt 0.647479 0.468108
vt 0.647479 0.468108
vt 0.652185 0.777185
vt 0.625000 0.250000
vt 0.647479 0.468108
vt 0.875000 0.750000
vt 0.875000 0.500000
vt 0.625000 0.250000
vt 0.875000 0.500000
vt 0.875000 0.750000
vt 0.875000 0.750000
vt 0.875000 0.500000
vt 0.625000 1.000000
vt 0.625000 1.000000
vt 0.625000 0.250000
vt 0.625000 0.250000
vt 0.647479 0.468108
vt 0.625000 0.250000
vt 0.625000 0.250000
vt 0.647479 0.468108
vt 0.647479 0.468108
vt 0.625000 0.250000
vt 0.625000 0.250000
vt 0.647479 0.468108
vt 0.647479 0.468108
vt 0.625000 0.250000
vt 0.625000 0.250000
vt 0.647479 0.468108
vt 0.647479 0.468108
vt 0.625000 0.250000
vt 0.625000 0.250000
vt 0.647479 0.468108
vt 0.625000 1.000000
vt 0.652185 0.777185
vt 0.652185 0.777185
vt 0.625000 1.000000
vt 0.875000 0.750000
vt 0.875000 0.750000
vt 0.875000 0.750000
vt 0.875000 0.750000
vt 0.875000 0.500000
vt 0.875000 0.750000
vt 0.875000 0.750000
vt 0.875000 0.500000
vt 0.875000 0.750000
vt 0.875000 0.750000
vt 0.875000 0.750000
vt 0.875000 0.750000
vt 0.875000 0.500000
vt 0.875000 0.750000
vt 0.875000 0.750000
vt 0.875000 0.500000
vt 0.875000 0.500000
vt 0.875000 0.500000
vt 0.875000 0.750000
vt 0.652185 0.777185
vt 0.652185 0.777185
vt 0.652185 0.777185
vt 0.875000 0.500000
vt 0.875000 0.750000
vt 0.875000 0.500000
vt 0.875000 0.500000
vt 0.625000 0.250000
vt 0.625000 0.250000
vt 0.625000 0.250000
vt 0.625000 0.250000
vt 0.875000 0.500000
vt 0.875000 0.750000
vt 0.875000 0.750000
vt 0.875000 0.500000
vt 0.875000 0.750000
vt 0.875000 0.750000
vt 0.875000 0.750000
vt 0.875000 0.750000
vt 0.625000 1.000000
vt 0.625000 1.000000
vt 0.875000 0.750000
vt 0.875000 0.750000
vt 0.875000 0.750000
vt 0.875000 0.750000
vt 0.625000 1.000000
vt 0.625000 1.000000
vt 0.625000 1.000000
vt 0.625000 1.000000
vt 0.625000 1.000000
vt 0.652185 0.777185
vt 0.652185 0.777185
vt 0.625000 1.000000
vt 0.875000 0.750000
vt 0.875000 0.750000
vt 0.875000 0.500000
vt 0.875000 0.750000
vt 0.875000 0.500000
vt 0.875000 0.750000
vt 0.875000 0.750000
vt 0.875000 0.500000
vt 0.625000 0.250000
vt 0.625000 0.250000
vt 0.625000 0.250000
vt 0.625000 0.250000
vt 0.652185 0.777185
vt 0.652185 0.777185
vt 0.625000 1.000000
vt 0.625000 1.000000
vt 0.625000 1.000000
vt 0.625000 1.000000
vt 0.625000 1.000000
vt 0.625000 1.000000
vt 0.875000 0.750000
vt 0.875000 0.750000
vt 0.652185 0.777185
vt 0.652185 0.777185
vt 0.625000 1.000000
vt 0.875000 0.750000
vt 0.875000 0.750000
vt 0.875000 0.750000
vt 0.875000 0.750000
vt 0.875000 0.750000
vt 0.875000 0.750000
vt 0.875000 0.750000
vt 0.875000 0.750000
vt 0.875000 0.750000
vt 0.875000 0.750000
vt 0.875000 0.750000
vt 0.652185 0.777185
vt 0.652185 0.777185
vt 0.652185 0.777185
vt 0.625000 1.000000
vt 0.625000 1.000000
vt 0.875000 0.750000
vt 0.875000 0.750000
vt 0.652185 0.777185
vt 0.652185 0.777185
vt 0.652185 0.777185
vt 0.652185 0.777185
vt 0.652185 0.777185
vt 0.652185 0.777185
vt 0.652185 0.777185
vt 0.652185 0.777185
vt 0.875000 0.750000
vt 0.875000 0.750000
vt 0.875000 0.750000
vt 0.875000 0.750000
vt 0.875000 0.750000
vt 0.875000 0.750000
vt 0.875000 0.750000
vt 0.875000 0.750000
vt 0.875000 0.750000
vt 0.875000 0.750000
vt 0.875000 0.750000
vt 0.625000 1.000000
vt 0.625000 1.000000
vt 0.652185 0.777185
vt 0.625000 1.000000
vt 0.625000 1.000000
vt 0.652185 0.777185
vt 0.652185 0.777185
vt 0.652185 0.777185
vt 0.625000 1.000000
vt 0.652185 0.777185
vt 0.652185 0.777185
vt 0.625000 1.000000
vt 0.625000 1.000000
vt 0.625000 1.000000
vt 0.625000 1.000000
vt 0.625000 1.000000
vt 0.875000 0.750000
vt 0.875000 0.750000
vt 0.875000 0.750000
vt 0.875000 0.750000
vt 0.875000 0.750000
vt 0.875000 0.750000
vt 0.652185 0.777185
vt 0.652185 0.777185
vt 0.625000 1.000000
vt 0.625000 1.000000
vt 0.625000 1.000000
vt 0.652185 0.777185
vt 0.652185 0.777185
vt 0.652185 0.777185
vt 0.652185 0.777185
vt 0.875000 0.750000
vt 0.875000 0.750000
vt 0.875000 0.750000
vt 0.875000 0.750000
vt 0.875000 0.750000
vt 0.875000 0.750000
vt 0.875000 0.750000
vt 0.875000 0.750000
vt 0.875000 0.750000
vt 0.652185 0.777185
vt 0.625000 1.000000
vt 0.616720 0.979429
vt 0.652185 0.777185
vt 0.652185 0.777185
vt 0.000000 0.000000
vt 0.625000 1.000000
vt 0.000000 0.000000
vt 0.652185 0.777185
vt 0.652185 0.777186
vt 0.647479 0.468108
vt 0.647479 0.468108
vt 0.652185 0.777185
vt 0.647479 0.468108
vt 0.652185 0.777185
vt 0.875000 0.500000
vt 0.875000 0.750000
vt 0.875000 0.750000
vt 0.875000 0.500000
vt 0.875000 0.750000
vt 0.875000 0.500000
vt 0.625000 1.000000
vt 0.625000 1.000000
vt 0.625000 1.000000
vt 0.625000 0.250000
vt 0.625000 0.250000
vt 0.625000 0.250000
vt 0.647479 0.468108
vt 0.625000 0.250000
vt 0.647479 0.468108
vt 0.625000 0.250000
vt 0.875000 0.750000
vt 0.875000 0.750000
vt 0.375000 0.000000
vt 0.625000 0.000000
vt 0.625000 1.000000
vt 0.375000 1.000000
vt 0.125000 0.750000
vt 0.125000 0.750000
vt 0.875000 0.500000
vt 0.875000 0.500000
vt 0.625000 0.250000
vt 0.625000 0.250000
vt 0.625000 0.250000
vt 0.625000 0.250000
vt 0.652185 0.777185
vt 0.647479 0.468108
vt 0.875000 0.500000
vt 0.875000 0.750000
vt 0.625000 1.000000
vt 0.875000 0.750000
vt 0.625000 1.000000
vt 0.625000 1.000000
vt 0.625000 1.000000
vt 0.625000 1.000000
vt 0.652185 0.777185
vt 0.625000 1.000000
vt 0.652185 0.777185
vt 0.625000 0.250000
vt 0.625000 0.250000
vt 0.875000 0.500000
vt 0.647479 0.468108
vt 0.625000 0.250000
vt 0.625000 0.250000
vt 0.625000 0.250000
vt 0.875000 0.750000
vt 0.625000 0.250000
vt 0.625000 1.000000
vt 0.625000 1.000000
vt 0.625000 1.000000
vt 0.625000 1.000000
vt 0.625000 1.000000
vt 0.625000 1.000000
vt 0.625000 1.000000
vt 0.625000 1.000000
vt 0.625000 1.000000
vt 0.625000 1.000000
vt 0.625000 1.000000
vt 0.625000 1.000000
vt 0.625000 1.000000
vt 0.625000 1.000000
vt 0.625000 1.000000
vt 0.625000 1.000000
vt 0.875000 0.500000
vt 0.652185 0.777185
vt 0.875000 0.750000
vt 0.652185 0.777185
vt 0.625000 1.000000
vt 0.625000 1.000000
vt 0.625000 1.000000
vt 0.652185 0.777185
vt 0.875000 0.750000
vt 0.875000 0.750000
vt 0.625000 1.000000
vt 0.625000 1.000000
vt 0.625000 1.000000
vt 0.875000 0.750000
vt 0.652185 0.777185
vt 0.875000 0.750000
vt 0.875000 0.500000
vt 0.875000 0.750000
vt 0.875000 0.750000
vt 0.625000 1.000000
vt 0.625000 1.000000
vt 0.625000 0.250000
vt 0.625000 0.250000
vt 0.875000 0.750000
vt 0.875000 0.750000
vt 0.652185 0.777185
vt 0.625000 1.000000
vt 0.625000 1.000000
vt 0.625000 0.250000
vt 0.625000 0.250000
vt 0.375000 0.250000
vt 0.375000 0.250000
vt 0.875000 0.750000
vt 0.875000 0.750000
vt 0.875000 0.750000
vt 0.375000 0.250000
vt 0.625000 0.250000
vt 0.375000 1.000000
vt 0.625000 1.000000
vt 0.375000 0.000000
vt 0.625000 0.000000
vt 0.125000 0.750000
vt 0.125000 0.750000
vt 0.125000 0.750000
vt 0.125000 0.750000
vt 0.875000 0.750000
vt 0.875000 0.750000
vt 0.875000 0.500000
vt 0.875000 0.500000
vt 0.125000 0.500000
vt 0.125000 0.500000
vt 0.125000 0.750000
vt 0.125000 0.750000
vt 0.125000 0.500000
vt 0.125000 0.750000
vt 0.875000 0.750000
vt 0.875000 0.500000
vt 0.375000 1.000000
vt 0.375000 1.000000
vt 0.625000 1.000000
vt 0.625000 1.000000
vt 0.625000 0.250000
vt 0.375000 0.250000
vt 0.375000 1.000000
vt 0.375000 1.000000
vt 0.625000 1.000000
vt 0.625000 1.000000
vt 0.375000 1.000000
vt 0.625000 1.000000
vt 0.625000 0.000000
vt 0.625000 0.000000
vt 0.375000 0.000000
vt 0.375000 0.000000
vt 0.875000 0.750000
vt 0.875000 0.750000
vt 0.875000 0.750000
vt 0.875000 0.750000
vt 0.125000 0.500000
vt 0.125000 0.750000
vt 0.875000 0.500000
vt 0.875000 0.500000
vt 0.875000 0.750000
vt 0.875000 0.750000
vt 0.625000 1.000000
vt 0.625000 1.000000
vt 0.625000 0.250000
vt 0.875000 0.500000
vt 0.875000 0.750000
vt 0.625000 0.250000
vt 0.875000 0.500000
vt 0.875000 0.500000
vt 0.875000 0.750000
vt 0.875000 0.750000
vt 0.625000 1.000000
vt 0.625000 1.000000
vt 0.625000 0.250000
vt 0.625000 0.250000
vt 0.625000 0.250000
vt 0.625000 0.250000
vt 0.625000 0.250000
vt 0.625000 0.250000
vt 0.625000 0.250000
vt 0.625000 0.250000
vt 0.625000 0.250000
vt 0.625000 0.250000
vt 0.625000 1.000000
vt 0.625000 1.000000
vt 0.875000 0.750000
vt 0.875000 0.750000
vt 0.875000 0.750000
vt 0.875000 0.750000
vt 0.875000 0.500000
vt 0.875000 0.500000
vt 0.875000 0.750000
vt 0.875000 0.750000
vt 0.875000 0.750000
vt 0.875000 0.750000
vt 0.875000 0.750000
vt 0.875000 0.750000
vt 0.875000 0.500000
vt 0.875000 0.500000
vt 0.875000 0.750000
vt 0.875000 0.750000
vt 0.875000 0.750000
vt 0.875000 0.500000
vt 0.875000 0.500000
vt 0.875000 0.500000
vt 0.875000 0.500000
vt 0.875000 0.750000
vt 0.875000 0.500000
vt 0.625000 0.250000
vt 0.625000 0.250000
vt 0.625000 0.250000
vt 0.625000 0.250000
vt 0.875000 0.500000
vt 0.875000 0.500000
vt 0.875000 0.750000
vt 0.875000 0.750000
vt 0.875000 0.750000
vt 0.875000 0.750000
vt 0.875000 0.750000
vt 0.875000 0.750000
vt 0.625000 1.000000
vt 0.625000 1.000000
vt 0.875000 0.750000
vt 0.875000 0.750000
vt 0.875000 0.750000
vt 0.875000 0.750000
vt 0.625000 1.000000
vt 0.625000 1.000000
vt 0.625000 1.000000
vt 0.625000 1.000000
vt 0.625000 1.000000
vt 0.625000 1.000000
vt 0.875000 0.750000
vt 0.875000 0.750000
vt 0.875000 0.500000
vt 0.875000 0.750000
vt 0.875000 0.500000
vt 0.875000 0.500000
vt 0.875000 0.750000
vt 0.875000 0.750000
vt 0.625000 0.250000
vt 0.625000 0.250000
vt 0.625000 0.250000
vt 0.625000 0.250000
vt 0.625000 1.000000
vt 0.625000 1.000000
vt 0.625000 1.000000
vt 0.625000 1.000000
vt 0.625000 1.000000
vt 0.625000 1.000000
vt 0.875000 0.750000
vt 0.875000 0.750000
vt 0.625000 1.000000
vt 0.875000 0.750000
vt 0.875000 0.750000
vt 0.875000 0.750000
vt 0.875000 0.750000
vt 0.875000 0.750000
vt 0.875000 0.750000
vt 0.875000 0.750000
vt 0.875000 0.750000
vt 0.875000 0.750000
vt 0.875000 0.750000
vt 0.875000 0.750000
vt 0.625000 1.000000
vt 0.625000 1.000000
vt 0.875000 0.750000
vt 0.875000 0.750000
vt 0.875000 0.750000
vt 0.875000 0.750000
vt 0.875000 0.750000
vt 0.875000 0.750000
vt 0.875000 0.750000
vt 0.875000 0.750000
vt 0.875000 0.750000
vt 0.875000 0.750000
vt 0.875000 0.750000
vt 0.875000 0.750000
vt 0.875000 0.750000
vt 0.625000 1.000000
vt 0.625000 1.000000
vt 0.625000 1.000000
vt 0.625000 1.000000
vt 0.625000 1.000000
vt 0.625000 1.000000
vt 0.625000 1.000000
vt 0.625000 1.000000
vt 0.625000 1.000000
vt 0.625000 1.000000
vt 0.875000 0.750000
vt 0.875000 0.750000
vt 0.875000 0.750000
vt 0.875000 0.750000
vt 0.875000 0.750000
vt 0.875000 0.750000
vt 0.625000 1.000000
vt 0.625000 1.000000
vt 0.625000 1.000000
vt 0.875000 0.750000
vt 0.875000 0.750000
vt 0.875000 0.750000
vt 0.875000 0.750000
vt 0.875000 0.750000
vt 0.875000 0.750000
vt 0.875000 0.750000
vt 0.875000 0.750000
vt 0.875000 0.750000
vt 0.616720 0.979429
vt 0.625000 1.000000
vt 0.625000 1.000000
vt 0.875000 0.500000
vt 0.875000 0.500000
vt 0.875000 0.750000
vt 0.875000 0.750000
vt 0.875000 0.500000
vt 0.875000 0.750000
vt 0.625000 1.000000
vt 0.625000 1.000000
vt 0.625000 1.000000
vt 0.625000 0.250000
vt 0.625000 0.250000
vt 0.625000 0.250000
vt 0.625000 0.250000
vt 0.625000 0.250000
vt 0.875000 0.750000
vt 0.875000 0.750000
vt 0.625000 0.000000
vt 0.375000 0.000000
vt 0.375000 1.000000
vt 0.625000 1.000000
vt 0.125000 0.750000
vt 0.125000 0.750000
vt 0.875000 0.500000
vt 0.875000 0.500000
vt 0.625000 0.250000
vt 0.625000 0.250000
vt 0.625000 0.250000
vt 0.625000 0.250000
vt 0.875000 0.500000
vt 0.875000 0.750000
vt 0.625000 1.000000
vt 0.875000 0.750000
vt 0.625000 1.000000
vt 0.625000 1.000000
vt 0.625000 1.000000
vt 0.625000 1.000000
vt 0.625000 1.000000
vt 0.625000 0.250000
vt 0.625000 0.250000
vt 0.875000 0.500000
vt 0.625000 0.250000
vt 0.625000 0.250000
vt 0.625000 0.250000
vt 0.875000 0.750000
vt 0.625000 0.250000
vt 0.625000 1.000000
vt 0.625000 1.000000
vt 0.625000 1.000000
vt 0.625000 1.000000
vt 0.625000 1.000000
vt 0.625000 1.000000
vt 0.625000 1.000000
vt 0.625000 1.000000
vt 0.625000 1.000000
vt 0.625000 1.000000
vt 0.625000 1.000000
vt 0.625000 1.000000
vt 0.625000 1.000000
vt 0.625000 1.000000
vt 0.625000 1.000000
vt 0.625000 1.000000
vt 0.875000 0.500000
vt 0.875000 0.750000
vt 0.625000 1.000000
vt 0.625000 1.000000
vt 0.625000 1.000000
vt 0.875000 0.750000
vt 0.875000 0.750000
vt 0.625000 1.000000
vt 0.625000 1.000000
vt 0.625000 1.000000
vt 0.875000 0.750000
vt 0.875000 0.750000
vt 0.875000 0.500000
vt 0.875000 0.750000
vt 0.875000 0.750000
vt 0.625000 1.000000
vt 0.625000 1.000000
vt 0.625000 0.250000
vt 0.625000 0.250000
vt 0.875000 0.750000
vt 0.875000 0.750000
vt 0.625000 1.000000
vt 0.625000 1.000000
vn 0.0000 0.7071 -0.7071
vn 0.0000 -0.7071 -0.7071
vn -0.5774 -0.5774 -0.5774
vn -0.5774 0.5774 -0.5774
vn 1.0000 0.0000 0.0000
vn -0.5913 0.6356 -0.4964
vn 0.0000 0.7881 -0.6155
vn 0.0000 0.2422 -0.9702
vn 0.4472 0.2166 -0.8678
vn 0.3333 -0.6667 -0.6667
vn 0.4472 0.0000 -0.8944
vn 0.4472 0.0000 0.8944
vn 0.3333 -0.6667 0.6667
vn -0.3015 0.3015 -0.9045
vn -0.3015 0.3015 0.9045
vn 0.0000 -0.7071 0.7071
vn -0.6953 -0.7180 -0.0332
vn -0.6953 0.7180 -0.0332
vn -0.7039 -0.7071 -0.0673
vn 0.7039 -0.7071 0.0673
vn 0.5467 -0.5825 0.6015
vn -0.6067 -0.5725 0.5515
vn 0.3025 0.8932 0.3328
vn 0.3025 -0.8932 0.3328
vn 0.0000 0.7071 0.7071
vn 0.5467 0.5825 0.6015
vn -0.6067 0.5725 0.5515
vn 0.7039 0.7071 0.0673
vn -0.7039 0.7071 -0.0673
vn -0.7071 0.0000 0.7071
vn -0.7071 0.0000 -0.7071
vn 0.4772 -0.1072 0.8722
vn -0.7356 -0.0826 0.6723
vn 0.4472 -0.2166 0.8678
vn 0.3442 0.7399 -0.5779
vn 0.3244 0.5823 0.7455
vn 0.4213 0.1107 -0.9001
vn -0.6806 0.0894 -0.7271
vn -0.7071 0.1713 -0.6861
vn -0.7071 -0.1713 0.6861
vn -0.5656 0.5076 0.6499
vn -0.3676 -0.0870 -0.9259
vn 0.2776 0.2327 -0.9321
vn -0.2420 0.4950 -0.8345
vn 0.2065 0.2370 -0.9493
vn 0.7276 -0.5881 0.3531
vn -0.2537 -0.9562 0.1460
vn 0.0000 0.9925 0.1220
vn -0.6806 0.7271 0.0894
vn -0.7071 0.6861 0.1713
vn 0.0000 0.9702 0.2422
vn -0.8747 0.3820 -0.2984
vn 0.2860 -0.8215 0.4933
vn -1.0000 -0.0000 0.0000
vn 0.0000 -0.6155 -0.7881
vn -0.5656 -0.5076 -0.6499
vn 0.0000 -0.9925 -0.1220
vn -0.7356 -0.6723 -0.0826
vn -0.5774 0.4203 0.7000
vn 0.0000 0.5148 0.8573
vn 0.0000 -0.2422 0.9702
vn -0.7071 -0.6861 -0.1713
vn -0.5774 -0.7000 0.4203
vn -0.7356 -0.6723 -0.0827
vn -0.9045 -0.3656 0.2195
vn 0.3333 -0.8083 0.4853
vn 0.0000 -0.8573 0.5148
vn -0.5773 -0.7000 0.4203
vn -0.6797 0.6835 0.2662
vn 0.0000 0.9318 0.3629
vn -0.5774 0.7000 -0.4203
vn 0.0000 0.8573 -0.5148
vn 0.4472 -0.8678 -0.2166
vn 0.4472 0.8678 0.2166
vn 0.4204 0.8455 0.3293
vn 0.4788 -0.8176 -0.3198
vn 0.3333 0.8083 -0.4853
vn 0.4197 0.7343 0.5335
vn 0.4568 -0.7619 -0.4591
vn 0.0000 0.8090 0.5878
vn -0.7371 -0.6294 -0.2462
vn -0.7024 0.4764 0.5288
vn -0.7024 -0.6231 -0.3441
vn -0.5556 -0.8191 0.1428
vn -0.5556 0.0467 0.8301
vn 0.0000 0.7258 0.6879
vn 0.0000 0.0705 0.9975
vn -0.6882 0.5714 0.4471
vn -0.7229 -0.6054 -0.3331
vn 0.0000 -0.8565 -0.5161
vn 0.0000 -0.9313 -0.3643
vn 0.3370 0.0664 0.9392
vn 0.0000 -0.9875 0.1575
vn 0.3370 -0.9297 0.1483
vn 0.4472 -0.7465 -0.4927
vn 0.4472 0.6492 0.6153
vn 0.0000 -0.9702 -0.2422
vn -0.3414 -0.7870 -0.5139
vn -0.7071 -0.6860 -0.1713
vn 0.7648 -0.2892 -0.5757
vn -0.5698 -0.3689 -0.7343
vn -0.5826 -0.7163 0.3840
vn -0.2770 -0.9587 0.0636
vn 0.7041 -0.6258 0.3355
vn 0.3783 0.4765 0.7936
vn -0.3528 0.8236 0.4440
vn 0.3276 -0.4241 -0.8443
vn 0.3374 -0.8297 0.4447
vn 0.7276 -0.3531 -0.5881
vn 0.7276 0.5881 -0.3531
vn 0.3333 -0.4853 -0.8083
vn -0.0000 -0.5148 -0.8573
vn -0.5773 -0.4203 -0.7000
vn 0.0000 -0.8346 -0.5508
vn 0.5774 0.5774 -0.5774
vn 0.5774 -0.5774 -0.5774
vn 0.5913 0.6356 -0.4964
vn 0.3015 0.3015 -0.9045
vn 0.3015 0.3015 0.9045
vn 0.6953 -0.7180 -0.0332
vn 0.6953 0.7180 -0.0332
vn 0.7039 -0.7071 -0.0673
vn 0.6067 -0.5725 0.5515
vn -0.5467 -0.5825 0.6015
vn -0.7039 -0.7071 0.0673
vn -0.3025 0.8932 0.3328
vn -0.3025 -0.8932 0.3328
vn 0.6067 0.5725 0.5515
vn -0.5467 0.5825 0.6015
vn -0.7039 0.7071 0.0673
vn 0.7039 0.7071 -0.0673
vn 0.7071 0.0000 -0.7071
vn 0.7071 0.0000 0.7071
vn 0.7356 -0.0826 0.6723
vn 0.6806 0.0894 -0.7271
vn 0.7071 0.1713 -0.6861
vn 0.5656 0.5076 0.6499
vn 0.7071 -0.1713 0.6861
vn 0.3676 -0.0870 -0.9259
vn 0.2420 0.4950 -0.8345
vn 0.2537 -0.9562 0.1460
vn 0.7071 0.6861 0.1713
vn 0.6806 0.7271 0.0894
vn 0.8747 0.3820 -0.2984
vn 0.5656 -0.5076 -0.6499
vn 0.7356 -0.6723 -0.0826
vn 0.5774 0.4203 0.7000
vn 0.5774 -0.7000 0.4203
vn 0.7071 -0.6861 -0.1713
vn 0.7356 -0.6723 -0.0827
vn 0.9045 -0.3656 0.2195
vn 0.5773 -0.7000 0.4203
vn 0.6797 0.6835 0.2662
vn 0.5774 0.7000 -0.4203
vn 0.7371 -0.6294 -0.2462
vn 0.7024 0.4764 0.5288
vn 0.5556 0.0467 0.8301
vn 0.5556 -0.8191 0.1428
vn 0.7024 -0.6231 -0.3441
vn 0.6882 0.5714 0.4471
vn 0.7229 -0.6054 -0.3331
vn 0.3414 -0.7870 -0.5139
vn 0.7071 -0.6860 -0.1713
vn 0.5698 -0.3689 -0.7343
vn 0.2770 -0.9587 0.0636
vn 0.5826 -0.7163 0.3840
vn 0.3528 0.8236 0.4440
vn 0.5773 -0.4203 -0.7000
usemtl Gulv_Lift_Frame_Material
s 1
f 14/1/1 13/2/2 9/3/3 12/4/4
f 37/5/5 42/6/6 161/7/7 198/8/8 194/9/9
f 7/10/10 8/11/11 6/12/12 5/13/13
f 3/14/2 4/15/14 8/11/11 7/10/10
f 5/13/13 6/12/12 2/16/15 1/17/16
f 6/12/12 8/11/11 23/18/11 24/19/12
f 10/20/17 11/21/18 12/4/4 9/3/3
f 134/22/19 132/23/20 20/24/21 17/25/22
f 15/26/23 14/27/1 12/28/4 11/29/18
f 13/30/2 16/31/24 10/32/17 9/33/3
f 126/34/2 125/35/16 16/31/24 13/30/2
f 127/36/25 124/37/1 14/27/1 15/26/23
f 125/38/16 127/39/25 15/40/23 16/41/24
f 124/42/1 126/43/2 13/2/2 14/1/1
f 20/44/21 19/45/26 18/46/27 17/47/22
f 132/48/20 133/49/28 19/45/26 20/44/21
f 135/50/29 134/51/19 17/52/22 18/53/27
f 133/54/28 135/55/29 18/56/27 19/57/26
f 3/58/2 7/10/10 5/13/13 1/59/16
f 4/60/14 2/61/15 21/62/30 22/63/31
f 21/64/30 24/19/12 28/65/32 25/66/33
f 2/16/15 6/12/12 24/19/12 21/64/30
f 190/67/34 188/68/9 31/69/35 32/70/36
f 8/11/11 4/15/14 22/71/31 23/18/11
f 24/19/12 23/18/11 27/72/37 28/65/32
f 22/63/31 21/62/30 25/73/33 26/74/38
f 23/18/11 22/71/31 26/75/38 27/72/37
f 191/76/39 189/77/40 29/78/41 30/79/6
f 31/69/35 30/79/6 29/78/41 32/70/36
f 189/80/40 190/67/34 32/70/36 29/81/41
f 188/68/9 191/82/39 30/83/6 31/69/35
f 242/84/9 241/85/39 46/86/42 33/87/43
f 254/88/8 255/89/8 45/90/44 34/91/45
f 140/92/9 143/93/39 44/94/42 35/95/9
f 152/96/9 157/97/8 43/98/44 36/99/9
f 141/100/40 142/101/34 38/102/46 41/103/47
f 202/104/8 203/105/39 71/106/39 166/107/8
f 241/108/39 243/109/40 49/110/47 46/111/42
f 247/112/48 52/113/49 105/114/50 250/115/51
f 143/116/39 141/117/40 41/118/47 44/119/42
f 161/7/7 160/120/7 61/121/6 60/122/52
f 240/123/34 242/84/9 33/87/43 40/124/53
f 142/101/34 140/92/9 35/95/9 38/102/46
f 156/125/5 152/96/9 36/99/9 37/5/5
f 257/126/39 256/127/54 52/113/49 47/128/6
f 247/112/48 244/129/7 47/128/6 52/113/49
f 264/130/8 245/131/55 48/132/56 257/133/39
f 245/134/55 246/135/57 51/136/58 48/137/56
f 262/138/54 260/139/40 58/140/59 104/141/50
f 243/142/40 240/123/34 40/124/53 49/143/47
f 251/144/51 248/145/60 56/146/60 106/147/51
f 263/148/61 248/149/60 58/150/59 260/151/40
f 259/152/61 258/153/61 53/154/60 56/155/60
f 262/138/54 102/156/62 57/157/63 260/139/40
f 158/158/39 153/159/54 60/122/52 61/121/6
f 163/160/55 162/161/57 59/162/64 62/163/56
f 181/164/8 163/165/55 62/166/56 148/167/39
f 156/125/5 37/5/5 63/168/34 159/169/34
f 154/170/61 159/169/34 63/168/34 66/171/61
f 183/172/61 164/173/61 68/174/40 155/175/40
f 203/105/39 199/176/40 73/177/65 71/106/39
f 194/9/9 198/8/8 202/104/8 204/178/9
f 41/103/47 38/102/46 64/179/66 65/180/67
f 147/181/54 59/162/64 67/182/68 151/183/40
f 229/184/51 225/185/50 80/186/69 171/187/70
f 71/106/39 73/177/65 77/188/50 76/189/71
f 162/161/57 41/118/47 65/190/67 165/191/67
f 205/192/34 204/178/9 69/193/9 70/194/46
f 200/195/61 205/192/34 70/194/46 72/196/67
f 168/197/72 76/189/71 77/188/50 169/198/51
f 227/199/73 224/200/74 81/201/75 78/202/76
f 166/107/8 71/106/39 76/189/71 168/197/72
f 70/194/46 69/193/9 74/203/77 75/204/74
f 78/202/76 81/201/75 85/205/78 82/206/79
f 81/201/75 171/187/70 173/207/80 85/205/78
f 225/185/50 226/208/62 79/209/81 80/186/69
f 230/210/82 231/211/83 87/212/84 88/213/85
f 235/214/86 230/210/82 88/213/85 175/215/87
f 171/187/70 80/186/69 84/216/88 173/207/80
f 80/186/69 79/209/81 83/217/89 84/216/88
f 224/200/74 229/184/51 171/187/70 81/201/75
f 82/206/79 172/218/90 170/219/91 78/202/76
f 89/220/92 175/221/87 174/222/93 86/223/94
f 232/224/95 233/225/96 89/220/92 86/223/94
f 101/226/97 111/227/97 54/228/67 55/229/67
f 217/230/97 219/231/97 97/232/98 176/233/97
f 214/234/50 215/235/99 98/236/99 94/237/50
f 94/237/50 98/236/99 99/238/62 95/239/50
f 219/231/97 218/240/73 93/241/100 97/232/98
f 221/242/101 222/243/102 96/244/103 97/232/98
f 218/240/73 213/245/74 90/246/74 93/241/100
f 93/241/100 90/246/74 91/247/74 92/248/104
f 216/249/51 214/234/50 94/237/50 178/250/51
f 178/250/51 94/237/50 95/239/50 179/251/51
f 250/115/51 105/114/50 104/141/50 251/144/51
f 252/252/97 100/253/97 101/254/97 253/255/97
f 256/127/54 51/136/58 103/256/62 261/257/54
f 261/257/54 103/256/62 102/156/62 262/138/54
f 90/246/74 178/250/51 179/251/51 91/247/74
f 39/258/105 50/259/106 107/260/51 109/261/51
f 220/262/107 221/242/101 97/232/98 93/241/100
f 111/263/97 101/226/97 100/264/97 110/265/97
f 223/266/108 220/262/107 93/241/100 92/248/104
f 236/267/34 238/268/9 112/269/109 115/270/34
f 115/270/34 112/269/109 113/271/110 114/272/34
f 237/273/39 239/274/40 116/275/40 119/276/62
f 119/276/62 116/275/40 117/277/40 118/278/50
f 239/279/40 236/267/34 115/270/34 116/280/40
f 116/280/40 115/270/34 114/272/34 117/281/40
f 222/243/102 223/266/108 92/248/104 96/244/103
f 238/268/9 237/282/39 119/283/62 112/269/109
f 118/284/50 113/271/110 121/285/77 122/286/72
f 120/287/111 123/288/112 122/286/72 121/285/77
f 113/271/110 112/269/109 120/287/111 121/285/77
f 4/15/14 3/14/2 126/43/2 124/42/1
f 1/17/16 2/16/15 127/39/25 125/38/16
f 2/61/15 4/60/14 124/37/1 127/36/25
f 3/58/2 1/59/16 125/35/16 126/34/2
f 15/26/23 11/29/18 131/289/29 130/290/28
f 11/21/18 10/20/17 129/291/19 131/292/29
f 16/41/24 15/40/23 130/293/28 128/294/20
f 10/32/17 16/31/24 128/295/20 129/296/19
f 130/290/28 131/289/29 135/55/29 133/54/28
f 131/292/29 129/291/19 134/51/19 135/50/29
f 128/294/20 130/293/28 133/49/28 132/48/20
f 129/296/19 128/295/20 132/23/20 134/22/19
f 119/276/62 118/278/50 137/297/59 139/298/63
f 123/288/112 119/283/62 139/299/63 138/300/113
f 122/286/72 123/288/112 138/300/113 136/301/71
f 118/284/50 122/286/72 136/301/71 137/302/59
f 184/303/34 186/304/9 140/92/9 142/101/34
f 185/305/39 187/306/40 141/117/40 143/116/39
f 187/307/40 184/303/34 142/101/34 141/100/40
f 112/269/109 119/283/62 123/288/112 120/287/111
f 153/159/54 147/181/54 151/183/40 155/308/40
f 165/309/67 180/310/61 151/311/40 67/312/68
f 65/180/67 64/179/66 149/313/34 150/314/61
f 38/102/46 145/315/5 149/313/34 64/179/66
f 182/316/8 181/164/8 148/167/39 158/317/39
f 62/163/56 59/162/64 147/181/54 148/318/39
f 38/102/46 35/95/9 144/319/9 145/315/5
f 186/304/9 185/320/39 143/93/39 140/92/9
f 160/321/7 182/316/8 158/317/39 61/322/6
f 60/122/52 153/159/54 155/308/40 68/323/40
f 180/310/61 183/172/61 155/175/40 151/311/40
f 150/314/61 149/313/34 159/169/34 154/170/61
f 145/315/5 156/125/5 159/169/34 149/313/34
f 148/318/39 147/181/54 153/159/54 158/158/39
f 145/315/5 144/319/9 152/96/9 156/125/5
f 35/95/9 44/94/42 146/324/8 144/319/9
f 176/233/97 97/232/98 96/244/103 177/325/97
f 150/314/61 154/170/61 183/172/61 180/310/61
f 43/98/44 157/97/8 182/316/8 160/321/7
f 157/97/8 146/324/8 181/164/8 182/316/8
f 65/180/67 150/314/61 180/310/61 165/309/67
f 213/245/74 216/249/51 178/250/51 90/246/74
f 98/326/99 176/233/97 177/325/97 99/327/62
f 215/328/99 217/230/97 176/233/97 98/326/99
f 231/329/83 234/330/114 174/222/93 87/331/84
f 87/331/84 174/222/93 175/221/87 88/332/85
f 233/225/96 235/214/86 175/215/87 89/220/92
f 79/333/81 170/219/91 172/218/90 83/334/89
f 69/193/9 166/107/8 168/197/72 74/203/77
f 226/335/62 228/336/97 170/219/91 79/333/81
f 86/223/94 174/222/93 234/330/114 232/224/95
f 74/203/77 168/197/72 169/198/51 75/204/74
f 199/337/40 201/338/61 167/339/67 73/340/65
f 204/178/9 202/104/8 166/107/8 69/193/9
f 59/162/64 162/161/57 165/191/67 67/182/68
f 78/202/76 170/219/91 228/336/97 227/199/73
f 154/170/61 66/171/61 164/173/61 183/172/61
f 146/324/8 44/94/42 163/165/55 181/164/8
f 44/119/42 41/118/47 162/161/57 163/160/55
f 42/6/6 43/341/44 160/120/7 161/7/7
f 144/319/9 146/324/8 157/97/8 152/96/9
f 117/281/40 114/272/34 184/303/34 187/307/40
f 118/278/50 117/277/40 187/306/40 185/305/39
f 114/272/34 113/271/110 186/304/9 184/303/34
f 113/271/110 118/284/50 185/320/39 186/304/9
f 36/99/9 43/98/44 191/82/39 188/68/9
f 43/341/44 42/6/6 189/77/40 191/76/39
f 37/5/5 36/99/9 188/68/9 190/67/34
f 49/143/47 40/124/53 110/342/97 100/264/97
f 201/338/61 200/195/61 72/196/67 167/339/67
f 75/204/74 169/198/51 211/343/51 208/344/74
f 66/171/61 195/345/61 197/346/61 164/173/61
f 68/174/40 164/173/61 197/346/61 192/347/40
f 66/171/61 63/168/34 196/348/34 195/345/61
f 63/168/34 37/5/5 194/9/9 196/348/34
f 60/122/52 68/323/40 192/349/40 193/350/39
f 161/7/7 60/122/52 193/350/39 198/8/8
f 208/344/74 211/343/51 216/249/51 213/245/74
f 197/346/61 195/345/61 200/195/61 201/338/61
f 192/347/40 197/346/61 201/338/61 199/337/40
f 195/345/61 196/348/34 205/192/34 200/195/61
f 196/348/34 194/9/9 204/178/9 205/192/34
f 193/350/39 192/349/40 199/176/40 203/105/39
f 198/8/8 193/350/39 203/105/39 202/104/8
f 91/247/74 179/251/51 229/184/51 224/200/74
f 73/340/65 167/339/67 212/351/97 210/352/62
f 72/196/67 207/353/97 212/351/97 167/339/67
f 169/198/51 77/188/50 209/354/50 211/343/51
f 70/194/46 75/204/74 208/344/74 206/355/73
f 72/196/67 70/194/46 206/355/73 207/353/97
f 77/188/50 73/177/65 210/356/62 209/354/50
f 96/244/103 92/248/104 227/199/73 228/336/97 177/325/97
f 210/352/62 212/351/97 217/230/97 215/328/99
f 212/351/97 207/353/97 219/231/97 217/230/97
f 211/343/51 209/354/50 214/234/50 216/249/51
f 206/355/73 208/344/74 213/245/74 218/240/73
f 207/353/97 206/355/73 218/240/73 219/231/97
f 209/354/50 210/356/62 215/235/99 214/234/50
f 82/206/79 232/224/95 234/330/114 172/218/90
f 85/205/78 173/207/80 235/214/86 233/225/96
f 99/327/62 177/325/97 228/336/97 226/335/62
f 95/239/50 99/238/62 226/208/62 225/185/50
f 92/248/104 91/247/74 224/200/74 227/199/73
f 179/251/51 95/239/50 225/185/50 229/184/51
f 34/91/45 45/90/44 237/282/39 238/268/9
f 83/334/89 172/218/90 234/330/114 231/329/83
f 82/206/79 85/205/78 233/225/96 232/224/95
f 173/207/80 84/216/88 230/210/82 235/214/86
f 84/216/88 83/217/89 231/211/83 230/210/82
f 137/302/59 136/301/71 138/300/113 139/299/63
f 246/135/57 49/110/47 100/253/97 252/252/97
f 25/66/33 28/65/32 240/123/34 243/142/40
f 50/259/106 39/258/105 236/267/34 239/279/40
f 45/357/44 50/358/106 239/274/40 237/273/39
f 39/258/105 34/91/45 238/268/9 236/267/34
f 55/229/67 54/228/67 258/153/61 259/152/61
f 27/72/37 26/75/38 241/85/39 242/84/9
f 28/65/32 27/72/37 242/84/9 240/123/34
f 26/74/38 25/73/33 243/109/40 241/108/39
f 251/144/51 104/141/50 58/140/59 248/145/60
f 51/136/58 246/135/57 252/252/97 103/256/62
f 103/256/62 252/252/97 253/255/97 102/156/62
f 253/255/97 249/359/67 57/157/63 102/156/62
f 33/87/43 46/86/42 255/89/8 254/88/8
f 105/114/50 261/257/54 262/138/54 104/141/50
f 52/113/49 256/127/54 261/257/54 105/114/50
f 249/360/67 263/148/61 260/151/40 57/361/63
f 244/362/7 264/130/8 257/133/39 47/363/6
f 48/137/56 51/136/58 256/127/54 257/126/39
f 55/364/67 249/359/67 253/255/97 101/254/97
f 107/365/51 250/115/51 251/144/51 106/147/51
f 56/155/60 248/149/60 263/148/61 259/152/61
f 246/135/57 245/134/55 46/111/42 49/110/47
f 245/131/55 264/130/8 255/89/8 46/86/42
f 244/129/7 247/112/48 50/358/106 45/357/44
f 50/358/106 247/112/48 250/115/51 107/365/51
f 264/130/8 244/362/7 45/90/44 255/89/8
f 263/148/61 249/360/67 55/229/67 259/152/61
f 108/366/51 106/367/51 56/155/60 53/154/60
f 42/368/6 37/5/5 190/67/34 189/80/40
f 109/261/51 107/365/51 106/367/51 108/366/51
f 220/262/107 223/266/108 222/243/102 221/242/101
f 274/369/1 272/370/115 269/371/116 273/372/2
f 37/5/5 194/9/9 402/373/8 371/374/7 288/375/117
f 267/376/2 7/10/10 8/11/11 268/377/118
f 5/13/13 265/378/16 266/379/119 6/12/12
f 270/380/120 269/371/116 272/370/115 271/381/121
f 352/382/122 277/383/123 280/384/124 350/385/125
f 275/386/126 271/387/121 272/388/115 274/389/1
f 273/390/2 269/391/116 270/392/120 276/393/127
f 344/394/2 273/390/2 276/393/127 343/395/16
f 345/396/25 275/386/126 274/389/1 342/397/1
f 343/398/16 276/399/127 275/400/126 345/401/25
f 342/402/1 274/369/1 273/372/2 344/403/2
f 280/404/124 277/405/123 278/406/128 279/407/129
f 350/408/125 280/404/124 279/407/129 351/409/130
f 353/410/131 278/411/128 277/412/123 352/413/122
f 351/414/130 279/415/129 278/416/128 353/417/131
f 267/418/2 265/419/16 5/13/13 7/10/10
f 268/420/118 282/421/132 281/422/133 266/423/119
f 281/424/133 283/425/134 28/65/32 24/19/12
f 266/379/119 281/424/133 24/19/12 6/12/12
f 8/11/11 23/18/11 282/426/132 268/377/118
f 282/421/132 284/427/135 283/428/134 281/422/133
f 23/18/11 27/72/37 284/429/135 282/426/132
f 397/430/136 286/431/117 285/432/137 396/433/138
f 31/69/35 32/70/36 285/432/137 286/431/117
f 396/434/138 285/435/137 32/70/36 190/67/34
f 188/68/9 31/69/35 286/436/117 397/437/136
f 242/84/9 33/87/43 292/438/139 430/439/136
f 254/88/8 34/91/45 291/440/140 442/441/8
f 140/92/9 35/95/9 290/442/139 359/443/136
f 152/96/9 36/99/9 289/444/140 368/445/8
f 358/446/138 287/447/141 38/102/46 142/101/34
f 406/448/8 376/449/8 311/450/136 407/451/136
f 430/452/136 292/453/139 295/454/141 431/455/138
f 435/456/48 438/457/51 333/458/142 298/459/143
f 359/460/136 290/461/139 287/462/141 358/463/138
f 371/374/7 304/464/144 305/465/117 370/466/7
f 444/467/136 293/468/117 298/459/143 443/469/5
f 435/456/48 298/459/143 293/468/117 432/470/7
f 450/471/8 444/472/136 294/473/145 433/474/55
f 433/475/55 294/476/145 297/477/146 434/478/57
f 448/479/5 332/480/142 302/481/147 446/482/138
f 431/483/138 295/484/141 40/124/53 240/123/34
f 439/485/51 334/486/51 300/487/60 436/488/60
f 449/489/61 446/490/138 302/491/147 436/492/60
f 445/493/61 300/494/60 53/154/60 258/153/61
f 448/479/5 446/482/138 301/495/148 330/496/149
f 369/497/136 305/465/117 304/464/144 365/498/5
f 373/499/55 306/500/145 303/501/150 372/502/57
f 391/503/8 362/504/136 306/505/145 373/506/55
f 366/507/61 308/508/61 63/168/34 159/169/34
f 393/509/61 367/510/138 310/511/138 374/512/61
f 407/451/136 311/450/136 313/513/151 403/514/138
f 194/9/9 204/178/9 406/448/8 402/373/8
f 287/447/141 307/515/67 64/179/66 38/102/46
f 361/516/5 364/517/138 309/518/152 303/501/150
f 423/519/51 381/520/70 317/521/153 420/522/142
f 311/450/136 314/523/154 315/524/142 313/513/151
f 372/502/57 375/525/67 307/526/67 287/462/141
f 404/527/61 312/528/67 70/194/46 205/192/34
f 378/529/72 379/530/51 315/524/142 314/523/154
f 376/449/8 378/529/72 314/523/154 311/450/136
f 81/201/75 85/205/78 383/531/80 381/520/70
f 420/522/142 317/521/153 316/532/155 421/533/149
f 424/534/156 321/535/157 320/536/158 425/537/159
f 427/538/86 385/539/87 321/535/157 424/534/156
f 381/520/70 383/531/80 319/540/160 317/521/153
f 317/521/153 319/540/160 318/541/161 316/532/155
f 224/200/74 81/201/75 381/520/70 423/519/51
f 82/206/79 78/202/76 380/542/91 382/543/90
f 89/220/92 86/223/94 384/544/93 385/545/87
f 329/546/97 299/547/67 54/228/67 111/227/97
f 416/548/97 386/549/97 325/550/162 417/551/97
f 413/552/142 322/553/142 326/554/163 414/555/163
f 322/553/142 323/556/142 327/557/149 326/554/163
f 417/551/97 325/550/162 93/241/100 218/240/73
f 418/558/164 325/550/162 324/559/165 419/560/166
f 415/561/51 388/562/51 322/553/142 413/552/142
f 388/562/51 389/563/51 323/556/142 322/553/142
f 438/457/51 439/485/51 332/480/142 333/458/142
f 440/564/97 441/565/97 329/566/97 328/567/97
f 443/469/5 447/568/5 331/569/149 297/477/146
f 447/568/5 448/479/5 330/496/149 331/569/149
f 90/246/74 91/247/74 389/563/51 388/562/51
f 39/258/105 109/261/51 335/570/51 296/571/167
f 220/262/107 93/241/100 325/550/162 418/558/164
f 111/263/97 110/265/97 328/572/97 329/546/97
f 428/573/136 339/574/149 336/575/138 429/576/138
f 339/574/149 338/577/142 337/578/138 336/575/138
f 429/579/138 336/580/138 115/270/34 236/267/34
f 336/580/138 337/581/138 114/272/34 115/270/34
f 419/560/166 324/559/165 92/248/104 223/266/108
f 238/268/9 112/269/109 339/582/149 428/583/136
f 338/584/142 340/585/72 121/285/77 113/271/110
f 120/287/111 121/285/77 340/585/72 341/586/112
f 268/377/118 342/402/1 344/403/2 267/376/2
f 265/378/16 343/398/16 345/401/25 266/379/119
f 266/423/119 345/396/25 342/397/1 268/420/118
f 267/418/2 344/394/2 343/395/16 265/419/16
f 275/386/126 348/587/130 349/588/131 271/387/121
f 271/381/121 349/589/131 347/590/122 270/380/120
f 276/399/127 346/591/125 348/592/130 275/400/126
f 270/392/120 347/593/122 346/594/125 276/393/127
f 348/587/130 351/414/130 353/417/131 349/588/131
f 349/589/131 353/410/131 352/413/122 347/590/122
f 346/591/125 350/408/125 351/409/130 348/592/130
f 347/593/122 352/382/122 350/385/125 346/594/125
f 339/574/149 357/595/148 355/596/147 338/577/142
f 341/586/112 356/597/168 357/598/148 339/582/149
f 340/585/72 354/599/154 356/597/168 341/586/112
f 338/584/142 355/600/147 354/599/154 340/585/72
f 394/601/136 359/460/136 358/463/138 395/602/138
f 395/603/138 358/446/138 142/101/34 184/303/34
f 112/269/109 120/287/111 341/586/112 339/582/149
f 365/498/5 367/604/138 364/517/138 361/516/5
f 375/605/67 309/606/152 364/607/138 390/608/61
f 307/515/67 363/609/61 149/313/34 64/179/66
f 392/610/8 369/611/136 362/504/136 391/503/8
f 306/500/145 362/612/136 361/516/5 303/501/150
f 186/304/9 140/92/9 359/443/136 394/613/136
f 370/614/7 305/615/117 369/611/136 392/610/8
f 304/464/144 310/616/138 367/604/138 365/498/5
f 390/608/61 364/607/138 367/510/138 393/509/61
f 363/609/61 366/507/61 159/169/34 149/313/34
f 362/612/136 369/497/136 365/498/5 361/516/5
f 35/95/9 144/319/9 360/617/8 290/442/139
f 386/549/97 387/618/97 324/559/165 325/550/162
f 363/609/61 390/608/61 393/509/61 366/507/61
f 289/444/140 370/614/7 392/610/8 368/445/8
f 368/445/8 392/610/8 391/503/8 360/617/8
f 307/515/67 375/605/67 390/608/61 363/609/61
f 213/245/74 90/246/74 388/562/51 415/561/51
f 326/619/163 327/620/149 387/618/97 386/549/97
f 414/621/163 326/619/163 386/549/97 416/548/97
f 425/622/159 320/623/158 384/544/93 426/624/114
f 320/623/158 321/625/157 385/545/87 384/544/93
f 233/225/96 89/220/92 385/539/87 427/538/86
f 316/626/155 318/627/161 382/543/90 380/542/91
f 69/193/9 74/203/77 378/529/72 376/449/8
f 421/628/149 316/626/155 380/542/91 422/629/97
f 86/223/94 232/224/95 426/624/114 384/544/93
f 74/203/77 75/204/74 379/530/51 378/529/72
f 403/630/138 313/631/151 377/632/67 405/633/61
f 204/178/9 69/193/9 376/449/8 406/448/8
f 303/501/150 309/518/152 375/525/67 372/502/57
f 78/202/76 227/199/73 422/629/97 380/542/91
f 366/507/61 393/509/61 374/512/61 308/508/61
f 360/617/8 391/503/8 373/506/55 290/442/139
f 290/461/139 373/499/55 372/502/57 287/462/141
f 288/375/117 371/374/7 370/466/7 289/634/140
f 144/319/9 152/96/9 368/445/8 360/617/8
f 337/581/138 395/603/138 184/303/34 114/272/34
f 338/577/142 394/601/136 395/602/138 337/578/138
f 113/271/110 186/304/9 394/613/136 338/584/142
f 36/99/9 188/68/9 397/437/136 289/444/140
f 289/634/140 397/430/136 396/433/138 288/375/117
f 295/484/141 328/572/97 110/342/97 40/124/53
f 405/633/61 377/632/67 312/528/67 404/527/61
f 75/204/74 208/344/74 411/635/51 379/530/51
f 308/508/61 374/512/61 401/636/61 400/637/61
f 310/511/138 398/638/138 401/636/61 374/512/61
f 308/508/61 400/637/61 196/348/34 63/168/34
f 304/464/144 399/639/136 398/640/138 310/616/138
f 371/374/7 402/373/8 399/639/136 304/464/144
f 208/344/74 213/245/74 415/561/51 411/635/51
f 401/636/61 405/633/61 404/527/61 400/637/61
f 398/638/138 403/630/138 405/633/61 401/636/61
f 400/637/61 404/527/61 205/192/34 196/348/34
f 399/639/136 407/451/136 403/514/138 398/640/138
f 402/373/8 406/448/8 407/451/136 399/639/136
f 91/247/74 224/200/74 423/519/51 389/563/51
f 313/631/151 410/641/149 412/642/97 377/632/67
f 312/528/67 377/632/67 412/642/97 408/643/97
f 379/530/51 411/635/51 409/644/142 315/524/142
f 312/528/67 408/643/97 206/355/73 70/194/46
f 315/524/142 409/644/142 410/645/149 313/513/151
f 324/559/165 387/618/97 422/629/97 227/199/73 92/248/104
f 410/641/149 414/621/163 416/548/97 412/642/97
f 412/642/97 416/548/97 417/551/97 408/643/97
f 411/635/51 415/561/51 413/552/142 409/644/142
f 408/643/97 417/551/97 218/240/73 206/355/73
f 409/644/142 413/552/142 414/555/163 410/645/149
f 82/206/79 382/543/90 426/624/114 232/224/95
f 85/205/78 233/225/96 427/538/86 383/531/80
f 327/620/149 421/628/149 422/629/97 387/618/97
f 323/556/142 420/522/142 421/533/149 327/557/149
f 389/563/51 423/519/51 420/522/142 323/556/142
f 34/91/45 238/268/9 428/583/136 291/440/140
f 318/627/161 425/622/159 426/624/114 382/543/90
f 383/531/80 427/538/86 424/534/156 319/540/160
f 319/540/160 424/534/156 425/537/159 318/541/161
f 355/600/147 357/598/148 356/597/168 354/599/154
f 434/478/57 440/564/97 328/567/97 295/454/141
f 283/425/134 431/483/138 240/123/34 28/65/32
f 296/571/167 429/579/138 236/267/34 39/258/105
f 291/646/140 428/573/136 429/576/138 296/647/167
f 299/547/67 445/493/61 258/153/61 54/228/67
f 27/72/37 242/84/9 430/439/136 284/429/135
f 284/427/135 430/452/136 431/455/138 283/428/134
f 439/485/51 436/488/60 302/481/147 332/480/142
f 297/477/146 331/569/149 440/564/97 434/478/57
f 331/569/149 330/496/149 441/565/97 440/564/97
f 441/565/97 330/496/149 301/495/148 437/648/67
f 33/87/43 254/88/8 442/441/8 292/438/139
f 333/458/142 332/480/142 448/479/5 447/568/5
f 298/459/143 333/458/142 447/568/5 443/469/5
f 437/649/67 301/650/148 446/490/138 449/489/61
f 432/651/7 293/652/117 444/472/136 450/471/8
f 294/476/145 444/467/136 443/469/5 297/477/146
f 299/653/67 329/566/97 441/565/97 437/648/67
f 335/654/51 334/486/51 439/485/51 438/457/51
f 300/494/60 445/493/61 449/489/61 436/492/60
f 434/478/57 295/454/141 292/453/139 433/475/55
f 433/474/55 292/438/139 442/441/8 450/471/8
f 432/470/7 291/646/140 296/647/167 435/456/48
f 296/647/167 335/654/51 438/457/51 435/456/48
f 450/471/8 442/441/8 291/440/140 432/651/7
f 449/489/61 445/493/61 299/547/67 437/649/67
f 108/366/51 53/154/60 300/494/60 334/655/51
f 288/656/117 396/434/138 190/67/34 37/5/5
f 109/261/51 108/366/51 334/655/51 335/654/51
f 220/262/107 418/558/164 419/560/166 223/266/108
o Gulv_Lift_Hydraolik_Cylinder
v -0.000000 0.898643 0.152396
v 0.000000 1.309487 0.321409
v 0.004847 0.898467 0.152839
v 0.003753 1.309351 0.321753
v 0.009508 0.897945 0.154153
v 0.007362 1.308947 0.322770
v 0.013804 0.897099 0.156288
v 0.010689 1.308291 0.324423
v 0.017569 0.895959 0.159160
v 0.013604 1.307409 0.326647
v 0.020658 0.894571 0.162660
v 0.015997 1.306334 0.329357
v 0.022954 0.892987 0.166652
v 0.017775 1.305107 0.332449
v 0.024368 0.891268 0.170985
v 0.018869 1.303777 0.335803
v 0.024846 0.889481 0.175490
v 0.019239 1.302393 0.339292
v 0.024368 0.887694 0.179996
v 0.018869 1.301009 0.342781
v 0.022954 0.885975 0.184328
v 0.017775 1.299678 0.346136
v 0.020658 0.884391 0.188321
v 0.015997 1.298451 0.349228
v 0.017569 0.883003 0.191821
v 0.013604 1.297376 0.351938
v 0.013804 0.881863 0.194693
v 0.010689 1.296494 0.354162
v 0.009508 0.881017 0.196827
v 0.007362 1.295838 0.355814
v 0.004847 0.880495 0.198141
v 0.003753 1.295435 0.356832
v -0.000000 0.880319 0.198585
v 0.000000 1.295298 0.357175
v -0.004847 0.880495 0.198141
v -0.003753 1.295435 0.356832
v -0.009508 0.881017 0.196827
v -0.007362 1.295838 0.355814
v -0.013804 0.881863 0.194693
v -0.010689 1.296494 0.354162
v -0.017569 0.883003 0.191821
v -0.013604 1.297376 0.351938
v -0.020658 0.884391 0.188321
v -0.015997 1.298451 0.349228
v -0.022954 0.885975 0.184328
v -0.017775 1.299678 0.346136
v -0.024368 0.887694 0.179996
v -0.018869 1.301009 0.342781
v -0.024846 0.889481 0.175490
v -0.019239 1.302393 0.339292
v -0.024368 0.891268 0.170985
v -0.018869 1.303777 0.335803
v -0.022954 0.892987 0.166652
v -0.017775 1.305107 0.332449
v -0.020658 0.894571 0.162660
v -0.015997 1.306334 0.329357
v -0.017569 0.895959 0.159160
v -0.013604 1.307409 0.326647
v -0.013804 0.897099 0.156288
v -0.010689 1.308291 0.324423
v -0.009508 0.897945 0.154153
v -0.007362 1.308947 0.322770
v -0.004847 0.898467 0.152839
v -0.003753 1.309351 0.321752
v 0.003753 1.632154 0.449809
v 0.000000 1.632291 0.449465
v 0.007362 1.631751 0.450826
v 0.010689 1.631095 0.452479
v 0.013604 1.630213 0.454703
v 0.015997 1.629138 0.457413
v 0.017775 1.627911 0.460505
v 0.018869 1.626580 0.463859
v 0.019239 1.625196 0.467348
v 0.018869 1.623812 0.470837
v 0.017775 1.622481 0.474192
v 0.015997 1.621255 0.477284
v 0.013604 1.620180 0.479994
v 0.010689 1.619298 0.482218
v 0.007362 1.618642 0.483870
v 0.003753 1.618238 0.484888
v 0.000000 1.618102 0.485231
v -0.003753 1.618238 0.484888
v -0.007362 1.618642 0.483870
v -0.010689 1.619298 0.482218
v -0.013604 1.620180 0.479994
v -0.015997 1.621255 0.477284
v -0.017775 1.622481 0.474192
v -0.018869 1.623812 0.470837
v -0.019239 1.625196 0.467348
v -0.018869 1.626580 0.463859
v -0.017775 1.627911 0.460505
v -0.015997 1.629138 0.457413
v -0.013604 1.630213 0.454703
v -0.010689 1.631095 0.452479
v -0.007362 1.631751 0.450826
v -0.003753 1.632154 0.449809
v 0.000000 1.311285 0.316090
v 0.004847 1.311109 0.316534
v 0.009508 1.310587 0.317848
v 0.013804 1.309741 0.319983
v 0.017569 1.308601 0.322855
v 0.020658 1.307213 0.326354
v 0.022954 1.305629 0.330347
v 0.024368 1.303910 0.334680
v 0.024846 1.302123 0.339185
v 0.024368 1.300336 0.343691
v 0.022954 1.298617 0.348023
v 0.020658 1.297033 0.352016
v 0.017569 1.295645 0.355516
v 0.013804 1.294505 0.358388
v 0.009508 1.293659 0.360522
v 0.004847 1.293137 0.361836
v 0.000000 1.292961 0.362280
v -0.004847 1.293137 0.361836
v -0.009508 1.293659 0.360522
v -0.013803 1.294505 0.358388
v -0.017569 1.295645 0.355516
v -0.020658 1.297033 0.352016
v -0.022954 1.298617 0.348023
v -0.024368 1.300336 0.343691
v -0.024846 1.302123 0.339185
v -0.024368 1.303910 0.334680
v -0.022954 1.305629 0.330347
v -0.020658 1.307213 0.326355
v -0.017569 1.308601 0.322855
v -0.013803 1.309741 0.319983
v -0.009508 1.310587 0.317848
v -0.004847 1.311109 0.316534
vt 1.002178 3.036327
vt 1.000000 3.197877
vt 0.968750 3.197927
vt 0.968750 3.036383
vt 0.937500 3.197831
vt 0.937500 3.036283
vt 0.906249 3.197885
vt 0.906249 3.036342
vt 0.874999 3.197830
vt 0.874999 3.036285
vt 0.843750 3.197819
vt 0.843750 3.036281
vt 0.812500 3.197669
vt 0.812500 3.036124
vt 0.781250 3.197828
vt 0.781250 3.036288
vt 0.750000 3.197912
vt 0.750000 3.036369
vt 0.718750 3.197837
vt 0.718750 3.036290
vt 0.687500 3.197861
vt 0.687500 3.036316
vt 0.656250 3.197873
vt 0.656250 3.036324
vt 0.625000 3.197981
vt 0.625000 3.036438
vt 0.593750 3.197876
vt 0.593750 3.036325
vt 0.562500 3.197960
vt 0.562500 3.036427
vt 0.531250 3.197564
vt 0.531250 3.035817
vt 0.500000 3.203519
vt 0.500000 3.042025
vt 0.468750 3.198229
vt 0.468750 3.036491
vt 0.437500 3.197873
vt 0.437500 3.036319
vt 0.406250 3.197775
vt 0.406250 3.036227
vt 0.375000 3.197924
vt 0.375000 3.036386
vt 0.343750 3.197742
vt 0.343750 3.036206
vt 0.312500 3.197504
vt 0.312500 3.035959
vt 0.281250 3.197855
vt 0.281250 3.036322
vt 0.250000 3.197882
vt 0.250000 3.036335
vt 0.218750 3.197925
vt 0.218750 3.036380
vt 0.187500 3.197874
vt 0.187500 3.036327
vt 0.156250 3.197841
vt 0.156250 3.036295
vt 0.125000 3.197869
vt 0.125000 3.036325
vt 0.093750 3.197837
vt 0.093750 3.036290
vt 0.062500 3.197903
vt 0.062500 3.036360
vt 0.968750 1.000000
vt 0.937500 1.000000
vt 0.031250 3.197829
vt 0.031250 3.036281
vt -0.000000 3.197906
vt -0.002177 3.036364
vt 0.750000 0.490000
vt 0.796822 0.485388
vt 0.841844 0.471731
vt 0.883337 0.449553
vt 0.919706 0.419706
vt 0.949553 0.383337
vt 0.971731 0.341844
vt 0.985388 0.296822
vt 0.990000 0.250000
vt 0.985388 0.203178
vt 0.971731 0.158156
vt 0.949553 0.116663
vt 0.919706 0.080294
vt 0.883337 0.050447
vt 0.841844 0.028269
vt 0.796822 0.014612
vt 0.750000 0.010000
vt 0.703178 0.014612
vt 0.658156 0.028269
vt 0.616663 0.050447
vt 0.580294 0.080294
vt 0.550447 0.116663
vt 0.528269 0.158156
vt 0.514612 0.203178
vt 0.510000 0.250000
vt 0.514612 0.296822
vt 0.528269 0.341844
vt 0.550447 0.383337
vt 0.580294 0.419706
vt 0.616663 0.449553
vt 0.658156 0.471731
vt 0.703178 0.485388
vt 0.296822 0.485388
vt 0.250000 0.490000
vt 0.203178 0.485388
vt 0.158156 0.471731
vt 0.116663 0.449553
vt 0.080294 0.419706
vt 0.050447 0.383337
vt 0.028269 0.341844
vt 0.014612 0.296822
vt 0.010000 0.250000
vt 0.014612 0.203178
vt 0.028269 0.158156
vt 0.050447 0.116663
vt 0.080294 0.080294
vt 0.116663 0.050447
vt 0.158156 0.028269
vt 0.203178 0.014612
vt 0.250000 0.010000
vt 0.296822 0.014612
vt 0.341844 0.028269
vt 0.383337 0.050447
vt 0.419706 0.080294
vt 0.449553 0.116663
vt 0.471731 0.158156
vt 0.485388 0.203178
vt 0.490000 0.250000
vt 0.485388 0.296822
vt 0.471731 0.341844
vt 0.449553 0.383337
vt 0.419706 0.419706
vt 0.383337 0.449553
vt 0.341844 0.471731
vt 0.687500 1.000000
vt 0.656250 1.000000
vt 0.406250 1.000000
vt 0.375000 1.000000
vt 0.125000 1.000000
vt 0.093750 1.000000
vt 0.812500 1.000000
vt 0.781250 1.000000
vt 0.531250 1.000000
vt 0.500000 1.000000
vt 0.250000 1.000000
vt 0.218750 1.000000
vt 0.906250 1.000000
vt 0.625000 1.000000
vt 0.343750 1.000000
vt 0.062500 1.000000
vt 0.750000 1.000000
vt 0.468750 1.000000
vt 0.187500 1.000000
vt 0.875000 1.000000
vt 0.593750 1.000000
vt 0.312500 1.000000
vt 0.031250 1.000000
vt 0.718750 1.000000
vt 0.437500 1.000000
vt 0.156250 1.000000
vt 0.843750 1.000000
vt 0.562500 1.000000
vt 0.281250 1.000000
vt 1.000000 1.000000
vt 0.000000 1.000000
vt 0.031250 0.500000
vt 0.000000 0.500000
vt 0.062500 0.500000
vt 0.093750 0.500000
vt 0.125000 0.500000
vt 0.156250 0.500000
vt 0.187500 0.500000
vt 0.218750 0.500000
vt 0.250000 0.500000
vt 0.281250 0.500000
vt 0.312500 0.500000
vt 0.343750 0.500000
vt 0.375000 0.500000
vt 0.406250 0.500000
vt 0.437500 0.500000
vt 0.468750 0.500000
vt 0.500000 0.500000
vt 0.531250 0.500000
vt 0.562500 0.500000
vt 0.593750 0.500000
vt 0.625000 0.500000
vt 0.656250 0.500000
vt 0.687500 0.500000
vt 0.718750 0.500000
vt 0.750000 0.500000
vt 0.781250 0.500000
vt 0.812500 0.500000
vt 0.843750 0.500000
vt 0.875000 0.500000
vt 0.906250 0.500000
vt 0.937500 0.500000
vt 0.968750 0.500000
vt 1.000000 0.500000
vn 0.0051 0.9473 0.3202
vn 0.0151 0.9466 0.3221
vn 0.0245 0.9452 0.3257
vn 0.0329 0.9431 0.3309
vn 0.0401 0.9404 0.3376
vn 0.0458 0.9373 0.3455
vn 0.0497 0.9338 0.3542
vn 0.0517 0.9302 0.3635
vn 0.0517 0.9264 0.3730
vn 0.0497 0.9227 0.3822
vn 0.0458 0.9193 0.3910
vn 0.0401 0.9161 0.3989
vn 0.0329 0.9135 0.4055
vn 0.0245 0.9114 0.4108
vn 0.0151 0.9100 0.4144
vn 0.0051 0.9092 0.4163
vn -0.0051 0.9092 0.4163
vn -0.0151 0.9100 0.4144
vn -0.0245 0.9114 0.4108
vn -0.0329 0.9135 0.4056
vn -0.0401 0.9161 0.3989
vn -0.0458 0.9193 0.3910
vn -0.0497 0.9227 0.3822
vn -0.0517 0.9264 0.3730
vn -0.0517 0.9302 0.3635
vn -0.0497 0.9338 0.3543
vn -0.0458 0.9373 0.3455
vn -0.0401 0.9404 0.3376
vn -0.0329 0.9431 0.3310
vn -0.0245 0.9452 0.3257
vn 0.2903 0.3529 -0.8895
vn -0.0151 0.9466 0.3221
vn -0.0051 0.9473 0.3202
vn -0.0000 -0.9295 -0.3687
vn 0.0000 0.9295 0.3688
vn 0.8819 -0.1738 0.4382
vn -0.6344 -0.2850 0.7185
vn -0.6344 0.2850 -0.7185
vn 0.9569 0.1070 -0.2698
vn 0.0980 -0.3670 0.9251
vn -0.9952 0.0361 -0.0911
vn 0.4714 0.3252 -0.8198
vn 0.7730 -0.2339 0.5897
vn -0.7730 -0.2339 0.5897
vn -0.4714 0.3252 -0.8198
vn 0.9952 0.0361 -0.0911
vn -0.0980 -0.3670 0.9251
vn -0.9569 0.1070 -0.2698
vn 0.6344 0.2850 -0.7185
vn 0.6344 -0.2850 0.7185
vn -0.8819 -0.1738 0.4382
vn -0.2903 0.3529 -0.8895
vn 0.9952 -0.0361 0.0911
vn -0.2903 -0.3529 0.8895
vn -0.8819 0.1738 -0.4382
vn 0.7730 0.2339 -0.5897
vn 0.4714 -0.3252 0.8198
vn -0.9569 -0.1070 0.2698
vn 0.0980 0.3670 -0.9251
vn -0.0980 0.3670 -0.9251
vn 0.9569 -0.1070 0.2698
vn -0.4714 -0.3252 0.8198
vn -0.7730 0.2339 -0.5897
vn 0.8819 0.1738 -0.4382
vn 0.2903 -0.3529 0.8895
vn -0.9952 -0.0361 0.0911
usemtl Gulv_Lig_Hydraolik_Material
s off
f 547/657/169 452/658/169 454/659/169 548/660/169
f 548/660/170 454/659/170 456/661/170 549/662/170
f 549/662/171 456/661/171 458/663/171 550/664/171
f 550/664/172 458/663/172 460/665/172 551/666/172
f 551/666/173 460/665/173 462/667/173 552/668/173
f 552/668/174 462/667/174 464/669/174 553/670/174
f 553/670/175 464/669/175 466/671/175 554/672/175
f 554/672/176 466/671/176 468/673/176 555/674/176
f 555/674/177 468/673/177 470/675/177 556/676/177
f 556/676/178 470/675/178 472/677/178 557/678/178
f 557/678/179 472/677/179 474/679/179 558/680/179
f 558/680/180 474/679/180 476/681/180 559/682/180
f 559/682/181 476/681/181 478/683/181 560/684/181
f 560/684/182 478/683/182 480/685/182 561/686/182
f 561/686/183 480/685/183 482/687/183 562/688/183
f 562/688/184 482/687/184 484/689/184 563/690/184
f 563/690/185 484/689/185 486/691/185 564/692/185
f 564/692/186 486/691/186 488/693/186 565/694/186
f 565/694/187 488/693/187 490/695/187 566/696/187
f 566/696/188 490/695/188 492/697/188 567/698/188
f 567/698/189 492/697/189 494/699/189 568/700/189
f 568/700/190 494/699/190 496/701/190 569/702/190
f 569/702/191 496/701/191 498/703/191 570/704/191
f 570/704/192 498/703/192 500/705/192 571/706/192
f 571/706/193 500/705/193 502/707/193 572/708/193
f 572/708/194 502/707/194 504/709/194 573/710/194
f 573/710/195 504/709/195 506/711/195 574/712/195
f 574/712/196 506/711/196 508/713/196 575/714/196
f 575/714/197 508/713/197 510/715/197 576/716/197
f 576/716/198 510/715/198 512/717/198 577/718/198
f 456/661/199 454/659/199 515/719/199 517/720/199
f 577/718/200 512/717/200 514/721/200 578/722/200
f 578/722/201 514/721/201 452/723/201 547/724/201
f 451/725/202 453/726/202 455/727/202 457/728/202 459/729/202 461/730/202 463/731/202 465/732/202 467/733/202 469/734/202 471/735/202 473/736/202 475/737/202 477/738/202 479/739/202 481/740/202 483/741/202 485/742/202 487/743/202 489/744/202 491/745/202 493/746/202 495/747/202 497/748/202 499/749/202 501/750/202 503/751/202 505/752/202 507/753/202 509/754/202 511/755/202 513/756/202
f 515/757/203 516/758/203 546/759/203 545/760/203 544/761/203 543/762/203 542/763/203 541/764/203 540/765/203 539/766/203 538/767/203 537/768/203 536/769/203 535/770/203 534/771/203 533/772/203 532/773/203 531/774/203 530/775/203 529/776/203 528/777/203 527/778/203 526/779/203 525/780/203 524/781/203 523/782/203 522/783/203 521/784/203 520/785/203 519/786/203 518/787/203 517/788/203
f 474/679/204 472/677/204 525/789/204 526/790/204
f 492/697/205 490/695/205 534/791/205 535/792/205
f 510/715/206 508/713/206 543/793/206 544/794/206
f 466/671/207 464/669/207 521/795/207 522/796/207
f 484/689/208 482/687/208 530/797/208 531/798/208
f 502/707/209 500/705/209 539/799/209 540/800/209
f 458/663/210 456/661/210 517/720/210 518/801/210
f 476/681/211 474/679/211 526/790/211 527/802/211
f 494/699/212 492/697/212 535/792/212 536/803/212
f 512/717/213 510/715/213 544/794/213 545/804/213
f 468/673/214 466/671/214 522/796/214 523/805/214
f 486/691/215 484/689/215 531/798/215 532/806/215
f 504/709/216 502/707/216 540/800/216 541/807/216
f 460/665/217 458/663/217 518/801/217 519/808/217
f 478/683/218 476/681/218 527/802/218 528/809/218
f 496/701/219 494/699/219 536/803/219 537/810/219
f 514/721/220 512/717/220 545/804/220 546/811/220
f 470/675/221 468/673/221 523/805/221 524/812/221
f 488/693/222 486/691/222 532/806/222 533/813/222
f 506/711/223 504/709/223 541/807/223 542/814/223
f 462/667/224 460/665/224 519/808/224 520/815/224
f 480/685/225 478/683/225 528/809/225 529/816/225
f 498/703/226 496/701/226 537/810/226 538/817/226
f 454/659/227 452/658/227 516/818/227 515/719/227
f 452/723/228 514/721/228 546/811/228 516/819/228
f 472/677/229 470/675/229 524/812/229 525/789/229
f 490/695/230 488/693/230 533/813/230 534/791/230
f 508/713/231 506/711/231 542/814/231 543/793/231
f 464/669/232 462/667/232 520/815/232 521/795/232
f 482/687/233 480/685/233 529/816/233 530/797/233
f 500/705/234 498/703/234 538/817/234 539/799/234
f 513/820/228 578/722/228 547/724/228 451/821/228
f 511/822/220 577/718/220 578/722/220 513/820/220
f 509/823/213 576/716/213 577/718/213 511/822/213
f 507/824/206 575/714/206 576/716/206 509/823/206
f 505/825/231 574/712/231 575/714/231 507/824/231
f 503/826/223 573/710/223 574/712/223 505/825/223
f 501/827/216 572/708/216 573/710/216 503/826/216
f 499/828/209 571/706/209 572/708/209 501/827/209
f 497/829/234 570/704/234 571/706/234 499/828/234
f 495/830/226 569/702/226 570/704/226 497/829/226
f 493/831/219 568/700/219 569/702/219 495/830/219
f 491/832/212 567/698/212 568/700/212 493/831/212
f 489/833/205 566/696/205 567/698/205 491/832/205
f 487/834/230 565/694/230 566/696/230 489/833/230
f 485/835/222 564/692/222 565/694/222 487/834/222
f 483/836/215 563/690/215 564/692/215 485/835/215
f 481/837/208 562/688/208 563/690/208 483/836/208
f 479/838/233 561/686/233 562/688/233 481/837/233
f 477/839/225 560/684/225 561/686/225 479/838/225
f 475/840/218 559/682/218 560/684/218 477/839/218
f 473/841/211 558/680/211 559/682/211 475/840/211
f 471/842/204 557/678/204 558/680/204 473/841/204
f 469/843/229 556/676/229 557/678/229 471/842/229
f 467/844/221 555/674/221 556/676/221 469/843/221
f 465/845/214 554/672/214 555/674/214 467/844/214
f 463/846/207 553/670/207 554/672/207 465/845/207
f 461/847/232 552/668/232 553/670/232 463/846/232
f 459/848/224 551/666/224 552/668/224 461/847/224
f 457/849/217 550/664/217 551/666/217 459/848/217
f 455/850/210 549/662/210 550/664/210 457/849/210
f 453/851/199 548/660/199 549/662/199 455/850/199
f 451/852/227 547/657/227 548/660/227 453/851/227
o Gulv_Lift_Handle_Cylinder.001
v -0.040784 0.903698 0.018934
v -0.307258 0.903698 0.018934
v -0.040784 0.898077 0.019487
v -0.307258 0.898077 0.019487
v -0.040784 0.892673 0.021127
v -0.307258 0.892673 0.021127
v -0.040784 0.887692 0.023789
v -0.307258 0.887692 0.023789
v -0.040784 0.883326 0.027372
v -0.307258 0.883326 0.027372
v -0.040784 0.879743 0.031738
v -0.307258 0.879743 0.031738
v -0.040784 0.877081 0.036719
v -0.307258 0.877081 0.036719
v -0.040784 0.875441 0.042124
v -0.307258 0.875441 0.042124
v -0.040784 0.874887 0.047744
v -0.307258 0.874887 0.047744
v -0.040784 0.875441 0.053365
v -0.307258 0.875441 0.053365
v -0.040784 0.877081 0.058770
v -0.307258 0.877081 0.058770
v -0.040784 0.879743 0.063751
v -0.307258 0.879743 0.063751
v -0.040784 0.883326 0.068117
v -0.307258 0.883326 0.068117
v -0.040784 0.887692 0.071699
v -0.307258 0.887692 0.071699
v -0.040784 0.892673 0.074362
v -0.307258 0.892673 0.074362
v -0.040784 0.898077 0.076001
v -0.307258 0.898077 0.076001
v -0.040784 0.903698 0.076555
v -0.307258 0.903698 0.076555
v -0.040784 0.909319 0.076001
v -0.307258 0.909319 0.076001
v -0.040784 0.914723 0.074362
v -0.307258 0.914723 0.074362
v -0.040784 0.919704 0.071699
v -0.307258 0.919704 0.071699
v -0.040784 0.924070 0.068117
v -0.307258 0.924070 0.068117
v -0.040784 0.927653 0.063751
v -0.307258 0.927653 0.063751
v -0.040784 0.930315 0.058770
v -0.307258 0.930315 0.058770
v -0.040784 0.931955 0.053365
v -0.307258 0.931955 0.053365
v -0.040784 0.932508 0.047744
v -0.307258 0.932508 0.047744
v -0.040784 0.931955 0.042124
v -0.307258 0.931955 0.042124
v -0.040784 0.930315 0.036719
v -0.307258 0.930315 0.036719
v -0.040784 0.927653 0.031738
v -0.307258 0.927653 0.031738
v -0.040784 0.924070 0.027372
v -0.307258 0.924070 0.027372
v -0.040784 0.919704 0.023789
v -0.307258 0.919704 0.023789
v -0.040784 0.914723 0.021127
v -0.307258 0.914723 0.021127
v -0.040784 0.909319 0.019487
v -0.307258 0.909319 0.019487
v -0.383779 1.069185 0.083410
v -0.388533 1.069052 0.083859
v -0.393104 1.068656 0.085188
v -0.397317 1.068013 0.087346
v -0.401009 1.067147 0.090250
v -0.404040 1.066093 0.093789
v -0.406292 1.064890 0.097826
v -0.407678 1.063585 0.102207
v -0.408146 1.062227 0.106763
v -0.407678 1.060870 0.111319
v -0.406292 1.059564 0.115699
v -0.404040 1.058361 0.119737
v -0.401009 1.057307 0.123276
v -0.397317 1.056442 0.126180
v -0.393104 1.055799 0.128338
v -0.388533 1.055403 0.129667
v -0.383779 1.055269 0.130115
v -0.379026 1.055403 0.129667
v -0.374454 1.055799 0.128338
v -0.370242 1.056442 0.126180
v -0.366549 1.057307 0.123276
v -0.363519 1.058361 0.119737
v -0.361267 1.059564 0.115699
v -0.359881 1.060870 0.111319
v -0.359412 1.062227 0.106763
v -0.359881 1.063585 0.102207
v -0.361267 1.064890 0.097826
v -0.363519 1.066093 0.093789
v -0.366549 1.067147 0.090250
v -0.370242 1.068013 0.087346
v -0.374454 1.068656 0.085188
v -0.379026 1.069052 0.083859
v -0.342452 0.905202 0.020391
v -0.368338 0.910257 0.024923
v -0.385170 0.921471 0.032519
v -0.392520 0.938281 0.041247
v -0.394274 0.960403 0.050180
v -0.341873 0.910777 0.021030
v -0.366292 0.915489 0.025395
v -0.381085 0.925342 0.032201
v -0.387377 0.940252 0.040041
v -0.388921 0.961278 0.048629
v -0.341206 0.916110 0.022745
v -0.364044 0.920432 0.026914
v -0.376725 0.928848 0.032890
v -0.381967 0.941824 0.039829
v -0.383327 0.961787 0.048095
v -0.340475 0.920996 0.025469
v -0.361682 0.924895 0.029422
v -0.372257 0.931853 0.034558
v -0.376497 0.942937 0.040621
v -0.377709 0.961911 0.048596
v -0.339709 0.925247 0.029099
v -0.359295 0.928706 0.032823
v -0.367854 0.934243 0.037142
v -0.371177 0.943547 0.042386
v -0.372282 0.961644 0.050115
v -0.338937 0.928700 0.033493
v -0.356975 0.931720 0.036985
v -0.363685 0.935926 0.040542
v -0.366212 0.943632 0.045056
v -0.367255 0.960998 0.052593
v -0.338189 0.931222 0.038484
v -0.354813 0.933820 0.041750
v -0.359909 0.936837 0.044627
v -0.361793 0.943187 0.048529
v -0.362820 0.959997 0.055934
v -0.337494 0.932715 0.043880
v -0.352890 0.934926 0.046933
v -0.356673 0.936941 0.049241
v -0.358089 0.942231 0.052671
v -0.359149 0.958679 0.060010
v -0.336878 0.933124 0.049473
v -0.351280 0.934994 0.052336
v -0.354099 0.936233 0.054206
v -0.355242 0.940800 0.057323
v -0.356382 0.957096 0.064664
v -0.336365 0.932431 0.055049
v -0.350046 0.934024 0.057752
v -0.352288 0.934742 0.059332
v -0.353363 0.938948 0.062306
v -0.354626 0.955307 0.069719
v -0.335975 0.930664 0.060393
v -0.349235 0.932051 0.062971
v -0.351309 0.932524 0.064421
v -0.352524 0.936748 0.067428
v -0.353948 0.953382 0.074978
v -0.335723 0.927890 0.065299
v -0.348878 0.929152 0.067793
v -0.351199 0.929665 0.069277
v -0.352756 0.934283 0.072494
v -0.354374 0.951394 0.080241
v -0.335618 0.924217 0.069580
v -0.348989 0.925438 0.072033
v -0.351963 0.926275 0.073715
v -0.354051 0.931649 0.077307
v -0.355888 0.949421 0.085305
v -0.335664 0.919785 0.073070
v -0.349563 0.921051 0.075529
v -0.353571 0.922483 0.077564
v -0.356359 0.928946 0.081684
v -0.358432 0.947537 0.089975
v -0.335861 0.914764 0.075636
v -0.350578 0.916161 0.078145
v -0.355961 0.918436 0.080676
v -0.359591 0.926278 0.085456
v -0.361907 0.945816 0.094073
v -0.336199 0.909348 0.077179
v -0.351997 0.910956 0.079782
v -0.359043 0.914289 0.082930
v -0.363623 0.923748 0.088478
v -0.366181 0.944323 0.097439
v -0.336666 0.903744 0.077640
v -0.353762 0.905634 0.080376
v -0.362696 0.910202 0.084242
v -0.368300 0.921454 0.090634
v -0.371089 0.943116 0.099946
v -0.337245 0.898169 0.077000
v -0.355809 0.900402 0.079904
v -0.366782 0.906331 0.084559
v -0.373443 0.919483 0.091840
v -0.376443 0.942241 0.101497
v -0.337912 0.892836 0.075285
v -0.358056 0.895459 0.078385
v -0.371142 0.902826 0.083870
v -0.378853 0.917911 0.092052
v -0.382036 0.941731 0.102031
v -0.338643 0.887950 0.072561
v -0.360418 0.890996 0.075877
v -0.375609 0.899820 0.082202
v -0.384323 0.916798 0.091260
v -0.387654 0.941608 0.101530
v -0.339409 0.883699 0.068932
v -0.362805 0.887185 0.072476
v -0.380012 0.897430 0.079619
v -0.389643 0.916188 0.089495
v -0.393081 0.941874 0.100011
v -0.340181 0.880246 0.064537
v -0.365125 0.884171 0.068314
v -0.384182 0.895747 0.076219
v -0.394608 0.916103 0.086825
v -0.398108 0.942520 0.097533
v -0.340928 0.877724 0.059546
v -0.367287 0.882071 0.063549
v -0.387957 0.894836 0.072133
v -0.399027 0.916547 0.083352
v -0.402543 0.943521 0.094192
v -0.341624 0.876231 0.054150
v -0.369210 0.880965 0.058366
v -0.391194 0.894733 0.067519
v -0.402731 0.917504 0.079210
v -0.406214 0.944839 0.090116
v -0.342239 0.875822 0.048557
v -0.370820 0.880897 0.052962
v -0.393767 0.895440 0.062554
v -0.405578 0.918935 0.074558
v -0.408981 0.946423 0.085462
v -0.342752 0.876515 0.042981
v -0.372054 0.881867 0.047547
v -0.395578 0.896931 0.057429
v -0.407457 0.920786 0.069575
v -0.410737 0.948212 0.080407
v -0.343142 0.878282 0.037638
v -0.372865 0.883840 0.042328
v -0.396558 0.899149 0.052340
v -0.408296 0.922987 0.064453
v -0.411415 0.950137 0.075148
v -0.343395 0.881056 0.032731
v -0.373222 0.886739 0.037506
v -0.396668 0.902008 0.047483
v -0.408064 0.925452 0.059387
v -0.410989 0.952124 0.069885
v -0.343500 0.884729 0.028451
v -0.373111 0.890453 0.033265
v -0.395904 0.905398 0.043045
v -0.406769 0.928086 0.054573
v -0.409475 0.954098 0.064821
v -0.343453 0.889161 0.024960
v -0.372537 0.894840 0.029770
v -0.394296 0.909190 0.039196
v -0.404461 0.930789 0.050197
v -0.406932 0.955981 0.060151
v -0.343257 0.894182 0.022394
v -0.371522 0.899730 0.027154
v -0.391905 0.913237 0.036085
v -0.401229 0.933457 0.046425
v -0.403456 0.957703 0.056053
v -0.399182 0.959195 0.052687
v -0.397197 0.935987 0.043403
v -0.388824 0.917384 0.033830
v -0.370104 0.904935 0.025517
v -0.342919 0.899598 0.020851
v -0.388533 1.365870 0.156779
v -0.383779 1.365977 0.156323
v -0.393104 1.365554 0.158129
v -0.397317 1.365040 0.160321
v -0.401009 1.364349 0.163272
v -0.404040 1.363506 0.166867
v -0.406292 1.362545 0.170968
v -0.407678 1.361502 0.175419
v -0.408146 1.360417 0.180047
v -0.407678 1.359332 0.184676
v -0.406292 1.358289 0.189126
v -0.404040 1.357328 0.193228
v -0.401009 1.356485 0.196823
v -0.397317 1.355794 0.199773
v -0.393104 1.355280 0.201965
v -0.388533 1.354964 0.203315
v -0.383779 1.354857 0.203771
v -0.379026 1.354964 0.203315
v -0.374454 1.355280 0.201965
v -0.370242 1.355794 0.199773
v -0.366549 1.356485 0.196823
v -0.363519 1.357328 0.193228
v -0.361267 1.358289 0.189126
v -0.359880 1.359332 0.184676
v -0.359412 1.360417 0.180047
v -0.359880 1.361502 0.175419
v -0.361267 1.362545 0.170968
v -0.363519 1.363506 0.166867
v -0.366549 1.364349 0.163272
v -0.370242 1.365040 0.160321
v -0.374454 1.365554 0.158129
v -0.379026 1.365870 0.156779
v -0.388533 1.433100 0.172536
v -0.383779 1.433207 0.172080
v -0.393104 1.432784 0.173886
v -0.397317 1.432270 0.176078
v -0.401009 1.431578 0.179028
v -0.404040 1.430736 0.182623
v -0.406292 1.429774 0.186725
v -0.407678 1.428731 0.191176
v -0.408146 1.427647 0.195804
v -0.407678 1.426562 0.200432
v -0.406292 1.425519 0.204883
v -0.404040 1.424557 0.208984
v -0.401009 1.423715 0.212579
v -0.397317 1.423023 0.215530
v -0.393104 1.422509 0.217722
v -0.388533 1.422193 0.219072
v -0.383779 1.422086 0.219528
v -0.379026 1.422193 0.219072
v -0.374454 1.422509 0.217722
v -0.370242 1.423023 0.215530
v -0.366549 1.423715 0.212579
v -0.363519 1.424557 0.208984
v -0.361267 1.425519 0.204883
v -0.359880 1.426562 0.200432
v -0.359412 1.427647 0.195804
v -0.359880 1.428731 0.191176
v -0.361267 1.429774 0.186725
v -0.363519 1.430736 0.182623
v -0.366549 1.431578 0.179028
v -0.370242 1.432270 0.176078
v -0.374454 1.432784 0.173886
v -0.379026 1.433100 0.172536
v -0.285597 1.494283 0.191614
v -0.285599 1.489529 0.191146
v -0.285589 1.498854 0.193001
v -0.285577 1.503067 0.195252
v -0.285561 1.506759 0.198283
v -0.285541 1.509789 0.201975
v -0.285518 1.512041 0.206188
v -0.285493 1.513428 0.210759
v -0.285468 1.513896 0.215512
v -0.285442 1.513428 0.220266
v -0.285417 1.512041 0.224837
v -0.285395 1.509789 0.229050
v -0.285375 1.506759 0.232742
v -0.285358 1.503067 0.235773
v -0.285346 1.498854 0.238024
v -0.285339 1.494283 0.239411
v -0.285336 1.489529 0.239879
v -0.285339 1.484775 0.239411
v -0.285346 1.480204 0.238024
v -0.285358 1.475991 0.235773
v -0.285375 1.472299 0.232742
v -0.285395 1.469269 0.229050
v -0.285417 1.467017 0.224837
v -0.285442 1.465630 0.220266
v -0.285468 1.465162 0.215512
v -0.285493 1.465630 0.210759
v -0.285518 1.467017 0.206188
v -0.285541 1.469269 0.201975
v -0.285561 1.472299 0.198283
v -0.285577 1.475991 0.195252
v -0.285589 1.480204 0.193001
v -0.285597 1.484775 0.191614
v -0.381385 1.464949 0.179976
v -0.374444 1.484290 0.185600
v -0.362364 1.493593 0.189117
v -0.344597 1.496206 0.190964
v -0.319492 1.495485 0.191677
v -0.376726 1.463972 0.180314
v -0.370505 1.481603 0.185539
v -0.360310 1.489323 0.188590
v -0.344158 1.491501 0.190324
v -0.319551 1.490747 0.191111
v -0.372268 1.462794 0.181543
v -0.366766 1.478764 0.186378
v -0.358399 1.484973 0.188984
v -0.343783 1.486756 0.190615
v -0.319627 1.485990 0.191480
v -0.368183 1.461462 0.183617
v -0.363372 1.475882 0.188085
v -0.356705 1.480710 0.190282
v -0.343486 1.482153 0.191827
v -0.319716 1.481397 0.192771
v -0.364626 1.460025 0.186454
v -0.360453 1.473068 0.190594
v -0.355293 1.476697 0.192436
v -0.343280 1.477870 0.193913
v -0.319817 1.477144 0.194932
v -0.361734 1.458540 0.189948
v -0.358120 1.470429 0.193809
v -0.354218 1.473090 0.195362
v -0.343171 1.474071 0.196793
v -0.319924 1.473395 0.197882
v -0.359619 1.457063 0.193962
v -0.356464 1.468068 0.197607
v -0.353520 1.470026 0.198947
v -0.343165 1.470901 0.200356
v -0.320034 1.470294 0.201507
v -0.358363 1.455651 0.198343
v -0.355549 1.466074 0.201841
v -0.353227 1.467623 0.203055
v -0.343261 1.468483 0.204465
v -0.320143 1.467959 0.205667
v -0.358012 1.454358 0.202923
v -0.355409 1.464525 0.206349
v -0.353350 1.465974 0.207526
v -0.343455 1.466910 0.208963
v -0.320245 1.466481 0.210203
v -0.358582 1.453234 0.207526
v -0.356049 1.463480 0.210957
v -0.353883 1.465142 0.212190
v -0.343741 1.466242 0.213675
v -0.320338 1.465917 0.214940
v -0.360049 1.452323 0.211974
v -0.357446 1.462980 0.215489
v -0.354808 1.465160 0.216868
v -0.344107 1.466505 0.218423
v -0.320418 1.466287 0.219697
v -0.362357 1.451659 0.216097
v -0.359546 1.463043 0.219770
v -0.356087 1.466025 0.221378
v -0.344539 1.467688 0.223022
v -0.320482 1.467579 0.224290
v -0.365419 1.451267 0.219736
v -0.362267 1.463667 0.223636
v -0.357672 1.467706 0.225549
v -0.345020 1.469746 0.227297
v -0.320526 1.469742 0.228543
v -0.369115 1.451163 0.222751
v -0.365505 1.464828 0.226938
v -0.359502 1.470137 0.229219
v -0.345533 1.472601 0.231082
v -0.320551 1.472693 0.232293
v -0.373305 1.451351 0.225027
v -0.369137 1.466481 0.229550
v -0.361507 1.473225 0.232248
v -0.346057 1.476142 0.234233
v -0.320553 1.476318 0.235395
v -0.377827 1.451824 0.226477
v -0.373021 1.468564 0.231370
v -0.363610 1.476851 0.234519
v -0.346572 1.480233 0.236628
v -0.320535 1.480479 0.237731
v -0.382507 1.452563 0.227043
v -0.377010 1.470995 0.232330
v -0.365729 1.480877 0.235946
v -0.347058 1.484717 0.238176
v -0.320495 1.485016 0.239210
v -0.387165 1.453539 0.226706
v -0.380949 1.473682 0.232391
v -0.367783 1.485147 0.236472
v -0.347497 1.489422 0.238816
v -0.320436 1.489754 0.239775
v -0.391623 1.454717 0.225477
v -0.384688 1.476521 0.231552
v -0.369694 1.489497 0.236078
v -0.347872 1.494167 0.238525
v -0.320361 1.494510 0.239406
v -0.395709 1.456049 0.223403
v -0.388082 1.479403 0.229846
v -0.371388 1.493760 0.234780
v -0.348169 1.498770 0.237313
v -0.320271 1.499104 0.238115
v -0.399266 1.457486 0.220565
v -0.391001 1.482217 0.227336
v -0.372800 1.497773 0.232627
v -0.348375 1.503053 0.235227
v -0.320170 1.503356 0.235954
v -0.402157 1.458971 0.217072
v -0.393334 1.484855 0.224121
v -0.373875 1.501380 0.229701
v -0.348484 1.506852 0.232347
v -0.320063 1.507106 0.233004
v -0.404272 1.460448 0.213058
v -0.394990 1.487217 0.220324
v -0.374573 1.504444 0.226115
v -0.348490 1.510022 0.228784
v -0.319953 1.510207 0.229379
v -0.405529 1.461860 0.208677
v -0.395905 1.489210 0.216089
v -0.374866 1.506847 0.222008
v -0.348395 1.512440 0.224675
v -0.319845 1.512542 0.225219
v -0.405879 1.463153 0.204097
v -0.396045 1.490759 0.211581
v -0.374744 1.508496 0.217536
v -0.348200 1.514013 0.220177
v -0.319742 1.514019 0.220683
v -0.405310 1.464277 0.199494
v -0.395405 1.491804 0.206973
v -0.374210 1.509328 0.212872
v -0.347915 1.514681 0.215464
v -0.319649 1.514584 0.215946
v -0.403843 1.465188 0.195046
v -0.394008 1.492305 0.202441
v -0.373286 1.509310 0.208195
v -0.347549 1.514418 0.210717
v -0.319569 1.514213 0.211189
v -0.401534 1.465852 0.190923
v -0.391908 1.492242 0.198160
v -0.372006 1.508445 0.203684
v -0.347117 1.513235 0.206118
v -0.319506 1.512922 0.206596
v -0.398473 1.466244 0.187284
v -0.389187 1.491618 0.194294
v -0.370421 1.506765 0.199514
v -0.346635 1.511177 0.201843
v -0.319461 1.510759 0.202343
v -0.394776 1.466348 0.184268
v -0.385949 1.490457 0.190992
v -0.368591 1.504333 0.195843
v -0.346123 1.508322 0.198058
v -0.319437 1.507808 0.198593
v -0.390586 1.466160 0.181992
v -0.382317 1.488804 0.188380
v -0.366586 1.501245 0.192814
v -0.345599 1.504781 0.194907
v -0.319434 1.504182 0.195491
v -0.319453 1.500021 0.193156
v -0.345084 1.500690 0.192512
v -0.364484 1.497619 0.190543
v -0.378433 1.486721 0.186560
v -0.386065 1.465688 0.180543
v -0.044416 1.494283 0.190628
v -0.044419 1.489529 0.190160
v -0.044409 1.498854 0.192015
v -0.044397 1.503067 0.194267
v -0.044380 1.506759 0.197297
v -0.044360 1.509789 0.200990
v -0.044338 1.512041 0.205202
v -0.044313 1.513428 0.209773
v -0.044287 1.513896 0.214527
v -0.044262 1.513428 0.219281
v -0.044237 1.512041 0.223852
v -0.044214 1.509789 0.228064
v -0.044194 1.506759 0.231757
v -0.044178 1.503067 0.234787
v -0.044166 1.498854 0.237039
v -0.044158 1.494283 0.238425
v -0.044156 1.489529 0.238894
v -0.044158 1.484775 0.238425
v -0.044166 1.480204 0.237039
v -0.044178 1.475991 0.234787
v -0.044194 1.472299 0.231757
v -0.044214 1.469269 0.228064
v -0.044237 1.467017 0.223852
v -0.044262 1.465630 0.219281
v -0.044287 1.465162 0.214527
v -0.044313 1.465630 0.209773
v -0.044338 1.467017 0.205202
v -0.044360 1.469269 0.200990
v -0.044380 1.472299 0.197297
v -0.044397 1.475991 0.194267
v -0.044409 1.480204 0.192015
v -0.044416 1.484775 0.190628
v 0.040784 0.903698 0.018934
v 0.307258 0.903698 0.018934
v 0.040784 0.898077 0.019487
v 0.307258 0.898077 0.019487
v 0.040784 0.892673 0.021127
v 0.307258 0.892673 0.021127
v 0.040784 0.887692 0.023789
v 0.307258 0.887692 0.023789
v 0.040784 0.883326 0.027372
v 0.307258 0.883326 0.027372
v 0.040784 0.879743 0.031738
v 0.307258 0.879743 0.031738
v 0.040784 0.877081 0.036719
v 0.307258 0.877081 0.036719
v 0.040784 0.875441 0.042124
v 0.307258 0.875441 0.042124
v 0.040784 0.874887 0.047744
v 0.307258 0.874887 0.047744
v 0.040784 0.875441 0.053365
v 0.307258 0.875441 0.053365
v 0.040784 0.877081 0.058770
v 0.307258 0.877081 0.058770
v 0.040784 0.879743 0.063751
v 0.307258 0.879743 0.063751
v 0.040784 0.883326 0.068117
v 0.307258 0.883326 0.068117
v 0.040784 0.887692 0.071699
v 0.307258 0.887692 0.071699
v 0.040784 0.892673 0.074362
v 0.307258 0.892673 0.074362
v 0.040784 0.898077 0.076001
v 0.307258 0.898077 0.076001
v 0.040784 0.903698 0.076555
v 0.307258 0.903698 0.076555
v 0.040784 0.909319 0.076001
v 0.307258 0.909319 0.076001
v 0.040784 0.914723 0.074362
v 0.307258 0.914723 0.074362
v 0.040784 0.919704 0.071699
v 0.307258 0.919704 0.071699
v 0.040784 0.924070 0.068117
v 0.307258 0.924070 0.068117
v 0.040784 0.927653 0.063751
v 0.307258 0.927653 0.063751
v 0.040784 0.930315 0.058770
v 0.307258 0.930315 0.058770
v 0.040784 0.931955 0.053365
v 0.307258 0.931955 0.053365
v 0.040784 0.932508 0.047744
v 0.307258 0.932508 0.047744
v 0.040784 0.931955 0.042124
v 0.307258 0.931955 0.042124
v 0.040784 0.930315 0.036719
v 0.307258 0.930315 0.036719
v 0.040784 0.927653 0.031738
v 0.307258 0.927653 0.031738
v 0.040784 0.924070 0.027372
v 0.307258 0.924070 0.027372
v 0.040784 0.919704 0.023789
v 0.307258 0.919704 0.023789
v 0.040784 0.914723 0.021127
v 0.307258 0.914723 0.021127
v 0.040784 0.909319 0.019487
v 0.307258 0.909319 0.019487
v 0.383779 1.069185 0.083410
v 0.388533 1.069052 0.083859
v 0.393104 1.068656 0.085188
v 0.397317 1.068013 0.087346
v 0.401009 1.067147 0.090250
v 0.404040 1.066093 0.093789
v 0.406292 1.064890 0.097826
v 0.407678 1.063585 0.102207
v 0.408146 1.062227 0.106763
v 0.407678 1.060870 0.111319
v 0.406292 1.059564 0.115699
v 0.404040 1.058361 0.119737
v 0.401009 1.057307 0.123276
v 0.397317 1.056441 0.126180
v 0.393104 1.055799 0.128338
v 0.388533 1.055403 0.129667
v 0.383779 1.055269 0.130115
v 0.379026 1.055403 0.129667
v 0.374454 1.055799 0.128338
v 0.370242 1.056441 0.126180
v 0.366549 1.057307 0.123276
v 0.363519 1.058361 0.119737
v 0.361267 1.059564 0.115699
v 0.359881 1.060870 0.111319
v 0.359412 1.062227 0.106763
v 0.359881 1.063585 0.102207
v 0.361267 1.064890 0.097826
v 0.363519 1.066093 0.093789
v 0.366549 1.067147 0.090250
v 0.370242 1.068013 0.087346
v 0.374454 1.068656 0.085188
v 0.379026 1.069052 0.083859
v 0.342452 0.905201 0.020391
v 0.368338 0.910257 0.024923
v 0.385170 0.921471 0.032519
v 0.392520 0.938281 0.041247
v 0.394274 0.960403 0.050180
v 0.341873 0.910777 0.021030
v 0.366292 0.915489 0.025395
v 0.381085 0.925342 0.032201
v 0.387377 0.940252 0.040041
v 0.388921 0.961278 0.048629
v 0.341206 0.916110 0.022745
v 0.364044 0.920432 0.026914
v 0.376725 0.928848 0.032890
v 0.381967 0.941824 0.039829
v 0.383327 0.961787 0.048095
v 0.340475 0.920996 0.025469
v 0.361682 0.924895 0.029422
v 0.372257 0.931853 0.034558
v 0.376497 0.942937 0.040621
v 0.377709 0.961911 0.048596
v 0.339709 0.925247 0.029099
v 0.359295 0.928706 0.032823
v 0.367854 0.934243 0.037142
v 0.371177 0.943547 0.042386
v 0.372282 0.961644 0.050115
v 0.338937 0.928700 0.033493
v 0.356975 0.931720 0.036985
v 0.363685 0.935926 0.040542
v 0.366212 0.943632 0.045056
v 0.367255 0.960998 0.052593
v 0.338189 0.931222 0.038484
v 0.354813 0.933820 0.041750
v 0.359909 0.936837 0.044627
v 0.361793 0.943187 0.048529
v 0.362820 0.959997 0.055934
v 0.337494 0.932715 0.043880
v 0.352890 0.934926 0.046933
v 0.356673 0.936940 0.049241
v 0.358089 0.942231 0.052671
v 0.359149 0.958679 0.060010
v 0.336878 0.933124 0.049473
v 0.351280 0.934994 0.052336
v 0.354099 0.936233 0.054206
v 0.355242 0.940800 0.057323
v 0.356382 0.957096 0.064664
v 0.336365 0.932431 0.055049
v 0.350046 0.934024 0.057752
v 0.352288 0.934742 0.059332
v 0.353363 0.938948 0.062306
v 0.354626 0.955307 0.069719
v 0.335975 0.930664 0.060393
v 0.349235 0.932051 0.062971
v 0.351309 0.932524 0.064421
v 0.352524 0.936748 0.067428
v 0.353948 0.953382 0.074978
v 0.335723 0.927890 0.065299
v 0.348878 0.929152 0.067793
v 0.351199 0.929665 0.069277
v 0.352756 0.934283 0.072494
v 0.354374 0.951394 0.080241
v 0.335618 0.924217 0.069580
v 0.348989 0.925438 0.072033
v 0.351963 0.926275 0.073715
v 0.354051 0.931649 0.077307
v 0.355888 0.949421 0.085305
v 0.335664 0.919785 0.073070
v 0.349563 0.921051 0.075529
v 0.353571 0.922483 0.077564
v 0.356359 0.928946 0.081684
v 0.358432 0.947537 0.089975
v 0.335861 0.914764 0.075636
v 0.350578 0.916161 0.078145
v 0.355961 0.918436 0.080676
v 0.359591 0.926278 0.085456
v 0.361907 0.945816 0.094073
v 0.336199 0.909348 0.077179
v 0.351997 0.910956 0.079782
v 0.359043 0.914289 0.082930
v 0.363623 0.923748 0.088478
v 0.366181 0.944323 0.097439
v 0.336666 0.903744 0.077640
v 0.353762 0.905634 0.080376
v 0.362696 0.910202 0.084242
v 0.368300 0.921454 0.090634
v 0.371089 0.943116 0.099946
v 0.337245 0.898169 0.077000
v 0.355809 0.900402 0.079904
v 0.366782 0.906331 0.084559
v 0.373443 0.919483 0.091840
v 0.376443 0.942241 0.101497
v 0.337912 0.892836 0.075285
v 0.358056 0.895459 0.078385
v 0.371142 0.902825 0.083870
v 0.378853 0.917911 0.092052
v 0.382036 0.941731 0.102031
v 0.338643 0.887950 0.072561
v 0.360418 0.890996 0.075877
v 0.375609 0.899820 0.082202
v 0.384323 0.916798 0.091260
v 0.387654 0.941608 0.101530
v 0.339409 0.883699 0.068932
v 0.362805 0.887185 0.072476
v 0.380012 0.897430 0.079619
v 0.389643 0.916188 0.089495
v 0.393081 0.941874 0.100011
v 0.340181 0.880246 0.064537
v 0.365125 0.884171 0.068314
v 0.384182 0.895747 0.076219
v 0.394608 0.916103 0.086825
v 0.398108 0.942520 0.097533
v 0.340928 0.877724 0.059546
v 0.367287 0.882071 0.063549
v 0.387957 0.894836 0.072133
v 0.399027 0.916547 0.083352
v 0.402543 0.943521 0.094192
v 0.341624 0.876231 0.054150
v 0.369210 0.880965 0.058366
v 0.391194 0.894733 0.067519
v 0.402731 0.917504 0.079210
v 0.406214 0.944839 0.090116
v 0.342239 0.875822 0.048557
v 0.370820 0.880897 0.052962
v 0.393767 0.895440 0.062554
v 0.405578 0.918935 0.074558
v 0.408981 0.946423 0.085462
v 0.342752 0.876515 0.042981
v 0.372054 0.881867 0.047547
v 0.395578 0.896931 0.057429
v 0.407457 0.920786 0.069575
v 0.410737 0.948211 0.080407
v 0.343142 0.878282 0.037638
v 0.372865 0.883840 0.042328
v 0.396558 0.899149 0.052340
v 0.408296 0.922987 0.064453
v 0.411415 0.950137 0.075148
v 0.343395 0.881055 0.032731
v 0.373222 0.886739 0.037506
v 0.396668 0.902008 0.047483
v 0.408064 0.925452 0.059387
v 0.410989 0.952124 0.069885
v 0.343500 0.884729 0.028451
v 0.373111 0.890453 0.033265
v 0.395904 0.905398 0.043045
v 0.406769 0.928086 0.054573
v 0.409475 0.954098 0.064821
v 0.343453 0.889161 0.024960
v 0.372537 0.894840 0.029770
v 0.394296 0.909190 0.039196
v 0.404461 0.930789 0.050197
v 0.406932 0.955981 0.060151
v 0.343257 0.894182 0.022394
v 0.371522 0.899730 0.027154
v 0.391905 0.913237 0.036085
v 0.401229 0.933457 0.046425
v 0.403456 0.957703 0.056053
v 0.399182 0.959195 0.052687
v 0.397197 0.935986 0.043403
v 0.388824 0.917384 0.033830
v 0.370104 0.904935 0.025517
v 0.342919 0.899598 0.020851
v 0.388533 1.365870 0.156779
v 0.383779 1.365977 0.156323
v 0.393104 1.365554 0.158129
v 0.397317 1.365040 0.160321
v 0.401010 1.364349 0.163272
v 0.404040 1.363506 0.166867
v 0.406292 1.362545 0.170968
v 0.407678 1.361502 0.175419
v 0.408146 1.360417 0.180047
v 0.407678 1.359332 0.184676
v 0.406292 1.358289 0.189126
v 0.404040 1.357328 0.193228
v 0.401010 1.356485 0.196823
v 0.397317 1.355794 0.199773
v 0.393104 1.355280 0.201965
v 0.388533 1.354964 0.203315
v 0.383779 1.354857 0.203771
v 0.379026 1.354964 0.203315
v 0.374455 1.355280 0.201965
v 0.370242 1.355794 0.199773
v 0.366549 1.356485 0.196823
v 0.363519 1.357328 0.193228
v 0.361267 1.358289 0.189126
v 0.359881 1.359332 0.184676
v 0.359412 1.360417 0.180047
v 0.359881 1.361502 0.175419
v 0.361267 1.362545 0.170968
v 0.363519 1.363506 0.166867
v 0.366549 1.364349 0.163272
v 0.370242 1.365040 0.160321
v 0.374455 1.365554 0.158129
v 0.379026 1.365870 0.156779
v 0.388533 1.433100 0.172536
v 0.383779 1.433207 0.172080
v 0.393104 1.432784 0.173886
v 0.397317 1.432270 0.176078
v 0.401010 1.431578 0.179028
v 0.404040 1.430736 0.182623
v 0.406292 1.429774 0.186725
v 0.407678 1.428731 0.191176
v 0.408146 1.427647 0.195804
v 0.407678 1.426562 0.200432
v 0.406292 1.425519 0.204883
v 0.404040 1.424557 0.208984
v 0.401010 1.423715 0.212579
v 0.397317 1.423023 0.215530
v 0.393104 1.422509 0.217722
v 0.388533 1.422193 0.219072
v 0.383779 1.422086 0.219528
v 0.379026 1.422193 0.219072
v 0.374455 1.422509 0.217722
v 0.370242 1.423023 0.215530
v 0.366549 1.423715 0.212579
v 0.363519 1.424557 0.208984
v 0.361267 1.425519 0.204883
v 0.359881 1.426562 0.200432
v 0.359412 1.427647 0.195804
v 0.359881 1.428731 0.191176
v 0.361267 1.429774 0.186725
v 0.363519 1.430736 0.182623
v 0.366549 1.431578 0.179028
v 0.370242 1.432270 0.176078
v 0.374455 1.432784 0.173886
v 0.379026 1.433100 0.172536
v 0.285597 1.494283 0.191614
v 0.285599 1.489529 0.191146
v 0.285589 1.498854 0.193001
v 0.285577 1.503067 0.195252
v 0.285561 1.506759 0.198283
v 0.285541 1.509789 0.201975
v 0.285518 1.512041 0.206188
v 0.285493 1.513428 0.210759
v 0.285468 1.513896 0.215512
v 0.285442 1.513428 0.220266
v 0.285417 1.512041 0.224837
v 0.285395 1.509789 0.229050
v 0.285375 1.506759 0.232742
v 0.285358 1.503067 0.235773
v 0.285346 1.498854 0.238024
v 0.285339 1.494283 0.239411
v 0.285336 1.489529 0.239879
v 0.285339 1.484775 0.239411
v 0.285346 1.480204 0.238024
v 0.285358 1.475991 0.235773
v 0.285375 1.472299 0.232742
v 0.285395 1.469269 0.229050
v 0.285417 1.467017 0.224837
v 0.285442 1.465630 0.220266
v 0.285468 1.465162 0.215512
v 0.285493 1.465630 0.210759
v 0.285518 1.467017 0.206188
v 0.285541 1.469269 0.201975
v 0.285561 1.472299 0.198283
v 0.285577 1.475991 0.195252
v 0.285589 1.480204 0.193001
v 0.285597 1.484775 0.191614
v 0.381385 1.464949 0.179976
v 0.374444 1.484290 0.185600
v 0.362365 1.493593 0.189117
v 0.344597 1.496206 0.190964
v 0.319492 1.495485 0.191677
v 0.376726 1.463972 0.180314
v 0.370505 1.481603 0.185539
v 0.360310 1.489323 0.188590
v 0.344158 1.491501 0.190324
v 0.319551 1.490747 0.191111
v 0.372269 1.462794 0.181543
v 0.366766 1.478764 0.186378
v 0.358399 1.484973 0.188984
v 0.343783 1.486756 0.190615
v 0.319627 1.485990 0.191480
v 0.368183 1.461462 0.183617
v 0.363372 1.475882 0.188085
v 0.356705 1.480710 0.190282
v 0.343487 1.482153 0.191827
v 0.319716 1.481397 0.192771
v 0.364626 1.460025 0.186454
v 0.360453 1.473068 0.190594
v 0.355293 1.476697 0.192436
v 0.343280 1.477870 0.193913
v 0.319817 1.477144 0.194932
v 0.361734 1.458540 0.189948
v 0.358120 1.470429 0.193809
v 0.354218 1.473090 0.195362
v 0.343171 1.474071 0.196793
v 0.319924 1.473395 0.197882
v 0.359619 1.457063 0.193962
v 0.356464 1.468068 0.197607
v 0.353520 1.470026 0.198947
v 0.343165 1.470901 0.200356
v 0.320034 1.470294 0.201507
v 0.358363 1.455651 0.198343
v 0.355549 1.466074 0.201841
v 0.353227 1.467623 0.203055
v 0.343261 1.468483 0.204465
v 0.320143 1.467959 0.205667
v 0.358012 1.454358 0.202923
v 0.355409 1.464525 0.206349
v 0.353350 1.465974 0.207526
v 0.343455 1.466910 0.208963
v 0.320245 1.466481 0.210203
v 0.358582 1.453234 0.207526
v 0.356049 1.463480 0.210957
v 0.353883 1.465142 0.212190
v 0.343741 1.466242 0.213675
v 0.320338 1.465917 0.214940
v 0.360049 1.452323 0.211974
v 0.357446 1.462980 0.215489
v 0.354808 1.465160 0.216868
v 0.344107 1.466505 0.218423
v 0.320418 1.466287 0.219697
v 0.362357 1.451659 0.216097
v 0.359546 1.463043 0.219770
v 0.356087 1.466025 0.221378
v 0.344539 1.467688 0.223022
v 0.320482 1.467579 0.224290
v 0.365419 1.451267 0.219736
v 0.362267 1.463667 0.223636
v 0.357672 1.467706 0.225549
v 0.345020 1.469746 0.227297
v 0.320526 1.469742 0.228543
v 0.369115 1.451163 0.222751
v 0.365505 1.464828 0.226938
v 0.359502 1.470137 0.229219
v 0.345533 1.472601 0.231082
v 0.320551 1.472693 0.232293
v 0.373305 1.451351 0.225027
v 0.369137 1.466481 0.229550
v 0.361507 1.473225 0.232248
v 0.346057 1.476142 0.234233
v 0.320553 1.476318 0.235395
v 0.377827 1.451824 0.226477
v 0.373021 1.468564 0.231370
v 0.363610 1.476851 0.234519
v 0.346572 1.480233 0.236628
v 0.320535 1.480479 0.237731
v 0.382507 1.452563 0.227043
v 0.377010 1.470995 0.232330
v 0.365729 1.480877 0.235946
v 0.347058 1.484717 0.238176
v 0.320495 1.485016 0.239210
v 0.387165 1.453539 0.226706
v 0.380949 1.473682 0.232391
v 0.367783 1.485147 0.236472
v 0.347497 1.489422 0.238816
v 0.320436 1.489754 0.239775
v 0.391623 1.454717 0.225477
v 0.384688 1.476521 0.231552
v 0.369694 1.489497 0.236078
v 0.347872 1.494167 0.238525
v 0.320361 1.494510 0.239406
v 0.395709 1.456049 0.223403
v 0.388082 1.479403 0.229846
v 0.371388 1.493760 0.234780
v 0.348169 1.498770 0.237313
v 0.320271 1.499104 0.238115
v 0.399266 1.457486 0.220565
v 0.391001 1.482217 0.227336
v 0.372800 1.497773 0.232627
v 0.348375 1.503053 0.235227
v 0.320170 1.503356 0.235954
v 0.402157 1.458971 0.217072
v 0.393334 1.484855 0.224121
v 0.373875 1.501380 0.229701
v 0.348484 1.506852 0.232347
v 0.320063 1.507106 0.233004
v 0.404272 1.460448 0.213058
v 0.394990 1.487217 0.220324
v 0.374573 1.504444 0.226115
v 0.348491 1.510022 0.228784
v 0.319953 1.510207 0.229379
v 0.405529 1.461860 0.208677
v 0.395905 1.489210 0.216089
v 0.374866 1.506847 0.222008
v 0.348395 1.512440 0.224675
v 0.319845 1.512542 0.225219
v 0.405879 1.463153 0.204097
v 0.396046 1.490759 0.211581
v 0.374744 1.508496 0.217536
v 0.348200 1.514013 0.220177
v 0.319742 1.514019 0.220683
v 0.405310 1.464277 0.199494
v 0.395405 1.491804 0.206973
v 0.374210 1.509328 0.212872
v 0.347915 1.514681 0.215464
v 0.319649 1.514584 0.215946
v 0.403843 1.465188 0.195046
v 0.394008 1.492305 0.202441
v 0.373286 1.509310 0.208195
v 0.347549 1.514418 0.210717
v 0.319569 1.514213 0.211189
v 0.401534 1.465852 0.190923
v 0.391909 1.492242 0.198160
v 0.372006 1.508445 0.203684
v 0.347117 1.513235 0.206118
v 0.319506 1.512922 0.206596
v 0.398473 1.466244 0.187284
v 0.389187 1.491618 0.194294
v 0.370421 1.506765 0.199514
v 0.346635 1.511177 0.201843
v 0.319461 1.510759 0.202343
v 0.394776 1.466348 0.184268
v 0.385949 1.490457 0.190992
v 0.368591 1.504333 0.195843
v 0.346123 1.508322 0.198058
v 0.319437 1.507808 0.198593
v 0.390586 1.466160 0.181992
v 0.382317 1.488804 0.188380
v 0.366586 1.501245 0.192814
v 0.345599 1.504781 0.194907
v 0.319434 1.504182 0.195491
v 0.319453 1.500021 0.193156
v 0.345084 1.500690 0.192512
v 0.364484 1.497619 0.190543
v 0.378433 1.486721 0.186560
v 0.386065 1.465688 0.180543
v 0.044416 1.494283 0.190628
v 0.044419 1.489529 0.190160
v 0.044409 1.498854 0.192015
v 0.044397 1.503067 0.194267
v 0.044380 1.506759 0.197297
v 0.044360 1.509789 0.200990
v 0.044338 1.512041 0.205202
v 0.044313 1.513428 0.209773
v 0.044287 1.513896 0.214527
v 0.044262 1.513428 0.219281
v 0.044237 1.512041 0.223852
v 0.044214 1.509789 0.228064
v 0.044194 1.506759 0.231757
v 0.044178 1.503067 0.234787
v 0.044166 1.498854 0.237039
v 0.044158 1.494283 0.238425
v 0.044156 1.489529 0.238894
v 0.044158 1.484775 0.238425
v 0.044166 1.480204 0.237039
v 0.044178 1.475991 0.234787
v 0.044194 1.472299 0.231757
v 0.044214 1.469269 0.228064
v 0.044237 1.467017 0.223852
v 0.044262 1.465630 0.219281
v 0.044287 1.465162 0.214527
v 0.044313 1.465630 0.209773
v 0.044338 1.467017 0.205202
v 0.044360 1.469269 0.200990
v 0.044380 1.472299 0.197297
v 0.044397 1.475991 0.194267
v 0.044409 1.480204 0.192015
v 0.044416 1.484775 0.190628
vt 1.000000 0.654211
vt 1.000000 1.000000
vt 0.968750 1.000000
vt 0.968750 0.654211
vt 0.937500 1.000000
vt 0.937500 0.654211
vt 0.906250 1.000000
vt 0.906250 0.654211
vt 0.875000 1.000000
vt 0.875000 0.654211
vt 0.843750 1.000000
vt 0.843750 0.654211
vt 0.812500 1.000000
vt 0.812500 0.654211
vt 0.781250 1.000000
vt 0.781250 0.654211
vt 0.750000 1.000000
vt 0.750000 0.654211
vt 0.718750 1.000000
vt 0.718750 0.654211
vt 0.687500 1.000000
vt 0.687500 0.654211
vt 0.656250 1.000000
vt 0.656250 0.654211
vt 0.625000 1.000000
vt 0.625000 0.654211
vt 0.593750 1.000000
vt 0.593750 0.654211
vt 0.562500 1.000000
vt 0.562500 0.654211
vt 0.531250 1.000000
vt 0.531250 0.654211
vt 0.500000 1.000000
vt 0.500000 0.654211
vt 0.468750 1.000000
vt 0.468750 0.654211
vt 0.437500 1.000000
vt 0.437500 0.654211
vt 0.406250 1.000000
vt 0.406250 0.654211
vt 0.375000 1.000000
vt 0.375000 0.654211
vt 0.343750 1.000000
vt 0.343750 0.654211
vt 0.312500 1.000000
vt 0.312500 0.654211
vt 0.281250 1.000000
vt 0.281250 0.654211
vt 0.250000 1.000000
vt 0.250000 0.654211
vt 0.218750 1.000000
vt 0.218750 0.654211
vt 0.187500 1.000000
vt 0.187500 0.654211
vt 0.156250 1.000000
vt 0.156250 0.654211
vt 0.125000 1.000000
vt 0.125000 0.654211
vt 0.093750 1.000000
vt 0.093750 0.654211
vt 0.062500 1.000000
vt 0.062500 0.654211
vt 0.031250 1.000000
vt 0.031250 0.654211
vt 0.000000 1.000000
vt 0.000000 0.654211
vt 0.750000 0.490000
vt 0.796822 0.485388
vt 0.841844 0.471731
vt 0.883337 0.449553
vt 0.919706 0.419706
vt 0.949553 0.383337
vt 0.971731 0.341844
vt 0.985388 0.296822
vt 0.990000 0.250000
vt 0.985388 0.203178
vt 0.971731 0.158156
vt 0.949553 0.116663
vt 0.919706 0.080294
vt 0.883337 0.050447
vt 0.841844 0.028269
vt 0.796822 0.014612
vt 0.750000 0.010000
vt 0.703178 0.014612
vt 0.658156 0.028269
vt 0.616663 0.050447
vt 0.580294 0.080294
vt 0.550447 0.116663
vt 0.528269 0.158156
vt 0.514612 0.203178
vt 0.510000 0.250000
vt 0.514611 0.296822
vt 0.528269 0.341844
vt 0.550447 0.383337
vt 0.580294 0.419706
vt 0.616663 0.449553
vt 0.658156 0.471731
vt 0.703178 0.485388
vt 0.080294 0.080294
vt 0.116663 0.050447
vt 0.116663 0.050447
vt 0.080294 0.080294
vt 0.383337 0.449553
vt 0.419706 0.419706
vt 0.506005 0.516421
vt 0.480906 0.541294
vt 0.449553 0.383337
vt 0.525669 0.486114
vt 0.471731 0.341844
vt 0.538943 0.451537
vt 0.485388 0.296822
vt 0.545115 0.414018
vt 0.490000 0.250000
vt 0.543750 0.375000
vt 0.485388 0.203178
vt 0.534699 0.335982
vt 0.471731 0.158156
vt 0.518109 0.298463
vt 0.449553 0.116663
vt 0.494419 0.263886
vt 0.419706 0.080294
vt 0.464338 0.233579
vt 0.383337 0.050447
vt 0.428822 0.208706
vt 0.341844 0.028269
vt 0.389037 0.190224
vt 0.296822 0.014612
vt 0.346310 0.178843
vt 0.250000 0.010000
vt 0.302083 0.175000
vt 0.203178 0.014612
vt 0.257857 0.178843
vt 0.158156 0.028269
vt 0.215130 0.190224
vt 0.175344 0.208706
vt 0.139829 0.233579
vt 0.050447 0.116663
vt 0.109748 0.263886
vt 0.028269 0.158156
vt 0.086057 0.298463
vt 0.014612 0.203178
vt 0.069468 0.335982
vt 0.010000 0.250000
vt 0.060417 0.375000
vt 0.014612 0.296822
vt 0.059051 0.414018
vt 0.028269 0.341844
vt 0.065224 0.451537
vt 0.050447 0.383337
vt 0.078498 0.486114
vt 0.080294 0.419706
vt 0.098162 0.516421
vt 0.116663 0.449553
vt 0.123261 0.541294
vt 0.158156 0.471731
vt 0.152630 0.559776
vt 0.203178 0.485388
vt 0.184940 0.571157
vt 0.250000 0.490000
vt 0.218750 0.575000
vt 0.296822 0.485388
vt 0.252560 0.571157
vt 0.341844 0.471731
vt 0.284870 0.559776
vt 0.451537 0.559776
vt 0.227896 0.647821
vt 0.208298 0.656926
vt 0.170922 0.735866
vt 0.164036 0.742694
vt 0.113948 0.823910
vt 0.119774 0.828463
vt 0.056974 0.911955
vt 0.075512 0.914231
vt 0.187500 0.660000
vt 0.156250 0.745000
vt 0.125000 0.830000
vt 0.093750 0.915000
vt 0.166702 0.656926
vt 0.148464 0.742694
vt 0.130226 0.828463
vt 0.111988 0.914231
vt 0.147104 0.647821
vt 0.141578 0.735866
vt 0.136052 0.823910
vt 0.130526 0.911955
vt 0.129859 0.633035
vt 0.136457 0.724776
vt 0.143054 0.816518
vt 0.149652 0.908259
vt 0.116030 0.613137
vt 0.133897 0.709853
vt 0.151765 0.806569
vt 0.169632 0.903284
vt 0.106548 0.588891
vt 0.134599 0.691668
vt 0.162649 0.794446
vt 0.190700 0.897223
vt 0.102179 0.561229
vt 0.139134 0.670922
vt 0.176090 0.780615
vt 0.213045 0.890307
vt 0.103491 0.531214
vt 0.147931 0.648411
vt 0.192371 0.765607
vt 0.236810 0.882804
vt 0.110833 0.500000
vt 0.161250 0.625000
vt 0.211667 0.750000
vt 0.262083 0.875000
vt 0.124324 0.468786
vt 0.179181 0.601589
vt 0.234037 0.734393
vt 0.288894 0.867196
vt 0.143846 0.438771
vt 0.201634 0.579078
vt 0.259423 0.719385
vt 0.317211 0.859693
vt 0.169048 0.411109
vt 0.228349 0.558331
vt 0.287649 0.705554
vt 0.346950 0.852777
vt 0.199363 0.386863
vt 0.258897 0.540147
vt 0.318431 0.693431
vt 0.377966 0.846716
vt 0.234025 0.366965
vt 0.292707 0.525224
vt 0.351388 0.683482
vt 0.410069 0.841741
vt 0.272104 0.352179
vt 0.329078 0.514134
vt 0.386052 0.676090
vt 0.443026 0.838045
vt 0.312536 0.343074
vt 0.367214 0.507306
vt 0.421893 0.671537
vt 0.476571 0.835769
vt 0.354167 0.340000
vt 0.406250 0.505000
vt 0.458333 0.670000
vt 0.510417 0.835000
vt 0.395798 0.343074
vt 0.445286 0.507306
vt 0.494774 0.671537
vt 0.544262 0.835769
vt 0.436229 0.352179
vt 0.483422 0.514134
vt 0.530615 0.676090
vt 0.577807 0.838045
vt 0.474308 0.366965
vt 0.519793 0.525224
vt 0.565279 0.683482
vt 0.610765 0.841741
vt 0.508970 0.386863
vt 0.553603 0.540147
vt 0.598235 0.693431
vt 0.642868 0.846716
vt 0.539285 0.411109
vt 0.584151 0.558332
vt 0.629018 0.705554
vt 0.673884 0.852777
vt 0.564487 0.438771
vt 0.610866 0.579078
vt 0.657244 0.719385
vt 0.703622 0.859693
vt 0.584009 0.468786
vt 0.633319 0.601589
vt 0.682629 0.734393
vt 0.731940 0.867196
vt 0.597500 0.500000
vt 0.651250 0.625000
vt 0.705000 0.750000
vt 0.758750 0.875000
vt 0.604842 0.531214
vt 0.664569 0.648411
vt 0.724296 0.765607
vt 0.784023 0.882804
vt 0.606154 0.561229
vt 0.673366 0.670922
vt 0.740577 0.780615
vt 0.807788 0.890307
vt 0.601785 0.588891
vt 0.677901 0.691668
vt 0.754018 0.794446
vt 0.830134 0.897223
vt 0.592304 0.613137
vt 0.678603 0.709853
vt 0.764902 0.806569
vt 0.851201 0.903284
vt 0.578475 0.633035
vt 0.676043 0.724776
vt 0.773612 0.816518
vt 0.871181 0.908259
vt 0.561229 0.647821
vt 0.670922 0.735866
vt 0.780615 0.823910
vt 0.890307 0.911955
vt 0.014612 0.296822
vt 0.010000 0.250000
vt 0.010000 0.250000
vt 0.014612 0.296822
vt 0.471731 0.341844
vt 0.485388 0.296822
vt 0.050447 0.116663
vt 0.490000 0.250000
vt 0.028269 0.158156
vt 0.485388 0.203178
vt 0.014612 0.203178
vt 0.471731 0.158156
vt 0.449553 0.116663
vt 0.419706 0.080294
vt 0.028269 0.341844
vt 0.383337 0.050447
vt 0.050447 0.383337
vt 0.341844 0.028269
vt 0.250000 0.490000
vt 0.296822 0.485388
vt 0.080294 0.419706
vt 0.296822 0.014612
vt 0.341844 0.471731
vt 0.116663 0.449553
vt 0.250000 0.010000
vt 0.383337 0.449553
vt 0.158156 0.471731
vt 0.203178 0.014612
vt 0.419706 0.419706
vt 0.203178 0.485388
vt 0.158156 0.028269
vt 0.449553 0.383337
vt 0.449553 0.116663
vt 0.419706 0.080294
vt 0.028269 0.341844
vt 0.383337 0.050447
vt 0.050447 0.383337
vt 0.341844 0.028269
vt 0.250000 0.490000
vt 0.296822 0.485388
vt 0.080294 0.419706
vt 0.296822 0.014612
vt 0.341844 0.471731
vt 0.116663 0.449553
vt 0.250000 0.010000
vt 0.383337 0.449553
vt 0.158156 0.471731
vt 0.203178 0.014612
vt 0.419706 0.419706
vt 0.203178 0.485388
vt 0.158156 0.028269
vt 0.449553 0.383337
vt 0.116663 0.050447
vt 0.471731 0.341844
vt 0.080294 0.080294
vt 0.485388 0.296822
vt 0.050447 0.116663
vt 0.490000 0.250000
vt 0.028269 0.158156
vt 0.485388 0.203178
vt 0.014612 0.203178
vt 0.471731 0.158156
vt 0.419706 0.419706
vt 0.383337 0.449553
vt 0.383337 0.449553
vt 0.419706 0.419706
vt 0.341844 0.471731
vt 0.376421 0.453249
vt 0.334340 0.474007
vt 0.413644 0.424680
vt 0.449553 0.383337
vt 0.444578 0.389398
vt 0.471731 0.341844
vt 0.468035 0.348759
vt 0.485388 0.296822
vt 0.483112 0.304325
vt 0.490000 0.250000
vt 0.489231 0.257804
vt 0.485388 0.203178
vt 0.486157 0.210982
vt 0.471731 0.158156
vt 0.474007 0.165660
vt 0.449553 0.116663
vt 0.453249 0.123579
vt 0.419706 0.080294
vt 0.424680 0.086356
vt 0.383337 0.050447
vt 0.389398 0.055422
vt 0.341844 0.028269
vt 0.348759 0.031965
vt 0.296822 0.014612
vt 0.304325 0.016888
vt 0.250000 0.010000
vt 0.257804 0.010769
vt 0.203178 0.014612
vt 0.210982 0.013843
vt 0.158156 0.028269
vt 0.165660 0.025993
vt 0.116663 0.050447
vt 0.123579 0.046751
vt 0.080294 0.080294
vt 0.086356 0.075320
vt 0.050447 0.116663
vt 0.055422 0.110602
vt 0.028269 0.158156
vt 0.031965 0.151240
vt 0.014612 0.203178
vt 0.016888 0.195675
vt 0.010000 0.250000
vt 0.010769 0.242196
vt 0.014612 0.296822
vt 0.013843 0.289018
vt 0.028269 0.341844
vt 0.025993 0.334340
vt 0.050447 0.383337
vt 0.046751 0.376421
vt 0.080294 0.419706
vt 0.075320 0.413644
vt 0.116663 0.449553
vt 0.110602 0.444578
vt 0.158156 0.471731
vt 0.151240 0.468035
vt 0.203178 0.485388
vt 0.195675 0.483112
vt 0.250000 0.490000
vt 0.242196 0.489231
vt 0.296822 0.485388
vt 0.289018 0.486157
vt 0.281214 0.486926
vt 0.234393 0.488463
vt 0.273411 0.487694
vt 0.226589 0.487694
vt 0.265607 0.488463
vt 0.218786 0.486926
vt 0.257804 0.489231
vt 0.210982 0.486157
vt 0.188171 0.480836
vt 0.180667 0.478560
vt 0.173163 0.476284
vt 0.165660 0.474007
vt 0.144325 0.464338
vt 0.137410 0.460642
vt 0.130494 0.456946
vt 0.123579 0.453249
vt 0.104540 0.439604
vt 0.098479 0.434629
vt 0.092417 0.429655
vt 0.086356 0.424680
vt 0.070345 0.407583
vt 0.065371 0.401521
vt 0.060396 0.395460
vt 0.055422 0.389398
vt 0.043054 0.369506
vt 0.039358 0.362590
vt 0.035662 0.355675
vt 0.031965 0.348760
vt 0.023716 0.326837
vt 0.021440 0.319333
vt 0.019164 0.311829
vt 0.016888 0.304325
vt 0.013074 0.281214
vt 0.012306 0.273411
vt 0.011537 0.265607
vt 0.010769 0.257804
vt 0.011537 0.234393
vt 0.012306 0.226589
vt 0.013074 0.218786
vt 0.013843 0.210982
vt 0.019164 0.188171
vt 0.021440 0.180667
vt 0.023716 0.173163
vt 0.025993 0.165660
vt 0.035662 0.144325
vt 0.039358 0.137410
vt 0.043055 0.130494
vt 0.046751 0.123579
vt 0.060396 0.104540
vt 0.065371 0.098479
vt 0.070345 0.092417
vt 0.075320 0.086356
vt 0.092417 0.070345
vt 0.098479 0.065371
vt 0.104540 0.060396
vt 0.110602 0.055422
vt 0.130494 0.043055
vt 0.137410 0.039358
vt 0.144325 0.035662
vt 0.151240 0.031965
vt 0.173163 0.023716
vt 0.180667 0.021440
vt 0.188171 0.019164
vt 0.195675 0.016888
vt 0.218786 0.013074
vt 0.226589 0.012306
vt 0.234393 0.011537
vt 0.242196 0.010769
vt 0.265607 0.011537
vt 0.273411 0.012306
vt 0.281214 0.013074
vt 0.289018 0.013843
vt 0.311829 0.019164
vt 0.319333 0.021440
vt 0.326837 0.023716
vt 0.334340 0.025993
vt 0.355675 0.035662
vt 0.362590 0.039358
vt 0.369506 0.043054
vt 0.376421 0.046751
vt 0.395460 0.060396
vt 0.401521 0.065371
vt 0.407583 0.070345
vt 0.413644 0.075320
vt 0.429655 0.092417
vt 0.434629 0.098479
vt 0.439604 0.104540
vt 0.444578 0.110602
vt 0.456946 0.130494
vt 0.460642 0.137410
vt 0.464338 0.144325
vt 0.468035 0.151240
vt 0.476284 0.173163
vt 0.478560 0.180667
vt 0.480836 0.188171
vt 0.483112 0.195675
vt 0.486926 0.218786
vt 0.487694 0.226589
vt 0.488463 0.234393
vt 0.489231 0.242196
vt 0.488463 0.265607
vt 0.487694 0.273411
vt 0.486926 0.281214
vt 0.486157 0.289018
vt 0.480836 0.311829
vt 0.478560 0.319333
vt 0.476284 0.326837
vt 0.474007 0.334340
vt 0.464338 0.355675
vt 0.460642 0.362590
vt 0.456946 0.369506
vt 0.453249 0.376421
vt 0.439604 0.395460
vt 0.434629 0.401521
vt 0.429655 0.407583
vt 0.424680 0.413644
vt 0.407583 0.429655
vt 0.401521 0.434629
vt 0.395460 0.439604
vt 0.389398 0.444578
vt 0.369506 0.456945
vt 0.362590 0.460642
vt 0.355675 0.464338
vt 0.348759 0.468035
vt 0.326837 0.476284
vt 0.319333 0.478560
vt 0.311829 0.480836
vt 0.304325 0.483112
vt 0.296822 0.485388
vt 0.250000 0.490000
vt 0.203178 0.485388
vt 0.158156 0.471731
vt 0.116663 0.449553
vt 0.080294 0.419706
vt 0.050447 0.383337
vt 0.028269 0.341844
vt 0.014612 0.296822
vt 0.010000 0.250000
vt 0.014612 0.203178
vt 0.028269 0.158156
vt 0.050447 0.116663
vt 0.080294 0.080294
vt 0.116663 0.050447
vt 0.158156 0.028269
vt 0.203178 0.014612
vt 0.250000 0.010000
vt 0.296822 0.014612
vt 0.341844 0.028269
vt 0.383337 0.050447
vt 0.419706 0.080294
vt 0.449553 0.116663
vt 0.471731 0.158156
vt 0.485388 0.203178
vt 0.490000 0.250000
vt 0.485388 0.296822
vt 0.471731 0.341844
vt 0.449553 0.383337
vt 0.341844 0.471731
vt 1.000000 0.654211
vt 0.968750 0.654211
vt 0.968750 1.000000
vt 1.000000 1.000000
vt 0.937500 0.654211
vt 0.937500 1.000000
vt 0.906250 0.654211
vt 0.906250 1.000000
vt 0.875000 0.654211
vt 0.875000 1.000000
vt 0.843750 0.654211
vt 0.843750 1.000000
vt 0.812500 0.654211
vt 0.812500 1.000000
vt 0.781250 0.654211
vt 0.781250 1.000000
vt 0.750000 0.654211
vt 0.750000 1.000000
vt 0.718750 0.654211
vt 0.718750 1.000000
vt 0.687500 0.654211
vt 0.687500 1.000000
vt 0.656250 0.654211
vt 0.656250 1.000000
vt 0.625000 0.654211
vt 0.625000 1.000000
vt 0.593750 0.654211
vt 0.593750 1.000000
vt 0.562500 0.654211
vt 0.562500 1.000000
vt 0.531250 0.654211
vt 0.531250 1.000000
vt 0.500000 0.654211
vt 0.500000 1.000000
vt 0.468750 0.654211
vt 0.468750 1.000000
vt 0.437500 0.654211
vt 0.437500 1.000000
vt 0.406250 0.654211
vt 0.406250 1.000000
vt 0.375000 0.654211
vt 0.375000 1.000000
vt 0.343750 0.654211
vt 0.343750 1.000000
vt 0.312500 0.654211
vt 0.312500 1.000000
vt 0.281250 0.654211
vt 0.281250 1.000000
vt 0.250000 0.654211
vt 0.250000 1.000000
vt 0.218750 0.654211
vt 0.218750 1.000000
vt 0.187500 0.654211
vt 0.187500 1.000000
vt 0.156250 0.654211
vt 0.156250 1.000000
vt 0.125000 0.654211
vt 0.125000 1.000000
vt 0.093750 0.654211
vt 0.093750 1.000000
vt 0.062500 0.654211
vt 0.062500 1.000000
vt 0.031250 0.654211
vt 0.031250 1.000000
vt 0.000000 0.654211
vt 0.000000 1.000000
vt 0.750000 0.490000
vt 0.703178 0.485388
vt 0.658156 0.471731
vt 0.616663 0.449553
vt 0.580294 0.419706
vt 0.550447 0.383337
vt 0.528269 0.341844
vt 0.514611 0.296822
vt 0.510000 0.250000
vt 0.514612 0.203178
vt 0.528269 0.158156
vt 0.550447 0.116663
vt 0.580294 0.080294
vt 0.616663 0.050447
vt 0.658156 0.028269
vt 0.703178 0.014612
vt 0.750000 0.010000
vt 0.796822 0.014612
vt 0.841844 0.028269
vt 0.883337 0.050447
vt 0.919706 0.080294
vt 0.949553 0.116663
vt 0.971731 0.158156
vt 0.985388 0.203178
vt 0.990000 0.250000
vt 0.985388 0.296822
vt 0.971731 0.341844
vt 0.949553 0.383337
vt 0.919706 0.419706
vt 0.883337 0.449553
vt 0.841844 0.471731
vt 0.796822 0.485388
vt 0.080294 0.080294
vt 0.080294 0.080294
vt 0.116663 0.050447
vt 0.116663 0.050447
vt 0.383337 0.449553
vt 0.480906 0.541294
vt 0.506005 0.516421
vt 0.419706 0.419706
vt 0.525669 0.486114
vt 0.449553 0.383337
vt 0.538943 0.451537
vt 0.471731 0.341844
vt 0.545115 0.414018
vt 0.485388 0.296822
vt 0.543750 0.375000
vt 0.490000 0.250000
vt 0.534699 0.335982
vt 0.485388 0.203178
vt 0.518109 0.298463
vt 0.471731 0.158156
vt 0.494419 0.263886
vt 0.449553 0.116663
vt 0.464338 0.233579
vt 0.419706 0.080294
vt 0.428822 0.208706
vt 0.383337 0.050447
vt 0.389037 0.190224
vt 0.341844 0.028269
vt 0.346310 0.178843
vt 0.296822 0.014612
vt 0.302083 0.175000
vt 0.250000 0.010000
vt 0.257857 0.178843
vt 0.203178 0.014612
vt 0.215130 0.190224
vt 0.158156 0.028269
vt 0.175344 0.208706
vt 0.139829 0.233579
vt 0.109748 0.263886
vt 0.050447 0.116663
vt 0.086057 0.298463
vt 0.028269 0.158156
vt 0.069468 0.335982
vt 0.014612 0.203178
vt 0.060417 0.375000
vt 0.010000 0.250000
vt 0.059051 0.414018
vt 0.014612 0.296822
vt 0.065224 0.451537
vt 0.028269 0.341844
vt 0.078498 0.486114
vt 0.050447 0.383337
vt 0.098162 0.516421
vt 0.080294 0.419706
vt 0.123261 0.541294
vt 0.116663 0.449553
vt 0.152630 0.559776
vt 0.158156 0.471731
vt 0.184940 0.571157
vt 0.203178 0.485388
vt 0.218750 0.575000
vt 0.250000 0.490000
vt 0.252560 0.571157
vt 0.296822 0.485388
vt 0.284870 0.559776
vt 0.341844 0.471731
vt 0.451537 0.559776
vt 0.208298 0.656926
vt 0.227896 0.647821
vt 0.164036 0.742694
vt 0.170922 0.735866
vt 0.119774 0.828463
vt 0.113948 0.823910
vt 0.075512 0.914231
vt 0.056974 0.911955
vt 0.187500 0.660000
vt 0.156250 0.745000
vt 0.125000 0.830000
vt 0.093750 0.915000
vt 0.166702 0.656926
vt 0.148464 0.742694
vt 0.130226 0.828463
vt 0.111988 0.914231
vt 0.147104 0.647821
vt 0.141578 0.735866
vt 0.136052 0.823910
vt 0.130526 0.911955
vt 0.129859 0.633035
vt 0.136457 0.724776
vt 0.143054 0.816518
vt 0.149652 0.908259
vt 0.116030 0.613137
vt 0.133897 0.709853
vt 0.151765 0.806569
vt 0.169632 0.903284
vt 0.106548 0.588891
vt 0.134599 0.691668
vt 0.162649 0.794446
vt 0.190700 0.897223
vt 0.102179 0.561229
vt 0.139134 0.670922
vt 0.176090 0.780615
vt 0.213045 0.890307
vt 0.103491 0.531214
vt 0.147931 0.648411
vt 0.192371 0.765607
vt 0.236810 0.882804
vt 0.110833 0.500000
vt 0.161250 0.625000
vt 0.211667 0.750000
vt 0.262083 0.875000
vt 0.124324 0.468786
vt 0.179181 0.601589
vt 0.234037 0.734393
vt 0.288894 0.867196
vt 0.143846 0.438771
vt 0.201634 0.579078
vt 0.259423 0.719385
vt 0.317211 0.859693
vt 0.169048 0.411109
vt 0.228349 0.558331
vt 0.287649 0.705554
vt 0.346950 0.852777
vt 0.199363 0.386863
vt 0.258897 0.540147
vt 0.318431 0.693431
vt 0.377966 0.846716
vt 0.234025 0.366965
vt 0.292707 0.525224
vt 0.351388 0.683482
vt 0.410069 0.841741
vt 0.272104 0.352179
vt 0.329078 0.514134
vt 0.386052 0.676090
vt 0.443026 0.838045
vt 0.312536 0.343074
vt 0.367214 0.507306
vt 0.421893 0.671537
vt 0.476571 0.835769
vt 0.354167 0.340000
vt 0.406250 0.505000
vt 0.458333 0.670000
vt 0.510417 0.835000
vt 0.395798 0.343074
vt 0.445286 0.507306
vt 0.494774 0.671537
vt 0.544262 0.835769
vt 0.436229 0.352179
vt 0.483422 0.514134
vt 0.530615 0.676090
vt 0.577807 0.838045
vt 0.474308 0.366965
vt 0.519793 0.525224
vt 0.565279 0.683482
vt 0.610765 0.841741
vt 0.508970 0.386863
vt 0.553603 0.540147
vt 0.598235 0.693431
vt 0.642868 0.846716
vt 0.539285 0.411109
vt 0.584151 0.558332
vt 0.629018 0.705554
vt 0.673884 0.852777
vt 0.564487 0.438771
vt 0.610866 0.579078
vt 0.657244 0.719385
vt 0.703622 0.859693
vt 0.584009 0.468786
vt 0.633319 0.601589
vt 0.682629 0.734393
vt 0.731940 0.867196
vt 0.597500 0.500000
vt 0.651250 0.625000
vt 0.705000 0.750000
vt 0.758750 0.875000
vt 0.604842 0.531214
vt 0.664569 0.648411
vt 0.724296 0.765607
vt 0.784023 0.882804
vt 0.606154 0.561229
vt 0.673366 0.670922
vt 0.740577 0.780615
vt 0.807788 0.890307
vt 0.601785 0.588891
vt 0.677901 0.691668
vt 0.754018 0.794446
vt 0.830134 0.897223
vt 0.592304 0.613137
vt 0.678603 0.709853
vt 0.764902 0.806569
vt 0.851201 0.903284
vt 0.578475 0.633035
vt 0.676043 0.724776
vt 0.773612 0.816518
vt 0.871181 0.908259
vt 0.561229 0.647821
vt 0.670922 0.735866
vt 0.780615 0.823910
vt 0.890307 0.911955
vt 0.014612 0.296822
vt 0.014612 0.296822
vt 0.010000 0.250000
vt 0.010000 0.250000
vt 0.485388 0.296822
vt 0.471731 0.341844
vt 0.050447 0.116663
vt 0.490000 0.250000
vt 0.028269 0.158156
vt 0.485388 0.203178
vt 0.014612 0.203178
vt 0.471731 0.158156
vt 0.449553 0.116663
vt 0.419706 0.080294
vt 0.028269 0.341844
vt 0.383337 0.050447
vt 0.050447 0.383337
vt 0.341844 0.028269
vt 0.296822 0.485388
vt 0.250000 0.490000
vt 0.080294 0.419706
vt 0.296822 0.014612
vt 0.341844 0.471731
vt 0.116663 0.449553
vt 0.250000 0.010000
vt 0.383337 0.449553
vt 0.158156 0.471731
vt 0.203178 0.014612
vt 0.419706 0.419706
vt 0.203178 0.485388
vt 0.158156 0.028269
vt 0.449553 0.383337
vt 0.419706 0.080294
vt 0.449553 0.116663
vt 0.028269 0.341844
vt 0.383337 0.050447
vt 0.050447 0.383337
vt 0.341844 0.028269
vt 0.296822 0.485388
vt 0.250000 0.490000
vt 0.080294 0.419706
vt 0.296822 0.014612
vt 0.341844 0.471731
vt 0.116663 0.449553
vt 0.250000 0.010000
vt 0.383337 0.449553
vt 0.158156 0.471731
vt 0.203178 0.014612
vt 0.419706 0.419706
vt 0.203178 0.485388
vt 0.158156 0.028269
vt 0.449553 0.383337
vt 0.116663 0.050447
vt 0.471731 0.341844
vt 0.080294 0.080294
vt 0.485388 0.296822
vt 0.050447 0.116663
vt 0.490000 0.250000
vt 0.028269 0.158156
vt 0.485388 0.203178
vt 0.014612 0.203178
vt 0.471731 0.158156
vt 0.419706 0.419706
vt 0.419706 0.419706
vt 0.383337 0.449553
vt 0.383337 0.449553
vt 0.341844 0.471731
vt 0.334340 0.474007
vt 0.376421 0.453249
vt 0.413644 0.424680
vt 0.444578 0.389398
vt 0.449553 0.383337
vt 0.468035 0.348759
vt 0.471731 0.341844
vt 0.483112 0.304325
vt 0.485388 0.296822
vt 0.489231 0.257804
vt 0.490000 0.250000
vt 0.486157 0.210982
vt 0.485388 0.203178
vt 0.474007 0.165660
vt 0.471731 0.158156
vt 0.453249 0.123579
vt 0.449553 0.116663
vt 0.424680 0.086356
vt 0.419706 0.080294
vt 0.389398 0.055422
vt 0.383337 0.050447
vt 0.348759 0.031965
vt 0.341844 0.028269
vt 0.304325 0.016888
vt 0.296822 0.014612
vt 0.257804 0.010769
vt 0.250000 0.010000
vt 0.210982 0.013843
vt 0.203178 0.014612
vt 0.165660 0.025993
vt 0.158156 0.028269
vt 0.123579 0.046751
vt 0.116663 0.050447
vt 0.086356 0.075320
vt 0.080294 0.080294
vt 0.055422 0.110602
vt 0.050447 0.116663
vt 0.031965 0.151240
vt 0.028269 0.158156
vt 0.016888 0.195675
vt 0.014612 0.203178
vt 0.010769 0.242196
vt 0.010000 0.250000
vt 0.013843 0.289018
vt 0.014612 0.296822
vt 0.025993 0.334340
vt 0.028269 0.341844
vt 0.046751 0.376421
vt 0.050447 0.383337
vt 0.075320 0.413644
vt 0.080294 0.419706
vt 0.110602 0.444578
vt 0.116663 0.449553
vt 0.151240 0.468035
vt 0.158156 0.471731
vt 0.195675 0.483112
vt 0.203178 0.485388
vt 0.242196 0.489231
vt 0.250000 0.490000
vt 0.289018 0.486157
vt 0.296822 0.485388
vt 0.234393 0.488463
vt 0.281214 0.486926
vt 0.226589 0.487694
vt 0.273411 0.487694
vt 0.218786 0.486926
vt 0.265607 0.488463
vt 0.210982 0.486157
vt 0.257804 0.489231
vt 0.188171 0.480836
vt 0.180667 0.478560
vt 0.173163 0.476284
vt 0.165660 0.474007
vt 0.144325 0.464338
vt 0.137410 0.460642
vt 0.130494 0.456946
vt 0.123579 0.453249
vt 0.104540 0.439604
vt 0.098479 0.434629
vt 0.092417 0.429655
vt 0.086356 0.424680
vt 0.070345 0.407583
vt 0.065371 0.401521
vt 0.060396 0.395460
vt 0.055422 0.389398
vt 0.043054 0.369506
vt 0.039358 0.362590
vt 0.035662 0.355675
vt 0.031965 0.348760
vt 0.023716 0.326837
vt 0.021440 0.319333
vt 0.019164 0.311829
vt 0.016888 0.304325
vt 0.013074 0.281214
vt 0.012306 0.273411
vt 0.011537 0.265607
vt 0.010769 0.257804
vt 0.011537 0.234393
vt 0.012306 0.226589
vt 0.013074 0.218786
vt 0.013843 0.210982
vt 0.019164 0.188171
vt 0.021440 0.180667
vt 0.023716 0.173163
vt 0.025993 0.165660
vt 0.035662 0.144325
vt 0.039358 0.137410
vt 0.043055 0.130494
vt 0.046751 0.123579
vt 0.060396 0.104540
vt 0.065371 0.098479
vt 0.070345 0.092417
vt 0.075320 0.086356
vt 0.092417 0.070345
vt 0.098479 0.065371
vt 0.104540 0.060396
vt 0.110602 0.055422
vt 0.130494 0.043055
vt 0.137410 0.039358
vt 0.144325 0.035662
vt 0.151240 0.031965
vt 0.173163 0.023716
vt 0.180667 0.021440
vt 0.188171 0.019164
vt 0.195675 0.016888
vt 0.218786 0.013074
vt 0.226589 0.012306
vt 0.234393 0.011537
vt 0.242196 0.010769
vt 0.265607 0.011537
vt 0.273411 0.012306
vt 0.281214 0.013074
vt 0.289018 0.013843
vt 0.311829 0.019164
vt 0.319333 0.021440
vt 0.326837 0.023716
vt 0.334340 0.025993
vt 0.355675 0.035662
vt 0.362590 0.039358
vt 0.369506 0.043054
vt 0.376421 0.046751
vt 0.395460 0.060396
vt 0.401521 0.065371
vt 0.407583 0.070345
vt 0.413644 0.075320
vt 0.429655 0.092417
vt 0.434629 0.098479
vt 0.439604 0.104540
vt 0.444578 0.110602
vt 0.456946 0.130494
vt 0.460642 0.137410
vt 0.464338 0.144325
vt 0.468035 0.151240
vt 0.476284 0.173163
vt 0.478560 0.180667
vt 0.480836 0.188171
vt 0.483112 0.195675
vt 0.486926 0.218786
vt 0.487694 0.226589
vt 0.488463 0.234393
vt 0.489231 0.242196
vt 0.488463 0.265607
vt 0.487694 0.273411
vt 0.486926 0.281214
vt 0.486157 0.289018
vt 0.480836 0.311829
vt 0.478560 0.319333
vt 0.476284 0.326837
vt 0.474007 0.334340
vt 0.464338 0.355675
vt 0.460642 0.362590
vt 0.456946 0.369506
vt 0.453249 0.376421
vt 0.439604 0.395460
vt 0.434629 0.401521
vt 0.429655 0.407583
vt 0.424680 0.413644
vt 0.407583 0.429655
vt 0.401521 0.434629
vt 0.395460 0.439604
vt 0.389398 0.444578
vt 0.369506 0.456945
vt 0.362590 0.460642
vt 0.355675 0.464338
vt 0.348759 0.468035
vt 0.326837 0.476284
vt 0.319333 0.478560
vt 0.311829 0.480836
vt 0.304325 0.483112
vt 0.296822 0.485388
vt 0.341844 0.471731
vt 0.449553 0.383337
vt 0.471731 0.341844
vt 0.485388 0.296822
vt 0.490000 0.250000
vt 0.485388 0.203178
vt 0.471731 0.158156
vt 0.449553 0.116663
vt 0.419706 0.080294
vt 0.383337 0.050447
vt 0.341844 0.028269
vt 0.296822 0.014612
vt 0.250000 0.010000
vt 0.203178 0.014612
vt 0.158156 0.028269
vt 0.116663 0.050447
vt 0.080294 0.080294
vt 0.050447 0.116663
vt 0.028269 0.158156
vt 0.014612 0.203178
vt 0.010000 0.250000
vt 0.014612 0.296822
vt 0.028269 0.341844
vt 0.050447 0.383337
vt 0.080294 0.419706
vt 0.116663 0.449553
vt 0.158156 0.471731
vt 0.203178 0.485388
vt 0.250000 0.490000
vn -0.6857 -0.0000 0.7279
vn 0.0205 -0.0036 0.9998
vn 0.0227 0.1912 0.9813
vn -0.6857 0.1420 0.7139
vn 0.0241 0.3787 0.9252
vn -0.6857 0.2785 0.6725
vn 0.0246 0.5516 0.8337
vn -0.6857 0.4044 0.6052
vn 0.0241 0.7034 0.7104
vn -0.6857 0.5147 0.5147
vn 0.0227 0.8282 0.5599
vn -0.6857 0.6052 0.4044
vn 0.0204 0.9215 0.3880
vn -0.6857 0.6725 0.2786
vn 0.0173 0.9794 0.2011
vn -0.6857 0.7139 0.1420
vn 0.0135 0.9999 0.0064
vn -0.6857 0.7279 0.0000
vn 0.0092 0.9820 -0.1887
vn -0.6857 0.7139 -0.1420
vn 0.0046 0.9263 -0.3767
vn -0.6857 0.6725 -0.2786
vn -0.0001 0.8350 -0.5502
vn -0.6857 0.6052 -0.4044
vn -0.0047 0.7115 -0.7027
vn -0.6857 0.5147 -0.5147
vn -0.0090 0.5605 -0.8281
vn -0.6857 0.4044 -0.6052
vn -0.0128 0.3878 -0.9217
vn -0.6857 0.2786 -0.6725
vn -0.0160 0.2002 -0.9796
vn -0.6857 0.1420 -0.7139
vn -0.0184 0.0049 -0.9998
vn -0.6857 -0.0000 -0.7279
vn -0.0201 -0.1905 -0.9815
vn -0.6857 -0.1420 -0.7139
vn -0.0210 -0.3785 -0.9254
vn -0.6857 -0.2785 -0.6725
vn -0.0210 -0.5519 -0.8337
vn -0.6857 -0.4044 -0.6052
vn -0.0203 -0.7040 -0.7099
vn -0.6857 -0.5147 -0.5147
vn -0.0188 -0.8290 -0.5589
vn -0.6857 -0.6052 -0.4044
vn -0.0167 -0.9222 -0.3864
vn -0.6857 -0.6725 -0.2786
vn -0.0139 -0.9799 -0.1990
vn -0.6857 -0.7139 -0.1420
vn -0.0107 -0.9999 -0.0040
vn -0.6857 -0.7279 0.0000
vn -0.0069 -0.9815 0.1913
vn -0.6857 -0.7139 0.1420
vn -0.0029 -0.9253 0.3792
vn -0.6857 -0.6725 0.2786
vn 0.0014 -0.8335 0.5526
vn -0.6857 -0.6052 0.4044
vn 0.0057 -0.7095 0.7046
vn -0.6857 -0.5147 0.5147
vn 0.0100 -0.5584 0.8295
vn -0.6857 -0.4044 0.6052
vn 0.0140 -0.3858 0.9225
vn -0.6857 -0.2785 0.6725
vn 0.0175 -0.1984 0.9800
vn -0.6857 -0.1420 0.7139
vn -0.7087 0.1596 -0.6872
vn -0.5577 0.1925 -0.8074
vn -0.5553 0.1942 -0.8087
vn -0.7068 0.1651 -0.6878
vn 0.5611 -0.2288 0.7955
vn 0.7121 -0.1958 0.6742
vn 0.7257 -0.2070 0.6561
vn 0.5776 -0.2578 0.7746
vn 0.8355 -0.1559 0.5268
vn 0.8457 -0.1489 0.5124
vn 0.9268 -0.1107 0.3590
vn 0.9331 -0.0858 0.3492
vn 0.9822 -0.0619 0.1773
vn 0.9848 -0.0202 0.1726
vn 0.9999 -0.0114 -0.0114
vn 0.9989 0.0454 -0.0106
vn 0.9791 0.0387 -0.1996
vn 0.9751 0.1085 -0.1937
vn 0.9208 0.0867 -0.3802
vn 0.9142 0.1666 -0.3696
vn 0.8273 0.1305 -0.5463
vn 0.8185 0.2176 -0.5317
vn 0.7023 0.1687 -0.6916
vn 0.6917 0.2596 -0.6740
vn 0.5505 0.1997 -0.8106
vn 0.5384 0.2910 -0.7908
vn 0.3777 0.2223 -0.8989
vn 0.3645 0.3107 -0.8779
vn 0.1905 0.2357 -0.9530
vn 0.1765 0.3179 -0.9315
vn -0.0040 0.2394 -0.9709
vn -0.0184 0.3125 -0.9497
vn -0.1984 0.2332 -0.9520
vn -0.2126 0.2947 -0.9316
vn -0.3854 0.2174 -0.8968
vn -0.3988 0.2653 -0.8778
vn -0.5697 0.2255 -0.7903
vn -0.7187 0.1769 -0.6725
vn -0.8327 0.1198 -0.5407
vn -0.8400 0.1212 -0.5289
vn -0.9246 0.0748 -0.3734
vn -0.9289 0.0606 -0.3652
vn -0.9811 0.0261 -0.1919
vn -0.9822 -0.0029 -0.1878
vn -0.9997 -0.0242 -0.0032
vn -0.9977 -0.0670 -0.0035
vn -0.9798 -0.0744 0.1856
vn -0.9750 -0.1295 0.1806
vn -0.9222 -0.1223 0.3670
vn -0.9148 -0.1881 0.3575
vn -0.8289 -0.1662 0.5341
vn -0.8192 -0.2406 0.5206
vn -0.7038 -0.2045 0.6803
vn -0.6918 -0.2849 0.6635
vn -0.5515 -0.2356 0.8002
vn -0.5374 -0.3190 0.7807
vn -0.3780 -0.2583 0.8891
vn -0.3619 -0.3412 0.8675
vn -0.1898 -0.2718 0.9434
vn -0.1720 -0.3506 0.9206
vn 0.0057 -0.2756 0.9612
vn 0.0246 -0.3465 0.9377
vn 0.2010 -0.2695 0.9418
vn 0.2201 -0.3290 0.9183
vn 0.3885 -0.2537 0.8858
vn 0.4069 -0.2990 0.8632
vn 0.4298 -0.2835 0.8572
vn 0.2521 -0.3550 0.9002
vn 0.3959 -0.1826 0.9000
vn 0.2575 -0.3172 0.9127
vn 0.2576 -0.0710 0.9636
vn 0.1854 -0.2518 0.9498
vn 0.1037 -0.0201 0.9944
vn 0.0822 -0.2136 0.9735
vn 0.0634 -0.4116 0.9091
vn 0.1096 -0.4399 0.8913
vn 0.1074 -0.4239 0.8993
vn 0.0581 -0.3994 0.9149
vn -0.1292 -0.4502 0.8835
vn -0.0425 -0.5460 0.8367
vn 0.0270 -0.5808 0.8136
vn 0.0326 -0.5701 0.8209
vn -0.3185 -0.4680 0.8243
vn -0.1934 -0.6314 0.7509
vn -0.0516 -0.7169 0.6953
vn 0.0069 -0.7191 0.6948
vn -0.4968 -0.4631 0.7339
vn -0.3379 -0.6928 0.6371
vn -0.1244 -0.8268 0.5486
vn -0.0178 -0.8404 0.5416
vn -0.6565 -0.4349 0.6163
vn -0.4705 -0.7281 0.4985
vn -0.1871 -0.9065 0.3786
vn -0.0406 -0.9292 0.3673
vn -0.7903 -0.3851 0.4766
vn -0.5858 -0.7366 0.3382
vn -0.2359 -0.9526 0.1922
vn -0.0606 -0.9820 0.1789
vn -0.8920 -0.3190 0.3203
vn -0.6778 -0.7179 0.1589
vn -0.2692 -0.9631 -0.0020
vn -0.0777 -0.9968 -0.0161
vn -0.9575 -0.2447 0.1524
vn -0.7423 -0.6693 -0.0335
vn -0.2909 -0.9369 -0.1941
vn -0.0918 -0.9733 -0.2102
vn -0.9854 -0.1688 -0.0231
vn -0.7787 -0.5856 -0.2250
vn -0.3115 -0.8730 -0.3752
vn -0.1031 -0.9125 -0.3958
vn -0.9751 -0.0934 -0.2012
vn -0.7863 -0.4714 -0.3994
vn -0.3382 -0.7706 -0.5402
vn -0.1115 -0.8168 -0.5661
vn -0.9271 -0.0167 -0.3745
vn -0.7614 -0.3411 -0.5513
vn -0.3611 -0.6325 -0.6853
vn -0.1169 -0.6894 -0.7148
vn -0.8430 0.0624 -0.5343
vn -0.7039 -0.2046 -0.6802
vn -0.3647 -0.4678 -0.8051
vn -0.1186 -0.5352 -0.8364
vn -0.7263 0.1431 -0.6723
vn -0.6172 -0.0653 -0.7841
vn -0.3444 -0.2869 -0.8939
vn -0.1160 -0.3597 -0.9258
vn -0.5820 0.2225 -0.7822
vn -0.5065 0.0747 -0.8590
vn -0.3031 -0.0981 -0.9479
vn -0.1083 -0.1699 -0.9795
vn -0.4159 0.2971 -0.8595
vn -0.3769 0.2117 -0.9017
vn -0.2451 0.0913 -0.9652
vn -0.0953 0.0268 -0.9951
vn -0.2348 0.3630 -0.9017
vn -0.2338 0.3415 -0.9103
vn -0.1745 0.2747 -0.9456
vn -0.0772 0.2224 -0.9719
vn -0.0457 0.4170 -0.9078
vn -0.0825 0.4593 -0.8844
vn -0.0953 0.4456 -0.8902
vn -0.0547 0.4090 -0.9109
vn 0.1442 0.4564 -0.8780
vn 0.0714 0.5608 -0.8249
vn -0.0114 0.5981 -0.8013
vn -0.0290 0.5792 -0.8147
vn 0.3277 0.4793 -0.8142
vn 0.2222 0.6417 -0.7340
vn 0.0736 0.7271 -0.6826
vn -0.0013 0.7265 -0.6872
vn 0.4981 0.4844 -0.7192
vn 0.3644 0.6990 -0.6153
vn 0.1559 0.8282 -0.5383
vn 0.0271 0.8453 -0.5336
vn 0.6492 0.4714 -0.5969
vn 0.4928 0.7303 -0.4732
vn 0.2323 0.8978 -0.3741
vn 0.0548 0.9313 -0.3600
vn 0.7754 0.4407 -0.4523
vn 0.6025 0.7341 -0.3131
vn 0.2998 0.9337 -0.1959
vn 0.0804 0.9816 -0.1731
vn 0.8722 0.3933 -0.2909
vn 0.6895 0.7104 -0.1412
vn 0.3557 0.9345 -0.0103
vn 0.1030 0.9945 0.0200
vn 0.9361 0.3309 -0.1188
vn 0.7506 0.6598 0.0361
vn 0.3981 0.9004 0.1756
vn 0.1215 0.9697 0.2121
vn 0.9650 0.2559 0.0575
vn 0.7833 0.5843 0.2121
vn 0.4253 0.8325 0.3550
vn 0.1352 0.9082 0.3961
vn 0.9577 0.1711 0.2316
vn 0.7866 0.4868 0.3800
vn 0.4364 0.7334 0.5212
vn 0.1437 0.8125 0.5650
vn 0.9144 0.0795 0.3969
vn 0.7602 0.3709 0.5334
vn 0.4310 0.6067 0.6680
vn 0.1465 0.6860 0.7127
vn 0.8368 -0.0154 0.5473
vn 0.7054 0.2409 0.6667
vn 0.4092 0.4571 0.7897
vn 0.1436 0.5336 0.8335
vn 0.7274 -0.1100 0.6773
vn 0.6241 0.1019 0.7747
vn 0.3719 0.2901 0.8818
vn 0.1352 0.3607 0.9228
vn 0.5901 -0.2007 0.7820
vn 0.5197 -0.0411 0.8534
vn 0.3207 0.1119 0.9406
vn 0.1217 0.1738 0.9772
vn -0.9808 -0.0455 0.1894
vn -1.0000 0.0001 -0.0003
vn -0.9997 0.0259 0.0015
vn -0.9814 -0.0201 0.1911
vn 0.9240 -0.0893 0.3719
vn 0.9808 -0.0455 0.1894
vn -0.8312 0.1298 -0.5406
vn 1.0000 0.0001 -0.0003
vn -0.9237 0.0894 -0.3725
vn 0.9807 0.0456 -0.1901
vn -0.9807 0.0456 -0.1901
vn 0.9237 0.0894 -0.3725
vn 0.8312 0.1298 -0.5406
vn 0.7068 0.1651 -0.6878
vn -0.9240 -0.0893 0.3719
vn 0.5553 0.1942 -0.8087
vn -0.8316 -0.1296 0.5401
vn 0.3825 0.2157 -0.8984
vn -0.0000 -0.2334 0.9724
vn 0.1951 -0.2289 0.9537
vn -0.7072 -0.1650 0.6875
vn 0.1950 0.2290 -0.9537
vn 0.3827 -0.2156 0.8984
vn -0.5556 -0.1941 0.8085
vn -0.0000 0.2335 -0.9724
vn 0.5556 -0.1941 0.8085
vn -0.3827 -0.2156 0.8984
vn -0.1950 0.2290 -0.9537
vn 0.7072 -0.1650 0.6875
vn -0.1951 -0.2289 0.9537
vn -0.3825 0.2157 -0.8984
vn 0.8316 -0.1296 0.5401
vn 0.8350 0.1039 -0.5403
vn 0.7119 0.1433 -0.6875
vn -0.9253 -0.0652 0.3735
vn 0.5614 0.1773 -0.8084
vn -0.8337 -0.1079 0.5416
vn 0.3891 0.2043 -0.8983
vn -0.0028 -0.2346 0.9721
vn 0.1925 -0.2358 0.9525
vn -0.7099 -0.1465 0.6889
vn 0.2016 0.2233 -0.9537
vn 0.3802 -0.2281 0.8963
vn -0.5586 -0.1796 0.8097
vn 0.0063 0.2335 -0.9723
vn 0.5531 -0.2117 0.8057
vn -0.3858 -0.2059 0.8993
vn -0.1894 0.2345 -0.9535
vn 0.7047 -0.1873 0.6843
vn -0.1981 -0.2245 0.9541
vn -0.3777 0.2263 -0.8979
vn 0.8292 -0.1558 0.5369
vn -0.5513 0.2092 -0.8076
vn 0.9219 -0.1183 0.3690
vn -0.7036 0.1839 -0.6864
vn 0.9794 -0.0763 0.1871
vn -0.8287 0.1516 -0.5388
vn 0.9995 -0.0314 -0.0019
vn -0.9219 0.1134 -0.3706
vn 0.9815 0.0148 -0.1909
vn -0.9796 0.0709 -0.1882
vn 0.9260 0.0605 -0.3727
vn -0.0064 -0.7102 0.7040
vn -0.0047 -0.5591 0.8291
vn -0.6828 -0.4042 0.6086
vn -0.6832 -0.5145 0.5181
vn -0.0027 -0.3865 0.9223
vn -0.0221 -0.5733 0.8190
vn -0.0215 -0.4022 0.9153
vn -0.0217 -0.7223 0.6912
vn -0.0079 -0.8339 0.5518
vn -0.0204 -0.8434 0.5368
vn -0.0090 -0.9256 0.3784
vn -0.0181 -0.9320 0.3619
vn -0.0098 -0.9817 0.1904
vn -0.0152 -0.9848 0.1733
vn -0.0101 -0.9999 -0.0049
vn -0.0116 -0.9997 -0.0219
vn -0.0101 -0.9797 -0.2000
vn -0.0076 -0.9763 -0.2162
vn -0.0096 -0.9218 -0.3874
vn -0.0033 -0.9156 -0.4022
vn -0.0088 -0.8285 -0.5599
vn 0.0010 -0.8198 -0.5727
vn -0.0076 -0.7033 -0.7108
vn 0.0053 -0.6926 -0.7213
vn -0.0062 -0.5511 -0.8344
vn 0.0093 -0.5388 -0.8424
vn -0.0044 -0.3777 -0.9259
vn 0.0130 -0.3643 -0.9312
vn -0.0025 -0.1898 -0.9818
vn 0.0163 -0.1758 -0.9843
vn -0.0005 0.0053 -1.0000
vn 0.0191 0.0196 -0.9996
vn 0.0015 0.2003 -0.9797
vn 0.0212 0.2143 -0.9765
vn 0.0035 0.3875 -0.9219
vn 0.0227 0.4008 -0.9159
vn 0.0053 0.5598 -0.8286
vn 0.0236 0.5719 -0.8200
vn 0.0070 0.7106 -0.7035
vn 0.0237 0.7210 -0.6926
vn 0.0084 0.8341 -0.5515
vn 0.0231 0.8423 -0.5385
vn 0.0096 0.9256 -0.3783
vn 0.0218 0.9312 -0.3638
vn 0.0103 0.9816 -0.1905
vn 0.0197 0.9843 -0.1752
vn 0.0107 0.9999 0.0045
vn 0.0168 0.9997 0.0201
vn 0.0107 0.9799 0.1994
vn 0.0133 0.9766 0.2145
vn 0.0104 0.9222 0.3866
vn 0.0092 0.9161 0.4008
vn 0.0096 0.8291 0.5590
vn 0.0047 0.8205 0.5717
vn 0.0085 0.7041 0.7100
vn -0.0001 0.6932 0.7207
vn 0.0070 0.5521 0.8337
vn -0.0049 0.5393 0.8421
vn 0.0053 0.3789 0.9254
vn -0.0095 0.3645 0.9312
vn 0.0034 0.1911 0.9816
vn -0.0136 0.1755 0.9844
vn 0.0014 -0.0040 1.0000
vn -0.0171 -0.0203 0.9996
vn -0.0007 -0.1991 0.9800
vn -0.0198 -0.2154 0.9763
vn -0.0485 -0.2419 0.9691
vn -0.0657 -0.0466 0.9967
vn -0.0593 -0.2750 0.9596
vn -0.1438 -0.1012 0.9844
vn -0.0381 -0.2804 0.9591
vn -0.1992 -0.1722 0.9647
vn -0.0152 -0.2557 0.9666
vn -0.2080 -0.2159 0.9540
vn -0.0783 0.1510 0.9854
vn -0.2213 0.0779 0.9721
vn -0.3540 -0.0586 0.9334
vn -0.3934 -0.1692 0.9037
vn -0.0856 0.3429 0.9355
vn -0.2884 0.2561 0.9226
vn -0.4966 0.0562 0.8662
vn -0.5640 -0.1179 0.8173
vn -0.0873 0.5210 0.8491
vn -0.3420 0.4268 0.8372
vn -0.6215 0.1681 0.7652
vn -0.7127 -0.0640 0.6985
vn -0.0842 0.6783 0.7300
vn -0.3798 0.5832 0.7181
vn -0.7233 0.2738 0.6340
vn -0.8336 -0.0095 0.5523
vn -0.0776 0.8085 0.5834
vn -0.4003 0.7181 0.5693
vn -0.7969 0.3703 0.4773
vn -0.9218 0.0443 0.3852
vn -0.0693 0.9071 0.4151
vn -0.4038 0.8244 0.3967
vn -0.8383 0.4548 0.3006
vn -0.9742 0.0964 0.2040
vn -0.0605 0.9709 0.2316
vn -0.3932 0.8956 0.2082
vn -0.8451 0.5231 0.1099
vn -0.9891 0.1463 0.0162
vn -0.0518 0.9979 0.0391
vn -0.3719 0.9282 0.0118
vn -0.8170 0.5700 -0.0871
vn -0.9661 0.1927 -0.1717
vn -0.0428 0.9869 -0.1556
vn -0.3403 0.9220 -0.1846
vn -0.7555 0.5922 -0.2804
vn -0.9059 0.2340 -0.3529
vn -0.0326 0.9380 -0.3452
vn -0.2967 0.8790 -0.3733
vn -0.6636 0.5897 -0.4603
vn -0.8104 0.2676 -0.5212
vn -0.0202 0.8525 -0.5223
vn -0.2403 0.8023 -0.5465
vn -0.5460 0.5639 -0.6196
vn -0.6829 0.2908 -0.6702
vn -0.0053 0.7337 -0.6794
vn -0.1723 0.6958 -0.6973
vn -0.4084 0.5159 -0.7530
vn -0.5283 0.3014 -0.7937
vn 0.0121 0.5863 -0.8100
vn -0.0951 0.5642 -0.8201
vn -0.2567 0.4475 -0.8567
vn -0.3531 0.2982 -0.8868
vn 0.0312 0.4161 -0.9088
vn -0.0118 0.4127 -0.9108
vn -0.0966 0.3614 -0.9274
vn -0.1644 0.2811 -0.9455
vn 0.0509 0.2302 -0.9718
vn 0.0739 0.2469 -0.9662
vn 0.0658 0.2609 -0.9631
vn 0.0301 0.2510 -0.9675
vn 0.0701 0.0359 -0.9969
vn 0.1582 0.0726 -0.9847
vn 0.2249 0.1501 -0.9627
vn 0.2224 0.2097 -0.9521
vn 0.0877 -0.1592 -0.9833
vn 0.2375 -0.1037 -0.9658
vn 0.3751 0.0332 -0.9264
vn 0.4053 0.1593 -0.9002
vn 0.1024 -0.3475 -0.9321
vn 0.3083 -0.2757 -0.9104
vn 0.5110 -0.0851 -0.8553
vn 0.5717 0.1021 -0.8141
vn 0.1136 -0.5220 -0.8453
vn 0.3678 -0.4372 -0.8207
vn 0.6277 -0.2003 -0.7522
vn 0.7157 0.0409 -0.6972
vn 0.1204 -0.6763 -0.7267
vn 0.4135 -0.5822 -0.7001
vn 0.7209 -0.3080 -0.6208
vn 0.8320 -0.0218 -0.5543
vn 0.1227 -0.8047 -0.5808
vn 0.4435 -0.7053 -0.5531
vn 0.7871 -0.4041 -0.4660
vn 0.9167 -0.0836 -0.3908
vn 0.1200 -0.9027 -0.4133
vn 0.4566 -0.8018 -0.3854
vn 0.8238 -0.4850 -0.2936
vn 0.9668 -0.1419 -0.2127
vn 0.1126 -0.9666 -0.2303
vn 0.4525 -0.8683 -0.2033
vn 0.8295 -0.5475 -0.1101
vn 0.9805 -0.1946 -0.0268
vn 0.1006 -0.9942 -0.0386
vn 0.4312 -0.9021 -0.0135
vn 0.8041 -0.5894 0.0777
vn 0.9575 -0.2398 0.1601
vn 0.0846 -0.9843 0.1546
vn 0.3936 -0.9022 0.1767
vn 0.7484 -0.6090 0.2626
vn 0.8986 -0.2758 0.3412
vn 0.0651 -0.9373 0.3423
vn 0.3410 -0.8684 0.3601
vn 0.6646 -0.6056 0.4376
vn 0.8059 -0.3013 0.5097
vn 0.0431 -0.8547 0.5174
vn 0.2754 -0.8020 0.5300
vn 0.5559 -0.5794 0.5960
vn 0.6825 -0.3154 0.6594
vn 0.0194 -0.7391 0.6733
vn 0.1995 -0.7056 0.6800
vn 0.4262 -0.5315 0.7321
vn 0.5329 -0.3175 0.7843
vn -0.0046 -0.5948 0.8038
vn 0.1161 -0.5825 0.8045
vn 0.2803 -0.4637 0.8405
vn 0.3625 -0.3079 0.8797
vn -0.0277 -0.4270 0.9038
vn 0.0286 -0.4373 0.8989
vn 0.1237 -0.3788 0.9172
vn 0.1775 -0.2869 0.9414
vn -0.6823 -0.1419 0.7172
vn -0.6822 -0.0000 0.7311
vn -0.6823 0.1419 0.7172
vn -0.6825 0.2784 0.6758
vn -0.6828 0.4042 0.6086
vn -0.6832 0.5145 0.5181
vn -0.6838 0.6050 0.4079
vn -0.6844 0.6724 0.2821
vn -0.6850 0.7138 0.1456
vn -0.6857 0.7279 0.0037
vn -0.6864 0.7140 -0.1384
vn -0.6870 0.6726 -0.2750
vn -0.6876 0.6054 -0.4009
vn -0.6881 0.5149 -0.5112
vn -0.6886 0.4046 -0.6018
vn -0.6889 0.2787 -0.6692
vn -0.6891 0.1421 -0.7106
vn -0.6891 -0.0000 -0.7246
vn -0.6891 -0.1421 -0.7106
vn -0.6889 -0.2787 -0.6692
vn -0.6886 -0.4046 -0.6018
vn -0.6881 -0.5149 -0.5112
vn -0.6876 -0.6054 -0.4009
vn -0.6870 -0.6726 -0.2750
vn -0.6864 -0.7140 -0.1384
vn -0.6857 -0.7279 0.0036
vn -0.6850 -0.7138 0.1456
vn -0.6844 -0.6723 0.2822
vn -0.6838 -0.6050 0.4079
vn -0.6825 -0.2784 0.6758
vn 0.6857 -0.0000 0.7279
vn 0.6857 0.1420 0.7139
vn -0.0227 0.1912 0.9813
vn -0.0205 -0.0036 0.9998
vn 0.6857 0.2785 0.6725
vn -0.0241 0.3787 0.9252
vn 0.6857 0.4044 0.6052
vn -0.0246 0.5516 0.8338
vn 0.6857 0.5147 0.5147
vn -0.0241 0.7034 0.7104
vn 0.6857 0.6052 0.4044
vn -0.0227 0.8282 0.5599
vn 0.6857 0.6725 0.2785
vn -0.0204 0.9215 0.3880
vn 0.6857 0.7139 0.1420
vn -0.0173 0.9794 0.2011
vn 0.6857 0.7279 0.0000
vn -0.0135 0.9999 0.0064
vn 0.6857 0.7139 -0.1420
vn -0.0092 0.9820 -0.1887
vn 0.6857 0.6725 -0.2785
vn -0.0046 0.9263 -0.3767
vn 0.6857 0.6052 -0.4044
vn 0.0001 0.8350 -0.5502
vn 0.6857 0.5147 -0.5147
vn 0.0047 0.7115 -0.7027
vn 0.6857 0.4044 -0.6052
vn 0.0090 0.5605 -0.8281
vn 0.6857 0.2785 -0.6725
vn 0.0128 0.3878 -0.9217
vn 0.6857 0.1420 -0.7139
vn 0.0160 0.2002 -0.9796
vn 0.6857 -0.0000 -0.7279
vn 0.0184 0.0049 -0.9998
vn 0.6857 -0.1420 -0.7139
vn 0.0201 -0.1905 -0.9815
vn 0.6857 -0.2786 -0.6725
vn 0.0210 -0.3785 -0.9254
vn 0.6857 -0.4044 -0.6052
vn 0.0210 -0.5519 -0.8337
vn 0.6857 -0.5147 -0.5147
vn 0.0203 -0.7040 -0.7099
vn 0.6857 -0.6052 -0.4044
vn 0.0188 -0.8290 -0.5589
vn 0.6857 -0.6725 -0.2786
vn 0.0167 -0.9222 -0.3864
vn 0.6857 -0.7139 -0.1420
vn 0.0139 -0.9799 -0.1991
vn 0.6857 -0.7279 0.0000
vn 0.0107 -0.9999 -0.0040
vn 0.6857 -0.7139 0.1420
vn 0.0069 -0.9815 0.1913
vn 0.6857 -0.6725 0.2786
vn 0.0029 -0.9253 0.3792
vn 0.6857 -0.6052 0.4044
vn -0.0014 -0.8335 0.5526
vn 0.6857 -0.5147 0.5147
vn -0.0057 -0.7095 0.7046
vn 0.6857 -0.4044 0.6052
vn -0.0100 -0.5584 0.8295
vn 0.6857 -0.2786 0.6725
vn -0.0140 -0.3858 0.9225
vn 0.6857 -0.1420 0.7139
vn -0.0175 -0.1984 0.9800
vn 0.7087 0.1596 -0.6872
vn 0.5577 0.1925 -0.8074
vn -0.5611 -0.2288 0.7955
vn -0.5776 -0.2578 0.7746
vn -0.7257 -0.2070 0.6561
vn -0.7121 -0.1958 0.6742
vn -0.8457 -0.1489 0.5124
vn -0.8355 -0.1559 0.5268
vn -0.9331 -0.0858 0.3492
vn -0.9268 -0.1107 0.3590
vn -0.9848 -0.0202 0.1726
vn -0.9822 -0.0619 0.1773
vn -0.9989 0.0454 -0.0106
vn -0.9999 -0.0114 -0.0114
vn -0.9751 0.1085 -0.1937
vn -0.9791 0.0387 -0.1996
vn -0.9142 0.1666 -0.3696
vn -0.9208 0.0867 -0.3802
vn -0.8185 0.2176 -0.5317
vn -0.8273 0.1305 -0.5463
vn -0.6917 0.2596 -0.6740
vn -0.7023 0.1687 -0.6916
vn -0.5384 0.2910 -0.7908
vn -0.5505 0.1997 -0.8106
vn -0.3645 0.3107 -0.8779
vn -0.3777 0.2223 -0.8989
vn -0.1765 0.3179 -0.9316
vn -0.1905 0.2357 -0.9530
vn 0.0184 0.3125 -0.9497
vn 0.0040 0.2394 -0.9709
vn 0.2126 0.2947 -0.9316
vn 0.1984 0.2332 -0.9520
vn 0.3988 0.2653 -0.8778
vn 0.3854 0.2174 -0.8968
vn 0.5697 0.2255 -0.7903
vn 0.7187 0.1769 -0.6725
vn 0.8400 0.1212 -0.5289
vn 0.8327 0.1198 -0.5407
vn 0.9289 0.0606 -0.3652
vn 0.9246 0.0748 -0.3734
vn 0.9822 -0.0029 -0.1878
vn 0.9811 0.0261 -0.1919
vn 0.9977 -0.0670 -0.0035
vn 0.9997 -0.0242 -0.0032
vn 0.9750 -0.1295 0.1806
vn 0.9798 -0.0744 0.1856
vn 0.9148 -0.1881 0.3575
vn 0.9222 -0.1223 0.3670
vn 0.8192 -0.2406 0.5206
vn 0.8289 -0.1662 0.5341
vn 0.6918 -0.2849 0.6635
vn 0.7038 -0.2045 0.6803
vn 0.5374 -0.3190 0.7807
vn 0.5515 -0.2356 0.8002
vn 0.3619 -0.3412 0.8675
vn 0.3780 -0.2583 0.8891
vn 0.1720 -0.3506 0.9206
vn 0.1898 -0.2718 0.9434
vn -0.0246 -0.3465 0.9377
vn -0.0057 -0.2756 0.9612
vn -0.2201 -0.3290 0.9183
vn -0.2010 -0.2695 0.9418
vn -0.4069 -0.2990 0.8632
vn -0.3885 -0.2537 0.8858
vn -0.2521 -0.3550 0.9002
vn -0.4298 -0.2835 0.8572
vn -0.2575 -0.3172 0.9127
vn -0.3959 -0.1826 0.9000
vn -0.1854 -0.2518 0.9498
vn -0.2576 -0.0710 0.9636
vn -0.0822 -0.2136 0.9735
vn -0.1037 -0.0201 0.9944
vn -0.0634 -0.4116 0.9091
vn -0.1096 -0.4399 0.8913
vn -0.1074 -0.4239 0.8993
vn -0.0581 -0.3994 0.9149
vn 0.1292 -0.4502 0.8835
vn 0.0425 -0.5460 0.8367
vn -0.0270 -0.5808 0.8136
vn -0.0326 -0.5701 0.8209
vn 0.3185 -0.4680 0.8243
vn 0.1934 -0.6314 0.7509
vn 0.0516 -0.7169 0.6953
vn -0.0069 -0.7191 0.6948
vn 0.4968 -0.4631 0.7339
vn 0.3379 -0.6928 0.6371
vn 0.1244 -0.8268 0.5486
vn 0.0178 -0.8404 0.5416
vn 0.6565 -0.4349 0.6163
vn 0.4705 -0.7281 0.4985
vn 0.1871 -0.9064 0.3786
vn 0.0406 -0.9292 0.3673
vn 0.7903 -0.3850 0.4766
vn 0.5858 -0.7366 0.3382
vn 0.2359 -0.9526 0.1922
vn 0.0606 -0.9820 0.1789
vn 0.8920 -0.3190 0.3203
vn 0.6778 -0.7179 0.1589
vn 0.2692 -0.9631 -0.0020
vn 0.0777 -0.9968 -0.0162
vn 0.9575 -0.2447 0.1524
vn 0.7423 -0.6693 -0.0335
vn 0.2909 -0.9369 -0.1941
vn 0.0918 -0.9733 -0.2102
vn 0.9854 -0.1688 -0.0231
vn 0.7787 -0.5856 -0.2250
vn 0.3115 -0.8730 -0.3752
vn 0.1031 -0.9125 -0.3958
vn 0.9751 -0.0934 -0.2012
vn 0.7863 -0.4714 -0.3994
vn 0.3382 -0.7706 -0.5402
vn 0.1115 -0.8168 -0.5661
vn 0.9271 -0.0167 -0.3745
vn 0.7614 -0.3411 -0.5513
vn 0.3611 -0.6325 -0.6853
vn 0.1169 -0.6894 -0.7148
vn 0.8430 0.0624 -0.5343
vn 0.7039 -0.2046 -0.6802
vn 0.3647 -0.4678 -0.8051
vn 0.1186 -0.5352 -0.8364
vn 0.7263 0.1431 -0.6723
vn 0.6172 -0.0653 -0.7841
vn 0.3444 -0.2869 -0.8939
vn 0.1160 -0.3597 -0.9258
vn 0.5820 0.2225 -0.7822
vn 0.5065 0.0747 -0.8590
vn 0.3031 -0.0981 -0.9479
vn 0.1083 -0.1699 -0.9795
vn 0.4159 0.2971 -0.8595
vn 0.3769 0.2117 -0.9017
vn 0.2451 0.0913 -0.9652
vn 0.0953 0.0268 -0.9951
vn 0.2348 0.3630 -0.9017
vn 0.2338 0.3415 -0.9103
vn 0.1745 0.2747 -0.9456
vn 0.0772 0.2224 -0.9719
vn 0.0457 0.4170 -0.9078
vn 0.0825 0.4593 -0.8844
vn 0.0953 0.4456 -0.8902
vn 0.0547 0.4090 -0.9109
vn -0.1442 0.4564 -0.8780
vn -0.0714 0.5608 -0.8249
vn 0.0114 0.5981 -0.8013
vn 0.0290 0.5792 -0.8147
vn -0.3277 0.4793 -0.8142
vn -0.2222 0.6417 -0.7340
vn -0.0736 0.7271 -0.6826
vn 0.0013 0.7265 -0.6872
vn -0.4981 0.4844 -0.7192
vn -0.3644 0.6990 -0.6153
vn -0.1559 0.8282 -0.5383
vn -0.0271 0.8453 -0.5336
vn -0.6492 0.4714 -0.5969
vn -0.4928 0.7303 -0.4732
vn -0.2323 0.8978 -0.3741
vn -0.0548 0.9313 -0.3600
vn -0.7754 0.4407 -0.4523
vn -0.6025 0.7341 -0.3131
vn -0.2998 0.9337 -0.1958
vn -0.0804 0.9816 -0.1731
vn -0.8722 0.3933 -0.2909
vn -0.6895 0.7104 -0.1412
vn -0.3557 0.9345 -0.0103
vn -0.1030 0.9945 0.0200
vn -0.9361 0.3309 -0.1188
vn -0.7506 0.6598 0.0361
vn -0.3981 0.9004 0.1756
vn -0.1215 0.9697 0.2121
vn -0.9650 0.2559 0.0575
vn -0.7833 0.5843 0.2121
vn -0.4253 0.8325 0.3550
vn -0.1352 0.9082 0.3961
vn -0.9577 0.1711 0.2316
vn -0.7866 0.4868 0.3800
vn -0.4364 0.7334 0.5212
vn -0.1437 0.8125 0.5650
vn -0.9144 0.0795 0.3969
vn -0.7602 0.3709 0.5334
vn -0.4310 0.6067 0.6680
vn -0.1465 0.6860 0.7127
vn -0.8368 -0.0154 0.5473
vn -0.7054 0.2409 0.6667
vn -0.4092 0.4571 0.7897
vn -0.1436 0.5336 0.8335
vn -0.7274 -0.1100 0.6773
vn -0.6241 0.1019 0.7747
vn -0.3719 0.2901 0.8818
vn -0.1352 0.3607 0.9228
vn -0.5901 -0.2007 0.7820
vn -0.5197 -0.0411 0.8534
vn -0.3207 0.1119 0.9406
vn -0.1217 0.1738 0.9772
vn 0.9814 -0.0201 0.1911
vn 0.9997 0.0259 0.0015
vn -0.7119 0.1433 -0.6875
vn -0.8350 0.1039 -0.5403
vn 0.9253 -0.0652 0.3735
vn -0.5614 0.1773 -0.8084
vn 0.8337 -0.1079 0.5416
vn -0.3891 0.2043 -0.8983
vn -0.1925 -0.2358 0.9525
vn 0.0028 -0.2346 0.9721
vn 0.7099 -0.1465 0.6889
vn -0.2016 0.2233 -0.9537
vn -0.3802 -0.2281 0.8963
vn 0.5586 -0.1796 0.8097
vn -0.0063 0.2335 -0.9723
vn -0.5531 -0.2117 0.8057
vn 0.3858 -0.2059 0.8993
vn 0.1894 0.2345 -0.9535
vn -0.7047 -0.1873 0.6843
vn 0.1981 -0.2245 0.9541
vn 0.3777 0.2263 -0.8979
vn -0.8292 -0.1558 0.5369
vn 0.5513 0.2092 -0.8076
vn -0.9219 -0.1183 0.3690
vn 0.7036 0.1839 -0.6864
vn -0.9794 -0.0763 0.1871
vn 0.8287 0.1516 -0.5388
vn -0.9995 -0.0314 -0.0019
vn 0.9219 0.1134 -0.3706
vn -0.9815 0.0148 -0.1909
vn 0.9796 0.0709 -0.1882
vn -0.9260 0.0605 -0.3727
vn 0.0064 -0.7101 0.7040
vn 0.6832 -0.5145 0.5181
vn 0.6828 -0.4042 0.6086
vn 0.0047 -0.5591 0.8291
vn 0.0027 -0.3865 0.9223
vn 0.0215 -0.4022 0.9153
vn 0.0221 -0.5733 0.8190
vn 0.0217 -0.7223 0.6912
vn 0.0204 -0.8434 0.5368
vn 0.0079 -0.8339 0.5519
vn 0.0181 -0.9320 0.3619
vn 0.0090 -0.9256 0.3784
vn 0.0152 -0.9848 0.1733
vn 0.0098 -0.9817 0.1904
vn 0.0116 -0.9997 -0.0219
vn 0.0101 -0.9999 -0.0049
vn 0.0076 -0.9763 -0.2162
vn 0.0101 -0.9797 -0.2000
vn 0.0033 -0.9156 -0.4022
vn 0.0096 -0.9218 -0.3874
vn -0.0010 -0.8198 -0.5727
vn 0.0088 -0.8285 -0.5599
vn -0.0053 -0.6926 -0.7213
vn 0.0076 -0.7033 -0.7108
vn -0.0093 -0.5388 -0.8424
vn 0.0062 -0.5511 -0.8344
vn -0.0130 -0.3643 -0.9312
vn 0.0044 -0.3777 -0.9259
vn -0.0163 -0.1758 -0.9843
vn 0.0025 -0.1898 -0.9818
vn -0.0191 0.0196 -0.9996
vn 0.0005 0.0053 -1.0000
vn -0.0212 0.2143 -0.9765
vn -0.0015 0.2003 -0.9797
vn -0.0227 0.4008 -0.9159
vn -0.0035 0.3875 -0.9219
vn -0.0236 0.5719 -0.8200
vn -0.0053 0.5598 -0.8286
vn -0.0237 0.7210 -0.6926
vn -0.0070 0.7106 -0.7035
vn -0.0231 0.8423 -0.5385
vn -0.0084 0.8341 -0.5515
vn -0.0218 0.9312 -0.3638
vn -0.0096 0.9256 -0.3783
vn -0.0197 0.9843 -0.1752
vn -0.0103 0.9816 -0.1905
vn -0.0168 0.9997 0.0201
vn -0.0107 0.9999 0.0045
vn -0.0133 0.9766 0.2145
vn -0.0107 0.9799 0.1994
vn -0.0092 0.9161 0.4008
vn -0.0104 0.9222 0.3866
vn -0.0047 0.8205 0.5717
vn -0.0096 0.8291 0.5590
vn 0.0001 0.6932 0.7207
vn -0.0085 0.7041 0.7100
vn 0.0049 0.5393 0.8421
vn -0.0070 0.5521 0.8337
vn 0.0095 0.3645 0.9312
vn -0.0053 0.3789 0.9254
vn 0.0136 0.1755 0.9844
vn -0.0034 0.1911 0.9816
vn 0.0171 -0.0203 0.9996
vn -0.0014 -0.0040 1.0000
vn 0.0198 -0.2154 0.9763
vn 0.0007 -0.1991 0.9800
vn 0.0657 -0.0466 0.9967
vn 0.0485 -0.2419 0.9691
vn 0.1438 -0.1012 0.9844
vn 0.0593 -0.2750 0.9596
vn 0.1992 -0.1722 0.9647
vn 0.0381 -0.2804 0.9591
vn 0.2080 -0.2159 0.9540
vn 0.0152 -0.2557 0.9666
vn 0.0783 0.1510 0.9854
vn 0.2213 0.0779 0.9721
vn 0.3540 -0.0586 0.9334
vn 0.3934 -0.1692 0.9037
vn 0.0856 0.3429 0.9355
vn 0.2884 0.2561 0.9226
vn 0.4966 0.0562 0.8662
vn 0.5640 -0.1179 0.8173
vn 0.0873 0.5210 0.8491
vn 0.3420 0.4268 0.8372
vn 0.6215 0.1681 0.7652
vn 0.7127 -0.0640 0.6985
vn 0.0842 0.6783 0.7300
vn 0.3798 0.5832 0.7181
vn 0.7233 0.2738 0.6340
vn 0.8336 -0.0095 0.5523
vn 0.0776 0.8085 0.5834
vn 0.4003 0.7181 0.5693
vn 0.7969 0.3703 0.4773
vn 0.9218 0.0443 0.3852
vn 0.0693 0.9071 0.4151
vn 0.4038 0.8244 0.3967
vn 0.8383 0.4548 0.3006
vn 0.9742 0.0964 0.2040
vn 0.0605 0.9709 0.2316
vn 0.3932 0.8956 0.2082
vn 0.8451 0.5231 0.1099
vn 0.9891 0.1463 0.0162
vn 0.0518 0.9979 0.0391
vn 0.3719 0.9282 0.0118
vn 0.8170 0.5700 -0.0871
vn 0.9661 0.1927 -0.1717
vn 0.0428 0.9869 -0.1556
vn 0.3403 0.9220 -0.1846
vn 0.7555 0.5922 -0.2804
vn 0.9059 0.2340 -0.3529
vn 0.0326 0.9380 -0.3452
vn 0.2967 0.8790 -0.3733
vn 0.6636 0.5897 -0.4603
vn 0.8104 0.2676 -0.5212
vn 0.0202 0.8525 -0.5223
vn 0.2403 0.8023 -0.5465
vn 0.5460 0.5639 -0.6196
vn 0.6829 0.2908 -0.6702
vn 0.0053 0.7337 -0.6794
vn 0.1723 0.6958 -0.6973
vn 0.4084 0.5159 -0.7530
vn 0.5283 0.3014 -0.7937
vn -0.0121 0.5863 -0.8100
vn 0.0951 0.5642 -0.8201
vn 0.2567 0.4475 -0.8567
vn 0.3531 0.2982 -0.8868
vn -0.0312 0.4161 -0.9088
vn 0.0118 0.4127 -0.9108
vn 0.0966 0.3614 -0.9274
vn 0.1644 0.2811 -0.9455
vn -0.0509 0.2302 -0.9718
vn -0.0739 0.2469 -0.9662
vn -0.0658 0.2609 -0.9631
vn -0.0301 0.2510 -0.9675
vn -0.0701 0.0359 -0.9969
vn -0.1582 0.0726 -0.9847
vn -0.2249 0.1501 -0.9627
vn -0.2224 0.2097 -0.9521
vn -0.0877 -0.1592 -0.9833
vn -0.2375 -0.1037 -0.9658
vn -0.3751 0.0332 -0.9264
vn -0.4053 0.1593 -0.9002
vn -0.1024 -0.3475 -0.9321
vn -0.3083 -0.2757 -0.9104
vn -0.5110 -0.0851 -0.8553
vn -0.5717 0.1021 -0.8141
vn -0.1136 -0.5220 -0.8453
vn -0.3678 -0.4372 -0.8207
vn -0.6277 -0.2003 -0.7522
vn -0.7157 0.0409 -0.6972
vn -0.1204 -0.6763 -0.7267
vn -0.4135 -0.5822 -0.7001
vn -0.7209 -0.3080 -0.6208
vn -0.8320 -0.0218 -0.5543
vn -0.1227 -0.8047 -0.5808
vn -0.4435 -0.7053 -0.5531
vn -0.7871 -0.4041 -0.4660
vn -0.9167 -0.0836 -0.3908
vn -0.1200 -0.9027 -0.4133
vn -0.4566 -0.8018 -0.3854
vn -0.8238 -0.4850 -0.2936
vn -0.9668 -0.1419 -0.2127
vn -0.1126 -0.9666 -0.2303
vn -0.4525 -0.8683 -0.2033
vn -0.8295 -0.5475 -0.1101
vn -0.9805 -0.1946 -0.0268
vn -0.1006 -0.9942 -0.0386
vn -0.4312 -0.9021 -0.0135
vn -0.8041 -0.5894 0.0777
vn -0.9575 -0.2398 0.1601
vn -0.0846 -0.9843 0.1546
vn -0.3936 -0.9022 0.1767
vn -0.7484 -0.6090 0.2626
vn -0.8986 -0.2758 0.3412
vn -0.0651 -0.9373 0.3423
vn -0.3410 -0.8684 0.3601
vn -0.6646 -0.6056 0.4376
vn -0.8059 -0.3013 0.5097
vn -0.0431 -0.8547 0.5174
vn -0.2754 -0.8020 0.5300
vn -0.5559 -0.5794 0.5960
vn -0.6825 -0.3154 0.6594
vn -0.0194 -0.7391 0.6733
vn -0.1995 -0.7056 0.6800
vn -0.4262 -0.5315 0.7321
vn -0.5329 -0.3175 0.7843
vn 0.0046 -0.5948 0.8038
vn -0.1161 -0.5825 0.8045
vn -0.2803 -0.4637 0.8405
vn -0.3625 -0.3079 0.8797
vn 0.0277 -0.4270 0.9038
vn -0.0286 -0.4373 0.8989
vn -0.1237 -0.3788 0.9172
vn -0.1775 -0.2869 0.9414
vn 0.6823 -0.1419 0.7172
vn 0.6825 -0.2784 0.6758
vn 0.6838 -0.6050 0.4079
vn 0.6844 -0.6723 0.2821
vn 0.6850 -0.7138 0.1456
vn 0.6857 -0.7279 0.0036
vn 0.6864 -0.7140 -0.1384
vn 0.6870 -0.6726 -0.2750
vn 0.6876 -0.6054 -0.4009
vn 0.6881 -0.5149 -0.5112
vn 0.6886 -0.4046 -0.6018
vn 0.6889 -0.2787 -0.6692
vn 0.6891 -0.1421 -0.7106
vn 0.6891 0.0000 -0.7246
vn 0.6891 0.1421 -0.7106
vn 0.6889 0.2787 -0.6692
vn 0.6886 0.4046 -0.6018
vn 0.6881 0.5149 -0.5112
vn 0.6876 0.6054 -0.4009
vn 0.6870 0.6726 -0.2750
vn 0.6864 0.7140 -0.1384
vn 0.6857 0.7279 0.0036
vn 0.6850 0.7138 0.1456
vn 0.6844 0.6724 0.2821
vn 0.6838 0.6050 0.4079
vn 0.6832 0.5145 0.5181
vn 0.6828 0.4042 0.6086
vn 0.6825 0.2784 0.6758
vn 0.6823 0.1419 0.7172
vn 0.6822 -0.0000 0.7311
usemtl Gulv_Lift_Handle
s 1
f 579/853/235 580/854/236 582/855/237 581/856/238
f 581/856/238 582/855/237 584/857/239 583/858/240
f 583/858/240 584/857/239 586/859/241 585/860/242
f 585/860/242 586/859/241 588/861/243 587/862/244
f 587/862/244 588/861/243 590/863/245 589/864/246
f 589/864/246 590/863/245 592/865/247 591/866/248
f 591/866/248 592/865/247 594/867/249 593/868/250
f 593/868/250 594/867/249 596/869/251 595/870/252
f 595/870/252 596/869/251 598/871/253 597/872/254
f 597/872/254 598/871/253 600/873/255 599/874/256
f 599/874/256 600/873/255 602/875/257 601/876/258
f 601/876/258 602/875/257 604/877/259 603/878/260
f 603/878/260 604/877/259 606/879/261 605/880/262
f 605/880/262 606/879/261 608/881/263 607/882/264
f 607/882/264 608/881/263 610/883/265 609/884/266
f 609/884/266 610/883/265 612/885/267 611/886/268
f 611/886/268 612/885/267 614/887/269 613/888/270
f 613/888/270 614/887/269 616/889/271 615/890/272
f 615/890/272 616/889/271 618/891/273 617/892/274
f 617/892/274 618/891/273 620/893/275 619/894/276
f 619/894/276 620/893/275 622/895/277 621/896/278
f 621/896/278 622/895/277 624/897/279 623/898/280
f 623/898/280 624/897/279 626/899/281 625/900/282
f 625/900/282 626/899/281 628/901/283 627/902/284
f 627/902/284 628/901/283 630/903/285 629/904/286
f 629/904/286 630/903/285 632/905/287 631/906/288
f 631/906/288 632/905/287 634/907/289 633/908/290
f 633/908/290 634/907/289 636/909/291 635/910/292
f 635/910/292 636/909/291 638/911/293 637/912/294
f 637/912/294 638/911/293 640/913/295 639/914/296
f 639/914/296 640/913/295 642/915/297 641/916/298
f 641/916/298 642/915/297 580/917/236 579/918/235
f 579/919/235 581/920/238 583/921/240 585/922/242 587/923/244 589/924/246 591/925/248 593/926/250 595/927/252 597/928/254 599/929/256 601/930/258 603/931/260 605/932/262 607/933/264 609/934/266 611/935/268 613/936/270 615/937/272 617/938/274 619/939/276 621/940/278 623/941/280 625/942/282 627/943/284 629/944/286 631/945/288 633/946/290 635/947/292 637/948/294 639/949/296 641/950/298
f 663/951/299 662/952/300 854/953/301 855/954/302
f 646/955/303 647/956/304 829/957/305 830/958/306
f 647/956/304 648/959/307 824/960/308 829/957/305
f 648/959/307 649/961/309 819/962/310 824/960/308
f 649/961/309 650/963/311 814/964/312 819/962/310
f 650/963/311 651/965/313 809/966/314 814/964/312
f 651/965/313 652/967/315 804/968/316 809/966/314
f 652/967/315 653/969/317 799/970/318 804/968/316
f 653/969/317 654/971/319 794/972/320 799/970/318
f 654/971/319 655/973/321 789/974/322 794/972/320
f 655/973/321 656/975/323 784/976/324 789/974/322
f 656/975/323 657/977/325 779/978/326 784/976/324
f 657/977/325 658/979/327 774/980/328 779/978/326
f 658/979/327 659/981/329 769/982/330 774/980/328
f 659/981/329 660/983/331 764/984/332 769/982/330
f 660/983/331 661/985/333 759/986/334 764/984/332
f 661/985/333 662/952/300 754/987/335 759/986/334
f 662/952/300 663/951/299 749/988/336 754/987/335
f 663/951/299 664/989/337 744/990/338 749/988/336
f 664/989/337 665/991/339 739/992/340 744/990/338
f 665/991/339 666/993/341 734/994/342 739/992/340
f 666/993/341 667/995/343 729/996/344 734/994/342
f 667/995/343 668/997/345 724/998/346 729/996/344
f 668/997/345 669/999/347 719/1000/348 724/998/346
f 669/999/347 670/1001/349 714/1002/350 719/1000/348
f 670/1001/349 671/1003/351 709/1004/352 714/1002/350
f 671/1003/351 672/1005/353 704/1006/354 709/1004/352
f 672/1005/353 673/1007/355 699/1008/356 704/1006/354
f 673/1007/355 674/1009/357 694/1010/358 699/1008/356
f 674/1009/357 643/1011/359 689/1012/360 694/1010/358
f 643/1011/359 644/1013/361 684/1014/362 689/1012/360
f 644/1013/361 645/1015/363 679/1016/364 684/1014/362
f 645/1015/363 646/955/303 830/958/306 679/1017/364
f 684/1014/362 679/1016/364 678/1018/365 683/1019/366
f 683/1019/366 678/1018/365 677/1020/367 682/1021/368
f 682/1021/368 677/1020/367 676/1022/369 681/1023/370
f 681/1023/370 676/1022/369 675/1024/371 680/1025/372
f 680/1025/372 675/1024/371 580/917/236 642/915/297
f 689/1012/360 684/1014/362 683/1019/366 688/1026/373
f 688/1026/373 683/1019/366 682/1021/368 687/1027/374
f 687/1027/374 682/1021/368 681/1023/370 686/1028/375
f 686/1028/375 681/1023/370 680/1025/372 685/1029/376
f 685/1029/376 680/1025/372 642/915/297 640/913/295
f 694/1010/358 689/1012/360 688/1026/373 693/1030/377
f 693/1030/377 688/1026/373 687/1027/374 692/1031/378
f 692/1031/378 687/1027/374 686/1028/375 691/1032/379
f 691/1032/379 686/1028/375 685/1029/376 690/1033/380
f 690/1033/380 685/1029/376 640/913/295 638/911/293
f 699/1008/356 694/1010/358 693/1030/377 698/1034/381
f 698/1034/381 693/1030/377 692/1031/378 697/1035/382
f 697/1035/382 692/1031/378 691/1032/379 696/1036/383
f 696/1036/383 691/1032/379 690/1033/380 695/1037/384
f 695/1037/384 690/1033/380 638/911/293 636/909/291
f 704/1006/354 699/1008/356 698/1034/381 703/1038/385
f 703/1038/385 698/1034/381 697/1035/382 702/1039/386
f 702/1039/386 697/1035/382 696/1036/383 701/1040/387
f 701/1040/387 696/1036/383 695/1037/384 700/1041/388
f 700/1041/388 695/1037/384 636/909/291 634/907/289
f 709/1004/352 704/1006/354 703/1038/385 708/1042/389
f 708/1042/389 703/1038/385 702/1039/386 707/1043/390
f 707/1043/390 702/1039/386 701/1040/387 706/1044/391
f 706/1044/391 701/1040/387 700/1041/388 705/1045/392
f 705/1045/392 700/1041/388 634/907/289 632/905/287
f 714/1002/350 709/1004/352 708/1042/389 713/1046/393
f 713/1046/393 708/1042/389 707/1043/390 712/1047/394
f 712/1047/394 707/1043/390 706/1044/391 711/1048/395
f 711/1048/395 706/1044/391 705/1045/392 710/1049/396
f 710/1049/396 705/1045/392 632/905/287 630/903/285
f 719/1000/348 714/1002/350 713/1046/393 718/1050/397
f 718/1050/397 713/1046/393 712/1047/394 717/1051/398
f 717/1051/398 712/1047/394 711/1048/395 716/1052/399
f 716/1052/399 711/1048/395 710/1049/396 715/1053/400
f 715/1053/400 710/1049/396 630/903/285 628/901/283
f 724/998/346 719/1000/348 718/1050/397 723/1054/401
f 723/1054/401 718/1050/397 717/1051/398 722/1055/402
f 722/1055/402 717/1051/398 716/1052/399 721/1056/403
f 721/1056/403 716/1052/399 715/1053/400 720/1057/404
f 720/1057/404 715/1053/400 628/901/283 626/899/281
f 729/996/344 724/998/346 723/1054/401 728/1058/405
f 728/1058/405 723/1054/401 722/1055/402 727/1059/406
f 727/1059/406 722/1055/402 721/1056/403 726/1060/407
f 726/1060/407 721/1056/403 720/1057/404 725/1061/408
f 725/1061/408 720/1057/404 626/899/281 624/897/279
f 734/994/342 729/996/344 728/1058/405 733/1062/409
f 733/1062/409 728/1058/405 727/1059/406 732/1063/410
f 732/1063/410 727/1059/406 726/1060/407 731/1064/411
f 731/1064/411 726/1060/407 725/1061/408 730/1065/412
f 730/1065/412 725/1061/408 624/897/279 622/895/277
f 739/992/340 734/994/342 733/1062/409 738/1066/413
f 738/1066/413 733/1062/409 732/1063/410 737/1067/414
f 737/1067/414 732/1063/410 731/1064/411 736/1068/415
f 736/1068/415 731/1064/411 730/1065/412 735/1069/416
f 735/1069/416 730/1065/412 622/895/277 620/893/275
f 744/990/338 739/992/340 738/1066/413 743/1070/417
f 743/1070/417 738/1066/413 737/1067/414 742/1071/418
f 742/1071/418 737/1067/414 736/1068/415 741/1072/419
f 741/1072/419 736/1068/415 735/1069/416 740/1073/420
f 740/1073/420 735/1069/416 620/893/275 618/891/273
f 749/988/336 744/990/338 743/1070/417 748/1074/421
f 748/1074/421 743/1070/417 742/1071/418 747/1075/422
f 747/1075/422 742/1071/418 741/1072/419 746/1076/423
f 746/1076/423 741/1072/419 740/1073/420 745/1077/424
f 745/1077/424 740/1073/420 618/891/273 616/889/271
f 754/987/335 749/988/336 748/1074/421 753/1078/425
f 753/1078/425 748/1074/421 747/1075/422 752/1079/426
f 752/1079/426 747/1075/422 746/1076/423 751/1080/427
f 751/1080/427 746/1076/423 745/1077/424 750/1081/428
f 750/1081/428 745/1077/424 616/889/271 614/887/269
f 759/986/334 754/987/335 753/1078/425 758/1082/429
f 758/1082/429 753/1078/425 752/1079/426 757/1083/430
f 757/1083/430 752/1079/426 751/1080/427 756/1084/431
f 756/1084/431 751/1080/427 750/1081/428 755/1085/432
f 755/1085/432 750/1081/428 614/887/269 612/885/267
f 764/984/332 759/986/334 758/1082/429 763/1086/433
f 763/1086/433 758/1082/429 757/1083/430 762/1087/434
f 762/1087/434 757/1083/430 756/1084/431 761/1088/435
f 761/1088/435 756/1084/431 755/1085/432 760/1089/436
f 760/1089/436 755/1085/432 612/885/267 610/883/265
f 769/982/330 764/984/332 763/1086/433 768/1090/437
f 768/1090/437 763/1086/433 762/1087/434 767/1091/438
f 767/1091/438 762/1087/434 761/1088/435 766/1092/439
f 766/1092/439 761/1088/435 760/1089/436 765/1093/440
f 765/1093/440 760/1089/436 610/883/265 608/881/263
f 774/980/328 769/982/330 768/1090/437 773/1094/441
f 773/1094/441 768/1090/437 767/1091/438 772/1095/442
f 772/1095/442 767/1091/438 766/1092/439 771/1096/443
f 771/1096/443 766/1092/439 765/1093/440 770/1097/444
f 770/1097/444 765/1093/440 608/881/263 606/879/261
f 779/978/326 774/980/328 773/1094/441 778/1098/445
f 778/1098/445 773/1094/441 772/1095/442 777/1099/446
f 777/1099/446 772/1095/442 771/1096/443 776/1100/447
f 776/1100/447 771/1096/443 770/1097/444 775/1101/448
f 775/1101/448 770/1097/444 606/879/261 604/877/259
f 784/976/324 779/978/326 778/1098/445 783/1102/449
f 783/1102/449 778/1098/445 777/1099/446 782/1103/450
f 782/1103/450 777/1099/446 776/1100/447 781/1104/451
f 781/1104/451 776/1100/447 775/1101/448 780/1105/452
f 780/1105/452 775/1101/448 604/877/259 602/875/257
f 789/974/322 784/976/324 783/1102/449 788/1106/453
f 788/1106/453 783/1102/449 782/1103/450 787/1107/454
f 787/1107/454 782/1103/450 781/1104/451 786/1108/455
f 786/1108/455 781/1104/451 780/1105/452 785/1109/456
f 785/1109/456 780/1105/452 602/875/257 600/873/255
f 794/972/320 789/974/322 788/1106/453 793/1110/457
f 793/1110/457 788/1106/453 787/1107/454 792/1111/458
f 792/1111/458 787/1107/454 786/1108/455 791/1112/459
f 791/1112/459 786/1108/455 785/1109/456 790/1113/460
f 790/1113/460 785/1109/456 600/873/255 598/871/253
f 799/970/318 794/972/320 793/1110/457 798/1114/461
f 798/1114/461 793/1110/457 792/1111/458 797/1115/462
f 797/1115/462 792/1111/458 791/1112/459 796/1116/463
f 796/1116/463 791/1112/459 790/1113/460 795/1117/464
f 795/1117/464 790/1113/460 598/871/253 596/869/251
f 804/968/316 799/970/318 798/1114/461 803/1118/465
f 803/1118/465 798/1114/461 797/1115/462 802/1119/466
f 802/1119/466 797/1115/462 796/1116/463 801/1120/467
f 801/1120/467 796/1116/463 795/1117/464 800/1121/468
f 800/1121/468 795/1117/464 596/869/251 594/867/249
f 809/966/314 804/968/316 803/1118/465 808/1122/469
f 808/1122/469 803/1118/465 802/1119/466 807/1123/470
f 807/1123/470 802/1119/466 801/1120/467 806/1124/471
f 806/1124/471 801/1120/467 800/1121/468 805/1125/472
f 805/1125/472 800/1121/468 594/867/249 592/865/247
f 814/964/312 809/966/314 808/1122/469 813/1126/473
f 813/1126/473 808/1122/469 807/1123/470 812/1127/474
f 812/1127/474 807/1123/470 806/1124/471 811/1128/475
f 811/1128/475 806/1124/471 805/1125/472 810/1129/476
f 810/1129/476 805/1125/472 592/865/247 590/863/245
f 819/962/310 814/964/312 813/1126/473 818/1130/477
f 818/1130/477 813/1126/473 812/1127/474 817/1131/478
f 817/1131/478 812/1127/474 811/1128/475 816/1132/479
f 816/1132/479 811/1128/475 810/1129/476 815/1133/480
f 815/1133/480 810/1129/476 590/863/245 588/861/243
f 824/960/308 819/962/310 818/1130/477 823/1134/481
f 823/1134/481 818/1130/477 817/1131/478 822/1135/482
f 822/1135/482 817/1131/478 816/1132/479 821/1136/483
f 821/1136/483 816/1132/479 815/1133/480 820/1137/484
f 820/1137/484 815/1133/480 588/861/243 586/859/241
f 829/957/305 824/960/308 823/1134/481 828/1138/485
f 828/1138/485 823/1134/481 822/1135/482 827/1139/486
f 827/1139/486 822/1135/482 821/1136/483 826/1140/487
f 826/1140/487 821/1136/483 820/1137/484 825/1141/488
f 825/1141/488 820/1137/484 586/859/241 584/857/239
f 830/958/306 829/957/305 828/1138/485 831/1142/489
f 831/1142/489 828/1138/485 827/1139/486 832/1143/490
f 832/1143/490 827/1139/486 826/1140/487 833/1144/491
f 833/1144/491 826/1140/487 825/1141/488 834/1145/492
f 834/1145/492 825/1141/488 584/857/239 582/855/237
f 679/1017/364 830/958/306 831/1142/489 678/1146/365
f 678/1146/365 831/1142/489 832/1143/490 677/1147/367
f 677/1147/367 832/1143/490 833/1144/491 676/1148/369
f 676/1148/369 833/1144/491 834/1145/492 675/1149/371
f 675/1149/371 834/1145/492 582/855/237 580/854/236
f 860/1150/493 859/1151/494 891/1152/495 892/1153/496
f 650/963/311 649/961/309 841/1154/497 842/1155/498
f 664/989/337 663/951/299 855/954/302 856/1156/499
f 651/965/313 650/963/311 842/1155/498 843/1157/500
f 665/991/339 664/989/337 856/1156/499 857/1158/501
f 652/967/315 651/965/313 843/1157/500 844/1159/502
f 666/993/341 665/991/339 857/1158/501 858/1160/503
f 653/969/317 652/967/315 844/1159/502 845/1161/504
f 667/995/343 666/993/341 858/1160/503 859/1151/494
f 654/971/319 653/969/317 845/1161/504 846/1162/505
f 668/997/345 667/995/343 859/1151/494 860/1150/493
f 655/973/321 654/971/319 846/1162/505 847/1163/506
f 669/999/347 668/997/345 860/1150/493 861/1164/507
f 656/975/323 655/973/321 847/1163/506 848/1165/508
f 670/1001/349 669/999/347 861/1164/507 862/1166/509
f 657/977/325 656/975/323 848/1165/508 849/1167/510
f 644/1013/361 643/1011/359 836/1168/511 835/1169/512
f 671/1003/351 670/1001/349 862/1166/509 863/1170/513
f 658/979/327 657/977/325 849/1167/510 850/1171/514
f 645/1015/363 644/1013/361 835/1169/512 837/1172/515
f 672/1005/353 671/1003/351 863/1170/513 864/1173/516
f 659/981/329 658/979/327 850/1171/514 851/1174/517
f 646/955/303 645/1015/363 837/1172/515 838/1175/518
f 673/1007/355 672/1005/353 864/1173/516 865/1176/519
f 660/983/331 659/981/329 851/1174/517 852/1177/520
f 647/956/304 646/955/303 838/1175/518 839/1178/521
f 674/1009/357 673/1007/355 865/1176/519 866/1179/522
f 661/985/333 660/983/331 852/1177/520 853/1180/523
f 648/959/307 647/956/304 839/1178/521 840/1181/524
f 643/1011/359 674/1009/357 866/1179/522 836/1168/511
f 662/952/300 661/985/333 853/1180/523 854/953/301
f 649/961/309 648/959/307 840/1181/524 841/1154/497
f 847/1163/506 846/1162/505 878/1182/525 879/1183/526
f 861/1164/507 860/1150/493 892/1153/496 893/1184/527
f 848/1165/508 847/1163/506 879/1183/526 880/1185/528
f 862/1166/509 861/1164/507 893/1184/527 894/1186/529
f 849/1167/510 848/1165/508 880/1185/528 881/1187/530
f 835/1169/512 836/1168/511 868/1188/531 867/1189/532
f 863/1170/513 862/1166/509 894/1186/529 895/1190/533
f 850/1171/514 849/1167/510 881/1187/530 882/1191/534
f 837/1172/515 835/1169/512 867/1189/532 869/1192/535
f 864/1173/516 863/1170/513 895/1190/533 896/1193/536
f 851/1174/517 850/1171/514 882/1191/534 883/1194/537
f 838/1175/518 837/1172/515 869/1192/535 870/1195/538
f 865/1176/519 864/1173/516 896/1193/536 897/1196/539
f 852/1177/520 851/1174/517 883/1194/537 884/1197/540
f 839/1178/521 838/1175/518 870/1195/538 871/1198/541
f 866/1179/522 865/1176/519 897/1196/539 898/1199/542
f 853/1180/523 852/1177/520 884/1197/540 885/1200/543
f 840/1181/524 839/1178/521 871/1198/541 872/1201/544
f 836/1168/511 866/1179/522 898/1199/542 868/1188/531
f 854/953/301 853/1180/523 885/1200/543 886/1202/545
f 841/1154/497 840/1181/524 872/1201/544 873/1203/546
f 855/954/302 854/953/301 886/1202/545 887/1204/547
f 842/1155/498 841/1154/497 873/1203/546 874/1205/548
f 856/1156/499 855/954/302 887/1204/547 888/1206/549
f 843/1157/500 842/1155/498 874/1205/548 875/1207/550
f 857/1158/501 856/1156/499 888/1206/549 889/1208/551
f 844/1159/502 843/1157/500 875/1207/550 876/1209/552
f 858/1160/503 857/1158/501 889/1208/551 890/1210/553
f 845/1161/504 844/1159/502 876/1209/552 877/1211/554
f 859/1151/494 858/1160/503 890/1210/553 891/1152/495
f 846/1162/505 845/1161/504 877/1211/554 878/1182/525
f 903/1212/555 902/1213/556 1094/1214/557 1095/1215/558
f 901/1216/559 902/1213/556 1085/1217/560 1086/1218/561
f 902/1213/556 903/1212/555 1080/1219/562 1085/1217/560
f 903/1212/555 904/1220/563 1075/1221/564 1080/1219/562
f 904/1220/563 905/1222/565 1070/1223/566 1075/1221/564
f 905/1222/565 906/1224/567 1065/1225/568 1070/1223/566
f 906/1224/567 907/1226/569 1060/1227/570 1065/1225/568
f 907/1226/569 908/1228/571 1055/1229/572 1060/1227/570
f 908/1228/571 909/1230/573 1050/1231/574 1055/1229/572
f 909/1230/573 910/1232/575 1045/1233/576 1050/1231/574
f 910/1232/575 911/1234/577 1040/1235/578 1045/1233/576
f 911/1234/577 912/1236/579 1035/1237/580 1040/1235/578
f 912/1236/579 913/1238/581 1030/1239/582 1035/1237/580
f 913/1238/581 914/1240/583 1025/1241/584 1030/1239/582
f 914/1240/583 915/1242/585 1020/1243/586 1025/1241/584
f 915/1242/585 916/1244/587 1015/1245/588 1020/1243/586
f 916/1244/587 917/1246/589 1010/1247/590 1015/1245/588
f 917/1246/589 918/1248/591 1005/1249/592 1010/1247/590
f 918/1248/591 919/1250/593 1000/1251/594 1005/1249/592
f 919/1250/593 920/1252/595 995/1253/596 1000/1251/594
f 920/1252/595 921/1254/597 990/1255/598 995/1253/596
f 921/1254/597 922/1256/599 985/1257/600 990/1255/598
f 922/1256/599 923/1258/601 980/1259/602 985/1257/600
f 923/1258/601 924/1260/603 975/1261/604 980/1259/602
f 924/1260/603 925/1262/605 970/1263/606 975/1261/604
f 925/1262/605 926/1264/607 965/1265/608 970/1263/606
f 926/1264/607 927/1266/609 960/1267/610 965/1265/608
f 927/1266/609 928/1268/611 955/1269/612 960/1267/610
f 928/1268/611 929/1270/613 950/1271/614 955/1269/612
f 929/1270/613 930/1272/615 945/1273/616 950/1271/614
f 930/1272/615 900/1274/617 940/1275/618 945/1273/616
f 900/1274/617 899/1276/619 935/1277/620 940/1275/618
f 899/1276/619 901/1216/559 1086/1218/561 935/1277/620
f 940/1275/618 935/1277/620 934/1278/621 939/1279/622
f 939/1279/622 934/1278/621 933/1280/623 938/1281/624
f 938/1281/624 933/1280/623 932/1282/625 937/1283/626
f 937/1283/626 932/1282/625 931/1284/627 936/1285/628
f 936/1285/628 931/1284/627 868/1188/531 898/1199/542
f 945/1273/616 940/1275/618 939/1279/622 944/1286/629
f 944/1286/629 939/1279/622 938/1281/624 943/1287/630
f 943/1287/630 938/1281/624 937/1283/626 942/1288/631
f 942/1288/631 937/1283/626 936/1285/628 941/1289/632
f 941/1289/632 936/1285/628 898/1199/542 897/1196/539
f 950/1271/614 945/1273/616 944/1286/629 949/1290/633
f 949/1290/633 944/1286/629 943/1287/630 948/1291/634
f 948/1291/634 943/1287/630 942/1288/631 947/1292/635
f 947/1292/635 942/1288/631 941/1289/632 946/1293/636
f 946/1293/636 941/1289/632 897/1196/539 896/1193/536
f 955/1269/612 950/1271/614 949/1290/633 954/1294/637
f 954/1294/637 949/1290/633 948/1291/634 953/1295/638
f 953/1295/638 948/1291/634 947/1292/635 952/1296/639
f 952/1296/639 947/1292/635 946/1293/636 951/1297/640
f 951/1297/640 946/1293/636 896/1193/536 895/1190/533
f 960/1267/610 955/1269/612 954/1294/637 959/1298/641
f 959/1298/641 954/1294/637 953/1295/638 958/1299/642
f 958/1299/642 953/1295/638 952/1296/639 957/1300/643
f 957/1300/643 952/1296/639 951/1297/640 956/1301/644
f 956/1301/644 951/1297/640 895/1190/533 894/1186/529
f 965/1265/608 960/1267/610 959/1298/641 964/1302/645
f 964/1302/645 959/1298/641 958/1299/642 963/1303/646
f 963/1303/646 958/1299/642 957/1300/643 962/1304/647
f 962/1304/647 957/1300/643 956/1301/644 961/1305/648
f 961/1305/648 956/1301/644 894/1186/529 893/1184/527
f 970/1263/606 965/1265/608 964/1302/645 969/1306/649
f 969/1306/649 964/1302/645 963/1303/646 968/1307/650
f 968/1307/650 963/1303/646 962/1304/647 967/1308/651
f 967/1308/651 962/1304/647 961/1305/648 966/1309/652
f 966/1309/652 961/1305/648 893/1184/527 892/1153/496
f 975/1261/604 970/1263/606 969/1306/649 974/1310/653
f 974/1310/653 969/1306/649 968/1307/650 973/1311/654
f 973/1311/654 968/1307/650 967/1308/651 972/1312/655
f 972/1312/655 967/1308/651 966/1309/652 971/1313/656
f 971/1313/656 966/1309/652 892/1153/496 891/1152/495
f 980/1259/602 975/1261/604 974/1310/653 979/1314/657
f 979/1314/657 974/1310/653 973/1311/654 978/1315/658
f 978/1315/658 973/1311/654 972/1312/655 977/1316/659
f 977/1316/659 972/1312/655 971/1313/656 976/1317/660
f 976/1317/660 971/1313/656 891/1152/495 890/1210/553
f 985/1257/600 980/1259/602 979/1314/657 984/1318/661
f 984/1318/661 979/1314/657 978/1315/658 983/1319/662
f 983/1319/662 978/1315/658 977/1316/659 982/1320/663
f 982/1320/663 977/1316/659 976/1317/660 981/1321/664
f 981/1321/664 976/1317/660 890/1210/553 889/1208/551
f 990/1255/598 985/1257/600 984/1318/661 989/1322/665
f 989/1322/665 984/1318/661 983/1319/662 988/1323/666
f 988/1323/666 983/1319/662 982/1320/663 987/1324/667
f 987/1324/667 982/1320/663 981/1321/664 986/1325/668
f 986/1325/668 981/1321/664 889/1208/551 888/1206/549
f 995/1253/596 990/1255/598 989/1322/665 994/1326/669
f 994/1326/669 989/1322/665 988/1323/666 993/1327/670
f 993/1327/670 988/1323/666 987/1324/667 992/1328/671
f 992/1328/671 987/1324/667 986/1325/668 991/1329/672
f 991/1329/672 986/1325/668 888/1206/549 887/1204/547
f 1000/1251/594 995/1253/596 994/1326/669 999/1330/673
f 999/1330/673 994/1326/669 993/1327/670 998/1331/674
f 998/1331/674 993/1327/670 992/1328/671 997/1332/675
f 997/1332/675 992/1328/671 991/1329/672 996/1333/676
f 996/1333/676 991/1329/672 887/1204/547 886/1202/545
f 1005/1249/592 1000/1251/594 999/1330/673 1004/1334/677
f 1004/1334/677 999/1330/673 998/1331/674 1003/1335/678
f 1003/1335/678 998/1331/674 997/1332/675 1002/1336/679
f 1002/1336/679 997/1332/675 996/1333/676 1001/1337/680
f 1001/1337/680 996/1333/676 886/1202/545 885/1200/543
f 1010/1247/590 1005/1249/592 1004/1334/677 1009/1338/681
f 1009/1338/681 1004/1334/677 1003/1335/678 1008/1339/682
f 1008/1339/682 1003/1335/678 1002/1336/679 1007/1340/683
f 1007/1340/683 1002/1336/679 1001/1337/680 1006/1341/684
f 1006/1341/684 1001/1337/680 885/1200/543 884/1197/540
f 1015/1245/588 1010/1247/590 1009/1338/681 1014/1342/685
f 1014/1342/685 1009/1338/681 1008/1339/682 1013/1343/686
f 1013/1343/686 1008/1339/682 1007/1340/683 1012/1344/687
f 1012/1344/687 1007/1340/683 1006/1341/684 1011/1345/688
f 1011/1345/688 1006/1341/684 884/1197/540 883/1194/537
f 1020/1243/586 1015/1245/588 1014/1342/685 1019/1346/689
f 1019/1346/689 1014/1342/685 1013/1343/686 1018/1347/690
f 1018/1347/690 1013/1343/686 1012/1344/687 1017/1348/691
f 1017/1348/691 1012/1344/687 1011/1345/688 1016/1349/692
f 1016/1349/692 1011/1345/688 883/1194/537 882/1191/534
f 1025/1241/584 1020/1243/586 1019/1346/689 1024/1350/693
f 1024/1350/693 1019/1346/689 1018/1347/690 1023/1351/694
f 1023/1351/694 1018/1347/690 1017/1348/691 1022/1352/695
f 1022/1352/695 1017/1348/691 1016/1349/692 1021/1353/696
f 1021/1353/696 1016/1349/692 882/1191/534 881/1187/530
f 1030/1239/582 1025/1241/584 1024/1350/693 1029/1354/697
f 1029/1354/697 1024/1350/693 1023/1351/694 1028/1355/698
f 1028/1355/698 1023/1351/694 1022/1352/695 1027/1356/699
f 1027/1356/699 1022/1352/695 1021/1353/696 1026/1357/700
f 1026/1357/700 1021/1353/696 881/1187/530 880/1185/528
f 1035/1237/580 1030/1239/582 1029/1354/697 1034/1358/701
f 1034/1358/701 1029/1354/697 1028/1355/698 1033/1359/702
f 1033/1359/702 1028/1355/698 1027/1356/699 1032/1360/703
f 1032/1360/703 1027/1356/699 1026/1357/700 1031/1361/704
f 1031/1361/704 1026/1357/700 880/1185/528 879/1183/526
f 1040/1235/578 1035/1237/580 1034/1358/701 1039/1362/705
f 1039/1362/705 1034/1358/701 1033/1359/702 1038/1363/706
f 1038/1363/706 1033/1359/702 1032/1360/703 1037/1364/707
f 1037/1364/707 1032/1360/703 1031/1361/704 1036/1365/708
f 1036/1365/708 1031/1361/704 879/1183/526 878/1182/525
f 1045/1233/576 1040/1235/578 1039/1362/705 1044/1366/709
f 1044/1366/709 1039/1362/705 1038/1363/706 1043/1367/710
f 1043/1367/710 1038/1363/706 1037/1364/707 1042/1368/711
f 1042/1368/711 1037/1364/707 1036/1365/708 1041/1369/712
f 1041/1369/712 1036/1365/708 878/1182/525 877/1211/554
f 1050/1231/574 1045/1233/576 1044/1366/709 1049/1370/713
f 1049/1370/713 1044/1366/709 1043/1367/710 1048/1371/714
f 1048/1371/714 1043/1367/710 1042/1368/711 1047/1372/715
f 1047/1372/715 1042/1368/711 1041/1369/712 1046/1373/716
f 1046/1373/716 1041/1369/712 877/1211/554 876/1209/552
f 1055/1229/572 1050/1231/574 1049/1370/713 1054/1374/717
f 1054/1374/717 1049/1370/713 1048/1371/714 1053/1375/718
f 1053/1375/718 1048/1371/714 1047/1372/715 1052/1376/719
f 1052/1376/719 1047/1372/715 1046/1373/716 1051/1377/720
f 1051/1377/720 1046/1373/716 876/1209/552 875/1207/550
f 1060/1227/570 1055/1229/572 1054/1374/717 1059/1378/721
f 1059/1378/721 1054/1374/717 1053/1375/718 1058/1379/722
f 1058/1379/722 1053/1375/718 1052/1376/719 1057/1380/723
f 1057/1380/723 1052/1376/719 1051/1377/720 1056/1381/724
f 1056/1381/724 1051/1377/720 875/1207/550 874/1205/548
f 1065/1225/568 1060/1227/570 1059/1378/721 1064/1382/725
f 1064/1382/725 1059/1378/721 1058/1379/722 1063/1383/726
f 1063/1383/726 1058/1379/722 1057/1380/723 1062/1384/727
f 1062/1384/727 1057/1380/723 1056/1381/724 1061/1385/728
f 1061/1385/728 1056/1381/724 874/1205/548 873/1203/546
f 1070/1223/566 1065/1225/568 1064/1382/725 1069/1386/729
f 1069/1386/729 1064/1382/725 1063/1383/726 1068/1387/730
f 1068/1387/730 1063/1383/726 1062/1384/727 1067/1388/731
f 1067/1388/731 1062/1384/727 1061/1385/728 1066/1389/732
f 1066/1389/732 1061/1385/728 873/1203/546 872/1201/544
f 1075/1221/564 1070/1223/566 1069/1386/729 1074/1390/733
f 1074/1390/733 1069/1386/729 1068/1387/730 1073/1391/734
f 1073/1391/734 1068/1387/730 1067/1388/731 1072/1392/735
f 1072/1392/735 1067/1388/731 1066/1389/732 1071/1393/736
f 1071/1393/736 1066/1389/732 872/1201/544 871/1198/541
f 1080/1219/562 1075/1221/564 1074/1390/733 1079/1394/737
f 1079/1394/737 1074/1390/733 1073/1391/734 1078/1395/738
f 1078/1395/738 1073/1391/734 1072/1392/735 1077/1396/739
f 1077/1396/739 1072/1392/735 1071/1393/736 1076/1397/740
f 1076/1397/740 1071/1393/736 871/1198/541 870/1195/538
f 1085/1217/560 1080/1219/562 1079/1394/737 1084/1398/741
f 1084/1398/741 1079/1394/737 1078/1395/738 1083/1399/742
f 1083/1399/742 1078/1395/738 1077/1396/739 1082/1400/743
f 1082/1400/743 1077/1396/739 1076/1397/740 1081/1401/744
f 1081/1401/744 1076/1397/740 870/1195/538 869/1192/535
f 1086/1218/561 1085/1217/560 1084/1398/741 1087/1402/745
f 1087/1402/745 1084/1398/741 1083/1399/742 1088/1403/746
f 1088/1403/746 1083/1399/742 1082/1400/743 1089/1404/747
f 1089/1404/747 1082/1400/743 1081/1401/744 1090/1405/748
f 1090/1405/748 1081/1401/744 869/1192/535 867/1189/532
f 935/1277/620 1086/1218/561 1087/1402/745 934/1278/621
f 934/1278/621 1087/1402/745 1088/1403/746 933/1280/623
f 933/1280/623 1088/1403/746 1089/1404/747 932/1282/625
f 932/1282/625 1089/1404/747 1090/1405/748 931/1284/627
f 931/1284/627 1090/1405/748 867/1189/532 868/1188/531
f 1091/1406/749 1092/1407/750 1122/1408/751 1121/1409/752 1120/1410/753 1119/1411/754 1118/1412/755 1117/1413/756 1116/1414/757 1115/1415/758 1114/1416/759 1113/1417/760 1112/1418/761 1111/1419/762 1110/1420/763 1109/1421/764 1108/1422/765 1107/1423/766 1106/1424/767 1105/1425/768 1104/1426/769 1103/1427/770 1102/1428/771 1101/1429/772 1100/1430/773 1099/1431/774 1098/1432/775 1097/1433/776 1096/1434/777 1095/1215/558 1094/1214/557 1093/1435/778
f 930/1272/615 929/1270/613 1121/1409/752 1122/1408/751
f 917/1246/589 916/1244/587 1108/1422/765 1109/1421/764
f 904/1220/563 903/1212/555 1095/1215/558 1096/1434/777
f 900/1274/617 930/1272/615 1122/1408/751 1092/1407/750
f 918/1248/591 917/1246/589 1109/1421/764 1110/1420/763
f 905/1222/565 904/1220/563 1096/1434/777 1097/1433/776
f 919/1250/593 918/1248/591 1110/1420/763 1111/1419/762
f 906/1224/567 905/1222/565 1097/1433/776 1098/1432/775
f 920/1252/595 919/1250/593 1111/1419/762 1112/1418/761
f 907/1226/569 906/1224/567 1098/1432/775 1099/1431/774
f 921/1254/597 920/1252/595 1112/1418/761 1113/1417/760
f 908/1228/571 907/1226/569 1099/1431/774 1100/1430/773
f 922/1256/599 921/1254/597 1113/1417/760 1114/1416/759
f 909/1230/573 908/1228/571 1100/1430/773 1101/1429/772
f 923/1258/601 922/1256/599 1114/1416/759 1115/1415/758
f 910/1232/575 909/1230/573 1101/1429/772 1102/1428/771
f 924/1260/603 923/1258/601 1115/1415/758 1116/1414/757
f 911/1234/577 910/1232/575 1102/1428/771 1103/1427/770
f 925/1262/605 924/1260/603 1116/1414/757 1117/1413/756
f 912/1236/579 911/1234/577 1103/1427/770 1104/1426/769
f 926/1264/607 925/1262/605 1117/1413/756 1118/1412/755
f 913/1238/581 912/1236/579 1104/1426/769 1105/1425/768
f 899/1276/619 900/1274/617 1092/1407/750 1091/1406/749
f 927/1266/609 926/1264/607 1118/1412/755 1119/1411/754
f 914/1240/583 913/1238/581 1105/1425/768 1106/1424/767
f 901/1216/559 899/1276/619 1091/1406/749 1093/1435/778
f 928/1268/611 927/1266/609 1119/1411/754 1120/1410/753
f 915/1242/585 914/1240/583 1106/1424/767 1107/1423/766
f 902/1213/556 901/1216/559 1093/1435/778 1094/1214/557
f 929/1270/613 928/1268/611 1120/1410/753 1121/1409/752
f 916/1244/587 915/1242/585 1107/1423/766 1108/1422/765
f 1123/1436/779 1125/1437/780 1126/1438/781 1124/1439/782
f 1125/1437/780 1127/1440/783 1128/1441/784 1126/1438/781
f 1127/1440/783 1129/1442/785 1130/1443/786 1128/1441/784
f 1129/1442/785 1131/1444/787 1132/1445/788 1130/1443/786
f 1131/1444/787 1133/1446/789 1134/1447/790 1132/1445/788
f 1133/1446/789 1135/1448/791 1136/1449/792 1134/1447/790
f 1135/1448/791 1137/1450/793 1138/1451/794 1136/1449/792
f 1137/1450/793 1139/1452/795 1140/1453/796 1138/1451/794
f 1139/1452/795 1141/1454/797 1142/1455/798 1140/1453/796
f 1141/1454/797 1143/1456/799 1144/1457/800 1142/1455/798
f 1143/1456/799 1145/1458/801 1146/1459/802 1144/1457/800
f 1145/1458/801 1147/1460/803 1148/1461/804 1146/1459/802
f 1147/1460/803 1149/1462/805 1150/1463/806 1148/1461/804
f 1149/1462/805 1151/1464/807 1152/1465/808 1150/1463/806
f 1151/1464/807 1153/1466/809 1154/1467/810 1152/1465/808
f 1153/1466/809 1155/1468/811 1156/1469/812 1154/1467/810
f 1155/1468/811 1157/1470/813 1158/1471/814 1156/1469/812
f 1157/1470/813 1159/1472/815 1160/1473/816 1158/1471/814
f 1159/1472/815 1161/1474/817 1162/1475/818 1160/1473/816
f 1161/1474/817 1163/1476/819 1164/1477/820 1162/1475/818
f 1163/1476/819 1165/1478/821 1166/1479/822 1164/1477/820
f 1165/1478/821 1167/1480/823 1168/1481/824 1166/1479/822
f 1167/1480/823 1169/1482/825 1170/1483/826 1168/1481/824
f 1169/1482/825 1171/1484/827 1172/1485/828 1170/1483/826
f 1171/1484/827 1173/1486/829 1174/1487/830 1172/1485/828
f 1173/1486/829 1175/1488/831 1176/1489/832 1174/1487/830
f 1175/1488/831 1177/1490/833 1178/1491/834 1176/1489/832
f 1177/1490/833 1179/1492/835 1180/1493/836 1178/1491/834
f 1179/1492/835 1181/1494/837 1182/1495/838 1180/1493/836
f 1181/1494/837 1183/1496/839 1184/1497/840 1182/1495/838
f 1183/1496/839 1185/1498/841 1186/1499/842 1184/1497/840
f 1185/1498/841 1123/1500/779 1124/1501/782 1186/1499/842
f 1123/1502/779 1185/1503/841 1183/1504/839 1181/1505/837 1179/1506/835 1177/1507/833 1175/1508/831 1173/1509/829 1171/1510/827 1169/1511/825 1167/1512/823 1165/1513/821 1163/1514/819 1161/1515/817 1159/1516/815 1157/1517/813 1155/1518/811 1153/1519/809 1151/1520/807 1149/1521/805 1147/1522/803 1145/1523/801 1143/1524/799 1141/1525/797 1139/1526/795 1137/1527/793 1135/1528/791 1133/1529/789 1131/1530/787 1129/1531/785 1127/1532/783 1125/1533/780
f 1207/1534/843 1399/1535/506 1398/1536/508 1206/1537/844
f 1190/1538/845 1374/1539/846 1373/1540/847 1191/1541/848
f 1191/1541/848 1373/1540/847 1368/1542/849 1192/1543/850
f 1192/1543/850 1368/1542/849 1363/1544/851 1193/1545/852
f 1193/1545/852 1363/1544/851 1358/1546/853 1194/1547/854
f 1194/1547/854 1358/1546/853 1353/1548/855 1195/1549/856
f 1195/1549/856 1353/1548/855 1348/1550/857 1196/1551/858
f 1196/1551/858 1348/1550/857 1343/1552/859 1197/1553/860
f 1197/1553/860 1343/1552/859 1338/1554/861 1198/1555/862
f 1198/1555/862 1338/1554/861 1333/1556/863 1199/1557/864
f 1199/1557/864 1333/1556/863 1328/1558/865 1200/1559/866
f 1200/1559/866 1328/1558/865 1323/1560/867 1201/1561/868
f 1201/1561/868 1323/1560/867 1318/1562/869 1202/1563/870
f 1202/1563/870 1318/1562/869 1313/1564/871 1203/1565/872
f 1203/1565/872 1313/1564/871 1308/1566/873 1204/1567/874
f 1204/1567/874 1308/1566/873 1303/1568/875 1205/1569/876
f 1205/1569/876 1303/1568/875 1298/1570/877 1206/1537/844
f 1206/1537/844 1298/1570/877 1293/1571/878 1207/1534/843
f 1207/1534/843 1293/1571/878 1288/1572/879 1208/1573/880
f 1208/1573/880 1288/1572/879 1283/1574/881 1209/1575/882
f 1209/1575/882 1283/1574/881 1278/1576/883 1210/1577/884
f 1210/1577/884 1278/1576/883 1273/1578/885 1211/1579/886
f 1211/1579/886 1273/1578/885 1268/1580/887 1212/1581/888
f 1212/1581/888 1268/1580/887 1263/1582/889 1213/1583/890
f 1213/1583/890 1263/1582/889 1258/1584/891 1214/1585/892
f 1214/1585/892 1258/1584/891 1253/1586/893 1215/1587/894
f 1215/1587/894 1253/1586/893 1248/1588/895 1216/1589/896
f 1216/1589/896 1248/1588/895 1243/1590/897 1217/1591/898
f 1217/1591/898 1243/1590/897 1238/1592/899 1218/1593/900
f 1218/1593/900 1238/1592/899 1233/1594/901 1187/1595/902
f 1187/1595/902 1233/1594/901 1228/1596/903 1188/1597/904
f 1188/1597/904 1228/1596/903 1223/1598/905 1189/1599/906
f 1189/1599/906 1223/1600/905 1374/1539/846 1190/1538/845
f 1228/1596/903 1227/1601/907 1222/1602/908 1223/1598/905
f 1227/1601/907 1226/1603/909 1221/1604/910 1222/1602/908
f 1226/1603/909 1225/1605/911 1220/1606/912 1221/1604/910
f 1225/1605/911 1224/1607/913 1219/1608/914 1220/1606/912
f 1224/1607/913 1186/1499/842 1124/1501/782 1219/1608/914
f 1233/1594/901 1232/1609/915 1227/1601/907 1228/1596/903
f 1232/1609/915 1231/1610/916 1226/1603/909 1227/1601/907
f 1231/1610/916 1230/1611/917 1225/1605/911 1226/1603/909
f 1230/1611/917 1229/1612/918 1224/1607/913 1225/1605/911
f 1229/1612/918 1184/1497/840 1186/1499/842 1224/1607/913
f 1238/1592/899 1237/1613/919 1232/1609/915 1233/1594/901
f 1237/1613/919 1236/1614/920 1231/1610/916 1232/1609/915
f 1236/1614/920 1235/1615/921 1230/1611/917 1231/1610/916
f 1235/1615/921 1234/1616/922 1229/1612/918 1230/1611/917
f 1234/1616/922 1182/1495/838 1184/1497/840 1229/1612/918
f 1243/1590/897 1242/1617/923 1237/1613/919 1238/1592/899
f 1242/1617/923 1241/1618/924 1236/1614/920 1237/1613/919
f 1241/1618/924 1240/1619/925 1235/1615/921 1236/1614/920
f 1240/1619/925 1239/1620/926 1234/1616/922 1235/1615/921
f 1239/1620/926 1180/1493/836 1182/1495/838 1234/1616/922
f 1248/1588/895 1247/1621/927 1242/1617/923 1243/1590/897
f 1247/1621/927 1246/1622/928 1241/1618/924 1242/1617/923
f 1246/1622/928 1245/1623/929 1240/1619/925 1241/1618/924
f 1245/1623/929 1244/1624/930 1239/1620/926 1240/1619/925
f 1244/1624/930 1178/1491/834 1180/1493/836 1239/1620/926
f 1253/1586/893 1252/1625/931 1247/1621/927 1248/1588/895
f 1252/1625/931 1251/1626/932 1246/1622/928 1247/1621/927
f 1251/1626/932 1250/1627/933 1245/1623/929 1246/1622/928
f 1250/1627/933 1249/1628/934 1244/1624/930 1245/1623/929
f 1249/1628/934 1176/1489/832 1178/1491/834 1244/1624/930
f 1258/1584/891 1257/1629/935 1252/1625/931 1253/1586/893
f 1257/1629/935 1256/1630/936 1251/1626/932 1252/1625/931
f 1256/1630/936 1255/1631/937 1250/1627/933 1251/1626/932
f 1255/1631/937 1254/1632/938 1249/1628/934 1250/1627/933
f 1254/1632/938 1174/1487/830 1176/1489/832 1249/1628/934
f 1263/1582/889 1262/1633/939 1257/1629/935 1258/1584/891
f 1262/1633/939 1261/1634/940 1256/1630/936 1257/1629/935
f 1261/1634/940 1260/1635/941 1255/1631/937 1256/1630/936
f 1260/1635/941 1259/1636/942 1254/1632/938 1255/1631/937
f 1259/1636/942 1172/1485/828 1174/1487/830 1254/1632/938
f 1268/1580/887 1267/1637/943 1262/1633/939 1263/1582/889
f 1267/1637/943 1266/1638/944 1261/1634/940 1262/1633/939
f 1266/1638/944 1265/1639/945 1260/1635/941 1261/1634/940
f 1265/1639/945 1264/1640/946 1259/1636/942 1260/1635/941
f 1264/1640/946 1170/1483/826 1172/1485/828 1259/1636/942
f 1273/1578/885 1272/1641/947 1267/1637/943 1268/1580/887
f 1272/1641/947 1271/1642/948 1266/1638/944 1267/1637/943
f 1271/1642/948 1270/1643/949 1265/1639/945 1266/1638/944
f 1270/1643/949 1269/1644/950 1264/1640/946 1265/1639/945
f 1269/1644/950 1168/1481/824 1170/1483/826 1264/1640/946
f 1278/1576/883 1277/1645/951 1272/1641/947 1273/1578/885
f 1277/1645/951 1276/1646/952 1271/1642/948 1272/1641/947
f 1276/1646/952 1275/1647/953 1270/1643/949 1271/1642/948
f 1275/1647/953 1274/1648/954 1269/1644/950 1270/1643/949
f 1274/1648/954 1166/1479/822 1168/1481/824 1269/1644/950
f 1283/1574/881 1282/1649/955 1277/1645/951 1278/1576/883
f 1282/1649/955 1281/1650/956 1276/1646/952 1277/1645/951
f 1281/1650/956 1280/1651/957 1275/1647/953 1276/1646/952
f 1280/1651/957 1279/1652/958 1274/1648/954 1275/1647/953
f 1279/1652/958 1164/1477/820 1166/1479/822 1274/1648/954
f 1288/1572/879 1287/1653/959 1282/1649/955 1283/1574/881
f 1287/1653/959 1286/1654/960 1281/1650/956 1282/1649/955
f 1286/1654/960 1285/1655/961 1280/1651/957 1281/1650/956
f 1285/1655/961 1284/1656/962 1279/1652/958 1280/1651/957
f 1284/1656/962 1162/1475/818 1164/1477/820 1279/1652/958
f 1293/1571/878 1292/1657/963 1287/1653/959 1288/1572/879
f 1292/1657/963 1291/1658/964 1286/1654/960 1287/1653/959
f 1291/1658/964 1290/1659/965 1285/1655/961 1286/1654/960
f 1290/1659/965 1289/1660/966 1284/1656/962 1285/1655/961
f 1289/1660/966 1160/1473/816 1162/1475/818 1284/1656/962
f 1298/1570/877 1297/1661/967 1292/1657/963 1293/1571/878
f 1297/1661/967 1296/1662/968 1291/1658/964 1292/1657/963
f 1296/1662/968 1295/1663/969 1290/1659/965 1291/1658/964
f 1295/1663/969 1294/1664/970 1289/1660/966 1290/1659/965
f 1294/1664/970 1158/1471/814 1160/1473/816 1289/1660/966
f 1303/1568/875 1302/1665/971 1297/1661/967 1298/1570/877
f 1302/1665/971 1301/1666/972 1296/1662/968 1297/1661/967
f 1301/1666/972 1300/1667/973 1295/1663/969 1296/1662/968
f 1300/1667/973 1299/1668/974 1294/1664/970 1295/1663/969
f 1299/1668/974 1156/1469/812 1158/1471/814 1294/1664/970
f 1308/1566/873 1307/1669/975 1302/1665/971 1303/1568/875
f 1307/1669/975 1306/1670/976 1301/1666/972 1302/1665/971
f 1306/1670/976 1305/1671/977 1300/1667/973 1301/1666/972
f 1305/1671/977 1304/1672/978 1299/1668/974 1300/1667/973
f 1304/1672/978 1154/1467/810 1156/1469/812 1299/1668/974
f 1313/1564/871 1312/1673/979 1307/1669/975 1308/1566/873
f 1312/1673/979 1311/1674/980 1306/1670/976 1307/1669/975
f 1311/1674/980 1310/1675/981 1305/1671/977 1306/1670/976
f 1310/1675/981 1309/1676/982 1304/1672/978 1305/1671/977
f 1309/1676/982 1152/1465/808 1154/1467/810 1304/1672/978
f 1318/1562/869 1317/1677/983 1312/1673/979 1313/1564/871
f 1317/1677/983 1316/1678/984 1311/1674/980 1312/1673/979
f 1316/1678/984 1315/1679/985 1310/1675/981 1311/1674/980
f 1315/1679/985 1314/1680/986 1309/1676/982 1310/1675/981
f 1314/1680/986 1150/1463/806 1152/1465/808 1309/1676/982
f 1323/1560/867 1322/1681/987 1317/1677/983 1318/1562/869
f 1322/1681/987 1321/1682/988 1316/1678/984 1317/1677/983
f 1321/1682/988 1320/1683/989 1315/1679/985 1316/1678/984
f 1320/1683/989 1319/1684/990 1314/1680/986 1315/1679/985
f 1319/1684/990 1148/1461/804 1150/1463/806 1314/1680/986
f 1328/1558/865 1327/1685/991 1322/1681/987 1323/1560/867
f 1327/1685/991 1326/1686/992 1321/1682/988 1322/1681/987
f 1326/1686/992 1325/1687/993 1320/1683/989 1321/1682/988
f 1325/1687/993 1324/1688/994 1319/1684/990 1320/1683/989
f 1324/1688/994 1146/1459/802 1148/1461/804 1319/1684/990
f 1333/1556/863 1332/1689/995 1327/1685/991 1328/1558/865
f 1332/1689/995 1331/1690/996 1326/1686/992 1327/1685/991
f 1331/1690/996 1330/1691/997 1325/1687/993 1326/1686/992
f 1330/1691/997 1329/1692/998 1324/1688/994 1325/1687/993
f 1329/1692/998 1144/1457/800 1146/1459/802 1324/1688/994
f 1338/1554/861 1337/1693/999 1332/1689/995 1333/1556/863
f 1337/1693/999 1336/1694/1000 1331/1690/996 1332/1689/995
f 1336/1694/1000 1335/1695/1001 1330/1691/997 1331/1690/996
f 1335/1695/1001 1334/1696/1002 1329/1692/998 1330/1691/997
f 1334/1696/1002 1142/1455/798 1144/1457/800 1329/1692/998
f 1343/1552/859 1342/1697/1003 1337/1693/999 1338/1554/861
f 1342/1697/1003 1341/1698/1004 1336/1694/1000 1337/1693/999
f 1341/1698/1004 1340/1699/1005 1335/1695/1001 1336/1694/1000
f 1340/1699/1005 1339/1700/1006 1334/1696/1002 1335/1695/1001
f 1339/1700/1006 1140/1453/796 1142/1455/798 1334/1696/1002
f 1348/1550/857 1347/1701/1007 1342/1697/1003 1343/1552/859
f 1347/1701/1007 1346/1702/1008 1341/1698/1004 1342/1697/1003
f 1346/1702/1008 1345/1703/1009 1340/1699/1005 1341/1698/1004
f 1345/1703/1009 1344/1704/1010 1339/1700/1006 1340/1699/1005
f 1344/1704/1010 1138/1451/794 1140/1453/796 1339/1700/1006
f 1353/1548/855 1352/1705/1011 1347/1701/1007 1348/1550/857
f 1352/1705/1011 1351/1706/1012 1346/1702/1008 1347/1701/1007
f 1351/1706/1012 1350/1707/1013 1345/1703/1009 1346/1702/1008
f 1350/1707/1013 1349/1708/1014 1344/1704/1010 1345/1703/1009
f 1349/1708/1014 1136/1449/792 1138/1451/794 1344/1704/1010
f 1358/1546/853 1357/1709/1015 1352/1705/1011 1353/1548/855
f 1357/1709/1015 1356/1710/1016 1351/1706/1012 1352/1705/1011
f 1356/1710/1016 1355/1711/1017 1350/1707/1013 1351/1706/1012
f 1355/1711/1017 1354/1712/1018 1349/1708/1014 1350/1707/1013
f 1354/1712/1018 1134/1447/790 1136/1449/792 1349/1708/1014
f 1363/1544/851 1362/1713/1019 1357/1709/1015 1358/1546/853
f 1362/1713/1019 1361/1714/1020 1356/1710/1016 1357/1709/1015
f 1361/1714/1020 1360/1715/1021 1355/1711/1017 1356/1710/1016
f 1360/1715/1021 1359/1716/1022 1354/1712/1018 1355/1711/1017
f 1359/1716/1022 1132/1445/788 1134/1447/790 1354/1712/1018
f 1368/1542/849 1367/1717/1023 1362/1713/1019 1363/1544/851
f 1367/1717/1023 1366/1718/1024 1361/1714/1020 1362/1713/1019
f 1366/1718/1024 1365/1719/1025 1360/1715/1021 1361/1714/1020
f 1365/1719/1025 1364/1720/1026 1359/1716/1022 1360/1715/1021
f 1364/1720/1026 1130/1443/786 1132/1445/788 1359/1716/1022
f 1373/1540/847 1372/1721/1027 1367/1717/1023 1368/1542/849
f 1372/1721/1027 1371/1722/1028 1366/1718/1024 1367/1717/1023
f 1371/1722/1028 1370/1723/1029 1365/1719/1025 1366/1718/1024
f 1370/1723/1029 1369/1724/1030 1364/1720/1026 1365/1719/1025
f 1369/1724/1030 1128/1441/784 1130/1443/786 1364/1720/1026
f 1374/1539/846 1375/1725/1031 1372/1721/1027 1373/1540/847
f 1375/1725/1031 1376/1726/1032 1371/1722/1028 1372/1721/1027
f 1376/1726/1032 1377/1727/1033 1370/1723/1029 1371/1722/1028
f 1377/1727/1033 1378/1728/1034 1369/1724/1030 1370/1723/1029
f 1378/1728/1034 1126/1438/781 1128/1441/784 1369/1724/1030
f 1223/1600/905 1222/1729/908 1375/1725/1031 1374/1539/846
f 1222/1729/908 1221/1730/910 1376/1726/1032 1375/1725/1031
f 1221/1730/910 1220/1731/912 1377/1727/1033 1376/1726/1032
f 1220/1731/912 1219/1732/914 1378/1728/1034 1377/1727/1033
f 1219/1732/914 1124/1439/782 1126/1438/781 1378/1728/1034
f 1404/1733/498 1436/1734/1035 1435/1735/1036 1403/1736/500
f 1194/1547/854 1386/1737/493 1385/1738/507 1193/1545/852
f 1208/1573/880 1400/1739/505 1399/1535/506 1207/1534/843
f 1195/1549/856 1387/1740/494 1386/1737/493 1194/1547/854
f 1209/1575/882 1401/1741/504 1400/1739/505 1208/1573/880
f 1196/1551/858 1388/1742/503 1387/1740/494 1195/1549/856
f 1210/1577/884 1402/1743/502 1401/1741/504 1209/1575/882
f 1197/1553/860 1389/1744/501 1388/1742/503 1196/1551/858
f 1211/1579/886 1403/1736/500 1402/1743/502 1210/1577/884
f 1198/1555/862 1390/1745/499 1389/1744/501 1197/1553/860
f 1212/1581/888 1404/1733/498 1403/1736/500 1211/1579/886
f 1199/1557/864 1391/1746/302 1390/1745/499 1198/1555/862
f 1213/1583/890 1405/1747/497 1404/1733/498 1212/1581/888
f 1200/1559/866 1392/1748/301 1391/1746/302 1199/1557/864
f 1214/1585/892 1406/1749/524 1405/1747/497 1213/1583/890
f 1201/1561/868 1393/1750/523 1392/1748/301 1200/1559/866
f 1188/1597/904 1379/1751/522 1380/1752/511 1187/1595/902
f 1215/1587/894 1407/1753/521 1406/1749/524 1214/1585/892
f 1202/1563/870 1394/1754/520 1393/1750/523 1201/1561/868
f 1189/1599/906 1381/1755/519 1379/1751/522 1188/1597/904
f 1216/1589/896 1408/1756/518 1407/1753/521 1215/1587/894
f 1203/1565/872 1395/1757/517 1394/1754/520 1202/1563/870
f 1190/1538/845 1382/1758/516 1381/1755/519 1189/1599/906
f 1217/1591/898 1409/1759/515 1408/1756/518 1216/1589/896
f 1204/1567/874 1396/1760/514 1395/1757/517 1203/1565/872
f 1191/1541/848 1383/1761/513 1382/1758/516 1190/1538/845
f 1218/1593/900 1410/1762/512 1409/1759/515 1217/1591/898
f 1205/1569/876 1397/1763/510 1396/1760/514 1204/1567/874
f 1192/1543/850 1384/1764/509 1383/1761/513 1191/1541/848
f 1187/1595/902 1380/1752/511 1410/1762/512 1218/1593/900
f 1206/1537/844 1398/1536/508 1397/1763/510 1205/1569/876
f 1193/1545/852 1385/1738/507 1384/1764/509 1192/1543/850
f 1391/1746/302 1423/1765/1037 1422/1766/1038 1390/1745/499
f 1405/1747/497 1437/1767/1039 1436/1734/1035 1404/1733/498
f 1392/1748/301 1424/1768/1040 1423/1765/1037 1391/1746/302
f 1406/1749/524 1438/1769/1041 1437/1767/1039 1405/1747/497
f 1393/1750/523 1425/1770/1042 1424/1768/1040 1392/1748/301
f 1379/1751/522 1411/1771/1043 1412/1772/1044 1380/1752/511
f 1407/1753/521 1439/1773/1045 1438/1769/1041 1406/1749/524
f 1394/1754/520 1426/1774/1046 1425/1770/1042 1393/1750/523
f 1381/1755/519 1413/1775/1047 1411/1771/1043 1379/1751/522
f 1408/1756/518 1440/1776/1048 1439/1773/1045 1407/1753/521
f 1395/1757/517 1427/1777/1049 1426/1774/1046 1394/1754/520
f 1382/1758/516 1414/1778/1050 1413/1775/1047 1381/1755/519
f 1409/1759/515 1441/1779/1051 1440/1776/1048 1408/1756/518
f 1396/1760/514 1428/1780/1052 1427/1777/1049 1395/1757/517
f 1383/1761/513 1415/1781/1053 1414/1778/1050 1382/1758/516
f 1410/1762/512 1442/1782/1054 1441/1779/1051 1409/1759/515
f 1397/1763/510 1429/1783/1055 1428/1780/1052 1396/1760/514
f 1384/1764/509 1416/1784/1056 1415/1781/1053 1383/1761/513
f 1380/1752/511 1412/1772/1044 1442/1782/1054 1410/1762/512
f 1398/1536/508 1430/1785/1057 1429/1783/1055 1397/1763/510
f 1385/1738/507 1417/1786/1058 1416/1784/1056 1384/1764/509
f 1399/1535/506 1431/1787/1059 1430/1785/1057 1398/1536/508
f 1386/1737/493 1418/1788/1060 1417/1786/1058 1385/1738/507
f 1400/1739/505 1432/1789/1061 1431/1787/1059 1399/1535/506
f 1387/1740/494 1419/1790/1062 1418/1788/1060 1386/1737/493
f 1401/1741/504 1433/1791/1063 1432/1789/1061 1400/1739/505
f 1388/1742/503 1420/1792/1064 1419/1790/1062 1387/1740/494
f 1402/1743/502 1434/1793/1065 1433/1791/1063 1401/1741/504
f 1389/1744/501 1421/1794/1066 1420/1792/1064 1388/1742/503
f 1403/1736/500 1435/1735/1036 1434/1793/1065 1402/1743/502
f 1390/1745/499 1422/1766/1038 1421/1794/1066 1389/1744/501
f 1447/1795/1067 1639/1796/1068 1638/1797/1069 1446/1798/1070
f 1445/1799/1071 1630/1800/1072 1629/1801/1073 1446/1798/1070
f 1446/1798/1070 1629/1801/1073 1624/1802/1074 1447/1795/1067
f 1447/1795/1067 1624/1802/1074 1619/1803/1075 1448/1804/1076
f 1448/1804/1076 1619/1803/1075 1614/1805/1077 1449/1806/1078
f 1449/1806/1078 1614/1805/1077 1609/1807/1079 1450/1808/1080
f 1450/1808/1080 1609/1807/1079 1604/1809/1081 1451/1810/1082
f 1451/1810/1082 1604/1809/1081 1599/1811/1083 1452/1812/1084
f 1452/1812/1084 1599/1811/1083 1594/1813/1085 1453/1814/1086
f 1453/1814/1086 1594/1813/1085 1589/1815/1087 1454/1816/1088
f 1454/1816/1088 1589/1815/1087 1584/1817/1089 1455/1818/1090
f 1455/1818/1090 1584/1817/1089 1579/1819/1091 1456/1820/1092
f 1456/1820/1092 1579/1819/1091 1574/1821/1093 1457/1822/1094
f 1457/1822/1094 1574/1821/1093 1569/1823/1095 1458/1824/1096
f 1458/1824/1096 1569/1823/1095 1564/1825/1097 1459/1826/1098
f 1459/1826/1098 1564/1825/1097 1559/1827/1099 1460/1828/1100
f 1460/1828/1100 1559/1827/1099 1554/1829/1101 1461/1830/1102
f 1461/1830/1102 1554/1829/1101 1549/1831/1103 1462/1832/1104
f 1462/1832/1104 1549/1831/1103 1544/1833/1105 1463/1834/1106
f 1463/1834/1106 1544/1833/1105 1539/1835/1107 1464/1836/1108
f 1464/1836/1108 1539/1835/1107 1534/1837/1109 1465/1838/1110
f 1465/1838/1110 1534/1837/1109 1529/1839/1111 1466/1840/1112
f 1466/1840/1112 1529/1839/1111 1524/1841/1113 1467/1842/1114
f 1467/1842/1114 1524/1841/1113 1519/1843/1115 1468/1844/1116
f 1468/1844/1116 1519/1843/1115 1514/1845/1117 1469/1846/1118
f 1469/1846/1118 1514/1845/1117 1509/1847/1119 1470/1848/1120
f 1470/1848/1120 1509/1847/1119 1504/1849/1121 1471/1850/1122
f 1471/1850/1122 1504/1849/1121 1499/1851/1123 1472/1852/1124
f 1472/1852/1124 1499/1851/1123 1494/1853/1125 1473/1854/1126
f 1473/1854/1126 1494/1853/1125 1489/1855/1127 1474/1856/1128
f 1474/1856/1128 1489/1855/1127 1484/1857/1129 1444/1858/1130
f 1444/1858/1130 1484/1857/1129 1479/1859/1131 1443/1860/1132
f 1443/1860/1132 1479/1859/1131 1630/1800/1072 1445/1799/1071
f 1484/1857/1129 1483/1861/1133 1478/1862/1134 1479/1859/1131
f 1483/1861/1133 1482/1863/1135 1477/1864/1136 1478/1862/1134
f 1482/1863/1135 1481/1865/1137 1476/1866/1138 1477/1864/1136
f 1481/1865/1137 1480/1867/1139 1475/1868/1140 1476/1866/1138
f 1480/1867/1139 1442/1782/1054 1412/1772/1044 1475/1868/1140
f 1489/1855/1127 1488/1869/1141 1483/1861/1133 1484/1857/1129
f 1488/1869/1141 1487/1870/1142 1482/1863/1135 1483/1861/1133
f 1487/1870/1142 1486/1871/1143 1481/1865/1137 1482/1863/1135
f 1486/1871/1143 1485/1872/1144 1480/1867/1139 1481/1865/1137
f 1485/1872/1144 1441/1779/1051 1442/1782/1054 1480/1867/1139
f 1494/1853/1125 1493/1873/1145 1488/1869/1141 1489/1855/1127
f 1493/1873/1145 1492/1874/1146 1487/1870/1142 1488/1869/1141
f 1492/1874/1146 1491/1875/1147 1486/1871/1143 1487/1870/1142
f 1491/1875/1147 1490/1876/1148 1485/1872/1144 1486/1871/1143
f 1490/1876/1148 1440/1776/1048 1441/1779/1051 1485/1872/1144
f 1499/1851/1123 1498/1877/1149 1493/1873/1145 1494/1853/1125
f 1498/1877/1149 1497/1878/1150 1492/1874/1146 1493/1873/1145
f 1497/1878/1150 1496/1879/1151 1491/1875/1147 1492/1874/1146
f 1496/1879/1151 1495/1880/1152 1490/1876/1148 1491/1875/1147
f 1495/1880/1152 1439/1773/1045 1440/1776/1048 1490/1876/1148
f 1504/1849/1121 1503/1881/1153 1498/1877/1149 1499/1851/1123
f 1503/1881/1153 1502/1882/1154 1497/1878/1150 1498/1877/1149
f 1502/1882/1154 1501/1883/1155 1496/1879/1151 1497/1878/1150
f 1501/1883/1155 1500/1884/1156 1495/1880/1152 1496/1879/1151
f 1500/1884/1156 1438/1769/1041 1439/1773/1045 1495/1880/1152
f 1509/1847/1119 1508/1885/1157 1503/1881/1153 1504/1849/1121
f 1508/1885/1157 1507/1886/1158 1502/1882/1154 1503/1881/1153
f 1507/1886/1158 1506/1887/1159 1501/1883/1155 1502/1882/1154
f 1506/1887/1159 1505/1888/1160 1500/1884/1156 1501/1883/1155
f 1505/1888/1160 1437/1767/1039 1438/1769/1041 1500/1884/1156
f 1514/1845/1117 1513/1889/1161 1508/1885/1157 1509/1847/1119
f 1513/1889/1161 1512/1890/1162 1507/1886/1158 1508/1885/1157
f 1512/1890/1162 1511/1891/1163 1506/1887/1159 1507/1886/1158
f 1511/1891/1163 1510/1892/1164 1505/1888/1160 1506/1887/1159
f 1510/1892/1164 1436/1734/1035 1437/1767/1039 1505/1888/1160
f 1519/1843/1115 1518/1893/1165 1513/1889/1161 1514/1845/1117
f 1518/1893/1165 1517/1894/1166 1512/1890/1162 1513/1889/1161
f 1517/1894/1166 1516/1895/1167 1511/1891/1163 1512/1890/1162
f 1516/1895/1167 1515/1896/1168 1510/1892/1164 1511/1891/1163
f 1515/1896/1168 1435/1735/1036 1436/1734/1035 1510/1892/1164
f 1524/1841/1113 1523/1897/1169 1518/1893/1165 1519/1843/1115
f 1523/1897/1169 1522/1898/1170 1517/1894/1166 1518/1893/1165
f 1522/1898/1170 1521/1899/1171 1516/1895/1167 1517/1894/1166
f 1521/1899/1171 1520/1900/1172 1515/1896/1168 1516/1895/1167
f 1520/1900/1172 1434/1793/1065 1435/1735/1036 1515/1896/1168
f 1529/1839/1111 1528/1901/1173 1523/1897/1169 1524/1841/1113
f 1528/1901/1173 1527/1902/1174 1522/1898/1170 1523/1897/1169
f 1527/1902/1174 1526/1903/1175 1521/1899/1171 1522/1898/1170
f 1526/1903/1175 1525/1904/1176 1520/1900/1172 1521/1899/1171
f 1525/1904/1176 1433/1791/1063 1434/1793/1065 1520/1900/1172
f 1534/1837/1109 1533/1905/1177 1528/1901/1173 1529/1839/1111
f 1533/1905/1177 1532/1906/1178 1527/1902/1174 1528/1901/1173
f 1532/1906/1178 1531/1907/1179 1526/1903/1175 1527/1902/1174
f 1531/1907/1179 1530/1908/1180 1525/1904/1176 1526/1903/1175
f 1530/1908/1180 1432/1789/1061 1433/1791/1063 1525/1904/1176
f 1539/1835/1107 1538/1909/1181 1533/1905/1177 1534/1837/1109
f 1538/1909/1181 1537/1910/1182 1532/1906/1178 1533/1905/1177
f 1537/1910/1182 1536/1911/1183 1531/1907/1179 1532/1906/1178
f 1536/1911/1183 1535/1912/1184 1530/1908/1180 1531/1907/1179
f 1535/1912/1184 1431/1787/1059 1432/1789/1061 1530/1908/1180
f 1544/1833/1105 1543/1913/1185 1538/1909/1181 1539/1835/1107
f 1543/1913/1185 1542/1914/1186 1537/1910/1182 1538/1909/1181
f 1542/1914/1186 1541/1915/1187 1536/1911/1183 1537/1910/1182
f 1541/1915/1187 1540/1916/1188 1535/1912/1184 1536/1911/1183
f 1540/1916/1188 1430/1785/1057 1431/1787/1059 1535/1912/1184
f 1549/1831/1103 1548/1917/1189 1543/1913/1185 1544/1833/1105
f 1548/1917/1189 1547/1918/1190 1542/1914/1186 1543/1913/1185
f 1547/1918/1190 1546/1919/1191 1541/1915/1187 1542/1914/1186
f 1546/1919/1191 1545/1920/1192 1540/1916/1188 1541/1915/1187
f 1545/1920/1192 1429/1783/1055 1430/1785/1057 1540/1916/1188
f 1554/1829/1101 1553/1921/1193 1548/1917/1189 1549/1831/1103
f 1553/1921/1193 1552/1922/1194 1547/1918/1190 1548/1917/1189
f 1552/1922/1194 1551/1923/1195 1546/1919/1191 1547/1918/1190
f 1551/1923/1195 1550/1924/1196 1545/1920/1192 1546/1919/1191
f 1550/1924/1196 1428/1780/1052 1429/1783/1055 1545/1920/1192
f 1559/1827/1099 1558/1925/1197 1553/1921/1193 1554/1829/1101
f 1558/1925/1197 1557/1926/1198 1552/1922/1194 1553/1921/1193
f 1557/1926/1198 1556/1927/1199 1551/1923/1195 1552/1922/1194
f 1556/1927/1199 1555/1928/1200 1550/1924/1196 1551/1923/1195
f 1555/1928/1200 1427/1777/1049 1428/1780/1052 1550/1924/1196
f 1564/1825/1097 1563/1929/1201 1558/1925/1197 1559/1827/1099
f 1563/1929/1201 1562/1930/1202 1557/1926/1198 1558/1925/1197
f 1562/1930/1202 1561/1931/1203 1556/1927/1199 1557/1926/1198
f 1561/1931/1203 1560/1932/1204 1555/1928/1200 1556/1927/1199
f 1560/1932/1204 1426/1774/1046 1427/1777/1049 1555/1928/1200
f 1569/1823/1095 1568/1933/1205 1563/1929/1201 1564/1825/1097
f 1568/1933/1205 1567/1934/1206 1562/1930/1202 1563/1929/1201
f 1567/1934/1206 1566/1935/1207 1561/1931/1203 1562/1930/1202
f 1566/1935/1207 1565/1936/1208 1560/1932/1204 1561/1931/1203
f 1565/1936/1208 1425/1770/1042 1426/1774/1046 1560/1932/1204
f 1574/1821/1093 1573/1937/1209 1568/1933/1205 1569/1823/1095
f 1573/1937/1209 1572/1938/1210 1567/1934/1206 1568/1933/1205
f 1572/1938/1210 1571/1939/1211 1566/1935/1207 1567/1934/1206
f 1571/1939/1211 1570/1940/1212 1565/1936/1208 1566/1935/1207
f 1570/1940/1212 1424/1768/1040 1425/1770/1042 1565/1936/1208
f 1579/1819/1091 1578/1941/1213 1573/1937/1209 1574/1821/1093
f 1578/1941/1213 1577/1942/1214 1572/1938/1210 1573/1937/1209
f 1577/1942/1214 1576/1943/1215 1571/1939/1211 1572/1938/1210
f 1576/1943/1215 1575/1944/1216 1570/1940/1212 1571/1939/1211
f 1575/1944/1216 1423/1765/1037 1424/1768/1040 1570/1940/1212
f 1584/1817/1089 1583/1945/1217 1578/1941/1213 1579/1819/1091
f 1583/1945/1217 1582/1946/1218 1577/1942/1214 1578/1941/1213
f 1582/1946/1218 1581/1947/1219 1576/1943/1215 1577/1942/1214
f 1581/1947/1219 1580/1948/1220 1575/1944/1216 1576/1943/1215
f 1580/1948/1220 1422/1766/1038 1423/1765/1037 1575/1944/1216
f 1589/1815/1087 1588/1949/1221 1583/1945/1217 1584/1817/1089
f 1588/1949/1221 1587/1950/1222 1582/1946/1218 1583/1945/1217
f 1587/1950/1222 1586/1951/1223 1581/1947/1219 1582/1946/1218
f 1586/1951/1223 1585/1952/1224 1580/1948/1220 1581/1947/1219
f 1585/1952/1224 1421/1794/1066 1422/1766/1038 1580/1948/1220
f 1594/1813/1085 1593/1953/1225 1588/1949/1221 1589/1815/1087
f 1593/1953/1225 1592/1954/1226 1587/1950/1222 1588/1949/1221
f 1592/1954/1226 1591/1955/1227 1586/1951/1223 1587/1950/1222
f 1591/1955/1227 1590/1956/1228 1585/1952/1224 1586/1951/1223
f 1590/1956/1228 1420/1792/1064 1421/1794/1066 1585/1952/1224
f 1599/1811/1083 1598/1957/1229 1593/1953/1225 1594/1813/1085
f 1598/1957/1229 1597/1958/1230 1592/1954/1226 1593/1953/1225
f 1597/1958/1230 1596/1959/1231 1591/1955/1227 1592/1954/1226
f 1596/1959/1231 1595/1960/1232 1590/1956/1228 1591/1955/1227
f 1595/1960/1232 1419/1790/1062 1420/1792/1064 1590/1956/1228
f 1604/1809/1081 1603/1961/1233 1598/1957/1229 1599/1811/1083
f 1603/1961/1233 1602/1962/1234 1597/1958/1230 1598/1957/1229
f 1602/1962/1234 1601/1963/1235 1596/1959/1231 1597/1958/1230
f 1601/1963/1235 1600/1964/1236 1595/1960/1232 1596/1959/1231
f 1600/1964/1236 1418/1788/1060 1419/1790/1062 1595/1960/1232
f 1609/1807/1079 1608/1965/1237 1603/1961/1233 1604/1809/1081
f 1608/1965/1237 1607/1966/1238 1602/1962/1234 1603/1961/1233
f 1607/1966/1238 1606/1967/1239 1601/1963/1235 1602/1962/1234
f 1606/1967/1239 1605/1968/1240 1600/1964/1236 1601/1963/1235
f 1605/1968/1240 1417/1786/1058 1418/1788/1060 1600/1964/1236
f 1614/1805/1077 1613/1969/1241 1608/1965/1237 1609/1807/1079
f 1613/1969/1241 1612/1970/1242 1607/1966/1238 1608/1965/1237
f 1612/1970/1242 1611/1971/1243 1606/1967/1239 1607/1966/1238
f 1611/1971/1243 1610/1972/1244 1605/1968/1240 1606/1967/1239
f 1610/1972/1244 1416/1784/1056 1417/1786/1058 1605/1968/1240
f 1619/1803/1075 1618/1973/1245 1613/1969/1241 1614/1805/1077
f 1618/1973/1245 1617/1974/1246 1612/1970/1242 1613/1969/1241
f 1617/1974/1246 1616/1975/1247 1611/1971/1243 1612/1970/1242
f 1616/1975/1247 1615/1976/1248 1610/1972/1244 1611/1971/1243
f 1615/1976/1248 1415/1781/1053 1416/1784/1056 1610/1972/1244
f 1624/1802/1074 1623/1977/1249 1618/1973/1245 1619/1803/1075
f 1623/1977/1249 1622/1978/1250 1617/1974/1246 1618/1973/1245
f 1622/1978/1250 1621/1979/1251 1616/1975/1247 1617/1974/1246
f 1621/1979/1251 1620/1980/1252 1615/1976/1248 1616/1975/1247
f 1620/1980/1252 1414/1778/1050 1415/1781/1053 1615/1976/1248
f 1629/1801/1073 1628/1981/1253 1623/1977/1249 1624/1802/1074
f 1628/1981/1253 1627/1982/1254 1622/1978/1250 1623/1977/1249
f 1627/1982/1254 1626/1983/1255 1621/1979/1251 1622/1978/1250
f 1626/1983/1255 1625/1984/1256 1620/1980/1252 1621/1979/1251
f 1625/1984/1256 1413/1775/1047 1414/1778/1050 1620/1980/1252
f 1630/1800/1072 1631/1985/1257 1628/1981/1253 1629/1801/1073
f 1631/1985/1257 1632/1986/1258 1627/1982/1254 1628/1981/1253
f 1632/1986/1258 1633/1987/1259 1626/1983/1255 1627/1982/1254
f 1633/1987/1259 1634/1988/1260 1625/1984/1256 1626/1983/1255
f 1634/1988/1260 1411/1771/1043 1413/1775/1047 1625/1984/1256
f 1479/1859/1131 1478/1862/1134 1631/1985/1257 1630/1800/1072
f 1478/1862/1134 1477/1864/1136 1632/1986/1258 1631/1985/1257
f 1477/1864/1136 1476/1866/1138 1633/1987/1259 1632/1986/1258
f 1476/1866/1138 1475/1868/1140 1634/1988/1260 1633/1987/1259
f 1475/1868/1140 1412/1772/1044 1411/1771/1043 1634/1988/1260
f 1635/1989/1261 1637/1990/1262 1638/1797/1069 1639/1796/1068 1640/1991/1263 1641/1992/1264 1642/1993/1265 1643/1994/1266 1644/1995/1267 1645/1996/1268 1646/1997/1269 1647/1998/1270 1648/1999/1271 1649/2000/1272 1650/2001/1273 1651/2002/1274 1652/2003/1275 1653/2004/1276 1654/2005/1277 1655/2006/1278 1656/2007/1279 1657/2008/1280 1658/2009/1281 1659/2010/1282 1660/2011/1283 1661/2012/1284 1662/2013/1285 1663/2014/1286 1664/2015/1287 1665/2016/1288 1666/2017/1289 1636/2018/1290
f 1474/1856/1128 1666/2017/1289 1665/2016/1288 1473/1854/1126
f 1461/1830/1102 1653/2004/1276 1652/2003/1275 1460/1828/1100
f 1448/1804/1076 1640/1991/1263 1639/1796/1068 1447/1795/1067
f 1444/1858/1130 1636/2018/1290 1666/2017/1289 1474/1856/1128
f 1462/1832/1104 1654/2005/1277 1653/2004/1276 1461/1830/1102
f 1449/1806/1078 1641/1992/1264 1640/1991/1263 1448/1804/1076
f 1463/1834/1106 1655/2006/1278 1654/2005/1277 1462/1832/1104
f 1450/1808/1080 1642/1993/1265 1641/1992/1264 1449/1806/1078
f 1464/1836/1108 1656/2007/1279 1655/2006/1278 1463/1834/1106
f 1451/1810/1082 1643/1994/1266 1642/1993/1265 1450/1808/1080
f 1465/1838/1110 1657/2008/1280 1656/2007/1279 1464/1836/1108
f 1452/1812/1084 1644/1995/1267 1643/1994/1266 1451/1810/1082
f 1466/1840/1112 1658/2009/1281 1657/2008/1280 1465/1838/1110
f 1453/1814/1086 1645/1996/1268 1644/1995/1267 1452/1812/1084
f 1467/1842/1114 1659/2010/1282 1658/2009/1281 1466/1840/1112
f 1454/1816/1088 1646/1997/1269 1645/1996/1268 1453/1814/1086
f 1468/1844/1116 1660/2011/1283 1659/2010/1282 1467/1842/1114
f 1455/1818/1090 1647/1998/1270 1646/1997/1269 1454/1816/1088
f 1469/1846/1118 1661/2012/1284 1660/2011/1283 1468/1844/1116
f 1456/1820/1092 1648/1999/1271 1647/1998/1270 1455/1818/1090
f 1470/1848/1120 1662/2013/1285 1661/2012/1284 1469/1846/1118
f 1457/1822/1094 1649/2000/1272 1648/1999/1271 1456/1820/1092
f 1443/1860/1132 1635/1989/1261 1636/2018/1290 1444/1858/1130
f 1471/1850/1122 1663/2014/1286 1662/2013/1285 1470/1848/1120
f 1458/1824/1096 1650/2001/1273 1649/2000/1272 1457/1822/1094
f 1445/1799/1071 1637/1990/1262 1635/1989/1261 1443/1860/1132
f 1472/1852/1124 1664/2015/1287 1663/2014/1286 1471/1850/1122
f 1459/1826/1098 1651/2002/1274 1650/2001/1273 1458/1824/1096
f 1446/1798/1070 1638/1797/1069 1637/1990/1262 1445/1799/1071
f 1473/1854/1126 1665/2016/1288 1664/2015/1287 1472/1852/1124
f 1460/1828/1100 1652/2003/1275 1651/2002/1274 1459/1826/1098
o Gulv_Lift_Hook_Cylinder.003
v 0.001395 1.327908 0.990509
v 0.001395 1.372048 0.991958
v 0.001395 1.325782 1.015057
v 0.001395 1.359295 1.013608
v -0.001056 1.325803 1.014821
v -0.001056 1.359417 1.013400
v -0.003413 1.325863 1.014122
v -0.003413 1.359780 1.012784
v -0.005585 1.325961 1.012988
v -0.005585 1.360369 1.011783
v -0.007489 1.326093 1.011462
v -0.007489 1.361162 1.010437
v -0.009051 1.326254 1.009602
v -0.009051 1.362129 1.008797
v -0.010212 1.326438 1.007480
v -0.010212 1.363231 1.006925
v -0.010927 1.326638 1.005177
v -0.010927 1.364427 1.004895
v -0.011168 1.326845 1.002783
v -0.011168 1.365671 1.002783
v -0.010927 1.327052 1.000389
v -0.010927 1.366915 1.000671
v -0.010212 1.327252 0.998086
v -0.010212 1.368111 0.998640
v -0.009051 1.327435 0.995964
v -0.009051 1.369214 0.996769
v -0.007489 1.327596 0.994104
v -0.007489 1.370180 0.995128
v -0.005585 1.327729 0.992578
v -0.005585 1.370973 0.993782
v -0.003413 1.327827 0.991444
v -0.003413 1.371562 0.992782
v -0.001056 1.327887 0.990745
v -0.001056 1.371925 0.992166
v 0.001395 1.259041 1.011163
v 0.001395 1.259041 0.994403
v -0.012531 1.259041 1.013051
v -0.016745 1.259041 1.012446
v -0.018586 1.259041 1.011477
v -0.020170 1.259041 1.010177
v -0.021471 1.259041 1.008592
v -0.022437 1.259041 1.006784
v -0.023032 1.259041 1.004823
v -0.023233 1.259041 1.002783
v -0.023032 1.259041 1.000743
v -0.022437 1.259041 0.998782
v -0.021471 1.259041 0.996974
v -0.020170 1.259041 0.995390
v -0.018586 1.259041 0.994089
v -0.016745 1.259041 0.993120
v -0.012531 1.259041 0.992515
v -0.014194 1.287535 1.013229
v -0.011999 1.287535 1.014392
v -0.019777 1.287535 1.002783
v -0.019536 1.287535 1.005234
v -0.014194 1.287535 0.992337
v -0.016097 1.287535 0.993899
v -0.008141 1.287535 1.015114
v 0.001395 1.287535 1.015351
v -0.018821 1.287535 1.007591
v -0.017660 1.287535 1.009763
v -0.017660 1.287535 0.995803
v -0.018821 1.287535 0.997975
v 0.001395 1.287535 0.990215
v -0.008141 1.287535 0.990452
v -0.016097 1.287535 1.011667
v -0.019536 1.287535 1.000332
v -0.011999 1.287535 0.991174
v 0.001395 1.262406 1.015368
v -0.044277 1.261370 1.015179
v -0.051101 1.258877 1.014401
v -0.053379 1.258844 1.013229
v -0.055281 1.258816 1.011667
v -0.056843 1.258793 1.009763
v -0.058003 1.258776 1.007591
v -0.058717 1.258765 1.005234
v -0.058959 1.258762 1.002783
v -0.058717 1.258765 1.000332
v -0.058003 1.258776 0.997975
v -0.056843 1.258793 0.995803
v -0.055281 1.258816 0.993899
v -0.053379 1.258844 0.992337
v -0.051101 1.258877 0.991165
v -0.044277 1.261370 0.990387
v 0.001395 1.262406 0.990198
v -0.053676 1.279023 1.013229
v -0.059256 1.278941 1.002783
v -0.053676 1.279023 0.992337
v -0.044420 1.276710 1.015179
v -0.058300 1.278955 1.007591
v -0.057140 1.278972 0.995803
v 0.001395 1.275868 0.990198
v -0.055578 1.278995 1.011667
v -0.059014 1.278944 1.000332
v -0.051398 1.279057 0.991165
v -0.051398 1.279057 1.014401
v -0.059014 1.278944 1.005234
v -0.055578 1.278995 0.993899
v 0.001395 1.275868 1.015368
v -0.057140 1.278972 1.009763
v -0.058300 1.278955 0.997975
v -0.044420 1.276710 0.990387
v -0.198605 1.218461 1.015185
v -0.200702 1.217354 1.014465
v -0.202636 1.216333 1.013296
v -0.204330 1.215439 1.011724
v -0.205721 1.214705 1.009808
v -0.206754 1.214159 1.007622
v -0.207391 1.213824 1.005250
v -0.207606 1.213710 1.002783
v -0.207391 1.213824 1.000316
v -0.206754 1.214159 0.997944
v -0.205721 1.214705 0.995758
v -0.204330 1.215439 0.993842
v -0.202636 1.216333 0.992270
v -0.200702 1.217354 0.991101
v -0.198605 1.218461 0.990382
v -0.212061 1.234191 1.013296
v -0.217031 1.231568 1.002783
v -0.212061 1.234191 0.992270
v -0.208030 1.236319 1.015185
v -0.216179 1.232017 1.007622
v -0.215146 1.232563 0.995758
v -0.213755 1.233297 1.011724
v -0.216816 1.231681 1.000316
v -0.210127 1.235211 0.991101
v -0.210127 1.235211 1.014465
v -0.216816 1.231681 1.005250
v -0.213755 1.233297 0.993842
v -0.215146 1.232563 1.009808
v -0.216179 1.232017 0.997944
v -0.208030 1.236319 0.990382
v -0.175090 1.230321 1.014392
v -0.151764 1.240974 1.014395
v -0.129811 1.248965 1.014397
v -0.107440 1.254481 1.014399
v -0.082767 1.257690 1.014401
v -0.085037 1.257483 1.013229
v -0.109654 1.254044 1.013229
v -0.131945 1.248301 1.013229
v -0.153810 1.240129 1.013229
v -0.177064 1.229364 1.013229
v -0.086930 1.257309 1.011667
v -0.111518 1.253675 1.011667
v -0.133760 1.247736 1.011667
v -0.155568 1.239403 1.011667
v -0.178776 1.228534 1.011667
v -0.088483 1.257167 1.009763
v -0.113048 1.253373 1.009763
v -0.135249 1.247272 1.009763
v -0.157011 1.238807 1.009763
v -0.180182 1.227853 1.009763
v -0.089638 1.257061 1.007591
v -0.114185 1.253148 1.007591
v -0.136356 1.246927 1.007591
v -0.158083 1.238364 1.007591
v -0.181226 1.227347 1.007591
v -0.090348 1.256996 1.005234
v -0.114885 1.253010 1.005234
v -0.137037 1.246715 1.005234
v -0.158743 1.238091 1.005234
v -0.181869 1.227035 1.005234
v -0.090588 1.256974 1.002783
v -0.115121 1.252963 1.002783
v -0.137267 1.246644 1.002783
v -0.158966 1.237999 1.002783
v -0.182086 1.226930 1.002783
v -0.090348 1.256996 1.000332
v -0.114885 1.253010 1.000332
v -0.137037 1.246715 1.000332
v -0.158743 1.238091 1.000332
v -0.181869 1.227035 1.000332
v -0.089638 1.257061 0.997975
v -0.114185 1.253148 0.997975
v -0.136356 1.246927 0.997975
v -0.158083 1.238364 0.997975
v -0.181226 1.227347 0.997975
v -0.088483 1.257167 0.995803
v -0.113048 1.253373 0.995803
v -0.135249 1.247272 0.995803
v -0.157011 1.238807 0.995803
v -0.180182 1.227853 0.995803
v -0.086930 1.257309 0.993899
v -0.111518 1.253675 0.993899
v -0.133760 1.247736 0.993899
v -0.155568 1.239403 0.993899
v -0.178776 1.228534 0.993899
v -0.085037 1.257483 0.992337
v -0.109654 1.254044 0.992337
v -0.131945 1.248301 0.992337
v -0.153810 1.240129 0.992337
v -0.177064 1.229364 0.992337
v -0.082767 1.257690 0.991165
v -0.107440 1.254481 0.991167
v -0.129811 1.248965 0.991169
v -0.151764 1.240974 0.991172
v -0.175090 1.230321 0.991174
v -0.080697 1.261250 0.990447
v -0.105839 1.258218 0.990458
v -0.128701 1.252827 0.990469
v -0.151086 1.244889 0.990480
v -0.174727 1.234234 0.990491
v -0.081923 1.274635 0.990447
v -0.108445 1.271398 0.990458
v -0.132698 1.265657 0.990469
v -0.156221 1.257319 0.990480
v -0.180596 1.246343 0.990491
v -0.084605 1.277766 0.991165
v -0.111350 1.274251 0.991167
v -0.135807 1.268211 0.991169
v -0.159466 1.259618 0.991172
v -0.183895 1.248485 0.991174
v -0.086875 1.277559 0.992337
v -0.113564 1.273814 0.992337
v -0.137941 1.267547 0.992337
v -0.161512 1.258773 0.992337
v -0.185869 1.247528 0.992337
v -0.088768 1.277386 0.993899
v -0.115428 1.273445 0.993899
v -0.139755 1.266981 0.993899
v -0.163270 1.258047 0.993899
v -0.187581 1.246698 0.993899
v -0.090322 1.277243 0.995803
v -0.116957 1.273143 0.995803
v -0.141244 1.266518 0.995803
v -0.164713 1.257451 0.995803
v -0.188987 1.246017 0.995803
v -0.091476 1.277138 0.997975
v -0.118094 1.272918 0.997975
v -0.142351 1.266173 0.997975
v -0.165785 1.257008 0.997975
v -0.190031 1.245510 0.997975
v -0.092187 1.277073 1.000332
v -0.118794 1.272780 1.000332
v -0.143032 1.265961 1.000332
v -0.166445 1.256736 1.000332
v -0.190674 1.245199 1.000332
v -0.092427 1.277051 1.002783
v -0.119030 1.272733 1.002783
v -0.143263 1.265889 1.002783
v -0.166668 1.256644 1.002783
v -0.190891 1.245093 1.002783
v -0.092187 1.277073 1.005234
v -0.118794 1.272780 1.005234
v -0.143032 1.265961 1.005234
v -0.166445 1.256736 1.005234
v -0.190674 1.245199 1.005234
v -0.091476 1.277138 1.007591
v -0.118094 1.272918 1.007591
v -0.142351 1.266173 1.007591
v -0.165785 1.257008 1.007591
v -0.190031 1.245510 1.007591
v -0.090322 1.277243 1.009763
v -0.116957 1.273143 1.009763
v -0.141244 1.266518 1.009763
v -0.164713 1.257451 1.009763
v -0.188987 1.246017 1.009763
v -0.088768 1.277386 1.011667
v -0.115428 1.273445 1.011667
v -0.139755 1.266981 1.011667
v -0.163270 1.258047 1.011667
v -0.187581 1.246698 1.011667
v -0.086875 1.277559 1.013229
v -0.113564 1.273814 1.013229
v -0.137941 1.267547 1.013229
v -0.161512 1.258773 1.013229
v -0.185869 1.247528 1.013229
v -0.084605 1.277766 1.014401
v -0.111350 1.274251 1.014399
v -0.135807 1.268211 1.014397
v -0.159466 1.259618 1.014395
v -0.183895 1.248485 1.014392
v -0.081923 1.274635 1.015119
v -0.108445 1.271398 1.015108
v -0.132698 1.265657 1.015097
v -0.156221 1.257319 1.015086
v -0.180596 1.246343 1.015075
v -0.080697 1.261250 1.015119
v -0.105839 1.258218 1.015108
v -0.128701 1.252827 1.015097
v -0.151086 1.244889 1.015086
v -0.174727 1.234234 1.015075
v -0.242990 1.203781 1.015065
v -0.243558 1.200621 1.014390
v -0.243898 1.200362 1.013229
v -0.244195 1.200136 1.011667
v -0.244440 1.199950 1.009763
v -0.244621 1.199812 1.007591
v -0.244733 1.199727 1.005234
v -0.244771 1.199698 1.002783
v -0.244733 1.199727 1.000332
v -0.244621 1.199812 0.997975
v -0.244440 1.199950 0.995803
v -0.244195 1.200136 0.993899
v -0.243898 1.200362 0.992337
v -0.243558 1.200621 0.991176
v -0.242990 1.203781 0.990502
v -0.242314 1.217934 1.013229
v -0.243187 1.217270 1.002783
v -0.242314 1.217934 0.992337
v -0.241934 1.215496 1.015065
v -0.243037 1.217384 1.007591
v -0.242856 1.217522 0.995803
v -0.242611 1.217708 1.011667
v -0.243149 1.217299 1.000332
v -0.241974 1.218193 0.991176
v -0.241974 1.218193 1.014390
v -0.243149 1.217299 1.005234
v -0.242611 1.217708 0.993899
v -0.242856 1.217522 1.009763
v -0.243037 1.217384 0.997975
v -0.241934 1.215496 0.990502
v -0.275810 1.205888 1.015065
v -0.278525 1.204315 1.014390
v -0.278622 1.204259 1.013229
v -0.278707 1.204210 1.011667
v -0.278776 1.204169 1.009763
v -0.278828 1.204139 1.007591
v -0.278860 1.204121 1.005234
v -0.278871 1.204115 1.002783
v -0.278860 1.204121 1.000332
v -0.278828 1.204139 0.997975
v -0.278776 1.204169 0.995803
v -0.278707 1.204210 0.993899
v -0.278622 1.204259 0.992337
v -0.278525 1.204315 0.991176
v -0.275810 1.205888 0.990502
v -0.262848 1.213399 1.013229
v -0.263097 1.213255 1.002783
v -0.262848 1.213399 0.992337
v -0.265294 1.211982 1.015065
v -0.263054 1.213280 1.007591
v -0.263002 1.213310 0.995803
v -0.262933 1.213350 1.011667
v -0.263086 1.213261 1.000332
v -0.262751 1.213455 0.991176
v -0.262751 1.213455 1.014390
v -0.263086 1.213261 1.005234
v -0.262933 1.213350 0.993899
v -0.263002 1.213310 1.009763
v -0.263054 1.213280 0.997975
v -0.265294 1.211982 0.990502
v -0.284722 1.220368 1.015065
v -0.287673 1.219591 1.014390
v -0.287786 1.219568 1.013229
v -0.287885 1.219548 1.011667
v -0.287967 1.219532 1.009763
v -0.288027 1.219520 1.007591
v -0.288064 1.219512 1.005234
v -0.288077 1.219510 1.002783
v -0.288064 1.219512 1.000332
v -0.288027 1.219520 0.997975
v -0.287966 1.219532 0.995803
v -0.287885 1.219548 0.993899
v -0.287786 1.219568 0.992337
v -0.287673 1.219591 0.991176
v -0.284722 1.220368 0.990502
v -0.270690 1.224067 1.013229
v -0.270989 1.223958 1.002783
v -0.270690 1.224067 0.992337
v -0.273321 1.223391 1.015065
v -0.270938 1.223977 1.007591
v -0.270876 1.224000 0.995803
v -0.270792 1.224030 1.011667
v -0.270976 1.223963 1.000332
v -0.270574 1.224110 0.991176
v -0.270574 1.224110 1.014390
v -0.270976 1.223963 1.005234
v -0.270792 1.224030 0.993899
v -0.270876 1.224000 1.009763
v -0.270938 1.223977 0.997975
v -0.273321 1.223391 0.990502
v -0.277483 1.233089 1.013829
v -0.279063 1.233848 1.013222
v -0.279154 1.233897 1.012178
v -0.279233 1.233940 1.010773
v -0.279299 1.233975 1.009061
v -0.279347 1.234001 1.007107
v -0.279377 1.234017 1.004987
v -0.279387 1.234022 1.002783
v -0.279377 1.234017 1.000579
v -0.279347 1.234001 0.998459
v -0.279299 1.233975 0.996506
v -0.279233 1.233940 0.994793
v -0.279154 1.233897 0.993388
v -0.279063 1.233848 0.992344
v -0.277483 1.233089 0.991738
v -0.270187 1.229420 1.012178
v -0.270456 1.229322 1.002783
v -0.270187 1.229420 0.993388
v -0.271489 1.230209 1.013829
v -0.270410 1.229338 1.007107
v -0.270354 1.229359 0.996506
v -0.270279 1.229386 1.010773
v -0.270444 1.229326 1.000579
v -0.270083 1.229458 0.992344
v -0.270083 1.229458 1.013222
v -0.270444 1.229326 1.004987
v -0.270279 1.229386 0.994793
v -0.270354 1.229359 1.009061
v -0.270410 1.229338 0.998459
v -0.271489 1.230209 0.991738
v -0.267902 1.241050 1.009478
v -0.267225 1.242332 1.008549
v -0.267275 1.242362 1.007972
v -0.267318 1.242388 1.007196
v -0.267354 1.242409 1.006251
v -0.267380 1.242425 1.005171
v -0.267397 1.242435 1.004001
v -0.267402 1.242439 1.002783
v -0.267397 1.242435 1.001565
v -0.267380 1.242425 1.000395
v -0.267354 1.242409 0.999316
v -0.267318 1.242388 0.998370
v -0.267275 1.242362 0.997594
v -0.267225 1.242332 0.997017
v -0.267902 1.241050 0.996088
v -0.264382 1.239557 1.007972
v -0.264527 1.239523 1.002783
v -0.264382 1.239557 0.997594
v -0.265523 1.238815 1.009478
v -0.264502 1.239529 1.005171
v -0.264472 1.239536 0.999316
v -0.264431 1.239546 1.007196
v -0.264520 1.239525 1.001565
v -0.264325 1.239571 0.997017
v -0.264325 1.239571 1.008549
v -0.264520 1.239525 1.004001
v -0.264431 1.239546 0.998370
v -0.264472 1.239536 1.006251
v -0.264502 1.239529 1.000395
v -0.265523 1.238815 0.996088
v 0.003846 1.325803 1.014821
v 0.003846 1.359417 1.013400
v 0.006203 1.325863 1.014122
v 0.006203 1.359780 1.012784
v 0.008375 1.325961 1.012988
v 0.008375 1.360369 1.011783
v 0.010279 1.326093 1.011462
v 0.010279 1.361162 1.010437
v 0.011841 1.326254 1.009602
v 0.011841 1.362129 1.008797
v 0.013002 1.326438 1.007480
v 0.013002 1.363231 1.006925
v 0.013717 1.326638 1.005177
v 0.013717 1.364427 1.004895
v 0.013959 1.326845 1.002783
v 0.013959 1.365671 1.002783
v 0.013717 1.327052 1.000389
v 0.013717 1.366915 1.000671
v 0.013002 1.327252 0.998086
v 0.013002 1.368111 0.998640
v 0.011841 1.327435 0.995964
v 0.011841 1.369214 0.996769
v 0.010279 1.327596 0.994104
v 0.010279 1.370180 0.995128
v 0.008375 1.327729 0.992578
v 0.008375 1.370973 0.993782
v 0.006203 1.327827 0.991444
v 0.006203 1.371562 0.992782
v 0.003846 1.327887 0.990745
v 0.003846 1.371925 0.992166
v 0.015322 1.259041 1.013051
v 0.019535 1.259041 1.012446
v 0.021376 1.259041 1.011477
v 0.022961 1.259041 1.010177
v 0.024261 1.259041 1.008592
v 0.025227 1.259041 1.006784
v 0.025822 1.259041 1.004823
v 0.026023 1.259041 1.002783
v 0.025822 1.259041 1.000743
v 0.025227 1.259041 0.998782
v 0.024261 1.259041 0.996974
v 0.022961 1.259041 0.995390
v 0.021376 1.259041 0.994089
v 0.019535 1.259041 0.993120
v 0.015322 1.259041 0.992515
v 0.016984 1.287535 1.013229
v 0.014790 1.287535 1.014392
v 0.022568 1.287535 1.002783
v 0.022326 1.287535 1.005234
v 0.016984 1.287535 0.992337
v 0.018888 1.287535 0.993899
v 0.010931 1.287535 1.015114
v 0.021611 1.287535 1.007591
v 0.020450 1.287535 1.009763
v 0.020450 1.287535 0.995803
v 0.021611 1.287535 0.997975
v 0.010931 1.287535 0.990452
v 0.018888 1.287535 1.011667
v 0.022326 1.287535 1.000332
v 0.014790 1.287535 0.991174
v 0.047067 1.261370 1.015179
v 0.053891 1.258877 1.014401
v 0.056169 1.258844 1.013229
v 0.058072 1.258816 1.011667
v 0.059633 1.258793 1.009763
v 0.060793 1.258776 1.007591
v 0.061508 1.258765 1.005234
v 0.061749 1.258762 1.002783
v 0.061508 1.258765 1.000332
v 0.060793 1.258776 0.997975
v 0.059633 1.258793 0.995803
v 0.058072 1.258816 0.993899
v 0.056169 1.258844 0.992337
v 0.053891 1.258877 0.991165
v 0.047067 1.261370 0.990387
v 0.056466 1.279023 1.013229
v 0.062046 1.278941 1.002783
v 0.056466 1.279023 0.992337
v 0.047210 1.276710 1.015179
v 0.061090 1.278955 1.007591
v 0.059930 1.278972 0.995803
v 0.058369 1.278995 1.011667
v 0.061805 1.278944 1.000332
v 0.054188 1.279057 0.991165
v 0.054188 1.279057 1.014401
v 0.061805 1.278944 1.005234
v 0.058369 1.278995 0.993899
v 0.059930 1.278972 1.009763
v 0.061090 1.278955 0.997975
v 0.047210 1.276710 0.990387
v 0.201395 1.218461 1.015185
v 0.203493 1.217354 1.014465
v 0.205426 1.216333 1.013296
v 0.207121 1.215439 1.011724
v 0.208511 1.214705 1.009808
v 0.209545 1.214159 1.007622
v 0.210181 1.213824 1.005250
v 0.210396 1.213710 1.002783
v 0.210181 1.213824 1.000316
v 0.209545 1.214159 0.997944
v 0.208511 1.214705 0.995758
v 0.207121 1.215439 0.993842
v 0.205426 1.216333 0.992270
v 0.203493 1.217354 0.991101
v 0.201395 1.218461 0.990382
v 0.214851 1.234191 1.013296
v 0.219821 1.231568 1.002783
v 0.214851 1.234191 0.992270
v 0.210820 1.236319 1.015185
v 0.218970 1.232017 1.007622
v 0.217936 1.232563 0.995758
v 0.216546 1.233297 1.011724
v 0.219606 1.231681 1.000316
v 0.212918 1.235211 0.991101
v 0.212918 1.235211 1.014465
v 0.219606 1.231681 1.005250
v 0.216546 1.233297 0.993842
v 0.217936 1.232563 1.009808
v 0.218970 1.232017 0.997944
v 0.210820 1.236319 0.990382
v 0.177880 1.230321 1.014392
v 0.154554 1.240974 1.014395
v 0.132602 1.248965 1.014397
v 0.110231 1.254481 1.014399
v 0.085557 1.257690 1.014401
v 0.087827 1.257483 1.013229
v 0.112445 1.254044 1.013229
v 0.134736 1.248301 1.013229
v 0.156601 1.240129 1.013229
v 0.179854 1.229364 1.013229
v 0.089720 1.257309 1.011667
v 0.114309 1.253675 1.011667
v 0.136550 1.247736 1.011667
v 0.158359 1.239403 1.011667
v 0.181567 1.228534 1.011667
v 0.091274 1.257167 1.009763
v 0.115838 1.253373 1.009763
v 0.138039 1.247272 1.009763
v 0.159801 1.238807 1.009763
v 0.182972 1.227853 1.009763
v 0.092428 1.257061 1.007591
v 0.116975 1.253148 1.007591
v 0.139146 1.246927 1.007591
v 0.160873 1.238364 1.007591
v 0.184016 1.227347 1.007591
v 0.093139 1.256996 1.005234
v 0.117675 1.253010 1.005234
v 0.139827 1.246715 1.005234
v 0.161533 1.238091 1.005234
v 0.184660 1.227035 1.005234
v 0.093379 1.256974 1.002783
v 0.117911 1.252963 1.002783
v 0.140057 1.246644 1.002783
v 0.161756 1.237999 1.002783
v 0.184877 1.226930 1.002783
v 0.093139 1.256996 1.000332
v 0.117675 1.253010 1.000332
v 0.139827 1.246715 1.000332
v 0.161533 1.238091 1.000332
v 0.184660 1.227035 1.000332
v 0.092428 1.257061 0.997975
v 0.116975 1.253148 0.997975
v 0.139146 1.246927 0.997975
v 0.160873 1.238364 0.997975
v 0.184016 1.227347 0.997975
v 0.091274 1.257167 0.995803
v 0.115838 1.253373 0.995803
v 0.138039 1.247272 0.995803
v 0.159801 1.238807 0.995803
v 0.182972 1.227853 0.995803
v 0.089720 1.257309 0.993899
v 0.114309 1.253675 0.993899
v 0.136550 1.247736 0.993899
v 0.158359 1.239403 0.993899
v 0.181567 1.228534 0.993899
v 0.087827 1.257483 0.992337
v 0.112445 1.254044 0.992337
v 0.134736 1.248301 0.992337
v 0.156601 1.240129 0.992337
v 0.179854 1.229364 0.992337
v 0.085557 1.257690 0.991165
v 0.110231 1.254481 0.991167
v 0.132602 1.248965 0.991169
v 0.154554 1.240974 0.991172
v 0.177880 1.230321 0.991174
v 0.083487 1.261250 0.990447
v 0.108629 1.258218 0.990458
v 0.131492 1.252827 0.990469
v 0.153876 1.244889 0.990480
v 0.177517 1.234234 0.990491
v 0.084713 1.274635 0.990447
v 0.111235 1.271398 0.990458
v 0.135489 1.265657 0.990469
v 0.159011 1.257319 0.990480
v 0.183387 1.246343 0.990491
v 0.087396 1.277766 0.991165
v 0.114140 1.274251 0.991167
v 0.138597 1.268211 0.991169
v 0.162256 1.259618 0.991172
v 0.186685 1.248485 0.991174
v 0.089666 1.277559 0.992337
v 0.116354 1.273814 0.992337
v 0.140731 1.267547 0.992337
v 0.164303 1.258773 0.992337
v 0.188659 1.247528 0.992337
v 0.091559 1.277386 0.993899
v 0.118218 1.273445 0.993899
v 0.142546 1.266981 0.993899
v 0.166061 1.258047 0.993899
v 0.190371 1.246698 0.993899
v 0.093112 1.277243 0.995803
v 0.119748 1.273143 0.995803
v 0.144035 1.266518 0.995803
v 0.167503 1.257451 0.995803
v 0.191777 1.246017 0.995803
v 0.094266 1.277138 0.997975
v 0.120884 1.272918 0.997975
v 0.145141 1.266173 0.997975
v 0.168575 1.257008 0.997975
v 0.192821 1.245510 0.997975
v 0.094977 1.277073 1.000332
v 0.121584 1.272780 1.000332
v 0.145823 1.265961 1.000332
v 0.169235 1.256736 1.000332
v 0.193464 1.245199 1.000332
v 0.095217 1.277051 1.002783
v 0.121821 1.272733 1.002783
v 0.146053 1.265889 1.002783
v 0.169458 1.256644 1.002783
v 0.193682 1.245093 1.002783
v 0.094977 1.277073 1.005234
v 0.121584 1.272780 1.005234
v 0.145823 1.265961 1.005234
v 0.169235 1.256736 1.005234
v 0.193464 1.245199 1.005234
v 0.094266 1.277138 1.007591
v 0.120884 1.272918 1.007591
v 0.145141 1.266173 1.007591
v 0.168575 1.257008 1.007591
v 0.192821 1.245510 1.007591
v 0.093112 1.277243 1.009763
v 0.119748 1.273143 1.009763
v 0.144035 1.266518 1.009763
v 0.167503 1.257451 1.009763
v 0.191777 1.246017 1.009763
v 0.091559 1.277386 1.011667
v 0.118218 1.273445 1.011667
v 0.142546 1.266981 1.011667
v 0.166061 1.258047 1.011667
v 0.190371 1.246698 1.011667
v 0.089666 1.277559 1.013229
v 0.116354 1.273814 1.013229
v 0.140731 1.267547 1.013229
v 0.164303 1.258773 1.013229
v 0.188659 1.247528 1.013229
v 0.087396 1.277766 1.014401
v 0.114140 1.274251 1.014399
v 0.138597 1.268211 1.014397
v 0.162256 1.259618 1.014395
v 0.186685 1.248485 1.014392
v 0.084713 1.274635 1.015119
v 0.111235 1.271398 1.015108
v 0.135489 1.265657 1.015097
v 0.159011 1.257319 1.015086
v 0.183387 1.246343 1.015075
v 0.083487 1.261250 1.015119
v 0.108629 1.258218 1.015108
v 0.131492 1.252827 1.015097
v 0.153876 1.244889 1.015086
v 0.177517 1.234234 1.015075
v 0.245781 1.203781 1.015065
v 0.246349 1.200621 1.014390
v 0.246688 1.200362 1.013229
v 0.246986 1.200136 1.011667
v 0.247230 1.199950 1.009763
v 0.247411 1.199812 1.007591
v 0.247523 1.199727 1.005234
v 0.247561 1.199698 1.002783
v 0.247523 1.199727 1.000332
v 0.247411 1.199812 0.997975
v 0.247230 1.199950 0.995803
v 0.246986 1.200136 0.993899
v 0.246688 1.200362 0.992337
v 0.246349 1.200621 0.991176
v 0.245781 1.203781 0.990502
v 0.245104 1.217934 1.013229
v 0.245977 1.217270 1.002783
v 0.245104 1.217934 0.992337
v 0.244725 1.215496 1.015065
v 0.245827 1.217384 1.007591
v 0.245646 1.217522 0.995803
v 0.245402 1.217708 1.011667
v 0.245939 1.217299 1.000332
v 0.244765 1.218193 0.991176
v 0.244765 1.218193 1.014390
v 0.245939 1.217299 1.005234
v 0.245402 1.217708 0.993899
v 0.245646 1.217522 1.009763
v 0.245827 1.217384 0.997975
v 0.244725 1.215496 0.990502
v 0.278600 1.205888 1.015065
v 0.281316 1.204315 1.014390
v 0.281412 1.204259 1.013229
v 0.281497 1.204210 1.011667
v 0.281567 1.204169 1.009763
v 0.281618 1.204139 1.007591
v 0.281650 1.204121 1.005234
v 0.281661 1.204115 1.002783
v 0.281650 1.204121 1.000332
v 0.281618 1.204139 0.997975
v 0.281567 1.204169 0.995803
v 0.281497 1.204210 0.993899
v 0.281412 1.204259 0.992337
v 0.281316 1.204315 0.991176
v 0.278600 1.205888 0.990502
v 0.265639 1.213399 1.013229
v 0.265887 1.213255 1.002783
v 0.265639 1.213399 0.992337
v 0.268084 1.211982 1.015065
v 0.265844 1.213280 1.007591
v 0.265793 1.213310 0.995803
v 0.265723 1.213350 1.011667
v 0.265876 1.213261 1.000332
v 0.265542 1.213455 0.991176
v 0.265542 1.213455 1.014390
v 0.265876 1.213261 1.005234
v 0.265723 1.213350 0.993899
v 0.265793 1.213310 1.009763
v 0.265844 1.213280 0.997975
v 0.268084 1.211982 0.990502
v 0.287512 1.220368 1.015065
v 0.290464 1.219591 1.014390
v 0.290577 1.219568 1.013229
v 0.290676 1.219548 1.011667
v 0.290757 1.219532 1.009763
v 0.290817 1.219520 1.007591
v 0.290854 1.219512 1.005234
v 0.290867 1.219510 1.002783
v 0.290854 1.219512 1.000332
v 0.290817 1.219520 0.997975
v 0.290757 1.219532 0.995803
v 0.290676 1.219548 0.993899
v 0.290577 1.219568 0.992337
v 0.290464 1.219591 0.991176
v 0.287512 1.220368 0.990502
v 0.273481 1.224067 1.013229
v 0.273779 1.223958 1.002783
v 0.273481 1.224067 0.992337
v 0.276111 1.223391 1.015065
v 0.273728 1.223977 1.007591
v 0.273666 1.224000 0.995803
v 0.273582 1.224030 1.011667
v 0.273766 1.223963 1.000332
v 0.273365 1.224110 0.991176
v 0.273365 1.224110 1.014390
v 0.273766 1.223963 1.005234
v 0.273582 1.224030 0.993899
v 0.273666 1.224000 1.009763
v 0.273728 1.223977 0.997975
v 0.276111 1.223391 0.990502
v 0.280273 1.233089 1.013829
v 0.281854 1.233849 1.013222
v 0.281944 1.233897 1.012178
v 0.282024 1.233940 1.010773
v 0.282089 1.233975 1.009061
v 0.282137 1.234001 1.007107
v 0.282167 1.234017 1.004987
v 0.282177 1.234022 1.002783
v 0.282167 1.234017 1.000579
v 0.282137 1.234001 0.998459
v 0.282089 1.233975 0.996506
v 0.282024 1.233940 0.994793
v 0.281944 1.233897 0.993388
v 0.281854 1.233848 0.992344
v 0.280273 1.233089 0.991738
v 0.272978 1.229420 1.012178
v 0.273246 1.229322 1.002783
v 0.272978 1.229420 0.993388
v 0.274279 1.230209 1.013829
v 0.273200 1.229338 1.007107
v 0.273144 1.229359 0.996506
v 0.273069 1.229386 1.010773
v 0.273234 1.229326 1.000579
v 0.272873 1.229458 0.992344
v 0.272873 1.229458 1.013222
v 0.273234 1.229326 1.004987
v 0.273069 1.229386 0.994793
v 0.273144 1.229359 1.009061
v 0.273200 1.229338 0.998459
v 0.274279 1.230209 0.991738
v 0.270692 1.241050 1.009478
v 0.270016 1.242332 1.008549
v 0.270065 1.242362 1.007972
v 0.270109 1.242388 1.007196
v 0.270144 1.242409 1.006251
v 0.270171 1.242425 1.005171
v 0.270187 1.242435 1.004001
v 0.270193 1.242439 1.002783
v 0.270187 1.242435 1.001565
v 0.270171 1.242425 1.000395
v 0.270144 1.242409 0.999316
v 0.270109 1.242388 0.998370
v 0.270065 1.242362 0.997594
v 0.270016 1.242332 0.997017
v 0.270692 1.241050 0.996088
v 0.267172 1.239557 1.007972
v 0.267317 1.239523 1.002783
v 0.267172 1.239557 0.997594
v 0.268313 1.238815 1.009478
v 0.267292 1.239529 1.005171
v 0.267262 1.239536 0.999316
v 0.267222 1.239546 1.007196
v 0.267311 1.239525 1.001565
v 0.267116 1.239571 0.997017
v 0.267116 1.239571 1.008549
v 0.267311 1.239525 1.004001
v 0.267221 1.239546 0.998370
v 0.267262 1.239536 1.006251
v 0.267292 1.239529 1.000395
v 0.268313 1.238815 0.996088
v 0.001395 1.350403 0.991125
v -0.006661 1.304790 1.013199
v 0.001395 1.343761 1.014441
v 0.000164 1.325787 1.014998
v 0.000164 1.359326 1.013556
v -0.001056 1.343824 1.014217
v -0.002252 1.325828 1.014528
v -0.002252 1.359569 1.013142
v -0.003413 1.344013 1.013554
v -0.004527 1.325908 1.013607
v -0.004527 1.360048 1.012330
v -0.005585 1.344320 1.012476
v -0.006575 1.326023 1.012271
v -0.006575 1.360742 1.011151
v -0.007489 1.344733 1.011026
v -0.008316 1.326171 1.010569
v -0.008316 1.361626 1.009650
v -0.009051 1.345237 1.009260
v -0.009685 1.326344 1.008569
v -0.009685 1.362665 1.007886
v -0.010212 1.345811 1.007244
v -0.010627 1.326536 1.006346
v -0.010627 1.363820 1.005925
v -0.010927 1.346434 1.005057
v -0.011108 1.326741 1.003986
v -0.011108 1.365046 1.003844
v -0.011168 1.347082 1.002783
v -0.011108 1.326949 1.001580
v -0.011108 1.366296 1.001722
v -0.010927 1.347730 1.000509
v -0.010627 1.327153 0.999220
v -0.010627 1.367522 0.999641
v -0.010212 1.348353 0.998322
v -0.009685 1.327346 0.996997
v -0.009685 1.368677 0.997680
v -0.009051 1.348927 0.996306
v -0.008316 1.327519 0.994997
v -0.008316 1.369717 0.995916
v -0.007489 1.349430 0.994539
v -0.006575 1.327666 0.993295
v -0.006575 1.370600 0.994415
v -0.005585 1.349843 0.993090
v -0.004527 1.327782 0.991959
v -0.004527 1.371295 0.993236
v -0.003413 1.350150 0.992012
v -0.002252 1.327862 0.991038
v -0.002252 1.371773 0.992424
v -0.001056 1.350339 0.991349
v 0.000164 1.327903 0.990568
v 0.000164 1.372017 0.992010
v 0.001395 1.259041 1.002783
v -0.006087 1.259041 1.011564
v -0.012937 1.259041 1.011661
v -0.015023 1.259041 1.010959
v -0.016539 1.259041 1.009949
v -0.017824 1.259041 1.008664
v -0.018834 1.259041 1.007153
v -0.019529 1.259041 1.005474
v -0.019884 1.259041 1.003692
v -0.019884 1.259041 1.001874
v -0.019529 1.259041 1.000092
v -0.018834 1.259041 0.998413
v -0.017824 1.259041 0.996902
v -0.016539 1.259041 0.995617
v -0.015023 1.259041 0.994607
v -0.012937 1.259041 0.993905
v -0.006087 1.259041 0.994002
v -0.037384 1.280235 1.005234
v -0.004486 1.304778 1.014357
v -0.037625 1.280235 1.002783
v -0.012003 1.304875 1.005227
v -0.037081 1.259008 0.998102
v -0.008565 1.304994 0.993925
v -0.029804 1.280249 0.991170
v 0.001395 1.304768 1.015311
v -0.023159 1.280011 0.990432
v -0.010127 1.304827 1.009743
v -0.033946 1.280241 0.993899
v -0.011288 1.304951 0.997989
v 0.001395 1.259462 0.990730
v -0.001941 1.305031 0.990495
v -0.032042 1.280245 0.992337
v -0.037777 1.259007 1.000397
v 0.001395 1.279850 1.015360
v -0.023159 1.280011 1.015134
v -0.012244 1.304900 1.002783
v -0.038012 1.259006 1.002783
v -0.006661 1.305011 0.992367
v -0.035508 1.280238 1.009763
v -0.001941 1.304770 1.015071
v -0.030395 1.259021 0.991476
v -0.011288 1.304850 1.007577
v -0.036669 1.280236 1.007591
v -0.010127 1.304974 0.995823
v -0.037777 1.259007 1.005169
v 0.001395 1.305033 0.990255
v -0.037081 1.259008 1.007464
v -0.008565 1.304806 1.011641
v -0.012003 1.304926 1.000339
v -0.004486 1.305023 0.991209
v -0.010617 1.287535 0.990754
v -0.019236 1.287535 0.999136
v -0.016925 1.287535 1.010753
v -0.016925 1.287535 0.994813
v -0.019236 1.287535 1.006430
v -0.010617 1.287535 1.014812
v -0.013133 1.287535 0.991703
v -0.019717 1.287535 1.001552
v -0.015184 1.287535 1.012495
v -0.003900 1.287535 0.990274
v -0.018294 1.287535 0.996861
v -0.018294 1.287535 1.008705
v -0.003900 1.287535 1.015293
v -0.015184 1.287535 0.993071
v -0.019717 1.287535 1.004014
v -0.013133 1.287535 1.013863
v -0.020978 1.262296 1.015325
v -0.049364 1.259150 1.014839
v -0.052308 1.258860 1.013864
v -0.054368 1.258829 1.012495
v -0.056109 1.258804 1.010753
v -0.057476 1.258783 1.008705
v -0.058418 1.258770 1.006430
v -0.058898 1.258763 1.004014
v -0.058898 1.258763 1.001552
v -0.058418 1.258770 0.999136
v -0.057476 1.258783 0.996861
v -0.056109 1.258804 0.994813
v -0.054368 1.258829 0.993071
v -0.052308 1.258860 0.991702
v -0.049364 1.259150 0.990728
v -0.020978 1.262296 0.990242
v -0.047308 1.269016 1.015265
v 0.001395 1.269137 0.990195
v 0.001395 1.269137 1.015371
v -0.047308 1.269016 0.990301
v -0.049642 1.278831 0.990728
v -0.058715 1.278949 0.999136
v -0.056406 1.278983 1.010753
v -0.056406 1.278983 0.994813
v -0.058715 1.278949 1.006430
v -0.049642 1.278831 1.014838
v -0.052605 1.279039 0.991702
v -0.059195 1.278942 1.001552
v -0.054665 1.279008 1.012495
v -0.020990 1.275959 0.990242
v -0.057773 1.278963 0.996861
v -0.057773 1.278963 1.008705
v -0.020990 1.275959 1.015325
v -0.054665 1.279008 0.993071
v -0.059195 1.278942 1.004014
v -0.052605 1.279039 1.013864
v -0.036669 1.280236 0.997975
v -0.037384 1.280235 1.000332
v -0.035951 1.259010 0.995988
v -0.032042 1.280245 1.013229
v -0.029804 1.280249 1.014397
v -0.033946 1.280241 1.011667
v -0.034430 1.259013 0.994134
v -0.035508 1.280238 0.995803
v -0.032577 1.259016 0.992613
v 0.001395 1.259462 1.014836
v -0.023756 1.259281 1.014809
v -0.023756 1.259281 0.990757
v -0.030395 1.259021 1.014090
v -0.032577 1.259016 1.012953
v -0.034430 1.259013 1.011432
v -0.035951 1.259010 1.009578
v 0.001395 1.279850 0.990207
v -0.199654 1.217907 1.014825
v -0.201669 1.216843 1.013881
v -0.203483 1.215886 1.012510
v -0.205026 1.215072 1.010766
v -0.206238 1.214432 1.008715
v -0.207073 1.213992 1.006436
v -0.207498 1.213767 1.004017
v -0.207498 1.213767 1.001550
v -0.207073 1.213992 0.999130
v -0.206238 1.214432 0.996851
v -0.205026 1.215072 0.994800
v -0.203483 1.215886 0.993056
v -0.201669 1.216843 0.991685
v -0.199654 1.217907 0.990741
v -0.229995 1.224102 0.997973
v -0.230325 1.223909 1.000331
v -0.224944 1.205730 1.009767
v -0.203317 1.227390 1.015185
v -0.226852 1.225937 0.991170
v -0.224222 1.206152 1.011672
v -0.227856 1.225351 1.013235
v -0.226852 1.225937 1.014396
v -0.222030 1.210659 0.990492
v -0.225301 1.223612 0.990492
v -0.222338 1.207252 1.014396
v -0.223342 1.206666 1.013235
v -0.230437 1.223844 1.002783
v -0.230325 1.223909 1.005235
v -0.203317 1.227390 0.990382
v -0.209079 1.235765 0.990741
v -0.216498 1.231849 0.999130
v -0.214451 1.232930 1.010766
v -0.214451 1.232930 0.994800
v -0.216498 1.231849 1.006436
v -0.209079 1.235765 1.014825
v -0.211094 1.234701 0.991685
v -0.216923 1.231625 1.001550
v -0.212908 1.233744 1.012510
v -0.215663 1.232290 0.996851
v -0.215663 1.232290 1.008715
v -0.212908 1.233744 0.993056
v -0.216923 1.231625 1.004017
v -0.211094 1.234701 1.013881
v -0.068631 1.258483 1.014402
v -0.189642 1.223027 1.013235
v -0.191339 1.222164 1.011672
v -0.192733 1.221456 1.009767
v -0.193768 1.220930 1.007594
v -0.194405 1.220605 1.005235
v -0.194621 1.220496 1.002783
v -0.194405 1.220605 1.000331
v -0.193768 1.220930 0.997973
v -0.192733 1.221456 0.995799
v -0.191339 1.222164 0.993895
v -0.189642 1.223027 0.992331
v -0.187695 1.224017 0.991169
v -0.187283 1.227686 0.990486
v -0.193645 1.240180 0.990486
v -0.196845 1.242014 0.991169
v -0.198792 1.241024 0.992331
v -0.200489 1.240161 0.993895
v -0.201882 1.239453 0.995799
v -0.202918 1.238926 0.997973
v -0.203555 1.238602 1.000331
v -0.203771 1.238493 1.002783
v -0.203555 1.238602 1.005235
v -0.202918 1.238926 1.007594
v -0.201882 1.239453 1.009767
v -0.200489 1.240161 1.011672
v -0.198791 1.241024 1.013235
v -0.196845 1.242014 1.014398
v -0.193645 1.240180 1.015080
v -0.187283 1.227686 1.015080
v -0.187695 1.224017 1.014398
v -0.163149 1.235989 1.014393
v -0.140725 1.245292 1.014396
v -0.118795 1.252021 1.014398
v -0.095508 1.256367 1.014400
v -0.070917 1.258378 1.013229
v -0.097753 1.256047 1.013229
v -0.120972 1.251467 1.013229
v -0.142815 1.244529 1.013229
v -0.165157 1.235079 1.013229
v -0.072816 1.258289 1.011667
v -0.099635 1.255778 1.011667
v -0.122813 1.250998 1.011667
v -0.144601 1.243877 1.011667
v -0.166890 1.234294 1.011667
v -0.074375 1.258217 1.009763
v -0.101179 1.255558 1.009763
v -0.124324 1.250613 1.009763
v -0.146066 1.243342 1.009763
v -0.168312 1.233649 1.009763
v -0.075534 1.258163 1.007591
v -0.102326 1.255394 1.007591
v -0.125447 1.250327 1.007591
v -0.147155 1.242944 1.007591
v -0.169369 1.233171 1.007591
v -0.076247 1.258130 1.005234
v -0.103032 1.255293 1.005234
v -0.126138 1.250151 1.005234
v -0.147826 1.242700 1.005234
v -0.170020 1.232876 1.005234
v -0.076488 1.258119 1.002783
v -0.103271 1.255259 1.002783
v -0.126372 1.250091 1.002783
v -0.148052 1.242617 1.002783
v -0.170239 1.232776 1.002783
v -0.076247 1.258130 1.000332
v -0.103032 1.255293 1.000332
v -0.126138 1.250151 1.000332
v -0.147826 1.242700 1.000332
v -0.170020 1.232876 1.000332
v -0.075534 1.258163 0.997975
v -0.102326 1.255394 0.997975
v -0.125447 1.250327 0.997975
v -0.147155 1.242944 0.997975
v -0.169369 1.233171 0.997975
v -0.074375 1.258217 0.995803
v -0.101179 1.255558 0.995803
v -0.124324 1.250613 0.995803
v -0.146066 1.243342 0.995803
v -0.168312 1.233649 0.995803
v -0.072816 1.258289 0.993899
v -0.099635 1.255778 0.993899
v -0.122813 1.250998 0.993899
v -0.144601 1.243877 0.993899
v -0.166890 1.234294 0.993899
v -0.070917 1.258378 0.992337
v -0.097754 1.256047 0.992337
v -0.120972 1.251467 0.992337
v -0.142815 1.244529 0.992337
v -0.165157 1.235079 0.992337
v -0.068631 1.258483 0.991164
v -0.095508 1.256367 0.991166
v -0.118796 1.252021 0.991168
v -0.140725 1.245292 0.991171
v -0.163149 1.235989 0.991173
v -0.066040 1.261854 0.990437
v -0.093665 1.260020 0.990453
v -0.117442 1.255828 0.990464
v -0.139843 1.249188 0.990474
v -0.162644 1.239908 0.990485
v -0.066656 1.275488 0.990437
v -0.095566 1.273322 0.990453
v -0.120759 1.268848 0.990464
v -0.144454 1.261816 0.990474
v -0.168198 1.252162 0.990485
v -0.069566 1.278630 0.991164
v -0.098359 1.276320 0.991166
v -0.123771 1.271549 0.991168
v -0.147641 1.264233 0.991171
v -0.171479 1.254369 0.991173
v -0.071852 1.278524 0.992337
v -0.100604 1.276000 0.992337
v -0.125947 1.270996 0.992337
v -0.149731 1.263471 0.992337
v -0.173487 1.253460 0.992337
v -0.073751 1.278436 0.993899
v -0.102485 1.275731 0.993899
v -0.127789 1.270527 0.993899
v -0.151517 1.262818 0.993899
v -0.175220 1.252675 0.993899
v -0.075310 1.278364 0.995803
v -0.104029 1.275510 0.995803
v -0.129300 1.270142 0.995803
v -0.152982 1.262283 0.995803
v -0.176642 1.252030 0.995803
v -0.076469 1.278310 0.997975
v -0.105176 1.275346 0.997975
v -0.130422 1.269856 0.997975
v -0.154071 1.261886 0.997975
v -0.177699 1.251551 0.997975
v -0.077182 1.278277 1.000332
v -0.105882 1.275245 1.000332
v -0.131114 1.269679 1.000332
v -0.154742 1.261641 1.000332
v -0.178350 1.251256 1.000332
v -0.077423 1.278266 1.002783
v -0.106121 1.275211 1.002783
v -0.131347 1.269620 1.002783
v -0.154968 1.261558 1.002783
v -0.178569 1.251157 1.002783
v -0.077182 1.278277 1.005234
v -0.105882 1.275245 1.005234
v -0.131114 1.269679 1.005234
v -0.154742 1.261641 1.005234
v -0.178350 1.251256 1.005234
v -0.076469 1.278310 1.007591
v -0.105176 1.275346 1.007591
v -0.130422 1.269856 1.007591
v -0.154071 1.261886 1.007591
v -0.177699 1.251551 1.007591
v -0.075310 1.278364 1.009763
v -0.104029 1.275510 1.009763
v -0.129300 1.270142 1.009763
v -0.152982 1.262283 1.009763
v -0.176642 1.252030 1.009763
v -0.073751 1.278436 1.011667
v -0.102485 1.275731 1.011667
v -0.127789 1.270527 1.011667
v -0.151517 1.262818 1.011667
v -0.175220 1.252675 1.011667
v -0.071852 1.278524 1.013229
v -0.100604 1.276000 1.013229
v -0.125947 1.270996 1.013229
v -0.149731 1.263471 1.013229
v -0.173487 1.253460 1.013229
v -0.069566 1.278630 1.014402
v -0.098359 1.276320 1.014400
v -0.123771 1.271549 1.014398
v -0.147641 1.264233 1.014396
v -0.171479 1.254369 1.014393
v -0.066656 1.275488 1.015129
v -0.095566 1.273322 1.015113
v -0.120759 1.268848 1.015103
v -0.144454 1.261816 1.015092
v -0.168198 1.252162 1.015081
v -0.066040 1.261854 1.015129
v -0.093665 1.260020 1.015113
v -0.117442 1.255828 1.015103
v -0.139843 1.249189 1.015092
v -0.162644 1.239908 1.015081
v -0.176110 1.229827 1.013863
v -0.152829 1.240535 1.013864
v -0.130929 1.248618 1.013864
v -0.108608 1.254251 1.013864
v -0.083972 1.257580 1.013864
v -0.177954 1.228933 1.012495
v -0.154725 1.239751 1.012495
v -0.132889 1.248007 1.012495
v -0.110624 1.253852 1.012495
v -0.086021 1.257392 1.012495
v -0.179521 1.228173 1.010753
v -0.156333 1.239087 1.010753
v -0.134549 1.247490 1.010753
v -0.112329 1.253515 1.010753
v -0.087753 1.257234 1.010753
v -0.180752 1.227577 1.008705
v -0.157596 1.238565 1.008705
v -0.135853 1.247084 1.008705
v -0.113668 1.253250 1.008705
v -0.089113 1.257109 1.008705
v -0.181600 1.227166 1.006430
v -0.158466 1.238206 1.006430
v -0.136751 1.246804 1.006430
v -0.114591 1.253068 1.006430
v -0.090050 1.257023 1.006430
v -0.182032 1.226956 1.004014
v -0.158910 1.238022 1.004014
v -0.137209 1.246662 1.004014
v -0.115062 1.252975 1.004014
v -0.090528 1.256980 1.004014
v -0.182032 1.226956 1.001552
v -0.158910 1.238022 1.001552
v -0.137209 1.246662 1.001552
v -0.115062 1.252975 1.001552
v -0.090528 1.256980 1.001552
v -0.181600 1.227166 0.999136
v -0.158466 1.238206 0.999136
v -0.136751 1.246804 0.999136
v -0.114591 1.253068 0.999136
v -0.090050 1.257023 0.999136
v -0.180752 1.227577 0.996861
v -0.157596 1.238565 0.996861
v -0.135853 1.247084 0.996861
v -0.113668 1.253250 0.996861
v -0.089113 1.257109 0.996861
v -0.179521 1.228173 0.994813
v -0.156333 1.239087 0.994813
v -0.134549 1.247490 0.994813
v -0.112329 1.253515 0.994813
v -0.087753 1.257234 0.994813
v -0.177954 1.228933 0.993071
v -0.154725 1.239751 0.993071
v -0.132889 1.248007 0.993071
v -0.110624 1.253852 0.993071
v -0.086021 1.257392 0.993071
v -0.176110 1.229827 0.991703
v -0.152829 1.240535 0.991703
v -0.130929 1.248618 0.991702
v -0.108608 1.254251 0.991702
v -0.083972 1.257580 0.991702
v -0.174235 1.231202 0.990759
v -0.150817 1.241818 0.990753
v -0.128751 1.249734 0.990746
v -0.106261 1.255140 0.990740
v -0.081481 1.258228 0.990733
v -0.177380 1.240425 0.990399
v -0.153349 1.251229 0.990387
v -0.130369 1.259344 0.990374
v -0.106786 1.264878 0.990362
v -0.080932 1.267977 0.990349
v -0.182673 1.248609 0.990759
v -0.158198 1.259686 0.990753
v -0.134497 1.268177 0.990746
v -0.110008 1.274087 0.990740
v -0.083243 1.277468 0.990733
v -0.184915 1.247990 0.991703
v -0.160531 1.259179 0.991703
v -0.136925 1.267863 0.991702
v -0.112517 1.274021 0.991702
v -0.085810 1.277656 0.991702
v -0.186759 1.247096 0.993071
v -0.162427 1.258396 0.993071
v -0.138885 1.267253 0.993071
v -0.114533 1.273622 0.993071
v -0.087860 1.277469 0.993071
v -0.188326 1.246337 0.994813
v -0.164035 1.257731 0.994813
v -0.140544 1.266736 0.994813
v -0.116238 1.273285 0.994813
v -0.089591 1.277310 0.994813
v -0.189557 1.245740 0.996861
v -0.165298 1.257209 0.996861
v -0.141849 1.266329 0.996861
v -0.117578 1.273020 0.996861
v -0.090952 1.277186 0.996861
v -0.190404 1.245329 0.999136
v -0.166168 1.256850 0.999136
v -0.142747 1.266050 0.999136
v -0.118501 1.272838 0.999136
v -0.091889 1.277100 0.999136
v -0.190837 1.245120 1.001552
v -0.166612 1.256667 1.001552
v -0.143205 1.265907 1.001552
v -0.118971 1.272745 1.001552
v -0.092367 1.277056 1.001552
v -0.190837 1.245120 1.004014
v -0.166612 1.256667 1.004014
v -0.143205 1.265907 1.004014
v -0.118971 1.272745 1.004014
v -0.092367 1.277056 1.004014
v -0.190404 1.245329 1.006430
v -0.166168 1.256850 1.006430
v -0.142747 1.266050 1.006430
v -0.118501 1.272838 1.006430
v -0.091889 1.277100 1.006430
v -0.189557 1.245740 1.008705
v -0.165298 1.257209 1.008705
v -0.141849 1.266329 1.008705
v -0.117578 1.273020 1.008705
v -0.090952 1.277186 1.008705
v -0.188326 1.246337 1.010753
v -0.164035 1.257731 1.010753
v -0.140544 1.266736 1.010753
v -0.116238 1.273285 1.010753
v -0.089591 1.277310 1.010753
v -0.186759 1.247096 1.012495
v -0.162427 1.258396 1.012495
v -0.138885 1.267253 1.012495
v -0.114533 1.273622 1.012495
v -0.087860 1.277469 1.012495
v -0.184915 1.247990 1.013863
v -0.160531 1.259179 1.013864
v -0.136925 1.267863 1.013864
v -0.112517 1.274021 1.013864
v -0.085810 1.277656 1.013864
v -0.182673 1.248609 1.014807
v -0.158198 1.259686 1.014813
v -0.134497 1.268177 1.014820
v -0.110008 1.274087 1.014826
v -0.083243 1.277468 1.014833
v -0.177380 1.240425 1.015167
v -0.153349 1.251229 1.015180
v -0.130369 1.259344 1.015192
v -0.106786 1.264878 1.015204
v -0.080932 1.267977 1.015217
v -0.174235 1.231202 1.014807
v -0.150817 1.241818 1.014813
v -0.128751 1.249734 1.014820
v -0.106261 1.255140 1.014826
v -0.081481 1.258228 1.014833
v -0.243352 1.201119 1.014800
v -0.243732 1.200488 1.013863
v -0.244053 1.200244 1.012495
v -0.244325 1.200037 1.010753
v -0.244539 1.199874 1.008705
v -0.244686 1.199762 1.006430
v -0.244761 1.199705 1.004014
v -0.244761 1.199705 1.001552
v -0.244686 1.199762 0.999136
v -0.244539 1.199874 0.996861
v -0.244325 1.200037 0.994813
v -0.244053 1.200244 0.993071
v -0.243732 1.200488 0.991703
v -0.243352 1.201119 0.990766
v -0.263704 1.199664 1.002783
v -0.254270 1.213336 0.993899
v -0.254340 1.213263 0.995803
v -0.242416 1.209674 1.015155
v -0.263693 1.199675 1.005234
v -0.254340 1.213263 1.009763
v -0.254270 1.213336 1.011667
v -0.263661 1.199708 1.007591
v -0.255543 1.211368 1.015065
v -0.261721 1.202367 1.015065
v -0.254393 1.213209 0.997975
v -0.254425 1.213175 1.000332
v -0.263538 1.199836 1.011667
v -0.263608 1.199763 1.009763
v -0.242416 1.209674 0.990412
v -0.241834 1.217959 0.990766
v -0.243102 1.217334 0.999136
v -0.242741 1.217609 1.010753
v -0.242741 1.217609 0.994813
v -0.243102 1.217334 1.006430
v -0.241834 1.217959 1.014800
v -0.242149 1.218060 0.991703
v -0.243177 1.217277 1.001552
v -0.242469 1.217816 1.012495
v -0.242955 1.217447 0.996861
v -0.242955 1.217447 1.008705
v -0.242469 1.217816 0.993071
v -0.243177 1.217277 1.004014
v -0.242149 1.218060 1.013863
v -0.222030 1.210659 1.015075
v -0.225301 1.223612 1.015075
v -0.225480 1.205417 1.007594
v -0.228736 1.224837 1.011672
v -0.229458 1.224416 1.009767
v -0.225811 1.205224 1.005235
v -0.229458 1.224416 0.995799
v -0.228736 1.224837 0.993895
v -0.225922 1.205159 1.002783
v -0.229995 1.224102 1.007594
v -0.225811 1.205224 1.000331
v -0.225480 1.205417 0.997973
v -0.227856 1.225351 0.992331
v -0.224944 1.205730 0.995799
v -0.224222 1.206152 0.993895
v -0.223342 1.206666 0.992331
v -0.222338 1.207252 0.991170
v -0.278147 1.204534 1.014800
v -0.278575 1.204286 1.013863
v -0.278666 1.204233 1.012495
v -0.278744 1.204188 1.010753
v -0.278804 1.204153 1.008705
v -0.278846 1.204129 1.006430
v -0.278868 1.204116 1.004014
v -0.278868 1.204116 1.001552
v -0.278846 1.204129 0.999136
v -0.278804 1.204153 0.996861
v -0.278744 1.204188 0.994813
v -0.278666 1.204233 0.993071
v -0.278575 1.204286 0.991703
v -0.278147 1.204534 0.990766
v -0.268091 1.218316 0.992337
v -0.268191 1.218278 0.993899
v -0.283131 1.212640 0.990502
v -0.270539 1.208943 1.015155
v -0.268333 1.218222 1.007591
v -0.268273 1.218246 1.009763
v -0.286283 1.211451 0.991176
v -0.268273 1.218246 0.995803
v -0.268333 1.218222 0.997975
v -0.286397 1.211409 0.992337
v -0.268191 1.218278 1.011667
v -0.268091 1.218316 1.013229
v -0.286577 1.211342 0.995803
v -0.286496 1.211372 0.993899
v -0.270539 1.208943 0.990412
v -0.263031 1.213293 0.990766
v -0.263073 1.213269 0.999136
v -0.262970 1.213329 1.010753
v -0.262970 1.213329 0.994813
v -0.263073 1.213269 1.006430
v -0.263031 1.213293 1.014800
v -0.262801 1.213427 0.991703
v -0.263094 1.213257 1.001552
v -0.262892 1.213374 1.012495
v -0.263031 1.213293 0.996861
v -0.263031 1.213293 1.008705
v -0.262892 1.213374 0.993071
v -0.263094 1.213257 1.004014
v -0.262801 1.213427 1.013863
v -0.254393 1.213209 1.007591
v -0.254425 1.213175 1.005234
v -0.263693 1.199675 1.000332
v -0.254086 1.213527 1.014390
v -0.263661 1.199708 0.997975
v -0.254184 1.213425 0.992337
v -0.254086 1.213527 0.991176
v -0.263608 1.199763 0.995803
v -0.254436 1.213164 1.002783
v -0.263538 1.199836 0.993899
v -0.254184 1.213425 1.013229
v -0.263452 1.199925 0.992337
v -0.263354 1.200026 0.991176
v -0.261721 1.202367 0.990502
v -0.263354 1.200026 1.014390
v -0.263452 1.199925 1.013229
v -0.255543 1.211368 0.990502
v -0.287259 1.219697 1.014800
v -0.287731 1.219579 1.013863
v -0.287838 1.219558 1.012495
v -0.287928 1.219540 1.010753
v -0.287999 1.219525 1.008705
v -0.288048 1.219516 1.006430
v -0.288073 1.219510 1.004014
v -0.288073 1.219511 1.001552
v -0.288048 1.219516 0.999136
v -0.287999 1.219525 0.996861
v -0.287928 1.219540 0.994813
v -0.287838 1.219558 0.993071
v -0.287731 1.219579 0.991703
v -0.287259 1.219697 0.990766
v -0.285039 1.227265 1.002783
v -0.271537 1.226908 0.994011
v -0.271620 1.226878 0.995891
v -0.279006 1.221884 1.015155
v -0.285027 1.227263 1.005203
v -0.271620 1.226878 1.009675
v -0.271537 1.226908 1.011555
v -0.284992 1.227258 1.007530
v -0.273445 1.227051 1.014910
v -0.282343 1.227168 1.014910
v -0.271681 1.226856 0.998036
v -0.271719 1.226842 1.000363
v -0.284860 1.227238 1.011555
v -0.284936 1.227250 1.009675
v -0.279006 1.221884 0.990412
v -0.270871 1.224037 0.990766
v -0.270960 1.223969 0.999136
v -0.270836 1.224014 1.010753
v -0.270836 1.224014 0.994813
v -0.270960 1.223969 1.006430
v -0.270871 1.224037 1.014800
v -0.270634 1.224088 0.991703
v -0.270985 1.223959 1.001552
v -0.270743 1.224048 1.012495
v -0.270909 1.223987 0.996861
v -0.270909 1.223987 1.008705
v -0.270743 1.224048 0.993071
v -0.270985 1.223959 1.004014
v -0.270634 1.224088 1.013863
v -0.286283 1.211451 1.014390
v -0.283131 1.212640 1.015065
v -0.268371 1.218208 1.005234
v -0.268383 1.218203 1.002783
v -0.286397 1.211409 1.013229
v -0.270927 1.217248 0.990502
v -0.267978 1.218361 1.014390
v -0.286496 1.211372 1.011667
v -0.267978 1.218361 0.991176
v -0.286577 1.211342 1.009763
v -0.268371 1.218208 1.000332
v -0.270927 1.217248 1.015065
v -0.286638 1.211320 1.007591
v -0.286675 1.211306 1.005234
v -0.286688 1.211302 1.002783
v -0.286675 1.211306 1.000332
v -0.286638 1.211320 0.997975
v -0.278829 1.233734 1.013591
v -0.279110 1.233873 1.012748
v -0.279195 1.233919 1.011517
v -0.279268 1.233958 1.009951
v -0.279325 1.233989 1.008109
v -0.279364 1.234010 1.006063
v -0.279384 1.234021 1.003891
v -0.279384 1.234021 1.001676
v -0.279364 1.234010 0.999503
v -0.279325 1.233989 0.997457
v -0.279268 1.233958 0.995615
v -0.279195 1.233919 0.994049
v -0.279110 1.233873 0.992818
v -0.278830 1.233734 0.991975
v -0.267088 1.234298 0.995491
v -0.267159 1.234273 0.996582
v -0.271796 1.238230 0.994134
v -0.274472 1.231648 1.013909
v -0.267260 1.234237 1.006139
v -0.267217 1.234252 1.007656
v -0.272655 1.239184 0.994681
v -0.267217 1.234252 0.997911
v -0.267260 1.234237 0.999427
v -0.272723 1.239234 0.995491
v -0.267159 1.234273 1.008984
v -0.267088 1.234298 1.010075
v -0.272833 1.239313 0.997911
v -0.272783 1.239277 0.996582
v -0.274472 1.231648 0.991657
v -0.270217 1.229567 0.991975
v -0.270430 1.229331 0.999503
v -0.270319 1.229372 1.009951
v -0.270319 1.229372 0.995615
v -0.270429 1.229331 1.006063
v -0.270217 1.229567 1.013591
v -0.270136 1.229439 0.992818
v -0.270453 1.229323 1.001676
v -0.270235 1.229402 1.011517
v -0.270384 1.229348 0.997457
v -0.270384 1.229348 1.008109
v -0.270235 1.229402 0.994049
v -0.270453 1.229323 1.003891
v -0.270136 1.229439 1.012748
v -0.271681 1.226856 1.007530
v -0.271719 1.226842 1.005203
v -0.285027 1.227263 1.000363
v -0.271322 1.226987 1.014244
v -0.284992 1.227258 0.998036
v -0.271437 1.226945 0.992468
v -0.271322 1.226987 0.991322
v -0.284936 1.227250 0.995891
v -0.271731 1.226837 1.002783
v -0.284860 1.227238 0.994011
v -0.271437 1.226945 1.013098
v -0.284768 1.227224 0.992468
v -0.284662 1.227209 0.991322
v -0.282343 1.227168 0.990656
v -0.284662 1.227209 1.014244
v -0.284768 1.227224 1.013098
v -0.273445 1.227051 0.990656
v -0.267326 1.242104 1.008856
v -0.267251 1.242347 1.008287
v -0.267297 1.242375 1.007608
v -0.267337 1.242399 1.006742
v -0.267368 1.242418 1.005725
v -0.267390 1.242431 1.004595
v -0.267401 1.242438 1.003395
v -0.267401 1.242438 1.002171
v -0.267390 1.242431 1.000971
v -0.267368 1.242418 0.999841
v -0.267337 1.242399 0.998824
v -0.267297 1.242375 0.997959
v -0.267251 1.242347 0.997279
v -0.267326 1.242104 0.996710
v -0.264342 1.242475 1.007184
v -0.264458 1.242493 1.002783
v -0.264342 1.242475 0.998382
v -0.266064 1.240597 1.009096
v -0.264438 1.242490 1.004809
v -0.264414 1.242486 0.999843
v -0.264381 1.242481 1.006526
v -0.264453 1.242492 1.001750
v -0.264297 1.242468 0.997893
v -0.264297 1.242468 1.007673
v -0.264453 1.242492 1.003816
v -0.264381 1.242481 0.999040
v -0.264414 1.242486 1.005724
v -0.264438 1.242490 1.000758
v -0.266064 1.240597 0.996470
v -0.264507 1.239443 0.996710
v -0.264513 1.239527 1.000971
v -0.264453 1.239541 1.006742
v -0.264453 1.239541 0.998824
v -0.264513 1.239527 1.004595
v -0.264507 1.239443 1.008856
v -0.264354 1.239564 0.997279
v -0.264525 1.239524 1.002171
v -0.264407 1.239551 1.007608
v -0.264488 1.239532 0.999841
v -0.264488 1.239532 1.005725
v -0.264407 1.239551 0.997959
v -0.264525 1.239524 1.003395
v -0.264354 1.239564 1.008287
v -0.272655 1.239184 1.010886
v -0.271796 1.238230 1.011433
v -0.267287 1.234228 1.004494
v -0.267296 1.234224 1.002783
v -0.272723 1.239234 1.010075
v -0.267988 1.235000 0.994134
v -0.267007 1.234327 1.010886
v -0.272783 1.239277 1.008984
v -0.267007 1.234327 0.994681
v -0.272833 1.239313 1.007656
v -0.267287 1.234228 1.001072
v -0.267988 1.235000 1.011433
v -0.272869 1.239340 1.006139
v -0.272892 1.239356 1.004494
v -0.272900 1.239362 1.002783
v -0.272892 1.239356 1.001072
v -0.272869 1.239340 0.999427
v 0.009451 1.304790 1.013199
v 0.002627 1.325787 1.014998
v 0.002627 1.359326 1.013556
v 0.003846 1.343824 1.014217
v 0.005042 1.325828 1.014528
v 0.005042 1.359569 1.013142
v 0.006203 1.344013 1.013554
v 0.007318 1.325908 1.013607
v 0.007318 1.360048 1.012330
v 0.008375 1.344320 1.012476
v 0.009365 1.326023 1.012271
v 0.009365 1.360742 1.011151
v 0.010279 1.344733 1.011026
v 0.011107 1.326171 1.010569
v 0.011107 1.361626 1.009650
v 0.011841 1.345237 1.009260
v 0.012475 1.326344 1.008569
v 0.012475 1.362665 1.007886
v 0.013002 1.345811 1.007244
v 0.013418 1.326536 1.006346
v 0.013418 1.363820 1.005925
v 0.013717 1.346434 1.005057
v 0.013898 1.326741 1.003986
v 0.013898 1.365046 1.003844
v 0.013959 1.347082 1.002783
v 0.013898 1.326949 1.001580
v 0.013898 1.366296 1.001722
v 0.013717 1.347730 1.000509
v 0.013418 1.327153 0.999220
v 0.013418 1.367522 0.999641
v 0.013002 1.348353 0.998322
v 0.012475 1.327346 0.996997
v 0.012475 1.368677 0.997680
v 0.011841 1.348927 0.996306
v 0.011107 1.327519 0.994997
v 0.011107 1.369717 0.995916
v 0.010279 1.349430 0.994539
v 0.009365 1.327666 0.993295
v 0.009365 1.370600 0.994415
v 0.008375 1.349843 0.993090
v 0.007318 1.327782 0.991959
v 0.007318 1.371295 0.993236
v 0.006203 1.350150 0.992012
v 0.005042 1.327862 0.991038
v 0.005042 1.371773 0.992424
v 0.003846 1.350339 0.991349
v 0.002627 1.327903 0.990568
v 0.002627 1.372017 0.992010
v 0.008877 1.259041 1.011564
v 0.015728 1.259041 1.011661
v 0.017813 1.259041 1.010959
v 0.019329 1.259041 1.009949
v 0.020614 1.259041 1.008664
v 0.021624 1.259041 1.007153
v 0.022320 1.259041 1.005474
v 0.022674 1.259041 1.003692
v 0.022674 1.259041 1.001874
v 0.022320 1.259041 1.000092
v 0.021624 1.259041 0.998413
v 0.020614 1.259041 0.996902
v 0.019329 1.259041 0.995617
v 0.017813 1.259041 0.994607
v 0.015728 1.259041 0.993905
v 0.008877 1.259041 0.994002
v 0.040174 1.280235 1.005234
v 0.007276 1.304778 1.014357
v 0.040416 1.280234 1.002783
v 0.014793 1.304875 1.005227
v 0.039871 1.259008 0.998102
v 0.011355 1.304994 0.993925
v 0.032595 1.280249 0.991170
v 0.025949 1.280011 0.990432
v 0.012917 1.304827 1.009743
v 0.036736 1.280241 0.993899
v 0.014078 1.304951 0.997989
v 0.004732 1.305031 0.990495
v 0.034833 1.280245 0.992337
v 0.040567 1.259007 1.000397
v 0.025949 1.280011 1.015134
v 0.015035 1.304900 1.002783
v 0.040802 1.259006 1.002783
v 0.009451 1.305011 0.992367
v 0.038299 1.280238 1.009763
v 0.004732 1.304770 1.015071
v 0.033185 1.259021 0.991476
v 0.014078 1.304850 1.007577
v 0.039459 1.280236 1.007591
v 0.012917 1.304974 0.995823
v 0.040567 1.259007 1.005169
v 0.039871 1.259008 1.007464
v 0.011355 1.304806 1.011641
v 0.014793 1.304926 1.000339
v 0.007276 1.305023 0.991209
v 0.013408 1.287535 0.990754
v 0.022027 1.287535 0.999136
v 0.019716 1.287535 1.010753
v 0.019716 1.287535 0.994813
v 0.022027 1.287535 1.006430
v 0.013408 1.287535 1.014812
v 0.015924 1.287535 0.991703
v 0.022507 1.287535 1.001552
v 0.017974 1.287535 1.012495
v 0.006691 1.287535 0.990274
v 0.021084 1.287535 0.996861
v 0.021084 1.287535 1.008705
v 0.006691 1.287535 1.015293
v 0.017974 1.287535 0.993071
v 0.022507 1.287535 1.004014
v 0.015924 1.287535 1.013863
v 0.023769 1.262296 1.015325
v 0.052154 1.259150 1.014839
v 0.055099 1.258860 1.013864
v 0.057159 1.258829 1.012495
v 0.058899 1.258804 1.010753
v 0.060266 1.258783 1.008705
v 0.061208 1.258770 1.006430
v 0.061688 1.258763 1.004014
v 0.061688 1.258763 1.001552
v 0.061208 1.258770 0.999136
v 0.060266 1.258783 0.996861
v 0.058899 1.258804 0.994813
v 0.057159 1.258829 0.993071
v 0.055099 1.258860 0.991702
v 0.052154 1.259150 0.990728
v 0.023769 1.262296 0.990242
v 0.050099 1.269016 1.015265
v 0.050099 1.269016 0.990301
v 0.052432 1.278831 0.990728
v 0.061505 1.278949 0.999136
v 0.059196 1.278983 1.010753
v 0.059196 1.278983 0.994813
v 0.061505 1.278949 1.006430
v 0.052432 1.278831 1.014839
v 0.055396 1.279039 0.991702
v 0.061985 1.278942 1.001552
v 0.057456 1.279008 1.012495
v 0.023780 1.275959 0.990242
v 0.060563 1.278963 0.996861
v 0.060563 1.278963 1.008705
v 0.023780 1.275959 1.015325
v 0.057456 1.279008 0.993071
v 0.061985 1.278942 1.004014
v 0.055396 1.279039 1.013864
v 0.039459 1.280236 0.997975
v 0.040174 1.280235 1.000332
v 0.038741 1.259010 0.995988
v 0.034833 1.280245 1.013229
v 0.032595 1.280249 1.014397
v 0.036736 1.280241 1.011667
v 0.037220 1.259013 0.994134
v 0.038299 1.280238 0.995803
v 0.035367 1.259016 0.992613
v 0.026546 1.259281 1.014809
v 0.026546 1.259281 0.990757
v 0.033185 1.259021 1.014090
v 0.035367 1.259016 1.012953
v 0.037220 1.259013 1.011432
v 0.038741 1.259010 1.009578
v 0.202444 1.217907 1.014825
v 0.204459 1.216843 1.013881
v 0.206273 1.215886 1.012510
v 0.207816 1.215072 1.010766
v 0.209028 1.214432 1.008715
v 0.209863 1.213992 1.006436
v 0.210289 1.213767 1.004017
v 0.210289 1.213767 1.001550
v 0.209863 1.213992 0.999130
v 0.209028 1.214432 0.996851
v 0.207816 1.215072 0.994800
v 0.206273 1.215886 0.993056
v 0.204459 1.216843 0.991685
v 0.202444 1.217907 0.990741
v 0.232785 1.224102 0.997973
v 0.233116 1.223909 1.000331
v 0.227734 1.205730 1.009767
v 0.206108 1.227390 1.015185
v 0.229643 1.225937 0.991170
v 0.227012 1.206152 1.011672
v 0.230647 1.225351 1.013235
v 0.229643 1.225937 1.014396
v 0.224820 1.210659 0.990492
v 0.228091 1.223612 0.990492
v 0.225128 1.207252 1.014396
v 0.226132 1.206666 1.013235
v 0.233227 1.223844 1.002783
v 0.233116 1.223909 1.005235
v 0.206108 1.227390 0.990382
v 0.211869 1.235765 0.990741
v 0.219288 1.231849 0.999130
v 0.217241 1.232930 1.010766
v 0.217241 1.232930 0.994800
v 0.219288 1.231849 1.006436
v 0.211869 1.235765 1.014825
v 0.213884 1.234701 0.991685
v 0.219713 1.231625 1.001550
v 0.215698 1.233744 1.012510
v 0.218453 1.232290 0.996851
v 0.218453 1.232290 1.008715
v 0.215698 1.233744 0.993056
v 0.219713 1.231625 1.004017
v 0.213884 1.234701 1.013881
v 0.071421 1.258483 1.014402
v 0.192432 1.223027 1.013235
v 0.194130 1.222164 1.011672
v 0.195523 1.221456 1.009767
v 0.196558 1.220930 1.007594
v 0.197196 1.220605 1.005235
v 0.197411 1.220496 1.002783
v 0.197196 1.220605 1.000331
v 0.196558 1.220930 0.997973
v 0.195523 1.221456 0.995799
v 0.194130 1.222164 0.993895
v 0.192432 1.223027 0.992331
v 0.190485 1.224017 0.991169
v 0.190074 1.227686 0.990486
v 0.196435 1.240180 0.990486
v 0.199635 1.242014 0.991169
v 0.201582 1.241024 0.992331
v 0.203280 1.240161 0.993895
v 0.204673 1.239453 0.995799
v 0.205708 1.238926 0.997973
v 0.206346 1.238602 1.000331
v 0.206561 1.238493 1.002783
v 0.206346 1.238602 1.005235
v 0.205708 1.238926 1.007594
v 0.204673 1.239453 1.009767
v 0.203280 1.240161 1.011672
v 0.201582 1.241024 1.013235
v 0.199635 1.242014 1.014398
v 0.196435 1.240180 1.015080
v 0.190074 1.227686 1.015080
v 0.190485 1.224017 1.014398
v 0.165940 1.235989 1.014393
v 0.143515 1.245292 1.014396
v 0.121586 1.252021 1.014398
v 0.098299 1.256367 1.014400
v 0.073707 1.258378 1.013229
v 0.100544 1.256047 1.013229
v 0.123762 1.251467 1.013229
v 0.145605 1.244529 1.013229
v 0.167947 1.235079 1.013229
v 0.075607 1.258289 1.011667
v 0.102425 1.255778 1.011667
v 0.125603 1.250998 1.011667
v 0.147391 1.243877 1.011667
v 0.169680 1.234294 1.011667
v 0.077166 1.258217 1.009763
v 0.103969 1.255558 1.009763
v 0.127114 1.250613 1.009763
v 0.148857 1.243342 1.009763
v 0.171102 1.233649 1.009763
v 0.078324 1.258163 1.007591
v 0.105116 1.255394 1.007591
v 0.128237 1.250327 1.007591
v 0.149946 1.242944 1.007591
v 0.172159 1.233171 1.007591
v 0.079037 1.258130 1.005234
v 0.105823 1.255293 1.005234
v 0.128929 1.250151 1.005234
v 0.150616 1.242700 1.005234
v 0.172810 1.232876 1.005234
v 0.079278 1.258119 1.002783
v 0.106061 1.255259 1.002783
v 0.129162 1.250091 1.002783
v 0.150843 1.242617 1.002783
v 0.173030 1.232776 1.002783
v 0.079037 1.258130 1.000332
v 0.105823 1.255293 1.000332
v 0.128929 1.250151 1.000332
v 0.150616 1.242700 1.000332
v 0.172810 1.232875 1.000332
v 0.078324 1.258163 0.997975
v 0.105116 1.255394 0.997975
v 0.128237 1.250327 0.997975
v 0.149946 1.242944 0.997975
v 0.172159 1.233171 0.997975
v 0.077166 1.258217 0.995803
v 0.103969 1.255558 0.995803
v 0.127114 1.250613 0.995803
v 0.148856 1.243342 0.995803
v 0.171102 1.233649 0.995803
v 0.075607 1.258289 0.993899
v 0.102425 1.255778 0.993899
v 0.125603 1.250998 0.993899
v 0.147391 1.243877 0.993899
v 0.169680 1.234294 0.993899
v 0.073707 1.258378 0.992337
v 0.100544 1.256047 0.992337
v 0.123762 1.251467 0.992337
v 0.145605 1.244529 0.992337
v 0.167947 1.235079 0.992337
v 0.071421 1.258483 0.991164
v 0.098299 1.256367 0.991166
v 0.121586 1.252021 0.991168
v 0.143515 1.245292 0.991171
v 0.165939 1.235989 0.991173
v 0.068830 1.261854 0.990437
v 0.096456 1.260020 0.990453
v 0.120232 1.255828 0.990464
v 0.142634 1.249188 0.990474
v 0.165435 1.239908 0.990485
v 0.069447 1.275488 0.990437
v 0.098356 1.273322 0.990453
v 0.123549 1.268848 0.990464
v 0.147244 1.261816 0.990474
v 0.170988 1.252162 0.990485
v 0.072357 1.278630 0.991164
v 0.101149 1.276320 0.991166
v 0.126562 1.271549 0.991168
v 0.150431 1.264233 0.991171
v 0.174269 1.254369 0.991173
v 0.074642 1.278524 0.992337
v 0.103394 1.276000 0.992337
v 0.128738 1.270996 0.992337
v 0.152521 1.263471 0.992337
v 0.176277 1.253460 0.992337
v 0.076542 1.278436 0.993899
v 0.105275 1.275731 0.993899
v 0.130579 1.270527 0.993899
v 0.154307 1.262818 0.993899
v 0.178010 1.252675 0.993899
v 0.078101 1.278364 0.995803
v 0.106819 1.275510 0.995803
v 0.132090 1.270142 0.995803
v 0.155773 1.262283 0.995803
v 0.179432 1.252030 0.995803
v 0.079259 1.278310 0.997975
v 0.107966 1.275346 0.997975
v 0.133213 1.269856 0.997975
v 0.156862 1.261886 0.997975
v 0.180489 1.251551 0.997975
v 0.079972 1.278277 1.000332
v 0.108673 1.275245 1.000332
v 0.133904 1.269679 1.000332
v 0.157532 1.261641 1.000332
v 0.181140 1.251256 1.000332
v 0.080213 1.278266 1.002783
v 0.108911 1.275211 1.002783
v 0.134138 1.269620 1.002783
v 0.157759 1.261558 1.002783
v 0.181360 1.251157 1.002783
v 0.079972 1.278277 1.005234
v 0.108673 1.275245 1.005234
v 0.133904 1.269679 1.005234
v 0.157532 1.261641 1.005234
v 0.181140 1.251256 1.005234
v 0.079259 1.278310 1.007591
v 0.107966 1.275346 1.007591
v 0.133213 1.269856 1.007591
v 0.156862 1.261886 1.007591
v 0.180489 1.251551 1.007591
v 0.078101 1.278364 1.009763
v 0.106819 1.275510 1.009763
v 0.132090 1.270142 1.009763
v 0.155773 1.262283 1.009763
v 0.179432 1.252030 1.009763
v 0.076542 1.278436 1.011667
v 0.105275 1.275731 1.011667
v 0.130579 1.270527 1.011667
v 0.154307 1.262818 1.011667
v 0.178010 1.252675 1.011667
v 0.074642 1.278524 1.013229
v 0.103394 1.276000 1.013229
v 0.128738 1.270996 1.013229
v 0.152521 1.263471 1.013229
v 0.176277 1.253460 1.013229
v 0.072357 1.278630 1.014402
v 0.101149 1.276320 1.014400
v 0.126562 1.271549 1.014398
v 0.150431 1.264233 1.014396
v 0.174269 1.254369 1.014393
v 0.069447 1.275488 1.015129
v 0.098356 1.273322 1.015113
v 0.123549 1.268848 1.015103
v 0.147244 1.261816 1.015092
v 0.170988 1.252162 1.015081
v 0.068830 1.261854 1.015129
v 0.096456 1.260020 1.015113
v 0.120232 1.255828 1.015103
v 0.142634 1.249189 1.015092
v 0.165435 1.239908 1.015081
v 0.178900 1.229827 1.013863
v 0.155619 1.240535 1.013864
v 0.133720 1.248618 1.013864
v 0.111398 1.254251 1.013864
v 0.086762 1.257580 1.013864
v 0.180745 1.228933 1.012495
v 0.157515 1.239751 1.012495
v 0.135679 1.248007 1.012495
v 0.113414 1.253852 1.012495
v 0.088812 1.257392 1.012495
v 0.182311 1.228173 1.010753
v 0.159123 1.239087 1.010753
v 0.137339 1.247490 1.010753
v 0.115119 1.253515 1.010753
v 0.090543 1.257234 1.010753
v 0.183542 1.227577 1.008705
v 0.160386 1.238565 1.008705
v 0.138643 1.247084 1.008705
v 0.116459 1.253250 1.008705
v 0.091904 1.257109 1.008705
v 0.184390 1.227166 1.006430
v 0.161257 1.238206 1.006430
v 0.139542 1.246804 1.006430
v 0.117382 1.253068 1.006430
v 0.092841 1.257023 1.006430
v 0.184822 1.226956 1.004014
v 0.161700 1.238022 1.004014
v 0.140000 1.246662 1.004014
v 0.117852 1.252975 1.004014
v 0.093319 1.256980 1.004014
v 0.184822 1.226956 1.001552
v 0.161700 1.238022 1.001552
v 0.140000 1.246662 1.001552
v 0.117852 1.252975 1.001552
v 0.093319 1.256980 1.001552
v 0.184390 1.227166 0.999136
v 0.161257 1.238206 0.999136
v 0.139542 1.246804 0.999136
v 0.117382 1.253068 0.999136
v 0.092841 1.257023 0.999136
v 0.183542 1.227576 0.996861
v 0.160386 1.238565 0.996861
v 0.138643 1.247084 0.996861
v 0.116459 1.253250 0.996861
v 0.091904 1.257109 0.996861
v 0.182311 1.228173 0.994813
v 0.159123 1.239087 0.994813
v 0.137339 1.247490 0.994813
v 0.115119 1.253515 0.994813
v 0.090543 1.257234 0.994813
v 0.180745 1.228933 0.993071
v 0.157515 1.239751 0.993071
v 0.135679 1.248007 0.993071
v 0.113414 1.253852 0.993071
v 0.088812 1.257392 0.993071
v 0.178900 1.229827 0.991703
v 0.155619 1.240535 0.991703
v 0.133720 1.248618 0.991702
v 0.111398 1.254251 0.991702
v 0.086762 1.257580 0.991702
v 0.177025 1.231202 0.990759
v 0.153608 1.241818 0.990753
v 0.131542 1.249734 0.990746
v 0.109052 1.255140 0.990740
v 0.084272 1.258228 0.990733
v 0.180170 1.240425 0.990399
v 0.156139 1.251229 0.990387
v 0.133160 1.259344 0.990374
v 0.109576 1.264878 0.990362
v 0.083722 1.267977 0.990349
v 0.185463 1.248609 0.990759
v 0.160989 1.259686 0.990753
v 0.137287 1.268177 0.990746
v 0.112798 1.274087 0.990740
v 0.086033 1.277468 0.990733
v 0.187705 1.247990 0.991703
v 0.163321 1.259179 0.991703
v 0.139715 1.267863 0.991702
v 0.115308 1.274021 0.991702
v 0.088600 1.277656 0.991702
v 0.189550 1.247096 0.993071
v 0.165217 1.258396 0.993071
v 0.141675 1.267253 0.993071
v 0.117324 1.273622 0.993071
v 0.090650 1.277469 0.993071
v 0.191116 1.246337 0.994813
v 0.166825 1.257731 0.994813
v 0.143335 1.266736 0.994813
v 0.119029 1.273285 0.994813
v 0.092382 1.277310 0.994813
v 0.192347 1.245740 0.996861
v 0.168088 1.257209 0.996861
v 0.144639 1.266329 0.996861
v 0.120368 1.273020 0.996861
v 0.093742 1.277186 0.996861
v 0.193195 1.245329 0.999136
v 0.168959 1.256850 0.999136
v 0.145537 1.266050 0.999136
v 0.121291 1.272838 0.999136
v 0.094679 1.277100 0.999136
v 0.193627 1.245120 1.001552
v 0.169402 1.256667 1.001552
v 0.145995 1.265907 1.001552
v 0.121762 1.272745 1.001552
v 0.095157 1.277056 1.001552
v 0.193627 1.245120 1.004014
v 0.169402 1.256667 1.004014
v 0.145995 1.265907 1.004014
v 0.121762 1.272745 1.004014
v 0.095157 1.277056 1.004014
v 0.193195 1.245329 1.006430
v 0.168959 1.256850 1.006430
v 0.145537 1.266050 1.006430
v 0.121291 1.272838 1.006430
v 0.094679 1.277100 1.006430
v 0.192347 1.245740 1.008705
v 0.168088 1.257209 1.008705
v 0.144639 1.266329 1.008705
v 0.120368 1.273020 1.008705
v 0.093742 1.277186 1.008705
v 0.191116 1.246337 1.010753
v 0.166825 1.257731 1.010753
v 0.143335 1.266736 1.010753
v 0.119029 1.273285 1.010753
v 0.092382 1.277310 1.010753
v 0.189550 1.247096 1.012495
v 0.165217 1.258396 1.012495
v 0.141675 1.267253 1.012495
v 0.117324 1.273622 1.012495
v 0.090650 1.277469 1.012495
v 0.187705 1.247990 1.013863
v 0.163321 1.259179 1.013864
v 0.139715 1.267863 1.013864
v 0.115308 1.274021 1.013864
v 0.088600 1.277656 1.013864
v 0.185463 1.248609 1.014807
v 0.160989 1.259686 1.014813
v 0.137288 1.268177 1.014820
v 0.112798 1.274087 1.014826
v 0.086033 1.277468 1.014833
v 0.180170 1.240425 1.015167
v 0.156139 1.251229 1.015180
v 0.133160 1.259344 1.015192
v 0.109576 1.264878 1.015204
v 0.083722 1.267977 1.015217
v 0.177025 1.231202 1.014807
v 0.153608 1.241818 1.014813
v 0.131542 1.249734 1.014820
v 0.109052 1.255140 1.014826
v 0.084272 1.258228 1.014833
v 0.246142 1.201119 1.014800
v 0.246523 1.200488 1.013863
v 0.246843 1.200244 1.012495
v 0.247115 1.200037 1.010753
v 0.247329 1.199874 1.008705
v 0.247476 1.199762 1.006430
v 0.247551 1.199705 1.004014
v 0.247551 1.199705 1.001552
v 0.247476 1.199762 0.999136
v 0.247329 1.199874 0.996861
v 0.247115 1.200037 0.994813
v 0.246843 1.200244 0.993071
v 0.246523 1.200488 0.991703
v 0.246142 1.201119 0.990766
v 0.266494 1.199664 1.002783
v 0.257060 1.213336 0.993899
v 0.257131 1.213263 0.995803
v 0.245206 1.209674 1.015155
v 0.266483 1.199675 1.005234
v 0.257131 1.213263 1.009763
v 0.257060 1.213336 1.011667
v 0.266451 1.199708 1.007591
v 0.258333 1.211368 1.015065
v 0.264512 1.202367 1.015065
v 0.257183 1.213209 0.997975
v 0.257215 1.213175 1.000332
v 0.266328 1.199836 1.011667
v 0.266399 1.199763 1.009763
v 0.245206 1.209674 0.990412
v 0.244624 1.217959 0.990766
v 0.245892 1.217334 0.999136
v 0.245531 1.217609 1.010753
v 0.245531 1.217609 0.994813
v 0.245892 1.217334 1.006430
v 0.244624 1.217959 1.014800
v 0.244939 1.218060 0.991703
v 0.245967 1.217277 1.001552
v 0.245259 1.217817 1.012495
v 0.245745 1.217447 0.996861
v 0.245745 1.217447 1.008705
v 0.245259 1.217817 0.993071
v 0.245967 1.217277 1.004014
v 0.244939 1.218060 1.013863
v 0.224820 1.210659 1.015075
v 0.228091 1.223612 1.015075
v 0.228271 1.205417 1.007594
v 0.231527 1.224837 1.011672
v 0.232249 1.224416 1.009767
v 0.228601 1.205224 1.005235
v 0.232249 1.224416 0.995799
v 0.231527 1.224837 0.993895
v 0.228713 1.205159 1.002783
v 0.232785 1.224102 1.007594
v 0.228601 1.205224 1.000331
v 0.228271 1.205417 0.997973
v 0.230647 1.225351 0.992331
v 0.227734 1.205730 0.995799
v 0.227012 1.206152 0.993895
v 0.226132 1.206666 0.992331
v 0.225128 1.207252 0.991170
v 0.280938 1.204534 1.014800
v 0.281365 1.204286 1.013863
v 0.281456 1.204233 1.012495
v 0.281534 1.204188 1.010753
v 0.281595 1.204153 1.008705
v 0.281637 1.204129 1.006430
v 0.281658 1.204116 1.004014
v 0.281658 1.204116 1.001552
v 0.281637 1.204129 0.999136
v 0.281595 1.204153 0.996861
v 0.281534 1.204188 0.994813
v 0.281456 1.204233 0.993071
v 0.281365 1.204286 0.991703
v 0.280938 1.204534 0.990766
v 0.270882 1.218316 0.992337
v 0.270981 1.218278 0.993899
v 0.285921 1.212640 0.990502
v 0.273329 1.208943 1.015155
v 0.271124 1.218222 1.007591
v 0.271063 1.218246 1.009763
v 0.289074 1.211451 0.991176
v 0.271063 1.218246 0.995803
v 0.271124 1.218222 0.997975
v 0.289187 1.211409 0.992337
v 0.270981 1.218278 1.011667
v 0.270882 1.218316 1.013229
v 0.289368 1.211342 0.995803
v 0.289286 1.211372 0.993899
v 0.273329 1.208943 0.990412
v 0.265821 1.213293 0.990766
v 0.265863 1.213269 0.999136
v 0.265760 1.213329 1.010753
v 0.265760 1.213329 0.994813
v 0.265863 1.213269 1.006430
v 0.265821 1.213293 1.014800
v 0.265591 1.213426 0.991703
v 0.265884 1.213257 1.001552
v 0.265683 1.213374 1.012495
v 0.265821 1.213294 0.996861
v 0.265821 1.213294 1.008705
v 0.265683 1.213374 0.993071
v 0.265884 1.213257 1.004014
v 0.265591 1.213427 1.013863
v 0.257183 1.213209 1.007591
v 0.257215 1.213175 1.005234
v 0.266483 1.199675 1.000332
v 0.256876 1.213527 1.014390
v 0.266451 1.199708 0.997975
v 0.256974 1.213425 0.992337
v 0.256876 1.213527 0.991176
v 0.266399 1.199763 0.995803
v 0.257226 1.213164 1.002783
v 0.266328 1.199836 0.993899
v 0.256974 1.213425 1.013229
v 0.266242 1.199925 0.992337
v 0.266144 1.200026 0.991176
v 0.264512 1.202367 0.990502
v 0.266144 1.200026 1.014390
v 0.266242 1.199925 1.013229
v 0.258333 1.211368 0.990502
v 0.290050 1.219697 1.014800
v 0.290522 1.219579 1.013863
v 0.290628 1.219558 1.012495
v 0.290719 1.219540 1.010753
v 0.290790 1.219525 1.008705
v 0.290839 1.219516 1.006430
v 0.290864 1.219511 1.004014
v 0.290864 1.219511 1.001552
v 0.290839 1.219516 0.999136
v 0.290790 1.219525 0.996861
v 0.290719 1.219540 0.994813
v 0.290628 1.219558 0.993071
v 0.290522 1.219579 0.991703
v 0.290050 1.219697 0.990766
v 0.287829 1.227265 1.002783
v 0.274328 1.226908 0.994011
v 0.274410 1.226878 0.995891
v 0.281796 1.221884 1.015155
v 0.287817 1.227263 1.005203
v 0.274410 1.226878 1.009675
v 0.274328 1.226908 1.011555
v 0.287783 1.227258 1.007530
v 0.276235 1.227051 1.014910
v 0.285133 1.227168 1.014910
v 0.274471 1.226856 0.998036
v 0.274509 1.226842 1.000363
v 0.287650 1.227238 1.011555
v 0.287726 1.227250 1.009675
v 0.281796 1.221884 0.990412
v 0.273662 1.224037 0.990766
v 0.273750 1.223969 0.999136
v 0.273627 1.224014 1.010753
v 0.273627 1.224014 0.994813
v 0.273750 1.223969 1.006430
v 0.273662 1.224037 1.014800
v 0.273424 1.224088 0.991703
v 0.273776 1.223959 1.001552
v 0.273534 1.224048 1.012495
v 0.273700 1.223987 0.996861
v 0.273700 1.223987 1.008705
v 0.273534 1.224048 0.993071
v 0.273776 1.223959 1.004014
v 0.273424 1.224088 1.013863
v 0.289074 1.211451 1.014390
v 0.285921 1.212640 1.015065
v 0.271161 1.218208 1.005234
v 0.271174 1.218203 1.002783
v 0.289187 1.211409 1.013229
v 0.273717 1.217248 0.990502
v 0.270768 1.218361 1.014390
v 0.289286 1.211372 1.011667
v 0.270768 1.218361 0.991176
v 0.289368 1.211342 1.009763
v 0.271161 1.218208 1.000332
v 0.273717 1.217248 1.015065
v 0.289428 1.211320 1.007591
v 0.289465 1.211306 1.005234
v 0.289478 1.211302 1.002783
v 0.289465 1.211306 1.000332
v 0.289428 1.211320 0.997975
v 0.281620 1.233734 1.013591
v 0.281900 1.233873 1.012748
v 0.281986 1.233919 1.011517
v 0.282058 1.233958 1.009951
v 0.282115 1.233989 1.008109
v 0.282155 1.234010 1.006063
v 0.282175 1.234021 1.003891
v 0.282175 1.234021 1.001676
v 0.282155 1.234010 0.999503
v 0.282115 1.233989 0.997457
v 0.282058 1.233958 0.995615
v 0.281986 1.233919 0.994049
v 0.281900 1.233873 0.992818
v 0.281620 1.233734 0.991975
v 0.269878 1.234298 0.995491
v 0.269949 1.234273 0.996582
v 0.274586 1.238230 0.994134
v 0.277263 1.231648 1.013909
v 0.270051 1.234237 1.006139
v 0.270007 1.234252 1.007656
v 0.275445 1.239184 0.994681
v 0.270007 1.234252 0.997911
v 0.270051 1.234237 0.999427
v 0.275514 1.239234 0.995491
v 0.269949 1.234273 1.008984
v 0.269878 1.234298 1.010075
v 0.275623 1.239313 0.997911
v 0.275574 1.239277 0.996582
v 0.277263 1.231648 0.991657
v 0.273007 1.229567 0.991975
v 0.273220 1.229331 0.999503
v 0.273109 1.229372 1.009951
v 0.273109 1.229372 0.995615
v 0.273220 1.229331 1.006063
v 0.273007 1.229567 1.013591
v 0.272927 1.229439 0.992818
v 0.273243 1.229323 1.001676
v 0.273025 1.229402 1.011517
v 0.273175 1.229348 0.997457
v 0.273175 1.229348 1.008109
v 0.273025 1.229402 0.994049
v 0.273243 1.229323 1.003891
v 0.272927 1.229439 1.012748
v 0.274471 1.226856 1.007530
v 0.274509 1.226842 1.005203
v 0.287817 1.227263 1.000363
v 0.274113 1.226987 1.014244
v 0.287783 1.227258 0.998036
v 0.274227 1.226945 0.992468
v 0.274113 1.226987 0.991322
v 0.287726 1.227250 0.995891
v 0.274522 1.226837 1.002783
v 0.287650 1.227238 0.994011
v 0.274227 1.226945 1.013098
v 0.287558 1.227224 0.992468
v 0.287452 1.227209 0.991322
v 0.285133 1.227168 0.990656
v 0.287452 1.227209 1.014244
v 0.287558 1.227224 1.013098
v 0.276235 1.227051 0.990656
v 0.270116 1.242104 1.008856
v 0.270041 1.242347 1.008287
v 0.270088 1.242375 1.007608
v 0.270127 1.242399 1.006742
v 0.270159 1.242418 1.005725
v 0.270180 1.242431 1.004595
v 0.270191 1.242438 1.003395
v 0.270191 1.242438 1.002171
v 0.270180 1.242431 1.000971
v 0.270159 1.242418 0.999841
v 0.270128 1.242399 0.998824
v 0.270088 1.242375 0.997959
v 0.270041 1.242347 0.997279
v 0.270116 1.242104 0.996710
v 0.267132 1.242475 1.007184
v 0.267248 1.242493 1.002783
v 0.267132 1.242475 0.998382
v 0.268854 1.240597 1.009096
v 0.267228 1.242490 1.004809
v 0.267204 1.242486 0.999843
v 0.267172 1.242481 1.006526
v 0.267243 1.242492 1.001750
v 0.267088 1.242468 0.997893
v 0.267088 1.242468 1.007673
v 0.267243 1.242492 1.003816
v 0.267172 1.242481 0.999040
v 0.267204 1.242486 1.005724
v 0.267228 1.242490 1.000758
v 0.268854 1.240597 0.996470
v 0.267298 1.239443 0.996710
v 0.267303 1.239527 1.000971
v 0.267243 1.239541 1.006742
v 0.267243 1.239541 0.998824
v 0.267303 1.239527 1.004595
v 0.267298 1.239443 1.008856
v 0.267145 1.239564 0.997279
v 0.267315 1.239524 1.002171
v 0.267198 1.239551 1.007608
v 0.267278 1.239532 0.999841
v 0.267279 1.239532 1.005725
v 0.267198 1.239551 0.997959
v 0.267315 1.239524 1.003395
v 0.267145 1.239564 1.008287
v 0.275445 1.239184 1.010886
v 0.274586 1.238230 1.011433
v 0.270077 1.234228 1.004494
v 0.270086 1.234224 1.002783
v 0.275514 1.239234 1.010075
v 0.270778 1.235000 0.994134
v 0.269798 1.234327 1.010886
v 0.275574 1.239277 1.008984
v 0.269798 1.234327 0.994681
v 0.275623 1.239313 1.007656
v 0.270077 1.234228 1.001072
v 0.270778 1.235000 1.011433
v 0.275660 1.239340 1.006139
v 0.275682 1.239356 1.004494
v 0.275690 1.239362 1.002783
v 0.275682 1.239356 1.001072
v 0.275660 1.239340 0.999427
v -0.033259 1.259015 0.993403
v 0.000164 1.343777 1.014385
v -0.002252 1.343904 1.013939
v -0.004527 1.344153 1.013064
v -0.006575 1.344514 1.011795
v -0.008316 1.344975 1.010179
v -0.009685 1.345516 1.008278
v -0.010627 1.346118 1.006167
v -0.011108 1.346756 1.003926
v -0.011108 1.347407 1.001640
v -0.010627 1.348046 0.999399
v -0.009685 1.348647 0.997287
v -0.008316 1.349189 0.995387
v -0.006575 1.349649 0.993771
v -0.004527 1.350011 0.992502
v -0.002252 1.350260 0.991627
v 0.000164 1.350387 0.991181
v -0.007615 1.259041 1.002783
v -0.034774 1.280240 0.994813
v -0.034941 1.259011 0.995085
v -0.034774 1.280240 1.010753
v -0.030976 1.280247 1.013864
v -0.036262 1.259009 0.997063
v -0.037084 1.280236 0.999136
v -0.037565 1.280235 1.004014
v -0.037173 1.259007 0.999260
v -0.028061 1.280208 0.990741
v -0.033032 1.280243 0.993071
v -0.037637 1.259006 1.001594
v -0.012214 1.279874 1.015306
v -0.037637 1.259006 1.003973
v -0.036142 1.280237 1.008705
v -0.037173 1.259007 1.006306
v -0.003297 1.305028 0.990795
v -0.011703 1.304939 0.999147
v -0.009393 1.304816 1.010730
v -0.009393 1.304985 0.994836
v -0.011703 1.304862 1.006420
v -0.003297 1.304773 1.014772
v -0.005603 1.305018 0.991735
v -0.012184 1.304914 1.001555
v -0.007651 1.304798 1.012467
v -0.000344 1.305033 0.990315
v -0.010761 1.304963 0.996878
v -0.010761 1.304838 1.008688
v -0.000344 1.304768 1.015251
v -0.007651 1.305003 0.993099
v -0.012184 1.304887 1.004011
v -0.005603 1.304783 1.013831
v -0.023939 1.269123 1.015336
v -0.023939 1.269123 0.990230
v -0.037084 1.280236 1.006430
v -0.031273 1.259018 0.992080
v -0.012522 1.259435 1.014832
v -0.028061 1.280208 1.014825
v -0.028419 1.259069 0.991151
v -0.028419 1.259069 1.014415
v -0.030976 1.280247 0.991702
v -0.012522 1.259435 0.990734
v -0.031273 1.259018 1.013486
v -0.037565 1.280235 1.001552
v -0.033259 1.259015 1.012164
v -0.033032 1.280243 1.012495
v -0.034941 1.259011 1.010481
v -0.012214 1.279874 0.990260
v -0.036262 1.259009 1.008503
v -0.036142 1.280237 0.996861
v -0.225892 1.205177 1.004015
v -0.229117 1.224615 0.994811
v -0.225670 1.205307 1.006431
v -0.229117 1.224615 1.010755
v -0.225234 1.205561 1.008707
v -0.223543 1.217208 1.015160
v -0.230184 1.223992 0.999135
v -0.224602 1.205930 1.010755
v -0.226270 1.225914 0.990762
v -0.223798 1.206399 1.012497
v -0.227366 1.225637 1.013866
v -0.223543 1.217208 0.990407
v -0.222852 1.206952 1.013866
v -0.230406 1.223862 1.004015
v -0.188696 1.223508 1.013866
v -0.190523 1.222579 1.012497
v -0.192075 1.221790 1.010755
v -0.193295 1.221170 1.008707
v -0.194135 1.220743 1.006431
v -0.194564 1.220525 1.004015
v -0.194564 1.220525 1.001551
v -0.194135 1.220743 0.999135
v -0.193295 1.221170 0.996859
v -0.192075 1.221790 0.994811
v -0.190523 1.222579 0.993069
v -0.188696 1.223508 0.991700
v -0.186835 1.224847 0.990758
v -0.190207 1.234063 0.990400
v -0.195669 1.242218 0.990758
v -0.197846 1.241505 0.991700
v -0.199673 1.240576 0.993069
v -0.201225 1.239787 0.994811
v -0.202445 1.239167 0.996859
v -0.203285 1.238739 0.999135
v -0.203714 1.238522 1.001551
v -0.203714 1.238522 1.004015
v -0.203285 1.238739 1.006431
v -0.202445 1.239167 1.008707
v -0.201225 1.239787 1.010755
v -0.199673 1.240576 1.012497
v -0.197846 1.241505 1.013866
v -0.195669 1.242218 1.014808
v -0.190207 1.234063 1.015166
v -0.186835 1.224847 1.014808
v -0.164190 1.235517 1.013863
v -0.141816 1.244894 1.013864
v -0.119939 1.251730 1.013864
v -0.096696 1.256198 1.013864
v -0.069847 1.258427 1.013864
v -0.166058 1.234671 1.012495
v -0.143744 1.244190 1.012495
v -0.121929 1.251223 1.012495
v -0.098732 1.255907 1.012495
v -0.071905 1.258332 1.012495
v -0.167643 1.233952 1.010753
v -0.145377 1.243594 1.010753
v -0.123614 1.250794 1.010753
v -0.100453 1.255661 1.010753
v -0.073642 1.258251 1.010753
v -0.168889 1.233388 1.008705
v -0.146661 1.243125 1.008705
v -0.124937 1.250457 1.008705
v -0.101805 1.255468 1.008705
v -0.075008 1.258188 1.008705
v -0.169747 1.232999 1.006430
v -0.147545 1.242802 1.006430
v -0.125848 1.250224 1.006430
v -0.102736 1.255335 1.006430
v -0.075948 1.258144 1.006430
v -0.170184 1.232801 1.004014
v -0.147995 1.242638 1.004014
v -0.126313 1.250106 1.004014
v -0.103211 1.255267 1.004014
v -0.076427 1.258122 1.004014
v -0.170184 1.232801 1.001552
v -0.147995 1.242638 1.001552
v -0.126313 1.250106 1.001552
v -0.103211 1.255267 1.001552
v -0.076427 1.258122 1.001552
v -0.169747 1.232999 0.999136
v -0.147545 1.242802 0.999136
v -0.125848 1.250224 0.999136
v -0.102736 1.255335 0.999136
v -0.075948 1.258144 0.999136
v -0.168889 1.233388 0.996861
v -0.146661 1.243125 0.996861
v -0.124937 1.250457 0.996861
v -0.101805 1.255468 0.996861
v -0.075008 1.258188 0.996861
v -0.167643 1.233952 0.994813
v -0.145377 1.243594 0.994813
v -0.123614 1.250794 0.994813
v -0.100453 1.255661 0.994813
v -0.073642 1.258251 0.994813
v -0.166058 1.234671 0.993071
v -0.143744 1.244190 0.993071
v -0.121929 1.251223 0.993071
v -0.098732 1.255907 0.993071
v -0.071905 1.258332 0.993071
v -0.164190 1.235517 0.991703
v -0.141816 1.244894 0.991702
v -0.119939 1.251730 0.991702
v -0.096696 1.256198 0.991702
v -0.069847 1.258427 0.991702
v -0.162252 1.236856 0.990756
v -0.139724 1.246103 0.990749
v -0.117675 1.252738 0.990743
v -0.094274 1.256966 0.990736
v -0.067226 1.258940 0.990729
v -0.165128 1.246167 0.990393
v -0.141831 1.255617 0.990380
v -0.118757 1.262425 0.990368
v -0.094248 1.266723 0.990355
v -0.066101 1.268687 0.990338
v -0.170235 1.254471 0.990756
v -0.146352 1.264255 0.990749
v -0.122444 1.271453 0.990743
v -0.097005 1.276087 0.990736
v -0.068120 1.278298 0.990729
v -0.172520 1.253898 0.991703
v -0.148732 1.263835 0.991702
v -0.124915 1.271259 0.991702
v -0.099546 1.276150 0.991702
v -0.070782 1.278574 0.991702
v -0.174388 1.253052 0.993071
v -0.150660 1.263131 0.993071
v -0.126905 1.270752 0.993071
v -0.101582 1.275860 0.993071
v -0.072840 1.278479 0.993071
v -0.175973 1.252333 0.994813
v -0.152293 1.262535 0.994813
v -0.128589 1.270323 0.994813
v -0.103303 1.275614 0.994813
v -0.074578 1.278398 0.994813
v -0.177219 1.251769 0.996861
v -0.153577 1.262066 0.996861
v -0.129913 1.269986 0.996861
v -0.104655 1.275421 0.996861
v -0.075943 1.278334 0.996861
v -0.178077 1.251380 0.999136
v -0.154461 1.261743 0.999136
v -0.130824 1.269753 0.999136
v -0.105586 1.275288 0.999136
v -0.076883 1.278291 0.999136
v -0.178514 1.251182 1.001552
v -0.154912 1.261579 1.001552
v -0.131289 1.269635 1.001552
v -0.106061 1.275220 1.001552
v -0.077362 1.278269 1.001552
v -0.178514 1.251182 1.004014
v -0.154912 1.261579 1.004014
v -0.131289 1.269635 1.004014
v -0.106061 1.275220 1.004014
v -0.077362 1.278269 1.004014
v -0.178077 1.251380 1.006430
v -0.154461 1.261743 1.006430
v -0.130824 1.269753 1.006430
v -0.105586 1.275288 1.006430
v -0.076883 1.278291 1.006430
v -0.177219 1.251769 1.008705
v -0.153577 1.262066 1.008705
v -0.129913 1.269986 1.008705
v -0.104655 1.275421 1.008705
v -0.075943 1.278334 1.008705
v -0.175973 1.252333 1.010753
v -0.152293 1.262535 1.010753
v -0.128589 1.270323 1.010753
v -0.103303 1.275614 1.010753
v -0.074578 1.278398 1.010753
v -0.174388 1.253052 1.012495
v -0.150660 1.263131 1.012495
v -0.126905 1.270752 1.012495
v -0.101582 1.275860 1.012495
v -0.072840 1.278479 1.012495
v -0.172520 1.253898 1.013863
v -0.148732 1.263835 1.013864
v -0.124915 1.271259 1.013864
v -0.099546 1.276150 1.013864
v -0.070782 1.278574 1.013864
v -0.170235 1.254471 1.014810
v -0.146352 1.264255 1.014817
v -0.122444 1.271453 1.014823
v -0.097005 1.276087 1.014830
v -0.068120 1.278298 1.014837
v -0.165128 1.246167 1.015173
v -0.141831 1.255617 1.015186
v -0.118757 1.262425 1.015198
v -0.094248 1.266723 1.015211
v -0.066101 1.268687 1.015228
v -0.162252 1.236856 1.014810
v -0.139724 1.246103 1.014817
v -0.117675 1.252738 1.014823
v -0.094274 1.256966 1.014830
v -0.067226 1.258940 1.014837
v -0.263637 1.199733 0.996861
v -0.254136 1.213475 0.991703
v -0.263679 1.199689 0.999136
v -0.254229 1.213297 1.014800
v -0.263701 1.199667 1.001552
v -0.254411 1.213189 1.006430
v -0.263701 1.199667 1.004014
v -0.254307 1.213297 0.994813
v -0.263679 1.199689 1.006430
v -0.254307 1.213297 1.010753
v -0.263637 1.199733 1.008705
v -0.258619 1.206881 1.015155
v -0.254411 1.213189 0.999136
v -0.263575 1.199797 1.010753
v -0.230184 1.223992 1.006431
v -0.225892 1.205177 1.001551
v -0.226270 1.225914 1.014804
v -0.225670 1.205307 0.999135
v -0.227366 1.225637 0.991700
v -0.225234 1.205561 0.996859
v -0.230406 1.223862 1.001551
v -0.224602 1.205930 0.994811
v -0.228312 1.225085 1.012497
v -0.223798 1.206399 0.993069
v -0.229749 1.224246 0.996859
v -0.222852 1.206952 0.991700
v -0.229749 1.224246 1.008707
v -0.221878 1.207883 0.990762
v -0.228312 1.225085 0.993069
v -0.221878 1.207883 1.014804
v -0.286448 1.211390 1.012495
v -0.268036 1.218338 1.013863
v -0.277013 1.214950 0.990412
v -0.286341 1.211429 1.013863
v -0.268380 1.218204 1.004014
v -0.285844 1.211616 1.014800
v -0.268143 1.218296 0.993071
v -0.285844 1.211616 0.990766
v -0.268306 1.218233 1.008705
v -0.286341 1.211429 0.991703
v -0.268306 1.218233 0.996861
v -0.286448 1.211390 0.993071
v -0.268143 1.218296 1.012495
v -0.286539 1.211357 0.994813
v -0.254433 1.213167 1.001552
v -0.263575 1.199797 0.994813
v -0.254229 1.213379 1.012495
v -0.263496 1.199878 0.993071
v -0.254369 1.213233 0.996861
v -0.263404 1.199974 0.991703
v -0.254369 1.213233 1.008705
v -0.263111 1.200360 0.990766
v -0.254229 1.213379 0.993071
v -0.263111 1.200360 1.014800
v -0.254433 1.213167 1.004014
v -0.263404 1.199974 1.013863
v -0.258619 1.206881 0.990412
v -0.254136 1.213475 1.013863
v -0.263496 1.199878 1.012495
v -0.254229 1.213297 0.990766
v -0.284967 1.227254 0.996935
v -0.271381 1.226966 0.991843
v -0.285012 1.227261 0.999182
v -0.271542 1.227012 1.014649
v -0.285036 1.227265 1.001567
v -0.271703 1.226848 1.006384
v -0.285036 1.227265 1.003999
v -0.271581 1.226892 0.994913
v -0.285012 1.227261 1.006384
v -0.271581 1.226892 1.010653
v -0.284967 1.227254 1.008631
v -0.277879 1.227111 1.014999
v -0.271703 1.226848 0.999182
v -0.284900 1.227244 1.010653
v -0.268301 1.218239 0.990766
v -0.286539 1.211357 1.010753
v -0.268355 1.218214 0.999136
v -0.277013 1.214950 1.015155
v -0.286610 1.211330 1.008705
v -0.268234 1.218261 1.010753
v -0.286659 1.211312 1.006430
v -0.268234 1.218261 0.994813
v -0.286684 1.211303 1.004014
v -0.268355 1.218214 1.006430
v -0.286684 1.211303 1.001552
v -0.268301 1.218239 1.014800
v -0.286659 1.211312 0.999136
v -0.268036 1.218338 0.991703
v -0.286610 1.211330 0.996861
v -0.268380 1.218204 1.001552
v -0.272755 1.239257 1.009562
v -0.267049 1.234312 1.010518
v -0.269818 1.236679 0.994112
v -0.272690 1.239210 1.010518
v -0.267294 1.234225 1.003643
v -0.272538 1.239031 1.011191
v -0.267125 1.234285 0.996004
v -0.272538 1.239031 0.994375
v -0.267241 1.234244 1.006917
v -0.272690 1.239210 0.995049
v -0.267241 1.234244 0.998649
v -0.272755 1.239257 0.996004
v -0.267125 1.234285 1.009562
v -0.272810 1.239296 0.997219
v -0.271728 1.226838 1.001567
v -0.284900 1.227244 0.994913
v -0.271489 1.226926 1.012372
v -0.284816 1.227232 0.993194
v -0.271653 1.226866 0.996935
v -0.284716 1.227217 0.991843
v -0.271653 1.226866 1.008631
v -0.284330 1.227197 0.990917
v -0.271489 1.226926 0.993194
v -0.284330 1.227197 1.014649
v -0.271728 1.226838 1.003999
v -0.284716 1.227217 1.013724
v -0.277879 1.227111 0.990567
v -0.271381 1.226966 1.013724
v -0.284816 1.227232 1.012372
v -0.271542 1.227012 0.990917
v -0.264320 1.242471 1.007451
v -0.264456 1.242493 1.003302
v -0.264363 1.242478 0.998692
v -0.264427 1.242488 1.005278
v -0.264427 1.242488 1.000288
v -0.264363 1.242478 1.006874
v -0.264456 1.242493 1.002264
v -0.264320 1.242471 0.998115
v -0.264501 1.242230 1.007988
v -0.264446 1.242491 1.004319
v -0.264399 1.242484 0.999425
v -0.264399 1.242484 1.006141
v -0.264446 1.242491 1.001247
v -0.264501 1.242230 0.997578
v -0.267111 1.234404 0.994375
v -0.272810 1.239296 1.008347
v -0.267276 1.234232 1.000237
v -0.269818 1.236679 1.011454
v -0.272853 1.239328 1.006917
v -0.267190 1.234262 1.008347
v -0.272882 1.239349 1.005329
v -0.267190 1.234262 0.997219
v -0.272898 1.239360 1.003643
v -0.267276 1.234232 1.005329
v -0.272898 1.239360 1.001923
v -0.267111 1.234404 1.011191
v -0.272882 1.239349 1.000237
v -0.267049 1.234312 0.995049
v -0.272853 1.239328 0.998649
v -0.267294 1.234225 1.001923
v 0.036049 1.259015 0.993403
v 0.002627 1.343777 1.014385
v 0.005042 1.343904 1.013939
v 0.007318 1.344153 1.013064
v 0.009365 1.344514 1.011795
v 0.011107 1.344975 1.010179
v 0.012475 1.345516 1.008278
v 0.013418 1.346118 1.006167
v 0.013898 1.346756 1.003926
v 0.013898 1.347407 1.001640
v 0.013418 1.348046 0.999399
v 0.012475 1.348647 0.997287
v 0.011107 1.349189 0.995387
v 0.009365 1.349649 0.993771
v 0.007318 1.350011 0.992502
v 0.005042 1.350260 0.991627
v 0.002627 1.350387 0.991181
v 0.010406 1.259041 1.002783
v 0.037564 1.280240 0.994813
v 0.037731 1.259011 0.995085
v 0.037564 1.280240 1.010753
v 0.033767 1.280247 1.013864
v 0.039053 1.259009 0.997063
v 0.039875 1.280236 0.999136
v 0.040355 1.280235 1.004014
v 0.039963 1.259007 0.999260
v 0.030852 1.280208 0.990741
v 0.035823 1.280243 0.993071
v 0.040427 1.259006 1.001594
v 0.015004 1.279874 1.015306
v 0.040427 1.259006 1.003973
v 0.038932 1.280237 1.008705
v 0.039963 1.259007 1.006306
v 0.006088 1.305028 0.990795
v 0.014494 1.304939 0.999147
v 0.012183 1.304816 1.010730
v 0.012183 1.304985 0.994836
v 0.014494 1.304862 1.006420
v 0.006088 1.304773 1.014772
v 0.008393 1.305018 0.991735
v 0.014974 1.304914 1.001555
v 0.010441 1.304798 1.012467
v 0.003135 1.305033 0.990315
v 0.013551 1.304963 0.996878
v 0.013551 1.304838 1.008688
v 0.003135 1.304768 1.015251
v 0.010441 1.305003 0.993099
v 0.014974 1.304887 1.004011
v 0.008393 1.304783 1.013831
v 0.026729 1.269123 1.015336
v 0.026729 1.269123 0.990230
v 0.039875 1.280236 1.006430
v 0.034063 1.259018 0.992080
v 0.015313 1.259435 1.014832
v 0.030852 1.280208 1.014825
v 0.031209 1.259069 0.991151
v 0.031209 1.259069 1.014415
v 0.033767 1.280247 0.991702
v 0.015313 1.259435 0.990734
v 0.034063 1.259018 1.013486
v 0.040355 1.280235 1.001552
v 0.036049 1.259015 1.012164
v 0.035823 1.280243 1.012495
v 0.037731 1.259011 1.010481
v 0.015004 1.279874 0.990260
v 0.039053 1.259009 1.008503
v 0.038932 1.280237 0.996861
v 0.228682 1.205177 1.004015
v 0.231907 1.224615 0.994811
v 0.228460 1.205307 1.006431
v 0.231907 1.224615 1.010755
v 0.228025 1.205561 1.008707
v 0.226333 1.217208 1.015160
v 0.232974 1.223992 0.999135
v 0.227392 1.205930 1.010755
v 0.229060 1.225914 0.990762
v 0.226588 1.206399 1.012497
v 0.230156 1.225637 1.013866
v 0.226333 1.217208 0.990407
v 0.225642 1.206952 1.013866
v 0.233196 1.223862 1.004015
v 0.191486 1.223508 1.013866
v 0.193313 1.222579 1.012497
v 0.194866 1.221790 1.010755
v 0.196086 1.221170 1.008707
v 0.196926 1.220743 1.006431
v 0.197354 1.220525 1.004015
v 0.197354 1.220525 1.001551
v 0.196926 1.220743 0.999135
v 0.196086 1.221170 0.996859
v 0.194866 1.221790 0.994811
v 0.193313 1.222579 0.993069
v 0.191486 1.223508 0.991700
v 0.189625 1.224847 0.990758
v 0.192997 1.234063 0.990400
v 0.198459 1.242218 0.990758
v 0.200636 1.241505 0.991700
v 0.202463 1.240576 0.993069
v 0.204016 1.239787 0.994811
v 0.205235 1.239167 0.996859
v 0.206076 1.238739 0.999135
v 0.206504 1.238522 1.001551
v 0.206504 1.238522 1.004015
v 0.206076 1.238739 1.006431
v 0.205235 1.239167 1.008707
v 0.204016 1.239787 1.010755
v 0.202463 1.240576 1.012497
v 0.200636 1.241505 1.013866
v 0.198459 1.242218 1.014808
v 0.192997 1.234063 1.015166
v 0.189625 1.224847 1.014808
v 0.166981 1.235517 1.013863
v 0.144606 1.244894 1.013864
v 0.122730 1.251730 1.013864
v 0.099487 1.256198 1.013864
v 0.072637 1.258427 1.013864
v 0.168849 1.234671 1.012495
v 0.146534 1.244190 1.012495
v 0.124720 1.251223 1.012495
v 0.101522 1.255907 1.012495
v 0.074695 1.258332 1.012495
v 0.170434 1.233952 1.010753
v 0.148168 1.243594 1.010753
v 0.126404 1.250794 1.010753
v 0.103243 1.255661 1.010753
v 0.076433 1.258251 1.010753
v 0.171679 1.233388 1.008705
v 0.149451 1.243125 1.008705
v 0.127727 1.250457 1.008705
v 0.104595 1.255468 1.008705
v 0.077798 1.258188 1.008705
v 0.172537 1.232999 1.006430
v 0.150335 1.242802 1.006430
v 0.128639 1.250224 1.006430
v 0.105527 1.255335 1.006430
v 0.078738 1.258144 1.006430
v 0.172975 1.232801 1.004014
v 0.150786 1.242638 1.004014
v 0.129103 1.250106 1.004014
v 0.106001 1.255267 1.004014
v 0.079218 1.258122 1.004014
v 0.172975 1.232801 1.001552
v 0.150786 1.242638 1.001552
v 0.129103 1.250106 1.001552
v 0.106001 1.255267 1.001552
v 0.079218 1.258122 1.001552
v 0.172537 1.232999 0.999136
v 0.150335 1.242802 0.999136
v 0.128639 1.250224 0.999136
v 0.105527 1.255335 0.999136
v 0.078738 1.258144 0.999136
v 0.171679 1.233388 0.996861
v 0.149451 1.243125 0.996861
v 0.127727 1.250457 0.996861
v 0.104595 1.255468 0.996861
v 0.077798 1.258188 0.996861
v 0.170434 1.233952 0.994813
v 0.148168 1.243594 0.994813
v 0.126404 1.250794 0.994813
v 0.103243 1.255661 0.994813
v 0.076433 1.258251 0.994813
v 0.168849 1.234671 0.993071
v 0.146534 1.244190 0.993071
v 0.124720 1.251223 0.993071
v 0.101522 1.255907 0.993071
v 0.074695 1.258332 0.993071
v 0.166981 1.235517 0.991703
v 0.144606 1.244894 0.991702
v 0.122730 1.251730 0.991702
v 0.099487 1.256198 0.991702
v 0.072637 1.258427 0.991702
v 0.165042 1.236856 0.990756
v 0.142514 1.246103 0.990749
v 0.120466 1.252738 0.990743
v 0.097064 1.256966 0.990736
v 0.070016 1.258940 0.990729
v 0.167919 1.246167 0.990393
v 0.144622 1.255617 0.990380
v 0.121547 1.262425 0.990368
v 0.097039 1.266723 0.990355
v 0.068891 1.268687 0.990338
v 0.173025 1.254471 0.990756
v 0.149142 1.264255 0.990749
v 0.125234 1.271453 0.990743
v 0.099796 1.276087 0.990736
v 0.070910 1.278298 0.990729
v 0.175311 1.253898 0.991703
v 0.151523 1.263835 0.991702
v 0.127705 1.271259 0.991702
v 0.102337 1.276150 0.991702
v 0.073572 1.278574 0.991702
v 0.177178 1.253052 0.993071
v 0.153450 1.263131 0.993071
v 0.129695 1.270752 0.993071
v 0.104373 1.275860 0.993071
v 0.075630 1.278479 0.993071
v 0.178764 1.252333 0.994813
v 0.155084 1.262535 0.994813
v 0.131380 1.270323 0.994813
v 0.106093 1.275614 0.994813
v 0.077368 1.278398 0.994813
v 0.180009 1.251769 0.996861
v 0.156367 1.262066 0.996861
v 0.132703 1.269986 0.996861
v 0.107445 1.275421 0.996861
v 0.078733 1.278334 0.996861
v 0.180867 1.251380 0.999136
v 0.157251 1.261743 0.999136
v 0.133615 1.269753 0.999136
v 0.108377 1.275288 0.999136
v 0.079673 1.278291 0.999136
v 0.181305 1.251182 1.001552
v 0.157702 1.261579 1.001552
v 0.134079 1.269635 1.001552
v 0.108852 1.275220 1.001552
v 0.080153 1.278269 1.001552
v 0.181304 1.251182 1.004014
v 0.157702 1.261579 1.004014
v 0.134079 1.269635 1.004014
v 0.108852 1.275220 1.004014
v 0.080153 1.278269 1.004014
v 0.180867 1.251380 1.006430
v 0.157251 1.261743 1.006430
v 0.133615 1.269753 1.006430
v 0.108377 1.275288 1.006430
v 0.079673 1.278291 1.006430
v 0.180009 1.251769 1.008705
v 0.156367 1.262066 1.008705
v 0.132703 1.269986 1.008705
v 0.107445 1.275421 1.008705
v 0.078733 1.278334 1.008705
v 0.178764 1.252333 1.010753
v 0.155084 1.262535 1.010753
v 0.131380 1.270323 1.010753
v 0.106093 1.275614 1.010753
v 0.077368 1.278398 1.010753
v 0.177178 1.253052 1.012495
v 0.153450 1.263131 1.012495
v 0.129695 1.270752 1.012495
v 0.104373 1.275860 1.012495
v 0.075630 1.278479 1.012495
v 0.175311 1.253898 1.013863
v 0.151523 1.263835 1.013864
v 0.127705 1.271259 1.013864
v 0.102337 1.276150 1.013864
v 0.073572 1.278574 1.013864
v 0.173025 1.254471 1.014810
v 0.149142 1.264255 1.014817
v 0.125234 1.271453 1.014823
v 0.099796 1.276087 1.014830
v 0.070910 1.278298 1.014837
v 0.167919 1.246167 1.015173
v 0.144622 1.255618 1.015186
v 0.121547 1.262425 1.015198
v 0.097039 1.266723 1.015211
v 0.068891 1.268687 1.015228
v 0.165042 1.236856 1.014810
v 0.142514 1.246103 1.014817
v 0.120466 1.252738 1.014823
v 0.097064 1.256966 1.014830
v 0.070016 1.258940 1.014837
v 0.266427 1.199733 0.996861
v 0.256926 1.213474 0.991703
v 0.266470 1.199689 0.999136
v 0.257019 1.213297 1.014800
v 0.266491 1.199667 1.001552
v 0.257202 1.213189 1.006430
v 0.266491 1.199667 1.004014
v 0.257098 1.213297 0.994813
v 0.266470 1.199689 1.006430
v 0.257098 1.213297 1.010753
v 0.266427 1.199733 1.008705
v 0.261409 1.206881 1.015155
v 0.257202 1.213189 0.999136
v 0.266365 1.199797 1.010753
v 0.232974 1.223992 1.006431
v 0.228682 1.205177 1.001551
v 0.229060 1.225914 1.014804
v 0.228460 1.205307 0.999135
v 0.230156 1.225637 0.991700
v 0.228025 1.205561 0.996859
v 0.233196 1.223862 1.001551
v 0.227392 1.205930 0.994811
v 0.231102 1.225085 1.012497
v 0.226588 1.206399 0.993069
v 0.232539 1.224246 0.996859
v 0.225642 1.206952 0.991700
v 0.232539 1.224246 1.008707
v 0.224668 1.207883 0.990762
v 0.231102 1.225085 0.993069
v 0.224668 1.207883 1.014804
v 0.289238 1.211390 1.012495
v 0.270826 1.218338 1.013863
v 0.279804 1.214950 0.990412
v 0.289132 1.211429 1.013863
v 0.271171 1.218204 1.004014
v 0.288634 1.211616 1.014800
v 0.270933 1.218296 0.993071
v 0.288634 1.211616 0.990766
v 0.271096 1.218233 1.008705
v 0.289132 1.211429 0.991703
v 0.271096 1.218233 0.996861
v 0.289239 1.211390 0.993071
v 0.270933 1.218296 1.012495
v 0.289329 1.211357 0.994813
v 0.257223 1.213167 1.001552
v 0.266365 1.199797 0.994813
v 0.257019 1.213379 1.012495
v 0.266287 1.199878 0.993071
v 0.257159 1.213233 0.996861
v 0.266194 1.199974 0.991703
v 0.257159 1.213233 1.008705
v 0.265901 1.200360 0.990766
v 0.257019 1.213379 0.993071
v 0.265901 1.200360 1.014800
v 0.257224 1.213167 1.004014
v 0.266194 1.199974 1.013863
v 0.261409 1.206881 0.990412
v 0.256927 1.213475 1.013863
v 0.266287 1.199878 1.012495
v 0.257019 1.213297 0.990766
v 0.287757 1.227254 0.996935
v 0.274172 1.226966 0.991843
v 0.287803 1.227261 0.999182
v 0.274332 1.227012 1.014649
v 0.287826 1.227265 1.001567
v 0.274493 1.226848 1.006384
v 0.287826 1.227265 1.003999
v 0.274371 1.226892 0.994913
v 0.287803 1.227261 1.006384
v 0.274371 1.226892 1.010653
v 0.287757 1.227254 1.008631
v 0.280669 1.227111 1.014999
v 0.274493 1.226848 0.999182
v 0.287691 1.227244 1.010653
v 0.271091 1.218239 0.990766
v 0.289329 1.211357 1.010753
v 0.271145 1.218214 0.999136
v 0.279804 1.214950 1.015155
v 0.289401 1.211330 1.008705
v 0.271025 1.218261 1.010753
v 0.289450 1.211312 1.006430
v 0.271025 1.218261 0.994813
v 0.289475 1.211303 1.004014
v 0.271145 1.218214 1.006430
v 0.289475 1.211303 1.001552
v 0.271091 1.218239 1.014800
v 0.289450 1.211312 0.999136
v 0.270826 1.218338 0.991703
v 0.289401 1.211330 0.996861
v 0.271171 1.218204 1.001552
v 0.275545 1.239257 1.009562
v 0.269839 1.234312 1.010518
v 0.272609 1.236679 0.994112
v 0.275480 1.239210 1.010518
v 0.270084 1.234225 1.003643
v 0.275329 1.239031 1.011191
v 0.269915 1.234285 0.996004
v 0.275329 1.239031 0.994375
v 0.270031 1.234244 1.006917
v 0.275480 1.239210 0.995049
v 0.270031 1.234244 0.998649
v 0.275545 1.239257 0.996004
v 0.269915 1.234285 1.009562
v 0.275600 1.239296 0.997219
v 0.274519 1.226838 1.001567
v 0.287691 1.227244 0.994913
v 0.274280 1.226926 1.012372
v 0.287606 1.227232 0.993194
v 0.274444 1.226866 0.996935
v 0.287507 1.227217 0.991843
v 0.274444 1.226866 1.008631
v 0.287120 1.227197 0.990917
v 0.274280 1.226926 0.993194
v 0.287120 1.227197 1.014649
v 0.274519 1.226838 1.003999
v 0.287507 1.227217 1.013724
v 0.280669 1.227111 0.990567
v 0.274172 1.226966 1.013724
v 0.287606 1.227232 1.012372
v 0.274332 1.227012 0.990917
v 0.267111 1.242471 1.007451
v 0.267247 1.242493 1.003302
v 0.267153 1.242478 0.998692
v 0.267217 1.242488 1.005278
v 0.267217 1.242488 1.000288
v 0.267153 1.242478 1.006874
v 0.267247 1.242493 1.002264
v 0.267111 1.242471 0.998115
v 0.267292 1.242230 1.007988
v 0.267237 1.242491 1.004319
v 0.267189 1.242484 0.999425
v 0.267189 1.242484 1.006141
v 0.267237 1.242491 1.001247
v 0.267292 1.242230 0.997578
v 0.269902 1.234404 0.994375
v 0.275600 1.239296 1.008347
v 0.270066 1.234232 1.000237
v 0.272609 1.236679 1.011454
v 0.275643 1.239328 1.006917
v 0.269980 1.234262 1.008347
v 0.275673 1.239349 1.005329
v 0.269980 1.234262 0.997219
v 0.275688 1.239360 1.003643
v 0.270066 1.234232 1.005329
v 0.275688 1.239360 1.001923
v 0.269902 1.234404 1.011191
v 0.275673 1.239349 1.000237
v 0.269839 1.234312 0.995049
v 0.275643 1.239328 0.998649
v 0.270084 1.234225 1.001923
vt 0.119792 0.500000
vt 0.146050 0.500000
vt 0.114149 0.500000
vt 0.097849 0.500000
vt 0.145833 0.500000
vt 0.128279 0.500000
vt 0.125000 0.500000
vt 0.109375 0.500000
vt 0.093750 0.500000
vt 0.500000 0.500000
vt 0.500000 0.750000
vt 0.484375 0.758681
vt 0.484158 0.576389
vt 0.500000 1.000000
vt 0.484375 1.000000
vt 0.468750 1.000000
vt 0.468750 0.760417
vt 0.468750 0.583333
vt 0.453125 0.760417
vt 0.453125 0.583333
vt 0.453125 1.000000
vt 0.437500 1.000000
vt 0.437500 0.760417
vt 0.437500 0.583333
vt 0.421875 0.760417
vt 0.421875 0.583333
vt 0.421875 1.000000
vt 0.406250 1.000000
vt 0.406250 0.760417
vt 0.406250 0.583333
vt 0.390625 0.760417
vt 0.390625 0.583333
vt 0.390625 1.000000
vt 0.375000 1.000000
vt 0.375000 0.760417
vt 0.375000 0.583333
vt 0.359375 0.760417
vt 0.359375 0.583333
vt 0.359375 1.000000
vt 0.343750 1.000000
vt 0.343750 0.760417
vt 0.343750 0.583333
vt 0.328125 0.760417
vt 0.328125 0.583333
vt 0.328125 1.000000
vt 0.312500 1.000000
vt 0.312500 0.760417
vt 0.312500 0.583333
vt 0.296875 0.760417
vt 0.296875 0.583333
vt 0.296875 1.000000
vt 0.281250 1.000000
vt 0.281250 0.760417
vt 0.281250 0.583333
vt 0.265625 0.760417
vt 0.265625 0.583333
vt 0.265625 1.000000
vt 0.250000 1.000000
vt 0.250000 0.760417
vt 0.250000 0.583333
vt 0.234375 0.760417
vt 0.234375 0.583333
vt 0.234375 1.000000
vt 0.218750 1.000000
vt 0.218750 0.760417
vt 0.218750 0.583333
vt 0.203125 0.760417
vt 0.203125 0.583333
vt 0.203125 1.000000
vt 0.187500 1.000000
vt 0.187500 0.760417
vt 0.187500 0.583333
vt 0.171875 0.760417
vt 0.171875 0.583333
vt 0.171875 1.000000
vt 0.156250 1.000000
vt 0.156250 0.760417
vt 0.156250 0.583333
vt 0.140625 0.760417
vt 0.140625 0.583333
vt 0.140625 1.000000
vt 0.125000 1.000000
vt 0.125000 0.760417
vt 0.125000 0.583333
vt 0.109375 0.760417
vt 0.109375 0.583333
vt 0.109375 1.000000
vt 0.093750 1.000000
vt 0.093750 0.760417
vt 0.093750 0.583333
vt 0.078125 0.760417
vt 0.078125 0.583333
vt 0.078125 1.000000
vt 0.062500 1.000000
vt 0.062500 0.760417
vt 0.062500 0.583333
vt 0.046875 0.760417
vt 0.046875 0.583333
vt 0.046875 1.000000
vt 0.031250 1.000000
vt 0.031250 0.760417
vt 0.031250 0.583333
vt 0.015625 0.758681
vt 0.015842 0.576389
vt 0.015625 1.000000
vt 0.000000 1.000000
vt 0.000000 0.750000
vt 0.000000 0.500000
vt 0.089720 0.500000
vt 0.250000 0.500000
vt 0.250000 0.500000
vt 0.086075 0.500000
vt 0.410280 0.500000
vt 0.413925 0.500000
vt 0.433965 0.500000
vt 0.401064 0.500000
vt 0.406668 0.500000
vt 0.377115 0.500000
vt 0.380208 0.500000
vt 0.353950 0.500000
vt 0.354167 0.500000
vt 0.330850 0.500000
vt 0.328125 0.500000
vt 0.307750 0.500000
vt 0.302083 0.500000
vt 0.284650 0.500000
vt 0.276042 0.500000
vt 0.261550 0.500000
vt 0.250000 0.500000
vt 0.238450 0.500000
vt 0.223958 0.500000
vt 0.215350 0.500000
vt 0.197917 0.500000
vt 0.192250 0.500000
vt 0.171875 0.500000
vt 0.169150 0.500000
vt 0.122885 0.500000
vt 0.093332 0.500000
vt 0.098936 0.500000
vt 0.066035 0.500000
vt 0.156250 0.500000
vt 0.140625 0.500000
vt 0.140625 0.500000
vt 0.156250 0.500000
vt 0.125000 0.500000
vt 0.125000 0.500000
vt 0.125000 0.500000
vt 0.140625 0.500000
vt 0.156250 0.500000
vt 0.144338 0.500000
vt 0.158709 0.500000
vt 0.156250 0.500000
vt 0.140625 0.500000
vt 0.375000 0.500000
vt 0.359375 0.500000
vt 0.359375 0.500000
vt 0.375000 0.500000
vt 0.343750 0.500000
vt 0.343750 0.500000
vt 0.343750 0.500000
vt 0.359375 0.500000
vt 0.375000 0.500000
vt 0.437779 0.500000
vt 0.421910 0.500000
vt 0.421979 0.500000
vt 0.438331 0.500000
vt 0.406250 0.500000
vt 0.406250 0.500000
vt 0.406250 0.500000
vt 0.422044 0.500000
vt 0.438848 0.500000
vt 0.174527 0.500000
vt 0.189140 0.500000
vt 0.187500 0.500000
vt 0.171875 0.500000
vt 0.218750 0.500000
vt 0.203125 0.500000
vt 0.203125 0.500000
vt 0.218750 0.500000
vt 0.187500 0.500000
vt 0.187500 0.500000
vt 0.187500 0.500000
vt 0.203125 0.500000
vt 0.218750 0.500000
vt 0.281250 0.500000
vt 0.265625 0.500000
vt 0.265625 0.500000
vt 0.281250 0.500000
vt 0.250000 0.500000
vt 0.250000 0.500000
vt 0.250000 0.500000
vt 0.265625 0.500000
vt 0.281250 0.500000
vt 0.204716 0.500000
vt 0.219570 0.500000
vt 0.218750 0.500000
vt 0.203125 0.500000
vt 0.062221 0.500000
vt 0.046073 0.500000
vt 0.044450 0.500000
vt 0.061669 0.500000
vt 0.030134 0.500000
vt 0.027780 0.500000
vt 0.024588 0.500000
vt 0.042933 0.500000
vt 0.061152 0.500000
vt 0.109375 0.500000
vt 0.109375 0.500000
vt 0.093750 0.500000
vt 0.093750 0.500000
vt 0.093750 0.500000
vt 0.109375 0.500000
vt 0.234906 0.500000
vt 0.250000 0.500000
vt 0.250000 0.500000
vt 0.234375 0.500000
vt 0.490141 0.500000
vt 0.483910 0.500000
vt 0.485615 0.500000
vt 0.491257 0.500000
vt 0.469866 0.500000
vt 0.472220 0.500000
vt 0.475412 0.500000
vt 0.487520 0.500000
vt 0.492373 0.500000
vt 0.265095 0.500000
vt 0.280430 0.500000
vt 0.281250 0.500000
vt 0.265625 0.500000
vt 0.328125 0.500000
vt 0.328125 0.500000
vt 0.312500 0.500000
vt 0.312500 0.500000
vt 0.312500 0.500000
vt 0.328125 0.500000
vt 0.295284 0.500000
vt 0.310860 0.500000
vt 0.312500 0.500000
vt 0.296875 0.500000
vt 0.046775 0.510417
vt 0.062465 0.510417
vt 0.031111 0.510417
vt 0.203125 0.510417
vt 0.218750 0.510417
vt 0.187500 0.510417
vt 0.359375 0.510417
vt 0.375000 0.510417
vt 0.343750 0.510417
vt 0.140625 0.510417
vt 0.156250 0.510417
vt 0.125000 0.510417
vt 0.296875 0.510417
vt 0.312500 0.510417
vt 0.281250 0.510417
vt 0.296875 0.500000
vt 0.453225 0.510417
vt 0.468890 0.510417
vt 0.437535 0.510417
vt 0.453927 0.500000
vt 0.078121 0.510417
vt 0.093750 0.510417
vt 0.078090 0.500000
vt 0.234375 0.510417
vt 0.250000 0.510417
vt 0.234375 0.500000
vt 0.390625 0.510417
vt 0.406250 0.510417
vt 0.390625 0.500000
vt 0.016605 0.508681
vt 0.009479 0.501736
vt 0.009859 0.500000
vt 0.016090 0.500000
vt 0.171875 0.510417
vt 0.171875 0.500000
vt 0.328125 0.510417
vt 0.483395 0.508681
vt 0.490521 0.501736
vt 0.109375 0.510417
vt 0.265625 0.510417
vt 0.421879 0.510417
vt 0.488498 0.500000
vt 0.492791 0.500000
vt 0.480673 0.500000
vt 0.475412 0.500000
vt 0.487520 0.500000
vt 0.492373 0.500000
vt 0.012480 0.500000
vt 0.011502 0.500000
vt 0.019327 0.500000
vt 0.007627 0.500000
vt 0.007209 0.500000
vt 0.007627 0.500000
vt 0.012480 0.500000
vt 0.024588 0.500000
vt 0.296875 0.500000
vt 0.296875 0.500000
vt 0.083853 0.500000
vt 0.066574 0.500000
vt 0.077956 0.500000
vt 0.061152 0.500000
vt 0.476768 0.500000
vt 0.466562 0.500000
vt 0.481275 0.500000
vt 0.455550 0.500000
vt 0.457067 0.500000
vt 0.051323 0.500000
vt 0.033438 0.500000
vt 0.042933 0.500000
vt 0.448678 0.500000
vt 0.433426 0.500000
vt 0.457067 0.500000
vt 0.438848 0.500000
vt 0.078021 0.500000
vt 0.077956 0.500000
vt 0.023232 0.500000
vt 0.018726 0.500000
vt 0.416147 0.500000
vt 0.402151 0.500000
vt 0.422044 0.500000
vt 0.406250 0.500000
vt 0.234375 0.500000
vt 0.234375 0.500000
vt 0.385851 0.500000
vt 0.371721 0.500000
vt 0.390625 0.500000
vt 0.375000 0.500000
vt 0.390625 0.500000
vt 0.390625 0.500000
vt 0.355662 0.500000
vt 0.341291 0.500000
vt 0.359375 0.500000
vt 0.343750 0.500000
vt 0.014385 0.500000
vt 0.008743 0.500000
vt 0.325473 0.500000
vt 0.328125 0.500000
vt 0.171875 0.500000
vt 0.171875 0.500000
vt 0.281250 0.500000
vt 0.265625 0.500000
vt 0.265625 0.500000
vt 0.281250 0.500000
vt 0.250000 0.500000
vt 0.250000 0.500000
vt 0.250000 0.500000
vt 0.265625 0.500000
vt 0.281250 0.500000
vt 0.125000 0.500000
vt 0.140625 0.500000
vt 0.140625 0.500000
vt 0.125000 0.500000
vt 0.156250 0.500000
vt 0.156250 0.500000
vt 0.156250 0.500000
vt 0.140625 0.500000
vt 0.125000 0.500000
vt 0.312500 0.500000
vt 0.296875 0.500000
vt 0.296875 0.500000
vt 0.312500 0.500000
vt 0.296875 0.500000
vt 0.312500 0.500000
vt 0.343750 0.500000
vt 0.359375 0.500000
vt 0.359375 0.500000
vt 0.343750 0.500000
vt 0.375000 0.500000
vt 0.375000 0.500000
vt 0.375000 0.500000
vt 0.359375 0.500000
vt 0.343750 0.500000
vt 0.343750 0.500000
vt 0.328125 0.500000
vt 0.328125 0.500000
vt 0.343750 0.500000
vt 0.328125 0.500000
vt 0.343750 0.500000
vt 0.468750 0.500000
vt 0.468750 0.500000
vt 0.467665 0.500000
vt 0.463976 0.500000
vt 0.468750 0.500000
vt 0.463976 0.500000
vt 0.463542 0.500000
vt 0.467448 0.500000
vt 0.463542 0.500000
vt 0.187500 0.500000
vt 0.203125 0.500000
vt 0.203125 0.500000
vt 0.187500 0.500000
vt 0.218750 0.500000
vt 0.218750 0.500000
vt 0.218750 0.500000
vt 0.203125 0.500000
vt 0.187500 0.500000
vt 0.375000 0.500000
vt 0.359375 0.500000
vt 0.359375 0.500000
vt 0.375000 0.500000
vt 0.359375 0.500000
vt 0.375000 0.500000
vt 0.031250 0.500000
vt 0.046875 0.500000
vt 0.047418 0.500000
vt 0.036024 0.500000
vt 0.062500 0.500000
vt 0.062500 0.500000
vt 0.062500 0.500000
vt 0.047526 0.500000
vt 0.036458 0.500000
vt 0.406250 0.500000
vt 0.390625 0.500000
vt 0.390625 0.500000
vt 0.406250 0.500000
vt 0.390625 0.500000
vt 0.406250 0.500000
vt 0.406250 0.500000
vt 0.421875 0.500000
vt 0.421875 0.500000
vt 0.406250 0.500000
vt 0.437500 0.500000
vt 0.437500 0.500000
vt 0.437500 0.500000
vt 0.421875 0.500000
vt 0.406250 0.500000
vt 0.031250 0.500000
vt 0.031250 0.500000
vt 0.032335 0.500000
vt 0.036024 0.500000
vt 0.032552 0.500000
vt 0.036458 0.500000
vt 0.437500 0.500000
vt 0.421875 0.500000
vt 0.421875 0.500000
vt 0.437500 0.500000
vt 0.421875 0.500000
vt 0.437500 0.500000
vt 0.250000 0.500000
vt 0.265625 0.500000
vt 0.265625 0.500000
vt 0.250000 0.500000
vt 0.281250 0.500000
vt 0.281250 0.500000
vt 0.281250 0.500000
vt 0.265625 0.500000
vt 0.250000 0.500000
vt 0.421892 0.500000
vt 0.437640 0.500000
vt 0.406250 0.500000
vt 0.406250 0.500000
vt 0.421910 0.500000
vt 0.437779 0.500000
vt 0.390625 0.500000
vt 0.375000 0.500000
vt 0.375000 0.500000
vt 0.390625 0.500000
vt 0.359375 0.500000
vt 0.343750 0.500000
vt 0.343750 0.500000
vt 0.359375 0.500000
vt 0.328125 0.500000
vt 0.312500 0.500000
vt 0.312500 0.500000
vt 0.328125 0.500000
vt 0.296875 0.500000
vt 0.281250 0.500000
vt 0.281250 0.500000
vt 0.296875 0.500000
vt 0.265625 0.500000
vt 0.250000 0.500000
vt 0.250000 0.500000
vt 0.265625 0.500000
vt 0.234375 0.500000
vt 0.234375 0.500000
vt 0.218750 0.500000
vt 0.218750 0.500000
vt 0.218750 0.500000
vt 0.234375 0.500000
vt 0.203125 0.500000
vt 0.203125 0.500000
vt 0.187500 0.500000
vt 0.187500 0.500000
vt 0.187500 0.500000
vt 0.203125 0.500000
vt 0.171875 0.500000
vt 0.171875 0.500000
vt 0.156250 0.500000
vt 0.156250 0.500000
vt 0.156250 0.500000
vt 0.171875 0.500000
vt 0.140625 0.500000
vt 0.140625 0.500000
vt 0.125000 0.500000
vt 0.125000 0.500000
vt 0.125000 0.500000
vt 0.140625 0.500000
vt 0.109375 0.500000
vt 0.109375 0.500000
vt 0.093750 0.500000
vt 0.093750 0.500000
vt 0.093750 0.500000
vt 0.109375 0.500000
vt 0.078125 0.500000
vt 0.078108 0.500000
vt 0.062500 0.500000
vt 0.062361 0.500000
vt 0.062221 0.500000
vt 0.078090 0.500000
vt 0.046875 0.500000
vt 0.046999 0.500000
vt 0.035327 0.500000
vt 0.035064 0.500000
vt 0.046689 0.500000
vt 0.031419 0.500000
vt 0.034870 0.500000
vt 0.029576 0.500000
vt 0.030374 0.500000
vt 0.046891 0.500000
vt 0.062384 0.500000
vt 0.062500 0.500000
vt 0.046038 0.500000
vt 0.078125 0.500000
vt 0.078113 0.500000
vt 0.093750 0.500000
vt 0.093750 0.500000
vt 0.093750 0.500000
vt 0.078122 0.500000
vt 0.109375 0.500000
vt 0.109375 0.500000
vt 0.125000 0.500000
vt 0.125000 0.500000
vt 0.109375 0.500000
vt 0.140625 0.500000
vt 0.156250 0.500000
vt 0.156250 0.500000
vt 0.140625 0.500000
vt 0.171875 0.500000
vt 0.171875 0.500000
vt 0.187500 0.500000
vt 0.187500 0.500000
vt 0.171875 0.500000
vt 0.203125 0.500000
vt 0.218750 0.500000
vt 0.218750 0.500000
vt 0.203125 0.500000
vt 0.234375 0.500000
vt 0.234375 0.500000
vt 0.250000 0.500000
vt 0.250000 0.500000
vt 0.234375 0.500000
vt 0.265625 0.500000
vt 0.281250 0.500000
vt 0.281250 0.500000
vt 0.265625 0.500000
vt 0.296875 0.500000
vt 0.296875 0.500000
vt 0.312500 0.500000
vt 0.312500 0.500000
vt 0.312500 0.500000
vt 0.296875 0.500000
vt 0.328125 0.500000
vt 0.328125 0.500000
vt 0.343750 0.500000
vt 0.343750 0.500000
vt 0.328125 0.500000
vt 0.359375 0.500000
vt 0.375000 0.500000
vt 0.375000 0.500000
vt 0.359375 0.500000
vt 0.390625 0.500000
vt 0.390625 0.500000
vt 0.406250 0.500000
vt 0.406250 0.500000
vt 0.390625 0.500000
vt 0.421892 0.500000
vt 0.437640 0.500000
vt 0.437779 0.500000
vt 0.421910 0.500000
vt 0.453125 0.500000
vt 0.453001 0.500000
vt 0.464673 0.500000
vt 0.464937 0.500000
vt 0.453311 0.500000
vt 0.468467 0.500000
vt 0.464673 0.500000
vt 0.464937 0.500000
vt 0.469052 0.500000
vt 0.453125 0.500000
vt 0.453001 0.500000
vt 0.453311 0.500000
vt 0.421927 0.500000
vt 0.437918 0.500000
vt 0.406250 0.500000
vt 0.406250 0.500000
vt 0.421945 0.500000
vt 0.438058 0.500000
vt 0.421962 0.500000
vt 0.438197 0.500000
vt 0.406250 0.500000
vt 0.406250 0.500000
vt 0.421980 0.500000
vt 0.438337 0.500000
vt 0.421997 0.500000
vt 0.438476 0.500000
vt 0.406250 0.500000
vt 0.406250 0.500000
vt 0.422015 0.500000
vt 0.438616 0.500000
vt 0.422032 0.500000
vt 0.438755 0.500000
vt 0.406250 0.500000
vt 0.406250 0.500000
vt 0.422049 0.500000
vt 0.438895 0.500000
vt 0.422062 0.500000
vt 0.438994 0.500000
vt 0.406250 0.500000
vt 0.390625 0.500000
vt 0.375000 0.500000
vt 0.375000 0.500000
vt 0.390625 0.500000
vt 0.390625 0.500000
vt 0.375000 0.500000
vt 0.375000 0.500000
vt 0.390625 0.500000
vt 0.390625 0.500000
vt 0.375000 0.500000
vt 0.375000 0.500000
vt 0.390625 0.500000
vt 0.390625 0.500000
vt 0.375000 0.500000
vt 0.375000 0.500000
vt 0.390625 0.500000
vt 0.390625 0.500000
vt 0.375000 0.500000
vt 0.359375 0.500000
vt 0.343750 0.500000
vt 0.343750 0.500000
vt 0.359375 0.500000
vt 0.359375 0.500000
vt 0.343750 0.500000
vt 0.343750 0.500000
vt 0.359375 0.500000
vt 0.359375 0.500000
vt 0.343750 0.500000
vt 0.343750 0.500000
vt 0.359375 0.500000
vt 0.359375 0.500000
vt 0.343750 0.500000
vt 0.343750 0.500000
vt 0.359375 0.500000
vt 0.359375 0.500000
vt 0.343750 0.500000
vt 0.328125 0.500000
vt 0.312500 0.500000
vt 0.312500 0.500000
vt 0.328125 0.500000
vt 0.328125 0.500000
vt 0.312500 0.500000
vt 0.312500 0.500000
vt 0.328125 0.500000
vt 0.328125 0.500000
vt 0.312500 0.500000
vt 0.312500 0.500000
vt 0.328125 0.500000
vt 0.328125 0.500000
vt 0.312500 0.500000
vt 0.312500 0.500000
vt 0.328125 0.500000
vt 0.328125 0.500000
vt 0.312500 0.500000
vt 0.296875 0.500000
vt 0.281250 0.500000
vt 0.281250 0.500000
vt 0.296875 0.500000
vt 0.296875 0.500000
vt 0.281250 0.500000
vt 0.281250 0.500000
vt 0.296875 0.500000
vt 0.296875 0.500000
vt 0.281250 0.500000
vt 0.281250 0.500000
vt 0.296875 0.500000
vt 0.296875 0.500000
vt 0.281250 0.500000
vt 0.281250 0.500000
vt 0.296875 0.500000
vt 0.296875 0.500000
vt 0.281250 0.500000
vt 0.265625 0.500000
vt 0.250000 0.500000
vt 0.250000 0.500000
vt 0.265625 0.500000
vt 0.265625 0.500000
vt 0.250000 0.500000
vt 0.250000 0.500000
vt 0.265625 0.500000
vt 0.265625 0.500000
vt 0.250000 0.500000
vt 0.250000 0.500000
vt 0.265625 0.500000
vt 0.265625 0.500000
vt 0.250000 0.500000
vt 0.250000 0.500000
vt 0.265625 0.500000
vt 0.265625 0.500000
vt 0.250000 0.500000
vt 0.234375 0.500000
vt 0.218750 0.500000
vt 0.218750 0.500000
vt 0.234375 0.500000
vt 0.234375 0.500000
vt 0.218750 0.500000
vt 0.218750 0.500000
vt 0.234375 0.500000
vt 0.234375 0.500000
vt 0.218750 0.500000
vt 0.218750 0.500000
vt 0.234375 0.500000
vt 0.234375 0.500000
vt 0.218750 0.500000
vt 0.218750 0.500000
vt 0.234375 0.500000
vt 0.234375 0.500000
vt 0.218750 0.500000
vt 0.203125 0.500000
vt 0.187500 0.500000
vt 0.187500 0.500000
vt 0.203125 0.500000
vt 0.203125 0.500000
vt 0.187500 0.500000
vt 0.187500 0.500000
vt 0.203125 0.500000
vt 0.203125 0.500000
vt 0.187500 0.500000
vt 0.187500 0.500000
vt 0.203125 0.500000
vt 0.203125 0.500000
vt 0.187500 0.500000
vt 0.187500 0.500000
vt 0.203125 0.500000
vt 0.203125 0.500000
vt 0.187500 0.500000
vt 0.171875 0.500000
vt 0.156250 0.500000
vt 0.156250 0.500000
vt 0.171875 0.500000
vt 0.171875 0.500000
vt 0.156250 0.500000
vt 0.156250 0.500000
vt 0.171875 0.500000
vt 0.171875 0.500000
vt 0.156250 0.500000
vt 0.156250 0.500000
vt 0.171875 0.500000
vt 0.171875 0.500000
vt 0.156250 0.500000
vt 0.156250 0.500000
vt 0.171875 0.500000
vt 0.171875 0.500000
vt 0.156250 0.500000
vt 0.140625 0.500000
vt 0.125000 0.500000
vt 0.125000 0.500000
vt 0.140625 0.500000
vt 0.140625 0.500000
vt 0.125000 0.500000
vt 0.125000 0.500000
vt 0.140625 0.500000
vt 0.140625 0.500000
vt 0.125000 0.500000
vt 0.125000 0.500000
vt 0.140625 0.500000
vt 0.140625 0.500000
vt 0.125000 0.500000
vt 0.125000 0.500000
vt 0.140625 0.500000
vt 0.140625 0.500000
vt 0.125000 0.500000
vt 0.109375 0.500000
vt 0.093750 0.500000
vt 0.093750 0.500000
vt 0.109375 0.500000
vt 0.109375 0.500000
vt 0.093750 0.500000
vt 0.093750 0.500000
vt 0.109375 0.500000
vt 0.109375 0.500000
vt 0.093750 0.500000
vt 0.093750 0.500000
vt 0.109375 0.500000
vt 0.109375 0.500000
vt 0.093750 0.500000
vt 0.093750 0.500000
vt 0.109375 0.500000
vt 0.109375 0.500000
vt 0.093750 0.500000
vt 0.078084 0.500000
vt 0.062128 0.500000
vt 0.062500 0.500000
vt 0.078116 0.500000
vt 0.078125 0.500000
vt 0.062500 0.500000
vt 0.062500 0.500000
vt 0.078105 0.500000
vt 0.078044 0.500000
vt 0.061686 0.500000
vt 0.062500 0.500000
vt 0.078105 0.500000
vt 0.078125 0.500000
vt 0.062500 0.500000
vt 0.062500 0.500000
vt 0.078093 0.500000
vt 0.077967 0.500000
vt 0.061123 0.500000
vt 0.046162 0.500000
vt 0.033886 0.500000
vt 0.027902 0.500000
vt 0.045201 0.500000
vt 0.044783 0.500000
vt 0.027066 0.500000
vt 0.026229 0.500000
vt 0.044364 0.500000
vt 0.044380 0.500000
vt 0.030546 0.500000
vt 0.024555 0.500000
vt 0.043527 0.500000
vt 0.043109 0.500000
vt 0.023718 0.500000
vt 0.022881 0.500000
vt 0.042691 0.500000
vt 0.042822 0.500000
vt 0.027874 0.500000
vt 0.029323 0.500000
vt 0.028739 0.500000
vt 0.027902 0.500000
vt 0.028143 0.500000
vt 0.027684 0.500000
vt 0.032491 0.500000
vt 0.032274 0.500000
vt 0.027113 0.500000
vt 0.026680 0.500000
vt 0.031576 0.500000
vt 0.030879 0.500000
vt 0.025474 0.500000
vt 0.024526 0.500000
vt 0.030182 0.500000
vt 0.029484 0.500000
vt 0.023847 0.500000
vt 0.023164 0.500000
vt 0.028424 0.500000
vt 0.045620 0.500000
vt 0.062500 0.500000
vt 0.062500 0.500000
vt 0.045201 0.500000
vt 0.045325 0.500000
vt 0.061849 0.500000
vt 0.061663 0.500000
vt 0.045015 0.500000
vt 0.044597 0.500000
vt 0.061524 0.500000
vt 0.061384 0.500000
vt 0.044178 0.500000
vt 0.043760 0.500000
vt 0.061245 0.500000
vt 0.061105 0.500000
vt 0.043342 0.500000
vt 0.042931 0.500000
vt 0.061006 0.500000
vt 0.078125 0.500000
vt 0.093750 0.500000
vt 0.093750 0.500000
vt 0.078110 0.500000
vt 0.078049 0.500000
vt 0.093750 0.500000
vt 0.093750 0.500000
vt 0.078020 0.500000
vt 0.078003 0.500000
vt 0.093750 0.500000
vt 0.093750 0.500000
vt 0.077986 0.500000
vt 0.077968 0.500000
vt 0.093750 0.500000
vt 0.093750 0.500000
vt 0.077951 0.500000
vt 0.077938 0.500000
vt 0.093750 0.500000
vt 0.109375 0.500000
vt 0.125000 0.500000
vt 0.125000 0.500000
vt 0.109375 0.500000
vt 0.109375 0.500000
vt 0.125000 0.500000
vt 0.125000 0.500000
vt 0.109375 0.500000
vt 0.109375 0.500000
vt 0.125000 0.500000
vt 0.125000 0.500000
vt 0.109375 0.500000
vt 0.109375 0.500000
vt 0.125000 0.500000
vt 0.125000 0.500000
vt 0.109375 0.500000
vt 0.109375 0.500000
vt 0.125000 0.500000
vt 0.140625 0.500000
vt 0.156250 0.500000
vt 0.156250 0.500000
vt 0.140625 0.500000
vt 0.140625 0.500000
vt 0.156250 0.500000
vt 0.156250 0.500000
vt 0.140625 0.500000
vt 0.140625 0.500000
vt 0.156250 0.500000
vt 0.156250 0.500000
vt 0.140625 0.500000
vt 0.140625 0.500000
vt 0.156250 0.500000
vt 0.156250 0.500000
vt 0.140625 0.500000
vt 0.140625 0.500000
vt 0.156250 0.500000
vt 0.171875 0.500000
vt 0.187500 0.500000
vt 0.187500 0.500000
vt 0.171875 0.500000
vt 0.171875 0.500000
vt 0.187500 0.500000
vt 0.187500 0.500000
vt 0.171875 0.500000
vt 0.171875 0.500000
vt 0.187500 0.500000
vt 0.187500 0.500000
vt 0.171875 0.500000
vt 0.171875 0.500000
vt 0.187500 0.500000
vt 0.187500 0.500000
vt 0.171875 0.500000
vt 0.171875 0.500000
vt 0.187500 0.500000
vt 0.203125 0.500000
vt 0.218750 0.500000
vt 0.218750 0.500000
vt 0.203125 0.500000
vt 0.203125 0.500000
vt 0.218750 0.500000
vt 0.218750 0.500000
vt 0.203125 0.500000
vt 0.203125 0.500000
vt 0.218750 0.500000
vt 0.218750 0.500000
vt 0.203125 0.500000
vt 0.203125 0.500000
vt 0.218750 0.500000
vt 0.218750 0.500000
vt 0.203125 0.500000
vt 0.203125 0.500000
vt 0.218750 0.500000
vt 0.234375 0.500000
vt 0.250000 0.500000
vt 0.250000 0.500000
vt 0.234375 0.500000
vt 0.234375 0.500000
vt 0.250000 0.500000
vt 0.250000 0.500000
vt 0.234375 0.500000
vt 0.234375 0.500000
vt 0.250000 0.500000
vt 0.250000 0.500000
vt 0.234375 0.500000
vt 0.234375 0.500000
vt 0.250000 0.500000
vt 0.250000 0.500000
vt 0.234375 0.500000
vt 0.234375 0.500000
vt 0.250000 0.500000
vt 0.265625 0.500000
vt 0.281250 0.500000
vt 0.281250 0.500000
vt 0.265625 0.500000
vt 0.265625 0.500000
vt 0.281250 0.500000
vt 0.281250 0.500000
vt 0.265625 0.500000
vt 0.265625 0.500000
vt 0.281250 0.500000
vt 0.281250 0.500000
vt 0.265625 0.500000
vt 0.265625 0.500000
vt 0.281250 0.500000
vt 0.281250 0.500000
vt 0.265625 0.500000
vt 0.265625 0.500000
vt 0.281250 0.500000
vt 0.296875 0.500000
vt 0.312500 0.500000
vt 0.312500 0.500000
vt 0.296875 0.500000
vt 0.296875 0.500000
vt 0.312500 0.500000
vt 0.312500 0.500000
vt 0.296875 0.500000
vt 0.296875 0.500000
vt 0.312500 0.500000
vt 0.312500 0.500000
vt 0.296875 0.500000
vt 0.296875 0.500000
vt 0.312500 0.500000
vt 0.312500 0.500000
vt 0.296875 0.500000
vt 0.296875 0.500000
vt 0.312500 0.500000
vt 0.328125 0.500000
vt 0.343750 0.500000
vt 0.343750 0.500000
vt 0.328125 0.500000
vt 0.328125 0.500000
vt 0.343750 0.500000
vt 0.343750 0.500000
vt 0.328125 0.500000
vt 0.328125 0.500000
vt 0.343750 0.500000
vt 0.343750 0.500000
vt 0.328125 0.500000
vt 0.328125 0.500000
vt 0.343750 0.500000
vt 0.343750 0.500000
vt 0.328125 0.500000
vt 0.328125 0.500000
vt 0.343750 0.500000
vt 0.359375 0.500000
vt 0.375000 0.500000
vt 0.375000 0.500000
vt 0.359375 0.500000
vt 0.359375 0.500000
vt 0.375000 0.500000
vt 0.375000 0.500000
vt 0.359375 0.500000
vt 0.359375 0.500000
vt 0.375000 0.500000
vt 0.375000 0.500000
vt 0.359375 0.500000
vt 0.359375 0.500000
vt 0.375000 0.500000
vt 0.375000 0.500000
vt 0.359375 0.500000
vt 0.359375 0.500000
vt 0.375000 0.500000
vt 0.390625 0.500000
vt 0.406250 0.500000
vt 0.406250 0.500000
vt 0.390625 0.500000
vt 0.390625 0.500000
vt 0.406250 0.500000
vt 0.406250 0.500000
vt 0.390625 0.500000
vt 0.390625 0.500000
vt 0.406250 0.500000
vt 0.406250 0.500000
vt 0.390625 0.500000
vt 0.390625 0.500000
vt 0.406250 0.500000
vt 0.406250 0.500000
vt 0.390625 0.500000
vt 0.390625 0.500000
vt 0.406250 0.500000
vt 0.421927 0.500000
vt 0.437919 0.500000
vt 0.438058 0.500000
vt 0.421945 0.500000
vt 0.421962 0.500000
vt 0.438197 0.500000
vt 0.438337 0.500000
vt 0.421980 0.500000
vt 0.421997 0.500000
vt 0.438476 0.500000
vt 0.438616 0.500000
vt 0.422015 0.500000
vt 0.422032 0.500000
vt 0.438755 0.500000
vt 0.438895 0.500000
vt 0.422049 0.500000
vt 0.422062 0.500000
vt 0.438994 0.500000
vt 0.453729 0.500000
vt 0.465634 0.500000
vt 0.466331 0.500000
vt 0.454148 0.500000
vt 0.454566 0.500000
vt 0.467029 0.500000
vt 0.467726 0.500000
vt 0.454985 0.500000
vt 0.455403 0.500000
vt 0.468424 0.500000
vt 0.469121 0.500000
vt 0.455822 0.500000
vt 0.456240 0.500000
vt 0.469818 0.500000
vt 0.470516 0.500000
vt 0.456658 0.500000
vt 0.457069 0.500000
vt 0.471576 0.500000
vt 0.469854 0.500000
vt 0.465634 0.500000
vt 0.466331 0.500000
vt 0.470656 0.500000
vt 0.471458 0.500000
vt 0.467029 0.500000
vt 0.467726 0.500000
vt 0.472260 0.500000
vt 0.473062 0.500000
vt 0.468424 0.500000
vt 0.469121 0.500000
vt 0.473864 0.500000
vt 0.474666 0.500000
vt 0.469818 0.500000
vt 0.470516 0.500000
vt 0.475468 0.500000
vt 0.476699 0.500000
vt 0.471576 0.500000
vt 0.453729 0.500000
vt 0.454148 0.500000
vt 0.454566 0.500000
vt 0.454985 0.500000
vt 0.455403 0.500000
vt 0.455822 0.500000
vt 0.456240 0.500000
vt 0.456658 0.500000
vt 0.457069 0.500000
vt 0.187500 0.500000
vt 0.171875 0.500000
vt 0.171875 0.500000
vt 0.187500 0.500000
vt 0.156250 0.500000
vt 0.156250 0.500000
vt 0.156250 0.500000
vt 0.171875 0.500000
vt 0.187500 0.500000
vt 0.078125 0.500000
vt 0.078125 0.500000
vt 0.062500 0.500000
vt 0.093750 0.500000
vt 0.093750 0.500000
vt 0.093750 0.500000
vt 0.078125 0.500000
vt 0.062500 0.500000
vt 0.218750 0.500000
vt 0.203125 0.500000
vt 0.203125 0.500000
vt 0.218750 0.500000
vt 0.203125 0.500000
vt 0.218750 0.500000
vt 0.452474 0.500000
vt 0.452474 0.500000
vt 0.437500 0.500000
vt 0.463542 0.500000
vt 0.463542 0.500000
vt 0.452474 0.500000
vt 0.437500 0.500000
vt 0.234375 0.500000
vt 0.234375 0.500000
vt 0.250000 0.500000
vt 0.234375 0.500000
vt 0.250000 0.500000
vt 0.296875 0.500000
vt 0.296875 0.500000
vt 0.281250 0.500000
vt 0.312500 0.500000
vt 0.312500 0.500000
vt 0.312500 0.500000
vt 0.296875 0.500000
vt 0.281250 0.500000
vt 0.265625 0.500000
vt 0.281250 0.500000
vt 0.265625 0.500000
vt 0.281250 0.500000
vt 0.140625 0.500000
vt 0.125000 0.500000
vt 0.156250 0.500000
vt 0.156250 0.500000
vt 0.140625 0.500000
vt 0.125000 0.500000
vt 0.296875 0.500000
vt 0.312500 0.500000
vt 0.296875 0.500000
vt 0.312500 0.500000
vt 0.359375 0.500000
vt 0.343750 0.500000
vt 0.375000 0.500000
vt 0.375000 0.500000
vt 0.359375 0.500000
vt 0.343750 0.500000
vt 0.328125 0.500000
vt 0.343750 0.500000
vt 0.328125 0.500000
vt 0.343750 0.500000
vt 0.467448 0.500000
vt 0.463542 0.500000
vt 0.463542 0.500000
vt 0.467448 0.500000
vt 0.203125 0.500000
vt 0.187500 0.500000
vt 0.218750 0.500000
vt 0.218750 0.500000
vt 0.203125 0.500000
vt 0.187500 0.500000
vt 0.359375 0.500000
vt 0.375000 0.500000
vt 0.359375 0.500000
vt 0.375000 0.500000
vt 0.296875 0.500000
vt 0.312500 0.500000
vt 0.234375 0.500000
vt 0.218750 0.500000
vt 0.452583 0.500000
vt 0.203125 0.500000
vt 0.187500 0.500000
vt 0.078125 0.500000
vt 0.093750 0.500000
vt 0.171875 0.500000
vt 0.156250 0.500000
vt 0.234375 0.500000
vt 0.234375 0.500000
vt 0.140625 0.500000
vt 0.125000 0.500000
vt 0.125000 0.500000
vt 0.140625 0.500000
vt 0.390625 0.500000
vt 0.390625 0.500000
vt 0.109375 0.500000
vt 0.093750 0.500000
vt 0.093750 0.500000
vt 0.109375 0.500000
vt 0.171875 0.500000
vt 0.171875 0.500000
vt 0.078125 0.500000
vt 0.062500 0.500000
vt 0.062500 0.500000
vt 0.078125 0.500000
vt 0.328125 0.500000
vt 0.328125 0.500000
vt 0.047418 0.500000
vt 0.047526 0.500000
vt 0.109375 0.500000
vt 0.109375 0.500000
vt 0.452583 0.500000
vt 0.452474 0.500000
vt 0.406250 0.500000
vt 0.390625 0.500000
vt 0.390790 0.500000
vt 0.406506 0.500000
vt 0.375114 0.500000
vt 0.375915 0.500000
vt 0.391942 0.500000
vt 0.408296 0.500000
vt 0.406250 0.500000
vt 0.421875 0.500000
vt 0.421875 0.500000
vt 0.406250 0.500000
vt 0.437500 0.500000
vt 0.437500 0.500000
vt 0.421875 0.500000
vt 0.406250 0.500000
vt 0.036458 0.500000
vt 0.032552 0.500000
vt 0.032540 0.500000
vt 0.036361 0.500000
vt 0.036458 0.500000
vt 0.036458 0.500000
vt 0.036458 0.500000
vt 0.032455 0.500000
vt 0.035680 0.500000
vt 0.437500 0.500000
vt 0.421875 0.500000
vt 0.422258 0.500000
vt 0.437925 0.500000
vt 0.424943 0.500000
vt 0.440897 0.500000
vt 0.250000 0.500000
vt 0.265625 0.500000
vt 0.265625 0.500000
vt 0.250000 0.500000
vt 0.281250 0.500000
vt 0.281250 0.500000
vt 0.265625 0.500000
vt 0.250000 0.500000
vt 0.452474 0.500000
vt 0.452758 0.500000
vt 0.463639 0.500000
vt 0.454748 0.500000
vt 0.464320 0.500000
vt 0.109375 0.500000
vt 0.109375 0.500000
vt 0.093750 0.500000
vt 0.125000 0.500000
vt 0.125000 0.500000
vt 0.109375 0.500000
vt 0.093750 0.500000
vt 0.062500 0.500000
vt 0.047526 0.500000
vt 0.047242 0.500000
vt 0.062075 0.500000
vt 0.045252 0.500000
vt 0.059103 0.500000
vt 0.328125 0.500000
vt 0.328125 0.500000
vt 0.312500 0.500000
vt 0.343750 0.500000
vt 0.343750 0.500000
vt 0.328125 0.500000
vt 0.312500 0.500000
vt 0.093750 0.500000
vt 0.078125 0.500000
vt 0.077742 0.500000
vt 0.093494 0.500000
vt 0.075058 0.500000
vt 0.091704 0.500000
vt 0.171875 0.500000
vt 0.171875 0.500000
vt 0.156250 0.500000
vt 0.187500 0.500000
vt 0.187500 0.500000
vt 0.171875 0.500000
vt 0.156250 0.500000
vt 0.125000 0.500000
vt 0.109375 0.500000
vt 0.109210 0.500000
vt 0.124886 0.500000
vt 0.108059 0.500000
vt 0.124086 0.500000
vt 0.390625 0.500000
vt 0.390625 0.500000
vt 0.375000 0.500000
vt 0.390625 0.500000
vt 0.375000 0.500000
vt 0.140625 0.500000
vt 0.140542 0.500000
vt 0.156188 0.500000
vt 0.139963 0.500000
vt 0.155757 0.500000
vt 0.234375 0.500000
vt 0.250000 0.500000
vt 0.234375 0.500000
vt 0.140625 0.500000
vt 0.125000 0.500000
vt 0.390625 0.500000
vt 0.406250 0.500000
vt 0.109375 0.500000
vt 0.093750 0.500000
vt 0.171875 0.500000
vt 0.078125 0.500000
vt 0.062500 0.500000
vt 0.328125 0.500000
vt 0.047526 0.500000
vt 0.036458 0.500000
vt 0.109375 0.500000
vt 0.452474 0.500000
vt 0.437500 0.500000
vt 0.265625 0.500000
vt 0.421875 0.500000
vt 0.406250 0.500000
vt 0.032552 0.500000
vt 0.036458 0.500000
vt 0.421875 0.500000
vt 0.390625 0.500000
vt 0.047526 0.500000
vt 0.047526 0.500000
vt 0.187221 0.500000
vt 0.171504 0.500000
vt 0.170761 0.500000
vt 0.186663 0.500000
vt 0.154770 0.500000
vt 0.153783 0.500000
vt 0.170019 0.500000
vt 0.186105 0.500000
vt 0.062500 0.500000
vt 0.078125 0.500000
vt 0.078125 0.500000
vt 0.062500 0.500000
vt 0.093750 0.500000
vt 0.093750 0.500000
vt 0.078125 0.500000
vt 0.062500 0.500000
vt 0.218612 0.500000
vt 0.202920 0.500000
vt 0.202511 0.500000
vt 0.218336 0.500000
vt 0.202101 0.500000
vt 0.218060 0.500000
vt 0.453125 0.500000
vt 0.453125 0.500000
vt 0.437500 0.500000
vt 0.468750 0.500000
vt 0.468750 0.500000
vt 0.468750 0.500000
vt 0.453125 0.500000
vt 0.437500 0.500000
vt 0.250000 0.500000
vt 0.234305 0.500000
vt 0.234166 0.500000
vt 0.250000 0.500000
vt 0.234026 0.500000
vt 0.250000 0.500000
vt 0.296875 0.500000
vt 0.296875 0.500000
vt 0.281250 0.500000
vt 0.312500 0.500000
vt 0.312500 0.500000
vt 0.296875 0.500000
vt 0.281250 0.500000
vt 0.281388 0.500000
vt 0.265695 0.500000
vt 0.265834 0.500000
vt 0.281664 0.500000
vt 0.265974 0.500000
vt 0.281940 0.500000
vt 0.140625 0.500000
vt 0.140625 0.500000
vt 0.125000 0.500000
vt 0.156250 0.500000
vt 0.156250 0.500000
vt 0.140625 0.500000
vt 0.125000 0.500000
vt 0.312779 0.500000
vt 0.297080 0.500000
vt 0.297489 0.500000
vt 0.313336 0.500000
vt 0.297898 0.500000
vt 0.313894 0.500000
vt 0.359375 0.500000
vt 0.359375 0.500000
vt 0.343750 0.500000
vt 0.375000 0.500000
vt 0.375000 0.500000
vt 0.359375 0.500000
vt 0.343750 0.500000
vt 0.344244 0.500000
vt 0.328496 0.500000
vt 0.329238 0.500000
vt 0.345231 0.500000
vt 0.329981 0.500000
vt 0.346218 0.500000
vt 0.468088 0.500000
vt 0.468391 0.500000
vt 0.465878 0.500000
vt 0.467436 0.500000
vt 0.468477 0.500000
vt 0.203125 0.500000
vt 0.203125 0.500000
vt 0.187500 0.500000
vt 0.218750 0.500000
vt 0.218750 0.500000
vt 0.218750 0.500000
vt 0.203125 0.500000
vt 0.187500 0.500000
vt 0.360038 0.500000
vt 0.361364 0.500000
vt 0.377745 0.500000
vt 0.362690 0.500000
vt 0.379575 0.500000
vt 0.047526 0.500000
vt 0.062500 0.500000
vt 0.047526 0.500000
vt 0.359458 0.500000
vt 0.343812 0.500000
vt 0.203125 0.500000
vt 0.218750 0.500000
vt 0.467569 0.500000
vt 0.463976 0.500000
vt 0.328171 0.500000
vt 0.312535 0.500000
vt 0.359375 0.500000
vt 0.296901 0.500000
vt 0.281267 0.500000
vt 0.140625 0.500000
vt 0.265634 0.500000
vt 0.250000 0.500000
vt 0.296875 0.500000
vt 0.234366 0.500000
vt 0.218733 0.500000
vt 0.452582 0.500000
vt 0.203099 0.500000
vt 0.187465 0.500000
vt 0.078125 0.500000
vt 0.171829 0.500000
vt 0.234375 0.500000
vt 0.234375 0.500000
vt 0.416481 0.500000
vt 0.397212 0.500000
vt 0.398197 0.500000
vt 0.418069 0.500000
vt 0.380261 0.500000
vt 0.379575 0.500000
vt 0.397176 0.500000
vt 0.416408 0.500000
vt 0.406250 0.500000
vt 0.421875 0.500000
vt 0.421875 0.500000
vt 0.406276 0.500000
vt 0.437549 0.500000
vt 0.437500 0.500000
vt 0.421875 0.500000
vt 0.406250 0.500000
vt 0.032564 0.500000
vt 0.032065 0.500000
vt 0.032313 0.500000
vt 0.032112 0.500000
vt 0.036458 0.500000
vt 0.036721 0.500000
vt 0.037894 0.500000
vt 0.034614 0.500000
vt 0.033221 0.500000
vt 0.454486 0.500000
vt 0.437213 0.500000
vt 0.440012 0.500000
vt 0.458048 0.500000
vt 0.440972 0.500000
vt 0.465536 0.500000
vt 0.250000 0.500000
vt 0.265625 0.500000
vt 0.265634 0.500000
vt 0.250000 0.500000
vt 0.281267 0.500000
vt 0.281388 0.500000
vt 0.265695 0.500000
vt 0.250000 0.500000
vt 0.463845 0.500000
vt 0.465770 0.500000
vt 0.467887 0.500000
vt 0.464800 0.500000
vt 0.466778 0.500000
vt 0.109375 0.500000
vt 0.109375 0.500000
vt 0.093684 0.500000
vt 0.124987 0.500000
vt 0.125000 0.500000
vt 0.109375 0.500000
vt 0.093750 0.500000
vt 0.045513 0.500000
vt 0.036154 0.500000
vt 0.034466 0.500000
vt 0.042965 0.500000
vt 0.036227 0.500000
vt 0.045513 0.500000
vt 0.328125 0.500000
vt 0.328171 0.500000
vt 0.312535 0.500000
vt 0.343812 0.500000
vt 0.344244 0.500000
vt 0.328496 0.500000
vt 0.312779 0.500000
vt 0.083522 0.500000
vt 0.062788 0.500000
vt 0.060491 0.500000
vt 0.081975 0.500000
vt 0.062824 0.500000
vt 0.083597 0.500000
vt 0.171875 0.500000
vt 0.171829 0.500000
vt 0.156188 0.500000
vt 0.187465 0.500000
vt 0.187221 0.500000
vt 0.171504 0.500000
vt 0.155757 0.500000
vt 0.120430 0.500000
vt 0.102793 0.500000
vt 0.101696 0.500000
vt 0.119684 0.500000
vt 0.101803 0.500000
vt 0.120010 0.500000
vt 0.390625 0.500000
vt 0.390749 0.500000
vt 0.375114 0.500000
vt 0.391757 0.500000
vt 0.375915 0.500000
vt 0.137313 0.500000
vt 0.136808 0.500000
vt 0.153413 0.500000
vt 0.137285 0.500000
vt 0.153783 0.500000
vt 0.234375 0.500000
vt 0.250000 0.500000
vt 0.234375 0.500000
vt 0.138638 0.500000
vt 0.122258 0.500000
vt 0.390625 0.500000
vt 0.406250 0.500000
vt 0.105426 0.500000
vt 0.087613 0.500000
vt 0.171875 0.500000
vt 0.068923 0.500000
vt 0.052308 0.500000
vt 0.328125 0.500000
vt 0.040703 0.500000
vt 0.034122 0.500000
vt 0.109375 0.500000
vt 0.459297 0.500000
vt 0.447692 0.500000
vt 0.265625 0.500000
vt 0.431078 0.500000
vt 0.412389 0.500000
vt 0.032260 0.500000
vt 0.036458 0.500000
vt 0.421875 0.500000
vt 0.394577 0.500000
vt 0.047526 0.500000
vt 0.047526 0.500000
vt 0.451518 0.500000
vt 0.431423 0.500000
vt 0.411329 0.500000
vt 0.281664 0.500000
vt 0.265834 0.500000
vt 0.281940 0.500000
vt 0.265974 0.500000
vt 0.250000 0.500000
vt 0.250000 0.500000
vt 0.122505 0.500000
vt 0.105589 0.500000
vt 0.088674 0.500000
vt 0.345231 0.500000
vt 0.329238 0.500000
vt 0.346218 0.500000
vt 0.329981 0.500000
vt 0.313894 0.500000
vt 0.313336 0.500000
vt 0.186663 0.500000
vt 0.170761 0.500000
vt 0.186105 0.500000
vt 0.170019 0.500000
vt 0.154770 0.500000
vt 0.394445 0.500000
vt 0.377745 0.500000
vt 0.234166 0.500000
vt 0.234305 0.500000
vt 0.234026 0.500000
vt 0.218060 0.500000
vt 0.218336 0.500000
vt 0.218612 0.500000
vt 0.069056 0.500000
vt 0.075243 0.500000
vt 0.052308 0.500000
vt 0.059103 0.500000
vt 0.462106 0.500000
vt 0.465386 0.500000
vt 0.459682 0.500000
vt 0.454219 0.500000
vt 0.297489 0.500000
vt 0.297080 0.500000
vt 0.297898 0.500000
vt 0.138669 0.500000
vt 0.140042 0.500000
vt 0.361364 0.500000
vt 0.360038 0.500000
vt 0.362690 0.500000
vt 0.202511 0.500000
vt 0.202920 0.500000
vt 0.202101 0.500000
vt 0.040796 0.500000
vt 0.045551 0.500000
vt 0.047317 0.500000
vt 0.062075 0.500000
vt 0.363187 0.500000
vt 0.346588 0.500000
vt 0.203099 0.500000
vt 0.218733 0.500000
vt 0.467796 0.500000
vt 0.463714 0.500000
vt 0.330259 0.500000
vt 0.314103 0.500000
vt 0.359458 0.500000
vt 0.298052 0.500000
vt 0.282043 0.500000
vt 0.140561 0.500000
vt 0.266026 0.500000
vt 0.250000 0.500000
vt 0.296901 0.500000
vt 0.233974 0.500000
vt 0.217957 0.500000
vt 0.452715 0.500000
vt 0.201947 0.500000
vt 0.185896 0.500000
vt 0.077782 0.500000
vt 0.169740 0.500000
vt 0.234366 0.500000
vt 0.119792 0.500000
vt 0.097849 0.500000
vt 0.114149 0.500000
vt 0.146050 0.500000
vt 0.093750 0.500000
vt 0.109375 0.500000
vt 0.125000 0.500000
vt 0.128279 0.500000
vt 0.145833 0.500000
vt 0.484375 0.500000
vt 0.484375 0.750000
vt 0.468750 0.500000
vt 0.468750 0.750000
vt 0.468750 1.000000
vt 0.484375 1.000000
vt 0.453125 0.500000
vt 0.453125 0.750000
vt 0.437500 0.500000
vt 0.437500 0.750000
vt 0.437500 1.000000
vt 0.453125 1.000000
vt 0.421875 0.500000
vt 0.421875 0.750000
vt 0.406250 0.500000
vt 0.406250 0.750000
vt 0.406250 1.000000
vt 0.421875 1.000000
vt 0.390625 0.500000
vt 0.390625 0.750000
vt 0.375000 0.500000
vt 0.375000 0.750000
vt 0.375000 1.000000
vt 0.390625 1.000000
vt 0.359375 0.500000
vt 0.359375 0.750000
vt 0.343750 0.500000
vt 0.343750 0.750000
vt 0.343750 1.000000
vt 0.359375 1.000000
vt 0.328125 0.500000
vt 0.328125 0.750000
vt 0.312500 0.500000
vt 0.312500 0.750000
vt 0.312500 1.000000
vt 0.328125 1.000000
vt 0.296875 0.500000
vt 0.296875 0.750000
vt 0.281250 0.500000
vt 0.281250 0.750000
vt 0.281250 1.000000
vt 0.296875 1.000000
vt 0.265625 0.500000
vt 0.265625 0.750000
vt 0.250000 0.500000
vt 0.250000 0.750000
vt 0.250000 1.000000
vt 0.265625 1.000000
vt 0.234375 0.500000
vt 0.234375 0.750000
vt 0.218750 0.500000
vt 0.218750 0.750000
vt 0.218750 1.000000
vt 0.234375 1.000000
vt 0.203125 0.500000
vt 0.203125 0.750000
vt 0.187500 0.500000
vt 0.187500 0.750000
vt 0.187500 1.000000
vt 0.203125 1.000000
vt 0.171875 0.500000
vt 0.171875 0.750000
vt 0.156250 0.500000
vt 0.156250 0.750000
vt 0.156250 1.000000
vt 0.171875 1.000000
vt 0.140625 0.500000
vt 0.140625 0.750000
vt 0.125000 0.500000
vt 0.125000 0.750000
vt 0.125000 1.000000
vt 0.140625 1.000000
vt 0.109375 0.500000
vt 0.109375 0.750000
vt 0.093750 0.500000
vt 0.093750 0.750000
vt 0.093750 1.000000
vt 0.109375 1.000000
vt 0.078125 0.500000
vt 0.078125 0.750000
vt 0.062500 0.500000
vt 0.062500 0.750000
vt 0.062500 1.000000
vt 0.078125 1.000000
vt 0.046875 0.500000
vt 0.046875 0.750000
vt 0.031250 0.500000
vt 0.031250 0.750000
vt 0.031250 1.000000
vt 0.046875 1.000000
vt 0.015625 0.500000
vt 0.015625 0.750000
vt 0.015625 1.000000
vt 0.086075 0.500000
vt 0.250000 0.500000
vt 0.066035 0.500000
vt 0.098936 0.500000
vt 0.093332 0.500000
vt 0.122885 0.500000
vt 0.169150 0.500000
vt 0.171875 0.500000
vt 0.192250 0.500000
vt 0.197917 0.500000
vt 0.215350 0.500000
vt 0.223958 0.500000
vt 0.238450 0.500000
vt 0.250000 0.500000
vt 0.261550 0.500000
vt 0.276042 0.500000
vt 0.284650 0.500000
vt 0.302083 0.500000
vt 0.307750 0.500000
vt 0.328125 0.500000
vt 0.330850 0.500000
vt 0.354167 0.500000
vt 0.353950 0.500000
vt 0.380208 0.500000
vt 0.377115 0.500000
vt 0.406669 0.500000
vt 0.401064 0.500000
vt 0.433965 0.500000
vt 0.413925 0.500000
vt 0.156250 0.500000
vt 0.156250 0.500000
vt 0.140625 0.500000
vt 0.140625 0.500000
vt 0.156250 0.500000
vt 0.140625 0.500000
vt 0.125000 0.500000
vt 0.125000 0.500000
vt 0.125000 0.500000
vt 0.144338 0.500000
vt 0.140625 0.500000
vt 0.156250 0.500000
vt 0.158709 0.500000
vt 0.375000 0.500000
vt 0.375000 0.500000
vt 0.359375 0.500000
vt 0.359375 0.500000
vt 0.375000 0.500000
vt 0.359375 0.500000
vt 0.343750 0.500000
vt 0.343750 0.500000
vt 0.343750 0.500000
vt 0.437779 0.500000
vt 0.438331 0.500000
vt 0.421979 0.500000
vt 0.421910 0.500000
vt 0.438848 0.500000
vt 0.422044 0.500000
vt 0.406250 0.500000
vt 0.406250 0.500000
vt 0.406250 0.500000
vt 0.174527 0.500000
vt 0.171875 0.500000
vt 0.187500 0.500000
vt 0.189140 0.500000
vt 0.218750 0.500000
vt 0.218750 0.500000
vt 0.203125 0.500000
vt 0.203125 0.500000
vt 0.218750 0.500000
vt 0.203125 0.500000
vt 0.187500 0.500000
vt 0.187500 0.500000
vt 0.187500 0.500000
vt 0.281250 0.500000
vt 0.281250 0.500000
vt 0.265625 0.500000
vt 0.265625 0.500000
vt 0.281250 0.500000
vt 0.265625 0.500000
vt 0.250000 0.500000
vt 0.250000 0.500000
vt 0.250000 0.500000
vt 0.204716 0.500000
vt 0.203125 0.500000
vt 0.218750 0.500000
vt 0.219570 0.500000
vt 0.062221 0.500000
vt 0.061669 0.500000
vt 0.044450 0.500000
vt 0.046073 0.500000
vt 0.061152 0.500000
vt 0.042933 0.500000
vt 0.024588 0.500000
vt 0.027780 0.500000
vt 0.030134 0.500000
vt 0.109375 0.500000
vt 0.109375 0.500000
vt 0.109375 0.500000
vt 0.093750 0.500000
vt 0.093750 0.500000
vt 0.093750 0.500000
vt 0.234905 0.500000
vt 0.234375 0.500000
vt 0.250000 0.500000
vt 0.250000 0.500000
vt 0.485615 0.500000
vt 0.483910 0.500000
vt 0.487520 0.500000
vt 0.475412 0.500000
vt 0.472220 0.500000
vt 0.469866 0.500000
vt 0.265095 0.500000
vt 0.265625 0.500000
vt 0.281250 0.500000
vt 0.280430 0.500000
vt 0.328125 0.500000
vt 0.328125 0.500000
vt 0.328125 0.500000
vt 0.312500 0.500000
vt 0.312500 0.500000
vt 0.312500 0.500000
vt 0.295284 0.500000
vt 0.296875 0.500000
vt 0.312500 0.500000
vt 0.310860 0.500000
vt 0.062465 0.500000
vt 0.046775 0.500000
vt 0.031111 0.500000
vt 0.218750 0.500000
vt 0.203125 0.500000
vt 0.187500 0.500000
vt 0.375000 0.500000
vt 0.359375 0.500000
vt 0.343750 0.500000
vt 0.156250 0.500000
vt 0.140625 0.500000
vt 0.125000 0.500000
vt 0.312500 0.500000
vt 0.296875 0.500000
vt 0.296875 0.500000
vt 0.281250 0.500000
vt 0.468890 0.500000
vt 0.453225 0.500000
vt 0.453927 0.500000
vt 0.437535 0.500000
vt 0.093750 0.500000
vt 0.078121 0.500000
vt 0.078090 0.500000
vt 0.250000 0.500000
vt 0.234375 0.500000
vt 0.234375 0.500000
vt 0.406250 0.500000
vt 0.390625 0.500000
vt 0.390625 0.500000
vt 0.016605 0.500000
vt 0.016090 0.500000
vt 0.171875 0.500000
vt 0.171875 0.500000
vt 0.328125 0.500000
vt 0.483395 0.500000
vt 0.109375 0.500000
vt 0.265625 0.500000
vt 0.421879 0.500000
vt 0.488498 0.500000
vt 0.487520 0.500000
vt 0.475412 0.500000
vt 0.480673 0.500000
vt 0.018928 0.500000
vt 0.011438 0.500000
vt 0.012480 0.500000
vt 0.021207 0.500000
vt 0.012222 0.500000
vt 0.296875 0.500000
vt 0.296875 0.500000
vt 0.066673 0.500000
vt 0.083883 0.500000
vt 0.062500 0.500000
vt 0.078108 0.500000
vt 0.466562 0.500000
vt 0.476768 0.500000
vt 0.455550 0.500000
vt 0.457067 0.500000
vt 0.033159 0.500000
vt 0.051206 0.500000
vt 0.041854 0.500000
vt 0.433426 0.500000
vt 0.448678 0.500000
vt 0.438848 0.500000
vt 0.457067 0.500000
vt 0.078021 0.500000
vt 0.077956 0.500000
vt 0.023168 0.500000
vt 0.402151 0.500000
vt 0.416147 0.500000
vt 0.406250 0.500000
vt 0.422044 0.500000
vt 0.234375 0.500000
vt 0.234375 0.500000
vt 0.371721 0.500000
vt 0.385851 0.500000
vt 0.375000 0.500000
vt 0.390625 0.500000
vt 0.390625 0.500000
vt 0.390625 0.500000
vt 0.341291 0.500000
vt 0.355662 0.500000
vt 0.343750 0.500000
vt 0.359375 0.500000
vt 0.014385 0.500000
vt 0.325473 0.500000
vt 0.328125 0.500000
vt 0.171875 0.500000
vt 0.171875 0.500000
vt 0.281250 0.500000
vt 0.281250 0.500000
vt 0.265625 0.500000
vt 0.265625 0.500000
vt 0.281250 0.500000
vt 0.265625 0.500000
vt 0.250000 0.500000
vt 0.250000 0.500000
vt 0.250000 0.500000
vt 0.125000 0.500000
vt 0.125000 0.500000
vt 0.140625 0.500000
vt 0.140625 0.500000
vt 0.125000 0.500000
vt 0.140625 0.500000
vt 0.156250 0.500000
vt 0.156250 0.500000
vt 0.156250 0.500000
vt 0.312500 0.500000
vt 0.312500 0.500000
vt 0.296875 0.500000
vt 0.296875 0.500000
vt 0.312500 0.500000
vt 0.296875 0.500000
vt 0.343750 0.500000
vt 0.343750 0.500000
vt 0.359375 0.500000
vt 0.359375 0.500000
vt 0.343750 0.500000
vt 0.359375 0.500000
vt 0.375000 0.500000
vt 0.375000 0.500000
vt 0.375000 0.500000
vt 0.343750 0.500000
vt 0.343750 0.500000
vt 0.328125 0.500000
vt 0.328125 0.500000
vt 0.343750 0.500000
vt 0.328125 0.500000
vt 0.468750 0.500000
vt 0.463976 0.500000
vt 0.467665 0.500000
vt 0.468750 0.500000
vt 0.463542 0.500000
vt 0.467448 0.500000
vt 0.463542 0.500000
vt 0.463976 0.500000
vt 0.468750 0.500000
vt 0.187500 0.500000
vt 0.187500 0.500000
vt 0.203125 0.500000
vt 0.203125 0.500000
vt 0.187500 0.500000
vt 0.203125 0.500000
vt 0.218750 0.500000
vt 0.218750 0.500000
vt 0.218750 0.500000
vt 0.375000 0.500000
vt 0.375000 0.500000
vt 0.359375 0.500000
vt 0.359375 0.500000
vt 0.375000 0.500000
vt 0.359375 0.500000
vt 0.031250 0.500000
vt 0.036024 0.500000
vt 0.047418 0.500000
vt 0.046875 0.500000
vt 0.036458 0.500000
vt 0.047526 0.500000
vt 0.062500 0.500000
vt 0.062500 0.500000
vt 0.062500 0.500000
vt 0.406250 0.500000
vt 0.406250 0.500000
vt 0.390625 0.500000
vt 0.390625 0.500000
vt 0.406250 0.500000
vt 0.390625 0.500000
vt 0.406250 0.500000
vt 0.406250 0.500000
vt 0.421875 0.500000
vt 0.421875 0.500000
vt 0.406250 0.500000
vt 0.421875 0.500000
vt 0.437500 0.500000
vt 0.437500 0.500000
vt 0.437500 0.500000
vt 0.031250 0.500000
vt 0.036024 0.500000
vt 0.032335 0.500000
vt 0.031250 0.500000
vt 0.036458 0.500000
vt 0.032552 0.500000
vt 0.437500 0.500000
vt 0.437500 0.500000
vt 0.421875 0.500000
vt 0.421875 0.500000
vt 0.437500 0.500000
vt 0.421875 0.500000
vt 0.250000 0.500000
vt 0.250000 0.500000
vt 0.265625 0.500000
vt 0.265625 0.500000
vt 0.250000 0.500000
vt 0.265625 0.500000
vt 0.281250 0.500000
vt 0.281250 0.500000
vt 0.281250 0.500000
vt 0.437640 0.500000
vt 0.421892 0.500000
vt 0.437779 0.500000
vt 0.421910 0.500000
vt 0.406250 0.500000
vt 0.406250 0.500000
vt 0.390625 0.500000
vt 0.390625 0.500000
vt 0.375000 0.500000
vt 0.375000 0.500000
vt 0.359375 0.500000
vt 0.359375 0.500000
vt 0.343750 0.500000
vt 0.343750 0.500000
vt 0.328125 0.500000
vt 0.328125 0.500000
vt 0.312500 0.500000
vt 0.312500 0.500000
vt 0.296875 0.500000
vt 0.296875 0.500000
vt 0.281250 0.500000
vt 0.281250 0.500000
vt 0.265625 0.500000
vt 0.265625 0.500000
vt 0.250000 0.500000
vt 0.250000 0.500000
vt 0.234375 0.500000
vt 0.234375 0.500000
vt 0.234375 0.500000
vt 0.218750 0.500000
vt 0.218750 0.500000
vt 0.218750 0.500000
vt 0.203125 0.500000
vt 0.203125 0.500000
vt 0.203125 0.500000
vt 0.187500 0.500000
vt 0.187500 0.500000
vt 0.187500 0.500000
vt 0.171875 0.500000
vt 0.171875 0.500000
vt 0.171875 0.500000
vt 0.156250 0.500000
vt 0.156250 0.500000
vt 0.156250 0.500000
vt 0.140625 0.500000
vt 0.140625 0.500000
vt 0.140625 0.500000
vt 0.125000 0.500000
vt 0.125000 0.500000
vt 0.125000 0.500000
vt 0.109375 0.500000
vt 0.109375 0.500000
vt 0.109375 0.500000
vt 0.093750 0.500000
vt 0.093750 0.500000
vt 0.093750 0.500000
vt 0.078113 0.500000
vt 0.078125 0.500000
vt 0.078122 0.500000
vt 0.062500 0.500000
vt 0.062384 0.500000
vt 0.062500 0.500000
vt 0.046891 0.500000
vt 0.046875 0.500000
vt 0.046038 0.500000
vt 0.029576 0.500000
vt 0.034870 0.500000
vt 0.031419 0.500000
vt 0.030374 0.500000
vt 0.035064 0.500000
vt 0.035327 0.500000
vt 0.046999 0.500000
vt 0.046689 0.500000
vt 0.062221 0.500000
vt 0.062361 0.500000
vt 0.078108 0.500000
vt 0.078125 0.500000
vt 0.078090 0.500000
vt 0.093750 0.500000
vt 0.093750 0.500000
vt 0.093750 0.500000
vt 0.109375 0.500000
vt 0.109375 0.500000
vt 0.109375 0.500000
vt 0.125000 0.500000
vt 0.125000 0.500000
vt 0.140625 0.500000
vt 0.140625 0.500000
vt 0.156250 0.500000
vt 0.156250 0.500000
vt 0.171875 0.500000
vt 0.171875 0.500000
vt 0.171875 0.500000
vt 0.187500 0.500000
vt 0.187500 0.500000
vt 0.203125 0.500000
vt 0.203125 0.500000
vt 0.218750 0.500000
vt 0.218750 0.500000
vt 0.234375 0.500000
vt 0.234375 0.500000
vt 0.234375 0.500000
vt 0.250000 0.500000
vt 0.250000 0.500000
vt 0.265625 0.500000
vt 0.265625 0.500000
vt 0.281250 0.500000
vt 0.281250 0.500000
vt 0.296875 0.500000
vt 0.296875 0.500000
vt 0.296875 0.500000
vt 0.312500 0.500000
vt 0.312500 0.500000
vt 0.312500 0.500000
vt 0.328125 0.500000
vt 0.328125 0.500000
vt 0.328125 0.500000
vt 0.343750 0.500000
vt 0.343750 0.500000
vt 0.359375 0.500000
vt 0.359375 0.500000
vt 0.375000 0.500000
vt 0.375000 0.500000
vt 0.390625 0.500000
vt 0.390625 0.500000
vt 0.390625 0.500000
vt 0.406250 0.500000
vt 0.406250 0.500000
vt 0.421892 0.500000
vt 0.421910 0.500000
vt 0.437779 0.500000
vt 0.437640 0.500000
vt 0.453001 0.500000
vt 0.453125 0.500000
vt 0.453311 0.500000
vt 0.464937 0.500000
vt 0.464673 0.500000
vt 0.468467 0.500000
vt 0.469052 0.500000
vt 0.464937 0.500000
vt 0.464673 0.500000
vt 0.453001 0.500000
vt 0.453125 0.500000
vt 0.453311 0.500000
vt 0.437919 0.500000
vt 0.421927 0.500000
vt 0.438058 0.500000
vt 0.421945 0.500000
vt 0.406250 0.500000
vt 0.406250 0.500000
vt 0.438197 0.500000
vt 0.421962 0.500000
vt 0.438337 0.500000
vt 0.421980 0.500000
vt 0.406250 0.500000
vt 0.406250 0.500000
vt 0.438476 0.500000
vt 0.421997 0.500000
vt 0.438616 0.500000
vt 0.422015 0.500000
vt 0.406250 0.500000
vt 0.406250 0.500000
vt 0.438755 0.500000
vt 0.422032 0.500000
vt 0.438895 0.500000
vt 0.422049 0.500000
vt 0.406250 0.500000
vt 0.406250 0.500000
vt 0.438994 0.500000
vt 0.422062 0.500000
vt 0.406250 0.500000
vt 0.390625 0.500000
vt 0.390625 0.500000
vt 0.375000 0.500000
vt 0.375000 0.500000
vt 0.390625 0.500000
vt 0.390625 0.500000
vt 0.375000 0.500000
vt 0.375000 0.500000
vt 0.390625 0.500000
vt 0.390625 0.500000
vt 0.375000 0.500000
vt 0.375000 0.500000
vt 0.390625 0.500000
vt 0.390625 0.500000
vt 0.375000 0.500000
vt 0.375000 0.500000
vt 0.390625 0.500000
vt 0.375000 0.500000
vt 0.359375 0.500000
vt 0.359375 0.500000
vt 0.343750 0.500000
vt 0.343750 0.500000
vt 0.359375 0.500000
vt 0.359375 0.500000
vt 0.343750 0.500000
vt 0.343750 0.500000
vt 0.359375 0.500000
vt 0.359375 0.500000
vt 0.343750 0.500000
vt 0.343750 0.500000
vt 0.359375 0.500000
vt 0.359375 0.500000
vt 0.343750 0.500000
vt 0.343750 0.500000
vt 0.359375 0.500000
vt 0.343750 0.500000
vt 0.328125 0.500000
vt 0.328125 0.500000
vt 0.312500 0.500000
vt 0.312500 0.500000
vt 0.328125 0.500000
vt 0.328125 0.500000
vt 0.312500 0.500000
vt 0.312500 0.500000
vt 0.328125 0.500000
vt 0.328125 0.500000
vt 0.312500 0.500000
vt 0.312500 0.500000
vt 0.328125 0.500000
vt 0.328125 0.500000
vt 0.312500 0.500000
vt 0.312500 0.500000
vt 0.328125 0.500000
vt 0.312500 0.500000
vt 0.296875 0.500000
vt 0.296875 0.500000
vt 0.281250 0.500000
vt 0.281250 0.500000
vt 0.296875 0.500000
vt 0.296875 0.500000
vt 0.281250 0.500000
vt 0.281250 0.500000
vt 0.296875 0.500000
vt 0.296875 0.500000
vt 0.281250 0.500000
vt 0.281250 0.500000
vt 0.296875 0.500000
vt 0.296875 0.500000
vt 0.281250 0.500000
vt 0.281250 0.500000
vt 0.296875 0.500000
vt 0.281250 0.500000
vt 0.265625 0.500000
vt 0.265625 0.500000
vt 0.250000 0.500000
vt 0.250000 0.500000
vt 0.265625 0.500000
vt 0.265625 0.500000
vt 0.250000 0.500000
vt 0.250000 0.500000
vt 0.265625 0.500000
vt 0.265625 0.500000
vt 0.250000 0.500000
vt 0.250000 0.500000
vt 0.265625 0.500000
vt 0.265625 0.500000
vt 0.250000 0.500000
vt 0.250000 0.500000
vt 0.265625 0.500000
vt 0.250000 0.500000
vt 0.234375 0.500000
vt 0.234375 0.500000
vt 0.218750 0.500000
vt 0.218750 0.500000
vt 0.234375 0.500000
vt 0.234375 0.500000
vt 0.218750 0.500000
vt 0.218750 0.500000
vt 0.234375 0.500000
vt 0.234375 0.500000
vt 0.218750 0.500000
vt 0.218750 0.500000
vt 0.234375 0.500000
vt 0.234375 0.500000
vt 0.218750 0.500000
vt 0.218750 0.500000
vt 0.234375 0.500000
vt 0.218750 0.500000
vt 0.203125 0.500000
vt 0.203125 0.500000
vt 0.187500 0.500000
vt 0.187500 0.500000
vt 0.203125 0.500000
vt 0.203125 0.500000
vt 0.187500 0.500000
vt 0.187500 0.500000
vt 0.203125 0.500000
vt 0.203125 0.500000
vt 0.187500 0.500000
vt 0.187500 0.500000
vt 0.203125 0.500000
vt 0.203125 0.500000
vt 0.187500 0.500000
vt 0.187500 0.500000
vt 0.203125 0.500000
vt 0.187500 0.500000
vt 0.171875 0.500000
vt 0.171875 0.500000
vt 0.156250 0.500000
vt 0.156250 0.500000
vt 0.171875 0.500000
vt 0.171875 0.500000
vt 0.156250 0.500000
vt 0.156250 0.500000
vt 0.171875 0.500000
vt 0.171875 0.500000
vt 0.156250 0.500000
vt 0.156250 0.500000
vt 0.171875 0.500000
vt 0.171875 0.500000
vt 0.156250 0.500000
vt 0.156250 0.500000
vt 0.171875 0.500000
vt 0.156250 0.500000
vt 0.140625 0.500000
vt 0.140625 0.500000
vt 0.125000 0.500000
vt 0.125000 0.500000
vt 0.140625 0.500000
vt 0.140625 0.500000
vt 0.125000 0.500000
vt 0.125000 0.500000
vt 0.140625 0.500000
vt 0.140625 0.500000
vt 0.125000 0.500000
vt 0.125000 0.500000
vt 0.140625 0.500000
vt 0.140625 0.500000
vt 0.125000 0.500000
vt 0.125000 0.500000
vt 0.140625 0.500000
vt 0.125000 0.500000
vt 0.109375 0.500000
vt 0.109375 0.500000
vt 0.093750 0.500000
vt 0.093750 0.500000
vt 0.109375 0.500000
vt 0.109375 0.500000
vt 0.093750 0.500000
vt 0.093750 0.500000
vt 0.109375 0.500000
vt 0.109375 0.500000
vt 0.093750 0.500000
vt 0.093750 0.500000
vt 0.109375 0.500000
vt 0.109375 0.500000
vt 0.093750 0.500000
vt 0.093750 0.500000
vt 0.109375 0.500000
vt 0.093750 0.500000
vt 0.078125 0.500000
vt 0.078110 0.500000
vt 0.062500 0.500000
vt 0.062500 0.500000
vt 0.078049 0.500000
vt 0.078020 0.500000
vt 0.061663 0.500000
vt 0.061849 0.500000
vt 0.078003 0.500000
vt 0.077986 0.500000
vt 0.061384 0.500000
vt 0.061524 0.500000
vt 0.077997 0.500000
vt 0.078099 0.500000
vt 0.062500 0.500000
vt 0.061361 0.500000
vt 0.078125 0.500000
vt 0.062500 0.500000
vt 0.045620 0.500000
vt 0.045201 0.500000
vt 0.027902 0.500000
vt 0.028739 0.500000
vt 0.045325 0.500000
vt 0.045015 0.500000
vt 0.032274 0.500000
vt 0.032491 0.500000
vt 0.044597 0.500000
vt 0.044178 0.500000
vt 0.030879 0.500000
vt 0.031576 0.500000
vt 0.043652 0.500000
vt 0.042691 0.500000
vt 0.022881 0.500000
vt 0.029631 0.500000
vt 0.042272 0.500000
vt 0.022044 0.500000
vt 0.029323 0.500000
vt 0.028143 0.500000
vt 0.027902 0.500000
vt 0.033886 0.500000
vt 0.027684 0.500000
vt 0.027113 0.500000
vt 0.026229 0.500000
vt 0.027066 0.500000
vt 0.026680 0.500000
vt 0.025474 0.500000
vt 0.024555 0.500000
vt 0.030546 0.500000
vt 0.024388 0.500000
vt 0.023156 0.500000
vt 0.022881 0.500000
vt 0.023718 0.500000
vt 0.022399 0.500000
vt 0.027874 0.500000
vt 0.046162 0.500000
vt 0.045201 0.500000
vt 0.062500 0.500000
vt 0.062128 0.500000
vt 0.044783 0.500000
vt 0.044364 0.500000
vt 0.062500 0.500000
vt 0.062500 0.500000
vt 0.044380 0.500000
vt 0.043527 0.500000
vt 0.062500 0.500000
vt 0.061686 0.500000
vt 0.043109 0.500000
vt 0.042691 0.500000
vt 0.062500 0.500000
vt 0.062500 0.500000
vt 0.042822 0.500000
vt 0.061123 0.500000
vt 0.078084 0.500000
vt 0.078116 0.500000
vt 0.093750 0.500000
vt 0.093750 0.500000
vt 0.078125 0.500000
vt 0.078105 0.500000
vt 0.093750 0.500000
vt 0.093750 0.500000
vt 0.078044 0.500000
vt 0.078105 0.500000
vt 0.093750 0.500000
vt 0.093750 0.500000
vt 0.078125 0.500000
vt 0.078093 0.500000
vt 0.093750 0.500000
vt 0.093750 0.500000
vt 0.077967 0.500000
vt 0.093750 0.500000
vt 0.109375 0.500000
vt 0.109375 0.500000
vt 0.125000 0.500000
vt 0.125000 0.500000
vt 0.109375 0.500000
vt 0.109375 0.500000
vt 0.125000 0.500000
vt 0.125000 0.500000
vt 0.109375 0.500000
vt 0.109375 0.500000
vt 0.125000 0.500000
vt 0.125000 0.500000
vt 0.109375 0.500000
vt 0.109375 0.500000
vt 0.125000 0.500000
vt 0.125000 0.500000
vt 0.109375 0.500000
vt 0.125000 0.500000
vt 0.140625 0.500000
vt 0.140625 0.500000
vt 0.156250 0.500000
vt 0.156250 0.500000
vt 0.140625 0.500000
vt 0.140625 0.500000
vt 0.156250 0.500000
vt 0.156250 0.500000
vt 0.140625 0.500000
vt 0.140625 0.500000
vt 0.156250 0.500000
vt 0.156250 0.500000
vt 0.140625 0.500000
vt 0.140625 0.500000
vt 0.156250 0.500000
vt 0.156250 0.500000
vt 0.140625 0.500000
vt 0.156250 0.500000
vt 0.171875 0.500000
vt 0.171875 0.500000
vt 0.187500 0.500000
vt 0.187500 0.500000
vt 0.171875 0.500000
vt 0.171875 0.500000
vt 0.187500 0.500000
vt 0.187500 0.500000
vt 0.171875 0.500000
vt 0.171875 0.500000
vt 0.187500 0.500000
vt 0.187500 0.500000
vt 0.171875 0.500000
vt 0.171875 0.500000
vt 0.187500 0.500000
vt 0.187500 0.500000
vt 0.171875 0.500000
vt 0.187500 0.500000
vt 0.203125 0.500000
vt 0.203125 0.500000
vt 0.218750 0.500000
vt 0.218750 0.500000
vt 0.203125 0.500000
vt 0.203125 0.500000
vt 0.218750 0.500000
vt 0.218750 0.500000
vt 0.203125 0.500000
vt 0.203125 0.500000
vt 0.218750 0.500000
vt 0.218750 0.500000
vt 0.203125 0.500000
vt 0.203125 0.500000
vt 0.218750 0.500000
vt 0.218750 0.500000
vt 0.203125 0.500000
vt 0.218750 0.500000
vt 0.234375 0.500000
vt 0.234375 0.500000
vt 0.250000 0.500000
vt 0.250000 0.500000
vt 0.234375 0.500000
vt 0.234375 0.500000
vt 0.250000 0.500000
vt 0.250000 0.500000
vt 0.234375 0.500000
vt 0.234375 0.500000
vt 0.250000 0.500000
vt 0.250000 0.500000
vt 0.234375 0.500000
vt 0.234375 0.500000
vt 0.250000 0.500000
vt 0.250000 0.500000
vt 0.234375 0.500000
vt 0.250000 0.500000
vt 0.265625 0.500000
vt 0.265625 0.500000
vt 0.281250 0.500000
vt 0.281250 0.500000
vt 0.265625 0.500000
vt 0.265625 0.500000
vt 0.281250 0.500000
vt 0.281250 0.500000
vt 0.265625 0.500000
vt 0.265625 0.500000
vt 0.281250 0.500000
vt 0.281250 0.500000
vt 0.265625 0.500000
vt 0.265625 0.500000
vt 0.281250 0.500000
vt 0.281250 0.500000
vt 0.265625 0.500000
vt 0.281250 0.500000
vt 0.296875 0.500000
vt 0.296875 0.500000
vt 0.312500 0.500000
vt 0.312500 0.500000
vt 0.296875 0.500000
vt 0.296875 0.500000
vt 0.312500 0.500000
vt 0.312500 0.500000
vt 0.296875 0.500000
vt 0.296875 0.500000
vt 0.312500 0.500000
vt 0.312500 0.500000
vt 0.296875 0.500000
vt 0.296875 0.500000
vt 0.312500 0.500000
vt 0.312500 0.500000
vt 0.296875 0.500000
vt 0.312500 0.500000
vt 0.328125 0.500000
vt 0.328125 0.500000
vt 0.343750 0.500000
vt 0.343750 0.500000
vt 0.328125 0.500000
vt 0.328125 0.500000
vt 0.343750 0.500000
vt 0.343750 0.500000
vt 0.328125 0.500000
vt 0.328125 0.500000
vt 0.343750 0.500000
vt 0.343750 0.500000
vt 0.328125 0.500000
vt 0.328125 0.500000
vt 0.343750 0.500000
vt 0.343750 0.500000
vt 0.328125 0.500000
vt 0.343750 0.500000
vt 0.359375 0.500000
vt 0.359375 0.500000
vt 0.375000 0.500000
vt 0.375000 0.500000
vt 0.359375 0.500000
vt 0.359375 0.500000
vt 0.375000 0.500000
vt 0.375000 0.500000
vt 0.359375 0.500000
vt 0.359375 0.500000
vt 0.375000 0.500000
vt 0.375000 0.500000
vt 0.359375 0.500000
vt 0.359375 0.500000
vt 0.375000 0.500000
vt 0.375000 0.500000
vt 0.359375 0.500000
vt 0.375000 0.500000
vt 0.390625 0.500000
vt 0.390625 0.500000
vt 0.406250 0.500000
vt 0.406250 0.500000
vt 0.390625 0.500000
vt 0.390625 0.500000
vt 0.406250 0.500000
vt 0.406250 0.500000
vt 0.390625 0.500000
vt 0.390625 0.500000
vt 0.406250 0.500000
vt 0.406250 0.500000
vt 0.390625 0.500000
vt 0.390625 0.500000
vt 0.406250 0.500000
vt 0.406250 0.500000
vt 0.390625 0.500000
vt 0.406250 0.500000
vt 0.421927 0.500000
vt 0.421945 0.500000
vt 0.438058 0.500000
vt 0.437918 0.500000
vt 0.421962 0.500000
vt 0.421980 0.500000
vt 0.438337 0.500000
vt 0.438197 0.500000
vt 0.421997 0.500000
vt 0.422014 0.500000
vt 0.438616 0.500000
vt 0.438476 0.500000
vt 0.422032 0.500000
vt 0.422049 0.500000
vt 0.438895 0.500000
vt 0.438755 0.500000
vt 0.422062 0.500000
vt 0.438994 0.500000
vt 0.453729 0.500000
vt 0.454148 0.500000
vt 0.466331 0.500000
vt 0.465634 0.500000
vt 0.454566 0.500000
vt 0.454985 0.500000
vt 0.467726 0.500000
vt 0.467029 0.500000
vt 0.455403 0.500000
vt 0.455822 0.500000
vt 0.469121 0.500000
vt 0.468424 0.500000
vt 0.456240 0.500000
vt 0.456658 0.500000
vt 0.470516 0.500000
vt 0.469818 0.500000
vt 0.457069 0.500000
vt 0.471576 0.500000
vt 0.469854 0.500000
vt 0.470656 0.500000
vt 0.466331 0.500000
vt 0.465634 0.500000
vt 0.471458 0.500000
vt 0.472260 0.500000
vt 0.467726 0.500000
vt 0.467029 0.500000
vt 0.473062 0.500000
vt 0.473864 0.500000
vt 0.469121 0.500000
vt 0.468424 0.500000
vt 0.474666 0.500000
vt 0.475468 0.500000
vt 0.470516 0.500000
vt 0.469818 0.500000
vt 0.476699 0.500000
vt 0.471576 0.500000
vt 0.453729 0.500000
vt 0.454148 0.500000
vt 0.454566 0.500000
vt 0.454985 0.500000
vt 0.455403 0.500000
vt 0.455822 0.500000
vt 0.456240 0.500000
vt 0.456658 0.500000
vt 0.457069 0.500000
vt 0.187500 0.500000
vt 0.187500 0.500000
vt 0.171875 0.500000
vt 0.171875 0.500000
vt 0.187500 0.500000
vt 0.171875 0.500000
vt 0.156250 0.500000
vt 0.156250 0.500000
vt 0.156250 0.500000
vt 0.062500 0.500000
vt 0.078125 0.500000
vt 0.078125 0.500000
vt 0.062500 0.500000
vt 0.078125 0.500000
vt 0.093750 0.500000
vt 0.093750 0.500000
vt 0.093750 0.500000
vt 0.218750 0.500000
vt 0.218750 0.500000
vt 0.203125 0.500000
vt 0.203125 0.500000
vt 0.218750 0.500000
vt 0.203125 0.500000
vt 0.437500 0.500000
vt 0.452474 0.500000
vt 0.452474 0.500000
vt 0.437500 0.500000
vt 0.452474 0.500000
vt 0.463542 0.500000
vt 0.463542 0.500000
vt 0.250000 0.500000
vt 0.234375 0.500000
vt 0.234375 0.500000
vt 0.250000 0.500000
vt 0.234375 0.500000
vt 0.281250 0.500000
vt 0.296875 0.500000
vt 0.296875 0.500000
vt 0.281250 0.500000
vt 0.296875 0.500000
vt 0.312500 0.500000
vt 0.312500 0.500000
vt 0.312500 0.500000
vt 0.281250 0.500000
vt 0.265625 0.500000
vt 0.281250 0.500000
vt 0.265625 0.500000
vt 0.125000 0.500000
vt 0.140625 0.500000
vt 0.125000 0.500000
vt 0.140625 0.500000
vt 0.156250 0.500000
vt 0.156250 0.500000
vt 0.312500 0.500000
vt 0.296875 0.500000
vt 0.312500 0.500000
vt 0.296875 0.500000
vt 0.343750 0.500000
vt 0.359375 0.500000
vt 0.343750 0.500000
vt 0.359375 0.500000
vt 0.375000 0.500000
vt 0.375000 0.500000
vt 0.343750 0.500000
vt 0.328125 0.500000
vt 0.343750 0.500000
vt 0.328125 0.500000
vt 0.467448 0.500000
vt 0.467448 0.500000
vt 0.463542 0.500000
vt 0.463542 0.500000
vt 0.187500 0.500000
vt 0.203125 0.500000
vt 0.187500 0.500000
vt 0.203125 0.500000
vt 0.218750 0.500000
vt 0.218750 0.500000
vt 0.375000 0.500000
vt 0.359375 0.500000
vt 0.375000 0.500000
vt 0.359375 0.500000
vt 0.296875 0.500000
vt 0.312500 0.500000
vt 0.234375 0.500000
vt 0.218750 0.500000
vt 0.452583 0.500000
vt 0.203125 0.500000
vt 0.187500 0.500000
vt 0.078125 0.500000
vt 0.093750 0.500000
vt 0.171875 0.500000
vt 0.156250 0.500000
vt 0.234375 0.500000
vt 0.234375 0.500000
vt 0.140625 0.500000
vt 0.140625 0.500000
vt 0.125000 0.500000
vt 0.125000 0.500000
vt 0.390625 0.500000
vt 0.390625 0.500000
vt 0.109375 0.500000
vt 0.109375 0.500000
vt 0.093750 0.500000
vt 0.093750 0.500000
vt 0.171875 0.500000
vt 0.171875 0.500000
vt 0.078125 0.500000
vt 0.078125 0.500000
vt 0.062500 0.500000
vt 0.062500 0.500000
vt 0.328125 0.500000
vt 0.328125 0.500000
vt 0.047418 0.500000
vt 0.047526 0.500000
vt 0.109375 0.500000
vt 0.109375 0.500000
vt 0.452583 0.500000
vt 0.452474 0.500000
vt 0.406250 0.500000
vt 0.406276 0.500000
vt 0.390749 0.500000
vt 0.390625 0.500000
vt 0.406250 0.500000
vt 0.391757 0.500000
vt 0.375915 0.500000
vt 0.375114 0.500000
vt 0.406250 0.500000
vt 0.406250 0.500000
vt 0.421875 0.500000
vt 0.421875 0.500000
vt 0.406250 0.500000
vt 0.421875 0.500000
vt 0.437500 0.500000
vt 0.437500 0.500000
vt 0.036458 0.500000
vt 0.036361 0.500000
vt 0.032431 0.500000
vt 0.032552 0.500000
vt 0.035680 0.500000
vt 0.031912 0.500000
vt 0.031250 0.500000
vt 0.036024 0.500000
vt 0.036458 0.500000
vt 0.437500 0.500000
vt 0.437500 0.500000
vt 0.421875 0.500000
vt 0.421875 0.500000
vt 0.437500 0.500000
vt 0.421875 0.500000
vt 0.250000 0.500000
vt 0.250000 0.500000
vt 0.265625 0.500000
vt 0.265625 0.500000
vt 0.250000 0.500000
vt 0.265625 0.500000
vt 0.281250 0.500000
vt 0.281250 0.500000
vt 0.463976 0.500000
vt 0.452582 0.500000
vt 0.452474 0.500000
vt 0.468750 0.500000
vt 0.453125 0.500000
vt 0.093750 0.500000
vt 0.109375 0.500000
vt 0.109375 0.500000
vt 0.093750 0.500000
vt 0.109375 0.500000
vt 0.125000 0.500000
vt 0.125000 0.500000
vt 0.062500 0.500000
vt 0.062075 0.500000
vt 0.047242 0.500000
vt 0.047526 0.500000
vt 0.059103 0.500000
vt 0.045252 0.500000
vt 0.312500 0.500000
vt 0.328125 0.500000
vt 0.328125 0.500000
vt 0.312500 0.500000
vt 0.328125 0.500000
vt 0.343750 0.500000
vt 0.343750 0.500000
vt 0.093750 0.500000
vt 0.093494 0.500000
vt 0.077742 0.500000
vt 0.078125 0.500000
vt 0.091704 0.500000
vt 0.075058 0.500000
vt 0.156250 0.500000
vt 0.171875 0.500000
vt 0.171875 0.500000
vt 0.156250 0.500000
vt 0.171875 0.500000
vt 0.187500 0.500000
vt 0.187500 0.500000
vt 0.125000 0.500000
vt 0.124886 0.500000
vt 0.109210 0.500000
vt 0.109375 0.500000
vt 0.124086 0.500000
vt 0.108059 0.500000
vt 0.375000 0.500000
vt 0.390625 0.500000
vt 0.390625 0.500000
vt 0.375000 0.500000
vt 0.390625 0.500000
vt 0.156188 0.500000
vt 0.140542 0.500000
vt 0.140625 0.500000
vt 0.155757 0.500000
vt 0.139963 0.500000
vt 0.234375 0.500000
vt 0.234375 0.500000
vt 0.250000 0.500000
vt 0.140625 0.500000
vt 0.125000 0.500000
vt 0.390625 0.500000
vt 0.406250 0.500000
vt 0.109375 0.500000
vt 0.093750 0.500000
vt 0.171875 0.500000
vt 0.078125 0.500000
vt 0.062500 0.500000
vt 0.328125 0.500000
vt 0.047526 0.500000
vt 0.036458 0.500000
vt 0.109375 0.500000
vt 0.452474 0.500000
vt 0.437500 0.500000
vt 0.265625 0.500000
vt 0.421875 0.500000
vt 0.406250 0.500000
vt 0.032552 0.500000
vt 0.036458 0.500000
vt 0.421875 0.500000
vt 0.390625 0.500000
vt 0.047526 0.500000
vt 0.047526 0.500000
vt 0.187221 0.500000
vt 0.186663 0.500000
vt 0.170761 0.500000
vt 0.171504 0.500000
vt 0.186105 0.500000
vt 0.170019 0.500000
vt 0.153783 0.500000
vt 0.154770 0.500000
vt 0.062500 0.500000
vt 0.062500 0.500000
vt 0.078125 0.500000
vt 0.078125 0.500000
vt 0.062500 0.500000
vt 0.078125 0.500000
vt 0.093750 0.500000
vt 0.093750 0.500000
vt 0.218612 0.500000
vt 0.218336 0.500000
vt 0.202511 0.500000
vt 0.202920 0.500000
vt 0.218060 0.500000
vt 0.202101 0.500000
vt 0.437500 0.500000
vt 0.452474 0.500000
vt 0.452474 0.500000
vt 0.437500 0.500000
vt 0.452474 0.500000
vt 0.463542 0.500000
vt 0.463542 0.500000
vt 0.463542 0.500000
vt 0.250000 0.500000
vt 0.250000 0.500000
vt 0.234166 0.500000
vt 0.234305 0.500000
vt 0.250000 0.500000
vt 0.234026 0.500000
vt 0.281250 0.500000
vt 0.296875 0.500000
vt 0.296875 0.500000
vt 0.281250 0.500000
vt 0.296875 0.500000
vt 0.312500 0.500000
vt 0.312500 0.500000
vt 0.281388 0.500000
vt 0.281664 0.500000
vt 0.265834 0.500000
vt 0.265695 0.500000
vt 0.281940 0.500000
vt 0.265974 0.500000
vt 0.125000 0.500000
vt 0.140625 0.500000
vt 0.140625 0.500000
vt 0.125000 0.500000
vt 0.140625 0.500000
vt 0.156250 0.500000
vt 0.156250 0.500000
vt 0.312779 0.500000
vt 0.313336 0.500000
vt 0.297489 0.500000
vt 0.297080 0.500000
vt 0.313894 0.500000
vt 0.297898 0.500000
vt 0.343750 0.500000
vt 0.359375 0.500000
vt 0.359375 0.500000
vt 0.343750 0.500000
vt 0.359375 0.500000
vt 0.375000 0.500000
vt 0.375000 0.500000
vt 0.344244 0.500000
vt 0.345231 0.500000
vt 0.329238 0.500000
vt 0.328496 0.500000
vt 0.346218 0.500000
vt 0.329981 0.500000
vt 0.468099 0.500000
vt 0.467991 0.500000
vt 0.468088 0.500000
vt 0.468750 0.500000
vt 0.468750 0.500000
vt 0.187500 0.500000
vt 0.203125 0.500000
vt 0.203125 0.500000
vt 0.187500 0.500000
vt 0.203125 0.500000
vt 0.218750 0.500000
vt 0.218750 0.500000
vt 0.218750 0.500000
vt 0.377745 0.500000
vt 0.361364 0.500000
vt 0.360038 0.500000
vt 0.379575 0.500000
vt 0.362690 0.500000
vt 0.047418 0.500000
vt 0.046875 0.500000
vt 0.062500 0.500000
vt 0.359458 0.500000
vt 0.343812 0.500000
vt 0.203125 0.500000
vt 0.218750 0.500000
vt 0.463542 0.500000
vt 0.467556 0.500000
vt 0.328171 0.500000
vt 0.312535 0.500000
vt 0.359375 0.500000
vt 0.296901 0.500000
vt 0.281267 0.500000
vt 0.140625 0.500000
vt 0.265634 0.500000
vt 0.250000 0.500000
vt 0.296875 0.500000
vt 0.234366 0.500000
vt 0.218733 0.500000
vt 0.452474 0.500000
vt 0.203099 0.500000
vt 0.187465 0.500000
vt 0.078125 0.500000
vt 0.171829 0.500000
vt 0.234375 0.500000
vt 0.234375 0.500000
vt 0.416408 0.500000
vt 0.418069 0.500000
vt 0.398197 0.500000
vt 0.397176 0.500000
vt 0.416481 0.500000
vt 0.397212 0.500000
vt 0.379575 0.500000
vt 0.380261 0.500000
vt 0.406250 0.500000
vt 0.406506 0.500000
vt 0.422259 0.500000
vt 0.421875 0.500000
vt 0.408296 0.500000
vt 0.424943 0.500000
vt 0.440897 0.500000
vt 0.437925 0.500000
vt 0.032564 0.500000
vt 0.032112 0.500000
vt 0.032204 0.500000
vt 0.031523 0.500000
vt 0.033221 0.500000
vt 0.034614 0.500000
vt 0.037894 0.500000
vt 0.036286 0.500000
vt 0.031250 0.500000
vt 0.465536 0.500000
vt 0.458097 0.500000
vt 0.440012 0.500000
vt 0.440972 0.500000
vt 0.454486 0.500000
vt 0.437213 0.500000
vt 0.250000 0.500000
vt 0.250000 0.500000
vt 0.265634 0.500000
vt 0.265625 0.500000
vt 0.250000 0.500000
vt 0.265695 0.500000
vt 0.281388 0.500000
vt 0.281267 0.500000
vt 0.468029 0.500000
vt 0.465988 0.500000
vt 0.467143 0.500000
vt 0.466778 0.500000
vt 0.463773 0.500000
vt 0.093494 0.500000
vt 0.109211 0.500000
vt 0.109375 0.500000
vt 0.091704 0.500000
vt 0.108059 0.500000
vt 0.124086 0.500000
vt 0.124886 0.500000
vt 0.045513 0.500000
vt 0.042965 0.500000
vt 0.034466 0.500000
vt 0.036154 0.500000
vt 0.045513 0.500000
vt 0.036227 0.500000
vt 0.312535 0.500000
vt 0.328171 0.500000
vt 0.328125 0.500000
vt 0.312779 0.500000
vt 0.328496 0.500000
vt 0.344244 0.500000
vt 0.343812 0.500000
vt 0.083522 0.500000
vt 0.081988 0.500000
vt 0.060488 0.500000
vt 0.062788 0.500000
vt 0.083522 0.500000
vt 0.062788 0.500000
vt 0.156188 0.500000
vt 0.171829 0.500000
vt 0.171875 0.500000
vt 0.155757 0.500000
vt 0.171504 0.500000
vt 0.187221 0.500000
vt 0.187465 0.500000
vt 0.120430 0.500000
vt 0.119744 0.500000
vt 0.101806 0.500000
vt 0.102793 0.500000
vt 0.120430 0.500000
vt 0.102793 0.500000
vt 0.375114 0.500000
vt 0.390790 0.500000
vt 0.390625 0.500000
vt 0.375915 0.500000
vt 0.391942 0.500000
vt 0.153413 0.500000
vt 0.136816 0.500000
vt 0.137313 0.500000
vt 0.153783 0.500000
vt 0.137313 0.500000
vt 0.234375 0.500000
vt 0.234375 0.500000
vt 0.250000 0.500000
vt 0.138638 0.500000
vt 0.122258 0.500000
vt 0.390625 0.500000
vt 0.406250 0.500000
vt 0.105426 0.500000
vt 0.087613 0.500000
vt 0.171875 0.500000
vt 0.068923 0.500000
vt 0.052308 0.500000
vt 0.328125 0.500000
vt 0.040703 0.500000
vt 0.034122 0.500000
vt 0.109375 0.500000
vt 0.459815 0.500000
vt 0.448330 0.500000
vt 0.265625 0.500000
vt 0.431105 0.500000
vt 0.411329 0.500000
vt 0.031609 0.500000
vt 0.031250 0.500000
vt 0.421875 0.500000
vt 0.394445 0.500000
vt 0.046875 0.500000
vt 0.046875 0.500000
vt 0.431078 0.500000
vt 0.447692 0.500000
vt 0.412389 0.500000
vt 0.265834 0.500000
vt 0.281664 0.500000
vt 0.250000 0.500000
vt 0.250000 0.500000
vt 0.265974 0.500000
vt 0.281940 0.500000
vt 0.105426 0.500000
vt 0.122258 0.500000
vt 0.087613 0.500000
vt 0.329238 0.500000
vt 0.345231 0.500000
vt 0.313336 0.500000
vt 0.313894 0.500000
vt 0.329981 0.500000
vt 0.346218 0.500000
vt 0.170761 0.500000
vt 0.186663 0.500000
vt 0.154770 0.500000
vt 0.170019 0.500000
vt 0.186105 0.500000
vt 0.394577 0.500000
vt 0.377745 0.500000
vt 0.234305 0.500000
vt 0.234166 0.500000
vt 0.218612 0.500000
vt 0.218336 0.500000
vt 0.218060 0.500000
vt 0.234026 0.500000
vt 0.075058 0.500000
vt 0.068923 0.500000
vt 0.059103 0.500000
vt 0.052308 0.500000
vt 0.462106 0.500000
vt 0.454449 0.500000
vt 0.459204 0.500000
vt 0.465386 0.500000
vt 0.297080 0.500000
vt 0.297489 0.500000
vt 0.297898 0.500000
vt 0.139963 0.500000
vt 0.138638 0.500000
vt 0.360038 0.500000
vt 0.361364 0.500000
vt 0.362690 0.500000
vt 0.202920 0.500000
vt 0.202511 0.500000
vt 0.202101 0.500000
vt 0.045551 0.500000
vt 0.040796 0.500000
vt 0.047208 0.500000
vt 0.062075 0.500000
vt 0.363187 0.500000
vt 0.346588 0.500000
vt 0.203099 0.500000
vt 0.218733 0.500000
vt 0.463280 0.500000
vt 0.467711 0.500000
vt 0.330259 0.500000
vt 0.314103 0.500000
vt 0.359458 0.500000
vt 0.298052 0.500000
vt 0.282043 0.500000
vt 0.140542 0.500000
vt 0.266026 0.500000
vt 0.250000 0.500000
vt 0.296901 0.500000
vt 0.233974 0.500000
vt 0.217957 0.500000
vt 0.452684 0.500000
vt 0.201947 0.500000
vt 0.185896 0.500000
vt 0.077742 0.500000
vt 0.169740 0.500000
vt 0.234366 0.500000
vn 0.0019 -1.0000 -0.0019
vn 0.0010 -1.0000 0.0067
vn 0.0091 -1.0000 0.0025
vn 0.0086 -1.0000 -0.0014
vn -0.0465 0.0341 0.9983
vn -0.0429 0.0534 0.9977
vn -0.1284 0.0523 0.9903
vn -0.1389 0.0334 0.9897
vn -0.2307 0.0321 0.9725
vn -0.2139 0.0504 0.9756
vn -0.2986 0.0475 0.9532
vn -0.3207 0.0303 0.9467
vn -0.4087 0.0279 0.9123
vn -0.3825 0.0439 0.9229
vn -0.4653 0.0395 0.8843
vn -0.4936 0.0251 0.8693
vn -0.5749 0.0219 0.8179
vn -0.5457 0.0347 0.8373
vn -0.6233 0.0295 0.7814
vn -0.6517 0.0186 0.7583
vn -0.7229 0.0152 0.6908
vn -0.6971 0.0242 0.7166
vn -0.7657 0.0190 0.6429
vn -0.7879 0.0119 0.6157
vn -0.8456 0.0088 0.5337
vn -0.8279 0.0141 0.5606
vn -0.8823 0.0097 0.4706
vn -0.8952 0.0061 0.4457
vn -0.9359 0.0037 0.3523
vn -0.9276 0.0060 0.3734
vn -0.9626 0.0031 0.2709
vn -0.9670 0.0019 0.2547
vn -0.9881 0.0007 0.1540
vn -0.9865 0.0011 0.1640
vn -0.9985 0.0001 0.0549
vn -0.9987 0.0001 0.0516
vn -0.9987 0.0001 -0.0515
vn -0.9985 0.0001 -0.0548
vn -0.9866 0.0010 -0.1631
vn -0.9881 0.0007 -0.1537
vn -0.9672 0.0018 -0.2541
vn -0.9633 0.0028 -0.2685
vn -0.9293 0.0053 -0.3693
vn -0.9363 0.0035 -0.3511
vn -0.8960 0.0055 -0.4440
vn -0.8855 0.0083 -0.4645
vn -0.8331 0.0117 -0.5530
vn -0.8470 0.0079 -0.5316
vn -0.7899 0.0104 -0.6132
vn -0.7730 0.0154 -0.6342
vn -0.7066 0.0191 -0.7074
vn -0.7256 0.0131 -0.6880
vn -0.6547 0.0157 -0.7557
vn -0.6345 0.0228 -0.7726
vn -0.5580 0.0263 -0.8294
vn -0.5785 0.0183 -0.8155
vn -0.4972 0.0206 -0.8674
vn -0.4777 0.0295 -0.8780
vn -0.3945 0.0323 -0.9183
vn -0.4122 0.0227 -0.9108
vn -0.3239 0.0245 -0.9458
vn -0.3091 0.0347 -0.9504
vn -0.2220 0.0365 -0.9744
vn -0.2331 0.0259 -0.9721
vn -0.1405 0.0268 -0.9897
vn -0.1335 0.0377 -0.9903
vn -0.0447 0.0383 -0.9983
vn -0.0469 0.0273 -0.9985
vn 0.0000 -1.0000 -0.0000
vn -0.3644 0.8914 -0.2697
vn -0.3579 0.8759 -0.3236
vn -0.0577 0.9973 -0.0447
vn -0.0582 0.9976 -0.0370
vn 0.0021 -1.0000 -0.0021
vn 0.0014 -1.0000 0.0055
vn 0.0101 -0.9999 0.0027
vn 0.0096 -1.0000 -0.0004
vn -0.3580 0.8759 0.3235
vn -0.3643 0.8913 0.2697
vn -0.0582 0.9976 0.0370
vn -0.0577 0.9973 0.0447
vn -0.2926 0.7160 0.6338
vn -0.3196 0.7825 0.5343
vn -0.0559 0.9952 0.0800
vn -0.0551 0.9931 0.1039
vn 0.0022 -1.0000 -0.0025
vn 0.0017 -1.0000 0.0047
vn 0.0108 -0.9999 0.0028
vn 0.0105 -0.9999 -0.0002
vn -0.3769 0.9215 -0.0941
vn -0.3751 0.9173 -0.1339
vn -0.0592 0.9981 -0.0183
vn -0.0595 0.9981 -0.0128
vn -0.3780 0.9241 0.0559
vn -0.3785 0.9254 0.0186
vn -0.0597 0.9982 0.0026
vn -0.0596 0.9982 0.0076
vn 0.0022 -1.0000 -0.0028
vn 0.0020 -1.0000 0.0043
vn 0.0113 -0.9999 0.0023
vn 0.0111 -0.9999 -0.0005
vn -0.2166 0.5235 -0.8240
vn -0.0769 0.1703 -0.9824
vn -0.0195 0.1904 -0.9815
vn -0.0519 0.8759 -0.4798
vn -0.3492 0.8546 -0.3843
vn -0.3371 0.8251 -0.4535
vn -0.0566 0.9963 -0.0651
vn -0.0572 0.9969 -0.0540
vn 0.0022 -1.0000 -0.0033
vn 0.0021 -1.0000 0.0037
vn 0.0116 -0.9999 0.0016
vn 0.0115 -0.9999 -0.0009
vn -0.0059 0.0047 1.0000
vn -0.0227 0.0372 0.9990
vn -0.0081 0.0425 0.9991
vn -0.0027 0.0064 1.0000
vn 0.0021 -1.0000 -0.0038
vn 0.0022 -1.0000 0.0034
vn 0.0115 -0.9999 0.0010
vn 0.0116 -0.9999 -0.0017
vn -0.3691 0.9028 0.2207
vn -0.3726 0.9112 0.1758
vn -0.0590 0.9980 0.0241
vn -0.0586 0.9978 0.0302
vn 0.0020 -1.0000 -0.0042
vn 0.0022 -1.0000 0.0028
vn 0.0111 -0.9999 0.0005
vn 0.0113 -0.9999 -0.0022
vn -0.3300 0.0252 -0.9437
vn -0.2260 0.0201 -0.9739
vn -0.1548 0.0621 -0.9860
vn -0.3062 0.1318 -0.9428
vn -0.9687 0.0477 -0.2436
vn -0.9398 0.0467 -0.3384
vn -0.8723 0.3776 -0.3105
vn -0.8946 0.3875 -0.2224
vn -0.7349 0.0425 0.6768
vn -0.7976 0.0444 0.6015
vn -0.7568 0.3305 0.5639
vn -0.7037 0.3077 0.6404
vn -0.7997 0.0423 -0.5989
vn -0.7370 0.0402 -0.6747
vn -0.7059 0.3055 -0.6390
vn -0.7591 0.3284 -0.5620
vn -0.9383 0.0480 0.3424
vn -0.9676 0.0486 0.2479
vn -0.8933 0.3883 0.2261
vn -0.8706 0.3788 0.3140
vn -0.2256 0.0218 0.9740
vn -0.3290 0.0273 0.9439
vn -0.3056 0.1336 0.9427
vn -0.1546 0.0630 0.9860
vn -0.5095 0.0323 -0.8599
vn -0.4231 0.0291 -0.9056
vn -0.4177 0.1814 -0.8903
vn -0.5013 0.2175 -0.8375
vn -0.9977 0.0489 -0.0473
vn -0.9881 0.0484 -0.1461
vn -0.9094 0.3940 -0.1329
vn -0.9166 0.3975 -0.0430
vn -0.5895 0.0377 0.8069
vn -0.6652 0.0403 0.7456
vn -0.6431 0.2816 0.7121
vn -0.5752 0.2524 0.7781
vn -0.1257 0.0147 -0.9920
vn -0.0401 0.0115 -0.9991
vn -0.0168 0.0040 -0.9999
vn -0.0613 0.0195 -0.9979
vn -0.9017 0.0455 -0.4299
vn -0.8549 0.0440 -0.5170
vn -0.8045 0.3482 -0.4811
vn -0.8423 0.3645 -0.3970
vn -0.8529 0.0459 0.5201
vn -0.8999 0.0471 0.4335
vn -0.8402 0.3661 0.4000
vn -0.8024 0.3499 0.4834
vn -0.0401 0.0125 0.9991
vn -0.1255 0.0160 0.9920
vn -0.0614 0.0198 0.9979
vn -0.0168 0.0041 0.9999
vn -0.6671 0.0379 -0.7440
vn -0.5912 0.0353 -0.8058
vn -0.5769 0.2500 -0.7776
vn -0.6450 0.2793 -0.7113
vn -0.9874 0.0490 0.1507
vn -0.9974 0.0490 0.0521
vn -0.9163 0.3976 0.0472
vn -0.9086 0.3946 0.1370
vn -0.4220 0.0313 0.9060
vn -0.5080 0.0347 0.8607
vn -0.4999 0.2198 0.8377
vn -0.4169 0.1835 0.8902
vn -0.0017 0.0014 1.0000
vn -0.0045 0.0085 1.0000
vn -0.0044 -0.0086 1.0000
vn -0.0017 -0.0014 1.0000
vn -0.0045 0.0085 -1.0000
vn -0.0017 0.0014 -1.0000
vn -0.0017 -0.0014 -1.0000
vn -0.0044 -0.0086 -1.0000
vn -0.3751 0.9173 0.1339
vn -0.3769 0.9215 0.0941
vn -0.0595 0.9981 0.0128
vn -0.0592 0.9981 0.0183
vn 0.0017 -1.0000 -0.0017
vn 0.0004 -1.0000 0.0080
vn 0.0079 -1.0000 0.0008
vn 0.0073 -1.0000 -0.0043
vn 0.0264 -0.9761 0.2157
vn 0.0035 -0.9928 0.1197
vn -0.0006 -0.1746 0.9846
vn 0.0005 -0.1689 0.9856
vn -0.0768 0.1703 0.9824
vn -0.2166 0.5235 0.8241
vn -0.0519 0.8758 0.4799
vn -0.0194 0.1904 0.9815
vn 0.0068 -0.9950 -0.0991
vn 0.0178 -0.9928 -0.1186
vn 0.0077 -0.9346 -0.3557
vn 0.0026 -0.2988 -0.9543
vn 0.0178 -0.9927 0.1189
vn 0.0068 -0.9951 0.0990
vn 0.0026 -0.2988 0.9543
vn 0.0077 -0.9346 0.3556
vn -0.3196 0.7825 -0.5343
vn -0.2926 0.7160 -0.6338
vn -0.0551 0.9930 -0.1041
vn -0.0559 0.9952 -0.0800
vn 0.0035 -0.9928 -0.1197
vn 0.0264 -0.9761 -0.2156
vn 0.0005 -0.1689 -0.9856
vn -0.0006 -0.1746 -0.9846
vn 0.0004 -1.0000 -0.0082
vn 0.0017 -1.0000 0.0016
vn 0.0073 -1.0000 0.0042
vn 0.0079 -1.0000 -0.0007
vn -0.3785 0.9254 -0.0186
vn -0.3780 0.9241 -0.0560
vn -0.0596 0.9982 -0.0076
vn -0.0597 0.9982 -0.0026
vn 0.0010 -1.0000 -0.0065
vn 0.0019 -1.0000 0.0018
vn 0.0086 -1.0000 0.0014
vn 0.0091 -1.0000 -0.0026
vn -0.3370 0.8251 0.4535
vn -0.3492 0.8546 0.3844
vn -0.0572 0.9969 0.0539
vn -0.0566 0.9963 0.0651
vn 0.0014 -1.0000 -0.0055
vn 0.0021 -1.0000 0.0021
vn 0.0096 -1.0000 0.0004
vn 0.0101 -0.9999 -0.0027
vn -0.0227 0.0372 -0.9990
vn -0.0059 0.0047 -1.0000
vn -0.0027 0.0064 -1.0000
vn -0.0081 0.0425 -0.9991
vn 0.0017 -1.0000 -0.0048
vn 0.0022 -1.0000 0.0025
vn 0.0105 -0.9999 0.0003
vn 0.0108 -0.9999 -0.0028
vn -0.3726 0.9112 -0.1758
vn -0.3691 0.9028 -0.2207
vn -0.0586 0.9978 -0.0302
vn -0.0590 0.9980 -0.0241
vn -0.4231 0.9061 -0.0059
vn -0.4231 0.9061 -0.0037
vn -0.2784 0.9604 -0.0053
vn -0.2787 0.9603 -0.0146
vn 0.4924 -0.8703 0.0091
vn 0.4939 -0.8695 0.0102
vn 0.4573 -0.8890 -0.0234
vn 0.4570 -0.8890 -0.0284
vn -0.4230 0.9060 -0.0161
vn -0.4231 0.9060 -0.0136
vn -0.2794 0.9598 -0.0255
vn -0.2803 0.9593 -0.0352
vn 0.4939 -0.8695 -0.0102
vn 0.4924 -0.8703 -0.0092
vn 0.4570 -0.8890 0.0283
vn 0.4573 -0.8890 0.0234
vn -0.4229 0.9058 -0.0277
vn -0.4230 0.9058 -0.0247
vn -0.2815 0.9584 -0.0474
vn -0.2829 0.9573 -0.0587
vn 0.0055 -0.0032 -1.0000
vn 0.0007 0.0058 -1.0000
vn -0.0046 0.0137 -0.9999
vn 0.0064 -0.0136 -0.9999
vn 0.4975 -0.8675 0.0046
vn 0.4983 -0.8670 0.0050
vn 0.4581 -0.8888 -0.0078
vn 0.4580 -0.8889 -0.0111
vn -0.4226 0.9053 -0.0420
vn -0.4227 0.9054 -0.0382
vn -0.2845 0.9559 -0.0730
vn -0.2862 0.9542 -0.0875
vn 0.1326 -0.1970 0.9714
vn 0.4497 -0.7954 0.4065
vn 0.3764 -0.7352 0.5638
vn 0.0514 -0.1020 0.9935
vn -0.4221 0.9044 -0.0622
vn -0.4223 0.9047 -0.0568
vn -0.2879 0.9517 -0.1062
vn -0.2896 0.9486 -0.1274
vn 0.4875 -0.8730 -0.0123
vn 0.4858 -0.8740 -0.0099
vn 0.4549 -0.8880 0.0672
vn 0.4557 -0.8885 0.0535
vn 0.0007 0.0058 1.0000
vn 0.0056 -0.0032 1.0000
vn 0.0064 -0.0136 0.9999
vn -0.0046 0.0137 0.9999
vn -0.4210 0.9019 -0.0966
vn -0.4214 0.9027 -0.0864
vn -0.2908 0.9439 -0.1567
vn -0.2913 0.9368 -0.1938
vn 0.4991 -0.8666 -0.0018
vn 0.4988 -0.8667 -0.0017
vn 0.4582 -0.8888 0.0046
vn 0.4583 -0.8888 0.0014
vn 0.4565 -0.8897 0.0072
vn 0.4575 -0.8892 0.0055
vn 0.4493 -0.8934 -0.0088
vn 0.4480 -0.8940 -0.0079
vn 0.4584 -0.8888 0.0020
vn 0.4593 -0.8883 0.0011
vn 0.4516 -0.8922 -0.0085
vn 0.4505 -0.8927 -0.0088
vn 0.4601 -0.8879 -0.0002
vn 0.4609 -0.8875 -0.0007
vn 0.4537 -0.8911 -0.0075
vn 0.4527 -0.8916 -0.0082
vn 0.4615 -0.8871 -0.0011
vn 0.4620 -0.8869 -0.0010
vn 0.4552 -0.8904 -0.0054
vn 0.4545 -0.8907 -0.0066
vn 0.4624 -0.8867 -0.0010
vn 0.4628 -0.8865 -0.0007
vn 0.4562 -0.8899 -0.0032
vn 0.4557 -0.8901 -0.0045
vn 0.4630 -0.8864 -0.0006
vn 0.4631 -0.8863 -0.0000
vn 0.4566 -0.8897 -0.0006
vn 0.4565 -0.8897 -0.0020
vn 0.4630 -0.8864 0.0006
vn 0.4564 -0.8898 0.0020
vn 0.4566 -0.8897 0.0006
vn 0.4628 -0.8865 0.0008
vn 0.4624 -0.8866 0.0011
vn 0.4557 -0.8901 0.0045
vn 0.4562 -0.8899 0.0032
vn 0.4620 -0.8869 0.0010
vn 0.4615 -0.8872 0.0010
vn 0.4545 -0.8907 0.0066
vn 0.4552 -0.8904 0.0054
vn 0.4608 -0.8875 0.0006
vn 0.4601 -0.8879 0.0003
vn 0.4527 -0.8916 0.0082
vn 0.4536 -0.8912 0.0074
vn 0.4593 -0.8883 -0.0012
vn 0.4584 -0.8887 -0.0021
vn 0.4505 -0.8927 0.0088
vn 0.4516 -0.8922 0.0085
vn 0.4575 -0.8892 -0.0053
vn 0.4564 -0.8897 -0.0074
vn 0.4480 -0.8940 0.0081
vn 0.4492 -0.8934 0.0087
vn 0.4290 -0.8120 -0.3957
vn 0.1426 -0.2056 -0.9682
vn 0.0436 -0.0847 -0.9954
vn 0.3305 -0.6575 -0.6771
vn 0.0066 -0.0023 -1.0000
vn 0.0019 0.0067 -1.0000
vn -0.0055 0.0117 -0.9999
vn 0.0060 -0.0115 -0.9999
vn -0.0841 0.2380 -0.9676
vn -0.4120 0.8320 -0.3714
vn -0.3246 0.6550 -0.6824
vn -0.0412 0.0859 -0.9955
vn -0.4563 0.8898 0.0079
vn -0.4573 0.8893 0.0056
vn -0.4489 0.8936 -0.0076
vn -0.4476 0.8942 -0.0077
vn -0.4583 0.8888 0.0023
vn -0.4591 0.8884 0.0013
vn -0.4512 0.8924 -0.0081
vn -0.4501 0.8929 -0.0082
vn -0.4599 0.8880 0.0001
vn -0.4606 0.8876 -0.0005
vn -0.4532 0.8914 -0.0071
vn -0.4523 0.8918 -0.0077
vn -0.4612 0.8873 -0.0009
vn -0.4618 0.8870 -0.0008
vn -0.4546 0.8907 -0.0051
vn -0.4540 0.8910 -0.0062
vn -0.4622 0.8868 -0.0009
vn -0.4626 0.8866 -0.0006
vn -0.4557 0.8901 -0.0031
vn -0.4552 0.8904 -0.0043
vn -0.4627 0.8865 -0.0006
vn -0.4629 0.8864 -0.0000
vn -0.4561 0.8899 -0.0006
vn -0.4559 0.8900 -0.0019
vn -0.4627 0.8865 0.0006
vn -0.4559 0.8900 0.0019
vn -0.4561 0.8899 0.0006
vn -0.4626 0.8866 0.0006
vn -0.4622 0.8868 0.0009
vn -0.4552 0.8904 0.0043
vn -0.4556 0.8902 0.0031
vn -0.4618 0.8870 0.0008
vn -0.4613 0.8873 0.0009
vn -0.4540 0.8910 0.0062
vn -0.4546 0.8907 0.0051
vn -0.4606 0.8876 0.0005
vn -0.4599 0.8880 -0.0001
vn -0.4523 0.8919 0.0076
vn -0.4532 0.8914 0.0071
vn -0.4591 0.8884 -0.0013
vn -0.4582 0.8888 -0.0023
vn -0.4501 0.8929 0.0081
vn -0.4512 0.8924 0.0079
vn -0.4574 0.8893 -0.0056
vn -0.4564 0.8898 -0.0078
vn -0.4477 0.8942 0.0076
vn -0.4489 0.8935 0.0078
vn -0.4120 0.8320 0.3715
vn -0.0841 0.2380 0.9676
vn -0.0412 0.0859 0.9955
vn -0.3244 0.6549 0.6826
vn 0.0019 0.0067 1.0000
vn 0.0066 -0.0023 1.0000
vn 0.0060 -0.0115 0.9999
vn -0.0055 0.0117 0.9999
vn 0.1425 -0.2056 0.9682
vn 0.4290 -0.8119 0.3959
vn 0.3303 -0.6575 0.6771
vn 0.0437 -0.0847 0.9954
vn 0.4297 -0.9029 -0.0132
vn 0.4318 -0.9019 -0.0134
vn 0.4053 -0.9141 -0.0145
vn 0.4025 -0.9153 -0.0132
vn 0.3661 -0.9305 -0.0098
vn 0.3697 -0.9290 -0.0133
vn 0.3258 -0.9454 -0.0098
vn 0.3213 -0.9470 -0.0039
vn 0.2699 -0.9629 0.0041
vn 0.2748 -0.9615 -0.0046
vn 0.2196 -0.9756 0.0015
vn 0.2144 -0.9767 0.0124
vn 0.1587 -0.9871 0.0190
vn 0.1636 -0.9865 0.0069
vn 0.1101 -0.9939 0.0105
vn 0.1056 -0.9941 0.0227
vn 0.0580 -0.9981 0.0230
vn 0.0616 -0.9980 0.0123
vn 0.0256 -0.9996 0.0083
vn 0.0236 -0.9996 0.0157
vn 0.4335 -0.9010 -0.0136
vn 0.4352 -0.9002 -0.0130
vn 0.4101 -0.9119 -0.0155
vn 0.4078 -0.9130 -0.0154
vn 0.3731 -0.9277 -0.0156
vn 0.3762 -0.9264 -0.0162
vn 0.3335 -0.9426 -0.0154
vn 0.3298 -0.9440 -0.0136
vn 0.2793 -0.9601 -0.0100
vn 0.2835 -0.9589 -0.0130
vn 0.2286 -0.9735 -0.0090
vn 0.2243 -0.9745 -0.0053
vn 0.1681 -0.9858 -0.0002
vn 0.1723 -0.9850 -0.0052
vn 0.1179 -0.9930 -0.0019
vn 0.1141 -0.9935 0.0029
vn 0.0648 -0.9979 0.0051
vn 0.0678 -0.9977 0.0011
vn 0.0292 -0.9996 0.0015
vn 0.0275 -0.9996 0.0043
vn 0.4368 -0.8995 -0.0124
vn 0.4381 -0.8988 -0.0111
vn 0.4142 -0.9101 -0.0137
vn 0.4123 -0.9109 -0.0150
vn 0.3791 -0.9252 -0.0162
vn 0.3816 -0.9242 -0.0153
vn 0.3400 -0.9403 -0.0154
vn 0.3370 -0.9414 -0.0161
vn 0.2874 -0.9577 -0.0143
vn 0.2908 -0.9567 -0.0142
vn 0.2361 -0.9717 -0.0118
vn 0.2325 -0.9725 -0.0112
vn 0.1760 -0.9844 -0.0076
vn 0.1794 -0.9837 -0.0087
vn 0.1243 -0.9922 -0.0057
vn 0.1213 -0.9926 -0.0046
vn 0.0706 -0.9975 -0.0016
vn 0.0731 -0.9973 -0.0033
vn 0.0322 -0.9995 -0.0010
vn 0.0307 -0.9995 -0.0003
vn 0.4394 -0.8983 -0.0099
vn 0.4404 -0.8978 -0.0083
vn 0.4174 -0.9087 -0.0104
vn 0.4159 -0.9093 -0.0122
vn 0.3838 -0.9233 -0.0138
vn 0.3857 -0.9226 -0.0117
vn 0.3450 -0.9385 -0.0124
vn 0.3427 -0.9393 -0.0141
vn 0.2938 -0.9558 -0.0133
vn 0.2963 -0.9550 -0.0119
vn 0.2418 -0.9703 -0.0102
vn 0.2392 -0.9709 -0.0116
vn 0.1824 -0.9832 -0.0089
vn 0.1849 -0.9827 -0.0082
vn 0.1293 -0.9916 -0.0061
vn 0.1270 -0.9919 -0.0066
vn 0.0752 -0.9972 -0.0037
vn 0.0771 -0.9970 -0.0039
vn 0.0344 -0.9994 -0.0019
vn 0.0334 -0.9994 -0.0017
vn 0.4412 -0.8974 -0.0065
vn 0.4418 -0.8971 -0.0048
vn 0.4194 -0.9078 -0.0061
vn 0.4185 -0.9082 -0.0082
vn 0.3872 -0.9219 -0.0097
vn 0.3884 -0.9215 -0.0070
vn 0.3482 -0.9374 -0.0074
vn 0.3468 -0.9379 -0.0100
vn 0.2984 -0.9544 -0.0098
vn 0.3000 -0.9539 -0.0072
vn 0.2455 -0.9694 -0.0064
vn 0.2439 -0.9698 -0.0086
vn 0.1870 -0.9823 -0.0070
vn 0.1885 -0.9821 -0.0052
vn 0.1325 -0.9912 -0.0040
vn 0.1311 -0.9914 -0.0053
vn 0.0786 -0.9969 -0.0036
vn 0.0797 -0.9968 -0.0027
vn 0.0359 -0.9994 -0.0013
vn 0.0353 -0.9994 -0.0017
vn 0.4423 -0.8969 -0.0030
vn 0.4425 -0.8968 -0.0009
vn 0.4203 -0.9074 -0.0012
vn 0.4200 -0.9075 -0.0036
vn 0.3892 -0.9212 -0.0042
vn 0.3896 -0.9210 -0.0015
vn 0.3496 -0.9369 -0.0015
vn 0.3492 -0.9370 -0.0046
vn 0.3010 -0.9536 -0.0044
vn 0.3015 -0.9535 -0.0015
vn 0.2472 -0.9690 -0.0012
vn 0.2466 -0.9691 -0.0041
vn 0.1895 -0.9819 -0.0033
vn 0.1901 -0.9818 -0.0012
vn 0.1339 -0.9910 -0.0008
vn 0.1335 -0.9911 -0.0026
vn 0.0805 -0.9968 -0.0016
vn 0.0808 -0.9967 -0.0006
vn 0.0366 -0.9993 -0.0004
vn 0.0364 -0.9993 -0.0009
vn 0.4425 -0.8968 0.0009
vn 0.4423 -0.8969 0.0030
vn 0.4200 -0.9075 0.0037
vn 0.4203 -0.9074 0.0012
vn 0.3896 -0.9210 0.0015
vn 0.3892 -0.9212 0.0042
vn 0.3492 -0.9370 0.0046
vn 0.3496 -0.9369 0.0015
vn 0.3015 -0.9534 0.0015
vn 0.3010 -0.9536 0.0044
vn 0.2466 -0.9691 0.0041
vn 0.2472 -0.9690 0.0012
vn 0.1901 -0.9818 0.0012
vn 0.1895 -0.9819 0.0033
vn 0.1335 -0.9910 0.0026
vn 0.1339 -0.9910 0.0008
vn 0.0808 -0.9967 0.0006
vn 0.0805 -0.9968 0.0016
vn 0.0364 -0.9993 0.0009
vn 0.0366 -0.9993 0.0004
vn 0.4419 -0.8971 0.0049
vn 0.4412 -0.8974 0.0065
vn 0.4186 -0.9081 0.0082
vn 0.4194 -0.9078 0.0061
vn 0.3884 -0.9215 0.0070
vn 0.3872 -0.9219 0.0096
vn 0.3468 -0.9379 0.0100
vn 0.3483 -0.9374 0.0074
vn 0.3000 -0.9539 0.0072
vn 0.2984 -0.9544 0.0098
vn 0.2439 -0.9698 0.0086
vn 0.2455 -0.9694 0.0064
vn 0.1885 -0.9821 0.0053
vn 0.1869 -0.9823 0.0070
vn 0.1311 -0.9914 0.0053
vn 0.1325 -0.9912 0.0041
vn 0.0797 -0.9968 0.0028
vn 0.0786 -0.9969 0.0036
vn 0.0353 -0.9994 0.0017
vn 0.0359 -0.9994 0.0013
vn 0.4404 -0.8978 0.0083
vn 0.4394 -0.8983 0.0099
vn 0.4159 -0.9093 0.0121
vn 0.4174 -0.9087 0.0104
vn 0.3857 -0.9226 0.0119
vn 0.3838 -0.9233 0.0137
vn 0.3427 -0.9394 0.0142
vn 0.3450 -0.9385 0.0124
vn 0.2963 -0.9550 0.0120
vn 0.2938 -0.9558 0.0133
vn 0.2391 -0.9709 0.0116
vn 0.2418 -0.9703 0.0102
vn 0.1849 -0.9827 0.0082
vn 0.1824 -0.9832 0.0089
vn 0.1270 -0.9919 0.0065
vn 0.1293 -0.9916 0.0061
vn 0.0771 -0.9970 0.0039
vn 0.0752 -0.9972 0.0037
vn 0.0334 -0.9994 0.0017
vn 0.0344 -0.9994 0.0019
vn 0.4381 -0.8988 0.0111
vn 0.4368 -0.8995 0.0124
vn 0.4123 -0.9109 0.0150
vn 0.4142 -0.9101 0.0137
vn 0.3816 -0.9242 0.0154
vn 0.3790 -0.9253 0.0162
vn 0.3369 -0.9414 0.0160
vn 0.3400 -0.9403 0.0154
vn 0.2908 -0.9567 0.0142
vn 0.2873 -0.9577 0.0143
vn 0.2325 -0.9725 0.0113
vn 0.2361 -0.9717 0.0118
vn 0.1794 -0.9837 0.0088
vn 0.1760 -0.9844 0.0076
vn 0.1213 -0.9926 0.0046
vn 0.1243 -0.9922 0.0058
vn 0.0731 -0.9973 0.0033
vn 0.0706 -0.9975 0.0015
vn 0.0307 -0.9995 0.0003
vn 0.0322 -0.9995 0.0010
vn 0.4353 -0.9002 0.0130
vn 0.4335 -0.9010 0.0135
vn 0.4078 -0.9129 0.0154
vn 0.4101 -0.9119 0.0155
vn 0.3762 -0.9264 0.0163
vn 0.3731 -0.9277 0.0155
vn 0.3298 -0.9440 0.0135
vn 0.3335 -0.9426 0.0156
vn 0.2835 -0.9589 0.0129
vn 0.2793 -0.9601 0.0100
vn 0.2243 -0.9745 0.0051
vn 0.2285 -0.9735 0.0093
vn 0.1723 -0.9850 0.0051
vn 0.1681 -0.9858 0.0002
vn 0.1141 -0.9935 -0.0029
vn 0.1179 -0.9930 0.0018
vn 0.0678 -0.9977 -0.0010
vn 0.0648 -0.9979 -0.0053
vn 0.0275 -0.9996 -0.0043
vn 0.0292 -0.9996 -0.0015
vn 0.4317 -0.9019 0.0135
vn 0.4298 -0.9028 0.0134
vn 0.4025 -0.9153 0.0133
vn 0.4052 -0.9141 0.0145
vn 0.3697 -0.9290 0.0132
vn 0.3662 -0.9305 0.0098
vn 0.3213 -0.9470 0.0037
vn 0.3257 -0.9454 0.0098
vn 0.2748 -0.9615 0.0046
vn 0.2699 -0.9629 -0.0041
vn 0.2144 -0.9767 -0.0122
vn 0.2196 -0.9756 -0.0016
vn 0.1636 -0.9865 -0.0066
vn 0.1587 -0.9872 -0.0188
vn 0.1056 -0.9941 -0.0227
vn 0.1101 -0.9939 -0.0106
vn 0.0616 -0.9980 -0.0123
vn 0.0580 -0.9981 -0.0230
vn 0.0236 -0.9996 -0.0158
vn 0.0256 -0.9996 -0.0083
vn 0.3024 -0.6392 -0.7071
vn 0.0386 -0.0826 -0.9958
vn 0.0362 -0.0845 -0.9958
vn 0.2829 -0.6493 -0.7059
vn 0.2563 -0.6599 -0.7063
vn 0.0329 -0.0865 -0.9957
vn 0.0288 -0.0887 -0.9956
vn 0.2234 -0.6699 -0.7080
vn 0.1860 -0.6789 -0.7102
vn 0.0240 -0.0907 -0.9956
vn 0.0189 -0.0925 -0.9955
vn 0.1464 -0.6862 -0.7125
vn 0.1073 -0.6921 -0.7138
vn 0.0138 -0.0941 -0.9955
vn 0.0089 -0.0953 -0.9954
vn 0.0704 -0.6970 -0.7136
vn 0.0377 -0.7123 -0.7008
vn 0.0040 -0.0983 -0.9951
vn -0.0021 -0.1199 -0.9928
vn 0.0135 -0.7905 -0.6124
vn 0.0054 -0.0125 -0.9999
vn -0.0062 0.0122 -0.9999
vn -0.0059 0.0125 -0.9999
vn 0.0050 -0.0128 -0.9999
vn 0.0045 -0.0132 -0.9999
vn -0.0054 0.0128 -0.9999
vn -0.0048 0.0132 -0.9999
vn 0.0039 -0.0135 -0.9999
vn 0.0032 -0.0138 -0.9999
vn -0.0041 0.0136 -0.9999
vn -0.0033 0.0139 -0.9999
vn 0.0024 -0.0141 -0.9999
vn 0.0016 -0.0143 -0.9999
vn -0.0026 0.0142 -0.9999
vn -0.0018 0.0144 -0.9999
vn 0.0009 -0.0145 -0.9999
vn -0.0001 -0.0145 -0.9999
vn -0.0015 0.0144 -0.9999
vn -0.0026 0.0132 -0.9999
vn -0.0022 -0.0132 -0.9999
vn -0.0391 0.0823 -0.9958
vn -0.2989 0.6321 -0.7150
vn -0.2802 0.6437 -0.7121
vn -0.0367 0.0842 -0.9958
vn -0.0336 0.0864 -0.9957
vn -0.2557 0.6587 -0.7077
vn -0.2253 0.6753 -0.7023
vn -0.0296 0.0888 -0.9956
vn -0.0249 0.0912 -0.9955
vn -0.1900 0.6918 -0.6966
vn -0.1518 0.7068 -0.6910
vn -0.0199 0.0933 -0.9954
vn -0.0147 0.0950 -0.9954
vn -0.1126 0.7185 -0.6864
vn -0.0747 0.7264 -0.6832
vn -0.0098 0.0964 -0.9953
vn -0.0060 0.0991 -0.9951
vn -0.0416 0.7390 -0.6724
vn -0.0211 0.8056 -0.5921
vn -0.0064 0.1189 -0.9929
vn -0.4292 0.9031 -0.0121
vn -0.4311 0.9022 -0.0124
vn -0.4043 0.9145 -0.0127
vn -0.4017 0.9157 -0.0113
vn -0.3653 0.9309 -0.0075
vn -0.3687 0.9295 -0.0116
vn -0.3248 0.9457 -0.0081
vn -0.3207 0.9472 -0.0024
vn -0.2697 0.9629 0.0041
vn -0.2742 0.9617 -0.0036
vn -0.2197 0.9756 0.0013
vn -0.2150 0.9766 0.0106
vn -0.1596 0.9870 0.0167
vn -0.1642 0.9864 0.0059
vn -0.1109 0.9938 0.0089
vn -0.1068 0.9941 0.0203
vn -0.0591 0.9980 0.0205
vn -0.0625 0.9980 0.0106
vn -0.0265 0.9996 0.0072
vn -0.0245 0.9996 0.0134
vn -0.4328 0.9014 -0.0125
vn -0.4345 0.9006 -0.0121
vn -0.4089 0.9125 -0.0142
vn -0.4067 0.9135 -0.0137
vn -0.3718 0.9282 -0.0134
vn -0.3747 0.9270 -0.0145
vn -0.3320 0.9432 -0.0138
vn -0.3285 0.9444 -0.0118
vn -0.2783 0.9604 -0.0084
vn -0.2822 0.9593 -0.0115
vn -0.2279 0.9737 -0.0083
vn -0.2240 0.9746 -0.0045
vn -0.1683 0.9857 -0.0005
vn -0.1721 0.9851 -0.0049
vn -0.1181 0.9930 -0.0020
vn -0.1147 0.9934 0.0023
vn -0.0656 0.9978 0.0042
vn -0.0684 0.9977 0.0003
vn -0.0299 0.9996 0.0007
vn -0.0283 0.9996 0.0027
vn -0.4360 0.8999 -0.0116
vn -0.4373 0.8993 -0.0106
vn -0.4128 0.9107 -0.0126
vn -0.4110 0.9115 -0.0134
vn -0.3773 0.9260 -0.0146
vn -0.3798 0.9250 -0.0138
vn -0.3380 0.9411 -0.0138
vn -0.3351 0.9421 -0.0142
vn -0.2857 0.9582 -0.0126
vn -0.2888 0.9573 -0.0127
vn -0.2347 0.9720 -0.0108
vn -0.2315 0.9728 -0.0103
vn -0.1755 0.9844 -0.0071
vn -0.1787 0.9839 -0.0082
vn -0.1241 0.9923 -0.0057
vn -0.1213 0.9926 -0.0044
vn -0.0710 0.9975 -0.0018
vn -0.0733 0.9973 -0.0035
vn -0.0328 0.9995 -0.0017
vn -0.0315 0.9995 -0.0007
vn -0.4385 0.8987 -0.0093
vn -0.4394 0.8982 -0.0079
vn -0.4158 0.9094 -0.0095
vn -0.4144 0.9100 -0.0112
vn -0.3818 0.9242 -0.0126
vn -0.3836 0.9234 -0.0107
vn -0.3425 0.9394 -0.0111
vn -0.3405 0.9402 -0.0127
vn -0.2916 0.9565 -0.0121
vn -0.2939 0.9558 -0.0106
vn -0.2400 0.9707 -0.0095
vn -0.2376 0.9713 -0.0105
vn -0.1814 0.9834 -0.0082
vn -0.1837 0.9830 -0.0076
vn -0.1287 0.9917 -0.0059
vn -0.1266 0.9919 -0.0062
vn -0.0754 0.9971 -0.0039
vn -0.0771 0.9970 -0.0040
vn -0.0350 0.9994 -0.0021
vn -0.0340 0.9994 -0.0021
vn -0.4402 0.8979 -0.0062
vn -0.4409 0.8976 -0.0044
vn -0.4178 0.9085 -0.0056
vn -0.4169 0.9089 -0.0076
vn -0.3850 0.9229 -0.0087
vn -0.3861 0.9224 -0.0063
vn -0.3456 0.9384 -0.0067
vn -0.3443 0.9388 -0.0091
vn -0.2958 0.9552 -0.0088
vn -0.2973 0.9548 -0.0065
vn -0.2434 0.9699 -0.0058
vn -0.2419 0.9703 -0.0079
vn -0.1856 0.9826 -0.0065
vn -0.1870 0.9824 -0.0050
vn -0.1317 0.9913 -0.0038
vn -0.1304 0.9914 -0.0051
vn -0.0785 0.9969 -0.0035
vn -0.0796 0.9968 -0.0026
vn -0.0365 0.9993 -0.0016
vn -0.0358 0.9994 -0.0018
vn -0.4413 0.8974 -0.0029
vn -0.4415 0.8973 -0.0009
vn -0.4186 0.9082 -0.0011
vn -0.4183 0.9083 -0.0035
vn -0.3868 0.9221 -0.0040
vn -0.3872 0.9220 -0.0013
vn -0.3469 0.9379 -0.0014
vn -0.3464 0.9381 -0.0041
vn -0.2982 0.9545 -0.0040
vn -0.2987 0.9543 -0.0014
vn -0.2449 0.9695 -0.0010
vn -0.2444 0.9697 -0.0037
vn -0.1879 0.9822 -0.0029
vn -0.1884 0.9821 -0.0009
vn -0.1330 0.9911 -0.0007
vn -0.1326 0.9912 -0.0025
vn -0.0803 0.9968 -0.0017
vn -0.0806 0.9967 -0.0006
vn -0.0371 0.9993 -0.0003
vn -0.0369 0.9993 -0.0010
vn -0.4415 0.8973 0.0009
vn -0.4413 0.8974 0.0029
vn -0.4183 0.9083 0.0035
vn -0.4186 0.9082 0.0011
vn -0.3872 0.9220 0.0013
vn -0.3868 0.9222 0.0040
vn -0.3464 0.9381 0.0041
vn -0.3469 0.9379 0.0015
vn -0.2987 0.9543 0.0014
vn -0.2982 0.9545 0.0040
vn -0.2444 0.9697 0.0037
vn -0.2449 0.9695 0.0010
vn -0.1884 0.9821 0.0008
vn -0.1879 0.9822 0.0030
vn -0.1326 0.9912 0.0025
vn -0.1330 0.9911 0.0007
vn -0.0806 0.9967 0.0006
vn -0.0803 0.9968 0.0017
vn -0.0369 0.9993 0.0010
vn -0.0371 0.9993 0.0003
vn -0.4409 0.8976 0.0045
vn -0.4402 0.8979 0.0062
vn -0.4169 0.9089 0.0076
vn -0.4177 0.9085 0.0056
vn -0.3861 0.9224 0.0063
vn -0.3850 0.9229 0.0087
vn -0.3443 0.9388 0.0090
vn -0.3456 0.9384 0.0067
vn -0.2973 0.9548 0.0065
vn -0.2958 0.9552 0.0088
vn -0.2419 0.9703 0.0079
vn -0.2434 0.9699 0.0058
vn -0.1870 0.9824 0.0050
vn -0.1856 0.9826 0.0065
vn -0.1304 0.9914 0.0051
vn -0.1317 0.9913 0.0038
vn -0.0796 0.9968 0.0026
vn -0.0785 0.9969 0.0036
vn -0.0358 0.9994 0.0018
vn -0.0365 0.9993 0.0016
vn -0.4394 0.8982 0.0078
vn -0.4385 0.8987 0.0092
vn -0.4145 0.9100 0.0112
vn -0.4158 0.9094 0.0095
vn -0.3836 0.9235 0.0106
vn -0.3818 0.9242 0.0125
vn -0.3405 0.9402 0.0127
vn -0.3426 0.9394 0.0111
vn -0.2939 0.9558 0.0106
vn -0.2916 0.9565 0.0121
vn -0.2376 0.9713 0.0106
vn -0.2400 0.9707 0.0095
vn -0.1837 0.9830 0.0076
vn -0.1814 0.9834 0.0082
vn -0.1266 0.9919 0.0064
vn -0.1287 0.9917 0.0058
vn -0.0771 0.9970 0.0039
vn -0.0754 0.9971 0.0038
vn -0.0340 0.9994 0.0020
vn -0.0350 0.9994 0.0021
vn -0.4373 0.8993 0.0106
vn -0.4360 0.8999 0.0116
vn -0.4110 0.9115 0.0135
vn -0.4128 0.9107 0.0127
vn -0.3797 0.9250 0.0138
vn -0.3774 0.9260 0.0145
vn -0.3351 0.9421 0.0144
vn -0.3380 0.9411 0.0138
vn -0.2888 0.9573 0.0128
vn -0.2857 0.9582 0.0126
vn -0.2315 0.9728 0.0103
vn -0.2347 0.9720 0.0107
vn -0.1787 0.9839 0.0083
vn -0.1755 0.9844 0.0069
vn -0.1213 0.9926 0.0046
vn -0.1241 0.9923 0.0056
vn -0.0733 0.9973 0.0036
vn -0.0710 0.9975 0.0020
vn -0.0315 0.9995 0.0007
vn -0.0328 0.9995 0.0017
vn -0.4345 0.9006 0.0121
vn -0.4329 0.9014 0.0126
vn -0.4067 0.9134 0.0138
vn -0.4090 0.9124 0.0140
vn -0.3747 0.9270 0.0145
vn -0.3718 0.9282 0.0134
vn -0.3285 0.9444 0.0117
vn -0.3320 0.9432 0.0136
vn -0.2822 0.9593 0.0116
vn -0.2784 0.9604 0.0083
vn -0.2239 0.9746 0.0047
vn -0.2279 0.9736 0.0082
vn -0.1721 0.9851 0.0049
vn -0.1683 0.9857 0.0005
vn -0.1147 0.9934 -0.0023
vn -0.1181 0.9930 0.0019
vn -0.0684 0.9977 -0.0005
vn -0.0656 0.9978 -0.0042
vn -0.0283 0.9996 -0.0027
vn -0.0299 0.9996 -0.0007
vn -0.4312 0.9022 0.0124
vn -0.4292 0.9031 0.0121
vn -0.4018 0.9157 0.0115
vn -0.4043 0.9145 0.0127
vn -0.3687 0.9295 0.0115
vn -0.3653 0.9309 0.0078
vn -0.3208 0.9472 0.0024
vn -0.3249 0.9457 0.0082
vn -0.2742 0.9617 0.0035
vn -0.2697 0.9629 -0.0040
vn -0.2150 0.9766 -0.0110
vn -0.2197 0.9756 -0.0014
vn -0.1642 0.9864 -0.0060
vn -0.1596 0.9870 -0.0169
vn -0.1068 0.9941 -0.0203
vn -0.1109 0.9938 -0.0091
vn -0.0625 0.9980 -0.0106
vn -0.0591 0.9980 -0.0204
vn -0.0245 0.9996 -0.0134
vn -0.0265 0.9996 -0.0072
vn -0.2989 0.6321 0.7150
vn -0.0390 0.0823 0.9958
vn -0.0367 0.0842 0.9958
vn -0.2801 0.6438 0.7120
vn -0.2557 0.6586 0.7077
vn -0.0336 0.0864 0.9957
vn -0.0296 0.0888 0.9956
vn -0.2252 0.6752 0.7024
vn -0.1901 0.6919 0.6965
vn -0.0249 0.0911 0.9955
vn -0.0199 0.0933 0.9954
vn -0.1518 0.7066 0.6911
vn -0.1126 0.7184 0.6864
vn -0.0148 0.0951 0.9954
vn -0.0098 0.0964 0.9953
vn -0.0747 0.7264 0.6832
vn -0.0416 0.7391 0.6723
vn -0.0060 0.0991 0.9951
vn -0.0064 0.1189 0.9929
vn -0.0211 0.8056 0.5921
vn -0.0062 0.0122 0.9999
vn 0.0054 -0.0125 0.9999
vn 0.0050 -0.0128 0.9999
vn -0.0059 0.0125 0.9999
vn -0.0054 0.0128 0.9999
vn 0.0045 -0.0132 0.9999
vn 0.0039 -0.0135 0.9999
vn -0.0048 0.0132 0.9999
vn -0.0041 0.0136 0.9999
vn 0.0032 -0.0138 0.9999
vn 0.0024 -0.0141 0.9999
vn -0.0034 0.0139 0.9999
vn -0.0026 0.0142 0.9999
vn 0.0016 -0.0143 0.9999
vn 0.0009 -0.0145 0.9999
vn -0.0018 0.0144 0.9999
vn -0.0015 0.0144 0.9999
vn -0.0001 -0.0145 0.9999
vn -0.0022 -0.0132 0.9999
vn -0.0026 0.0132 0.9999
vn 0.0386 -0.0826 0.9958
vn 0.3024 -0.6393 0.7070
vn 0.2829 -0.6495 0.7058
vn 0.0362 -0.0845 0.9958
vn 0.0329 -0.0865 0.9957
vn 0.2564 -0.6598 0.7063
vn 0.2234 -0.6699 0.7080
vn 0.0287 -0.0887 0.9956
vn 0.0240 -0.0907 0.9956
vn 0.1861 -0.6789 0.7102
vn 0.1464 -0.6862 0.7126
vn 0.0189 -0.0925 0.9955
vn 0.0138 -0.0941 0.9955
vn 0.1072 -0.6920 0.7139
vn 0.0704 -0.6970 0.7136
vn 0.0089 -0.0953 0.9954
vn 0.0040 -0.0983 0.9951
vn 0.0377 -0.7124 0.7008
vn 0.0135 -0.7906 0.6122
vn -0.0021 -0.1199 0.9928
vn -0.0064 0.9992 0.0389
vn -0.0086 0.9988 0.0491
vn 0.2793 0.9598 0.0283
vn 0.2800 0.9597 0.0225
vn 0.3570 -0.9301 -0.0868
vn 0.3554 -0.9321 -0.0693
vn 0.0042 -0.9982 -0.0603
vn 0.0069 -0.9971 -0.0760
vn -0.0033 0.9998 0.0206
vn -0.0046 0.9996 0.0294
vn 0.2806 0.9597 0.0169
vn 0.2811 0.9596 0.0119
vn 0.3147 -0.8269 -0.4661
vn 0.0452 -0.1336 -0.9900
vn -0.0051 -0.1554 -0.9878
vn 0.0039 -0.9033 -0.4290
vn -0.0019 1.0000 0.0041
vn -0.0024 0.9999 0.0123
vn 0.2814 0.9596 0.0071
vn 0.2816 0.9595 0.0023
vn 0.3438 -0.9390 0.0108
vn 0.3446 -0.9386 0.0155
vn -0.0087 -0.9999 0.0130
vn -0.0096 -0.9999 0.0091
vn -0.0024 0.9999 -0.0123
vn -0.0019 1.0000 -0.0041
vn 0.2816 0.9595 -0.0023
vn 0.2814 0.9596 -0.0070
vn 0.3500 -0.9360 -0.0383
vn 0.3483 -0.9368 -0.0318
vn -0.0045 -0.9996 -0.0271
vn -0.0026 -0.9995 -0.0331
vn -0.0046 0.9996 -0.0294
vn -0.0033 0.9998 -0.0207
vn 0.2811 0.9596 -0.0119
vn 0.2806 0.9597 -0.0169
vn 0.3483 -0.9368 0.0317
vn 0.3500 -0.9360 0.0383
vn -0.0026 -0.9995 0.0330
vn -0.0045 -0.9996 0.0271
vn -0.0086 0.9988 -0.0491
vn -0.0064 0.9992 -0.0389
vn 0.2800 0.9597 -0.0224
vn 0.2793 0.9598 -0.0284
vn 0.0044 -0.0190 -0.9998
vn -0.0022 0.0181 -0.9998
vn 0.0041 0.0192 -0.9998
vn -0.0026 -0.0210 -0.9998
vn 0.3446 -0.9386 -0.0155
vn 0.3438 -0.9390 -0.0108
vn -0.0096 -0.9999 -0.0092
vn -0.0087 -0.9999 -0.0130
vn -0.0140 0.9972 -0.0737
vn -0.0111 0.9981 -0.0604
vn 0.2784 0.9598 -0.0352
vn 0.2773 0.9598 -0.0429
vn 0.4983 -0.8670 -0.0050
vn 0.4975 -0.8675 -0.0046
vn 0.4580 -0.8889 0.0112
vn 0.4582 -0.8888 0.0078
vn -0.4231 0.9061 0.0036
vn -0.4231 0.9061 0.0060
vn -0.2787 0.9603 0.0146
vn -0.2784 0.9604 0.0053
vn 0.4497 -0.7954 -0.4063
vn 0.1326 -0.1970 -0.9714
vn 0.0514 -0.1020 -0.9935
vn 0.3763 -0.7351 -0.5639
vn -0.4230 0.9060 0.0136
vn -0.4230 0.9060 0.0161
vn -0.2803 0.9593 0.0352
vn -0.2794 0.9598 0.0255
vn 0.4857 -0.8741 0.0098
vn 0.4875 -0.8730 0.0122
vn 0.4556 -0.8886 -0.0536
vn 0.4549 -0.8880 -0.0671
vn -0.4229 0.9058 0.0247
vn -0.4229 0.9057 0.0277
vn -0.2829 0.9573 0.0587
vn -0.2815 0.9584 0.0474
vn 0.4988 -0.8667 0.0017
vn 0.4991 -0.8665 0.0019
vn 0.4583 -0.8888 -0.0014
vn 0.4582 -0.8888 -0.0046
vn -0.4227 0.9055 0.0382
vn -0.4227 0.9053 0.0421
vn -0.2862 0.9542 0.0875
vn -0.2845 0.9559 0.0729
vn 0.4909 -0.8712 -0.0118
vn 0.4892 -0.8721 -0.0099
vn 0.4561 -0.8889 0.0428
vn 0.4566 -0.8890 0.0350
vn -0.4223 0.9047 0.0567
vn -0.4222 0.9044 0.0623
vn -0.2896 0.9487 0.1273
vn -0.2879 0.9517 0.1062
vn 0.4953 -0.8687 0.0072
vn 0.4965 -0.8680 0.0079
vn 0.4578 -0.8889 -0.0149
vn 0.4575 -0.8890 -0.0187
vn -0.4214 0.9028 0.0864
vn -0.4210 0.9019 0.0965
vn -0.2913 0.9368 0.1937
vn -0.2908 0.9439 0.1568
vn 0.4965 -0.8680 -0.0079
vn 0.4953 -0.8687 -0.0072
vn 0.4576 -0.8890 0.0187
vn 0.4578 -0.8889 0.0148
vn -0.3591 0.7848 0.5052
vn -0.0774 0.2054 0.9756
vn -0.0315 0.0989 0.9946
vn -0.2039 0.6506 0.7315
vn 0.4891 -0.8721 0.0100
vn 0.4909 -0.8712 0.0118
vn 0.4566 -0.8890 -0.0350
vn 0.4562 -0.8889 -0.0426
vn -0.0775 0.2054 -0.9756
vn -0.3591 0.7848 -0.5052
vn -0.2039 0.6505 -0.7316
vn -0.0315 0.0989 -0.9946
vn 0.6755 0.7344 -0.0663
vn 0.6759 0.7350 -0.0542
vn 0.9841 0.1674 -0.0592
vn 0.9832 0.1674 -0.0723
vn -0.6817 -0.7269 0.0831
vn -0.6806 -0.7251 0.1050
vn -0.9049 -0.4088 0.1183
vn -0.9073 -0.4099 0.0937
vn 0.0105 0.0113 0.9999
vn -0.0105 -0.0113 0.9999
vn -0.0138 -0.0046 0.9999
vn 0.0141 0.0034 0.9999
vn 0.6734 0.7320 -0.1035
vn 0.6746 0.7336 -0.0821
vn 0.9818 0.1674 -0.0895
vn 0.9794 0.1672 -0.1130
vn -0.6833 -0.7301 0.0025
vn -0.6833 -0.7301 0.0074
vn -0.9110 -0.4124 0.0083
vn -0.9110 -0.4124 0.0028
vn 0.0689 0.0747 -0.9948
vn 0.4742 0.5155 -0.7137
vn 0.6691 0.1157 -0.7341
vn 0.0943 0.0179 -0.9954
vn -0.6825 -0.7278 -0.0672
vn -0.6829 -0.7285 -0.0551
vn -0.9094 -0.4112 -0.0620
vn -0.9086 -0.4107 -0.0758
vn 0.4743 0.5155 0.7137
vn 0.0689 0.0747 0.9948
vn 0.0944 0.0179 0.9954
vn 0.6691 0.1157 0.7341
vn -0.6833 -0.7298 0.0235
vn -0.6832 -0.7296 0.0300
vn -0.9106 -0.4120 0.0338
vn -0.9107 -0.4121 0.0266
vn 0.6747 0.7336 0.0821
vn 0.6733 0.7321 0.1036
vn 0.9794 0.1672 0.1130
vn 0.9818 0.1673 0.0894
vn -0.6833 -0.7296 -0.0300
vn -0.6833 -0.7298 -0.0236
vn -0.9107 -0.4121 -0.0267
vn -0.9106 -0.4120 -0.0338
vn 0.6760 0.7349 0.0542
vn 0.6755 0.7344 0.0662
vn 0.9832 0.1674 0.0723
vn 0.9841 0.1673 0.0592
vn -0.6828 -0.7285 0.0550
vn -0.6824 -0.7279 0.0672
vn -0.9086 -0.4107 0.0759
vn -0.9094 -0.4112 0.0620
vn 0.6764 0.7356 0.0366
vn 0.6762 0.7354 0.0446
vn 0.9847 0.1673 0.0488
vn 0.9851 0.1672 0.0399
vn 0.3432 -0.9392 -0.0065
vn 0.3430 -0.9393 -0.0021
vn -0.0105 -0.9999 -0.0017
vn -0.0102 -0.9999 -0.0054
vn -0.0111 0.9981 0.0605
vn -0.0140 0.9972 0.0737
vn 0.2773 0.9598 0.0429
vn 0.2784 0.9598 0.0352
vn 0.3517 -0.9349 0.0464
vn 0.3536 -0.9337 0.0563
vn 0.0018 -0.9988 0.0487
vn -0.0005 -0.9992 0.0399
vn -0.0171 0.9959 0.0891
vn -0.0205 0.9939 0.1082
vn 0.2748 0.9594 0.0637
vn 0.2761 0.9597 0.0519
vn 0.3469 -0.9375 -0.0256
vn 0.3456 -0.9382 -0.0202
vn -0.0076 -0.9998 -0.0173
vn -0.0062 -0.9997 -0.0221
vn -0.0240 0.9908 0.1329
vn -0.0277 0.9856 0.1667
vn 0.2714 0.9574 0.0991
vn 0.2732 0.9587 0.0786
vn 0.3456 -0.9381 0.0203
vn 0.3469 -0.9376 0.0256
vn -0.0062 -0.9997 0.0220
vn -0.0076 -0.9998 0.0173
vn -0.0243 0.7089 0.7049
vn -0.0065 0.1148 0.9934
vn 0.0319 0.1206 0.9922
vn 0.2053 0.7330 0.6486
vn 0.3536 -0.9337 -0.0563
vn 0.3517 -0.9350 -0.0464
vn -0.0005 -0.9992 -0.0399
vn 0.0018 -0.9988 -0.0485
vn -0.0065 0.1148 -0.9934
vn -0.0243 0.7089 -0.7048
vn 0.2052 0.7328 -0.6487
vn 0.0319 0.1206 -0.9922
vn 0.3429 -0.9394 0.0021
vn 0.3433 -0.9392 0.0065
vn -0.0102 -0.9999 0.0055
vn -0.0105 -0.9999 0.0017
vn -0.0277 0.9856 -0.1668
vn -0.0240 0.9908 -0.1329
vn 0.2732 0.9587 -0.0785
vn 0.2714 0.9574 -0.0990
vn -0.0022 0.0181 0.9998
vn 0.0044 -0.0190 0.9998
vn -0.0026 -0.0210 0.9998
vn 0.0041 0.0192 0.9998
vn 0.3554 -0.9322 0.0694
vn 0.3571 -0.9300 0.0868
vn 0.0069 -0.9971 0.0760
vn 0.0042 -0.9982 0.0604
vn -0.0205 0.9939 -0.1082
vn -0.0171 0.9959 -0.0892
vn 0.2761 0.9597 -0.0519
vn 0.2748 0.9594 -0.0638
vn 0.0452 -0.1336 0.9900
vn 0.3148 -0.8269 0.4661
vn 0.0039 -0.9033 0.4290
vn -0.0051 -0.1554 0.9878
vn 0.9306 -0.3653 0.0220
vn 0.9304 -0.3655 0.0278
vn 0.7650 -0.6434 0.0280
vn 0.7657 -0.6428 0.0222
vn -0.9624 -0.2441 -0.1188
vn -0.9647 -0.2460 -0.0940
vn -0.8812 0.4685 -0.0633
vn -0.8774 0.4731 -0.0795
vn 0.9310 -0.3649 0.0116
vn 0.9308 -0.3651 0.0167
vn 0.7663 -0.6423 0.0167
vn 0.7667 -0.6419 0.0117
vn -0.8169 -0.2250 -0.5310
vn -0.1114 -0.0590 -0.9920
vn -0.2007 -0.2405 -0.9497
vn -0.8610 0.2580 -0.4383
vn 0.9311 -0.3647 0.0023
vn 0.9311 -0.3648 0.0069
vn 0.7669 -0.6417 0.0069
vn 0.7670 -0.6416 0.0023
vn -0.9682 -0.2497 0.0142
vn -0.9682 -0.2495 0.0202
vn -0.8890 0.4576 0.0138
vn -0.8893 0.4572 0.0097
vn 0.9311 -0.3648 -0.0069
vn 0.9311 -0.3648 -0.0023
vn 0.7670 -0.6416 -0.0023
vn 0.7669 -0.6417 -0.0069
vn -0.9673 -0.2484 -0.0513
vn -0.9676 -0.2489 -0.0420
vn -0.8875 0.4600 -0.0284
vn -0.8866 0.4613 -0.0348
vn 0.9309 -0.3650 -0.0167
vn 0.9310 -0.3649 -0.0116
vn 0.7667 -0.6420 -0.0117
vn 0.7663 -0.6423 -0.0168
vn -0.9676 -0.2489 0.0420
vn -0.9673 -0.2485 0.0513
vn -0.8866 0.4613 0.0348
vn -0.8875 0.4600 0.0284
vn 0.9304 -0.3655 -0.0278
vn 0.9306 -0.3653 -0.0220
vn 0.7657 -0.6428 -0.0222
vn 0.7650 -0.6434 -0.0280
vn -0.0129 -0.0334 -0.9994
vn 0.0222 -0.0322 -0.9992
vn -0.0160 -0.1911 -0.9814
vn -0.0681 -0.2267 -0.9716
vn -0.9681 -0.2496 -0.0203
vn -0.9682 -0.2497 -0.0142
vn -0.8893 0.4572 -0.0096
vn -0.8890 0.4576 -0.0139
vn 0.9296 -0.3662 -0.0421
vn 0.9301 -0.3658 -0.0345
vn 0.7641 -0.6442 -0.0346
vn 0.7630 -0.6450 -0.0422
vn -0.0715 -0.0764 0.9945
vn -0.5463 -0.5821 0.6023
vn -0.7174 -0.3210 0.6183
vn -0.0913 -0.0380 0.9951
vn 0.6762 0.7353 -0.0446
vn 0.6764 0.7356 -0.0365
vn 0.9851 0.1672 -0.0399
vn 0.9847 0.1673 -0.0488
vn -0.6833 -0.7299 -0.0179
vn -0.6833 -0.7300 -0.0125
vn -0.9109 -0.4123 -0.0141
vn -0.9108 -0.4122 -0.0202
vn -0.0106 -0.0113 -0.9999
vn 0.0105 0.0113 -0.9999
vn 0.0141 0.0034 -0.9999
vn -0.0138 -0.0046 -0.9999
vn 0.6766 0.7358 -0.0296
vn 0.6767 0.7359 -0.0232
vn 0.9856 0.1670 -0.0254
vn 0.9854 0.1671 -0.0322
vn -0.6832 -0.7293 0.0370
vn -0.6831 -0.7290 0.0451
vn -0.9100 -0.4115 0.0510
vn -0.9103 -0.4118 0.0418
vn 0.6767 0.7360 -0.0177
vn 0.6768 0.7361 -0.0123
vn 0.9859 0.1669 -0.0135
vn 0.9858 0.1670 -0.0192
vn -0.6831 -0.7289 -0.0452
vn -0.6832 -0.7293 -0.0369
vn -0.9103 -0.4118 -0.0418
vn -0.9100 -0.4115 -0.0510
vn 0.6768 0.7361 -0.0073
vn 0.6768 0.7362 -0.0024
vn 0.9860 0.1669 -0.0027
vn 0.9859 0.1669 -0.0080
vn -0.6833 -0.7301 0.0125
vn -0.6833 -0.7299 0.0179
vn -0.9108 -0.4123 0.0202
vn -0.9109 -0.4123 0.0141
vn 0.6768 0.7361 0.0024
vn 0.6768 0.7361 0.0074
vn 0.9859 0.1669 0.0080
vn 0.9860 0.1669 0.0027
vn -0.5462 -0.5821 -0.6024
vn -0.0715 -0.0764 -0.9945
vn -0.0914 -0.0380 -0.9951
vn -0.7173 -0.3210 -0.6184
vn 0.6768 0.7361 0.0124
vn 0.6767 0.7360 0.0176
vn 0.9858 0.1670 0.0193
vn 0.9859 0.1669 0.0135
vn -0.6805 -0.7252 -0.1052
vn -0.6818 -0.7268 -0.0830
vn -0.9073 -0.4100 -0.0937
vn -0.9049 -0.4088 -0.1183
vn 0.6767 0.7359 0.0232
vn 0.6766 0.7358 0.0296
vn 0.9854 0.1671 0.0322
vn 0.9856 0.1670 0.0254
vn -0.6833 -0.7301 -0.0074
vn -0.6833 -0.7301 -0.0025
vn -0.9110 -0.4124 -0.0028
vn -0.9110 -0.4124 -0.0083
vn 0.6241 -0.7783 -0.0682
vn 0.6270 -0.7770 -0.0560
vn 0.4807 -0.8752 -0.0536
vn 0.4775 -0.8762 -0.0654
vn -0.8315 0.5526 0.0561
vn -0.8276 0.5568 0.0707
vn -0.8723 0.4822 0.0813
vn -0.8766 0.4769 0.0643
vn -0.1557 -0.2918 0.9437
vn -0.2073 -0.2894 0.9345
vn -0.2789 -0.2867 0.9165
vn -0.2480 -0.3066 0.9190
vn 0.6132 -0.7827 -0.1065
vn 0.6196 -0.7804 -0.0846
vn 0.4728 -0.8774 -0.0808
vn 0.4654 -0.8792 -0.1017
vn -0.8406 0.5417 0.0016
vn -0.8405 0.5418 0.0051
vn -0.8862 0.4633 0.0057
vn -0.8863 0.4631 0.0020
vn -0.0458 -0.3732 -0.9266
vn 0.4285 -0.7416 -0.5161
vn 0.2523 -0.8188 -0.5157
vn -0.1431 -0.4284 -0.8922
vn -0.8342 0.5496 -0.0457
vn -0.8360 0.5475 -0.0376
vn -0.8813 0.4707 -0.0430
vn -0.8793 0.4733 -0.0524
vn 0.4283 -0.7416 0.5163
vn -0.0458 -0.3731 0.9266
vn -0.1431 -0.4284 0.8922
vn 0.2523 -0.8189 0.5156
vn -0.8396 0.5429 0.0162
vn -0.8390 0.5437 0.0206
vn -0.8846 0.4657 0.0234
vn -0.8852 0.4649 0.0186
vn 0.6197 -0.7802 0.0847
vn 0.6132 -0.7827 0.1063
vn 0.4656 -0.8792 0.1017
vn 0.4727 -0.8775 0.0809
vn -0.8390 0.5437 -0.0206
vn -0.8396 0.5430 -0.0162
vn -0.8852 0.4648 -0.0185
vn -0.8846 0.4658 -0.0235
vn 0.6271 -0.7769 0.0560
vn 0.6240 -0.7784 0.0682
vn 0.4775 -0.8762 0.0655
vn 0.4807 -0.8752 0.0537
vn -0.8359 0.5475 0.0376
vn -0.8342 0.5495 0.0457
vn -0.8793 0.4734 0.0524
vn -0.8813 0.4706 0.0431
vn 0.6312 -0.7747 0.0379
vn 0.6294 -0.7757 0.0461
vn 0.4831 -0.8745 0.0444
vn 0.4847 -0.8739 0.0361
vn -0.9683 -0.2498 -0.0084
vn -0.9683 -0.2498 -0.0028
vn -0.8895 0.4568 -0.0019
vn -0.8895 0.4570 -0.0057
vn 0.9301 -0.3658 0.0345
vn 0.9296 -0.3661 0.0421
vn 0.7630 -0.6450 0.0422
vn 0.7641 -0.6442 0.0347
vn -0.9668 -0.2479 0.0623
vn -0.9660 -0.2471 0.0762
vn -0.8837 0.4653 0.0514
vn -0.8854 0.4630 0.0422
vn 0.9290 -0.3665 0.0512
vn 0.9282 -0.3668 0.0625
vn 0.7597 -0.6472 0.0628
vn 0.7616 -0.6460 0.0514
vn -0.9679 -0.2492 -0.0339
vn -0.9680 -0.2494 -0.0268
vn -0.8887 0.4582 -0.0182
vn -0.8882 0.4590 -0.0231
vn 0.9270 -0.3671 0.0772
vn 0.9250 -0.3672 0.0977
vn 0.7537 -0.6499 0.0979
vn 0.7573 -0.6485 0.0775
vn -0.9680 -0.2494 0.0267
vn -0.9679 -0.2492 0.0339
vn -0.8881 0.4590 0.0231
vn -0.8887 0.4582 0.0182
vn 0.7217 -0.2959 0.6258
vn 0.1244 -0.0673 0.9899
vn 0.0947 -0.2446 0.9650
vn 0.6021 -0.5917 0.5361
vn -0.9660 -0.2471 -0.0761
vn -0.9668 -0.2479 -0.0623
vn -0.8854 0.4630 -0.0422
vn -0.8836 0.4653 -0.0513
vn 0.1244 -0.0673 -0.9899
vn 0.7215 -0.2959 -0.6260
vn 0.6020 -0.5917 -0.5361
vn 0.0947 -0.2446 -0.9650
vn -0.9683 -0.2498 0.0028
vn -0.9683 -0.2498 0.0084
vn -0.8894 0.4570 0.0057
vn -0.8895 0.4568 0.0019
vn 0.9250 -0.3672 -0.0977
vn 0.9269 -0.3671 -0.0773
vn 0.7573 -0.6485 -0.0774
vn 0.7537 -0.6499 -0.0979
vn 0.0222 -0.0322 0.9992
vn -0.0129 -0.0334 0.9994
vn -0.0680 -0.2267 0.9716
vn -0.0160 -0.1911 0.9814
vn -0.9647 -0.2460 0.0940
vn -0.9625 -0.2441 0.1187
vn -0.8774 0.4731 0.0796
vn -0.8812 0.4685 0.0632
vn 0.9282 -0.3668 -0.0625
vn 0.9290 -0.3665 -0.0512
vn 0.7616 -0.6460 -0.0514
vn 0.7598 -0.6472 -0.0628
vn -0.1114 -0.0591 0.9920
vn -0.8170 -0.2250 0.5309
vn -0.8611 0.2579 0.4381
vn -0.2007 -0.2405 0.9497
vn -0.9934 0.0421 0.1066
vn 0.0321 -0.9986 -0.0424
vn 0.0312 -0.9989 -0.0336
vn -0.9958 0.0360 0.0842
vn -0.9997 0.0233 0.0075
vn 0.0189 -0.9998 -0.0030
vn 0.0186 -0.9998 -0.0010
vn -0.9997 0.0232 0.0025
vn -0.9980 0.0294 -0.0558
vn 0.0281 -0.9994 0.0222
vn 0.0298 -0.9992 0.0264
vn -0.9971 0.0322 -0.0683
vn -0.9992 0.0252 0.0304
vn 0.0230 -0.9997 -0.0117
vn 0.0216 -0.9997 -0.0091
vn -0.9994 0.0244 0.0241
vn -0.9994 0.0244 -0.0240
vn 0.0216 -0.9997 0.0091
vn 0.0230 -0.9997 0.0117
vn -0.9992 0.0252 -0.0304
vn -0.9972 0.0321 0.0682
vn 0.0298 -0.9992 -0.0264
vn 0.0281 -0.9994 -0.0222
vn -0.9980 0.0295 0.0559
vn -0.9997 0.0232 -0.0024
vn 0.0186 -0.9998 0.0008
vn 0.0189 -0.9998 0.0030
vn -0.9997 0.0233 -0.0076
vn -0.9958 0.0361 -0.0842
vn 0.0312 -0.9989 0.0336
vn 0.0320 -0.9986 0.0424
vn -0.9934 0.0421 -0.1065
vn -0.3490 -0.2851 -0.8927
vn -0.2649 -0.3642 -0.8929
vn -0.1599 -0.7514 -0.6402
vn -0.7869 -0.1767 -0.5912
vn -0.9996 0.0239 0.0181
vn 0.0204 -0.9998 -0.0070
vn 0.0195 -0.9998 -0.0050
vn -0.9996 0.0236 0.0128
vn -0.9990 0.0261 -0.0376
vn 0.0246 -0.9996 0.0144
vn 0.0263 -0.9995 0.0183
vn -0.9986 0.0275 -0.0459
vn -0.9986 0.0275 0.0459
vn 0.0263 -0.9995 -0.0183
vn 0.0246 -0.9996 -0.0144
vn -0.9990 0.0261 0.0375
vn -0.9996 0.0236 -0.0127
vn 0.0195 -0.9998 0.0050
vn 0.0204 -0.9998 0.0070
vn -0.9996 0.0239 -0.0181
vn -0.7866 -0.1768 0.5916
vn -0.1598 -0.7513 0.6404
vn -0.2649 -0.3641 0.8929
vn -0.3490 -0.2851 0.8927
vn -0.3343 -0.2263 0.9149
vn -0.8499 0.3480 0.3956
vn -0.8794 0.2759 0.3879
vn -0.4038 -0.2011 0.8925
vn 0.6294 -0.7757 -0.0460
vn 0.6312 -0.7747 -0.0378
vn 0.4847 -0.8739 -0.0363
vn 0.4830 -0.8745 -0.0444
vn -0.8400 0.5424 -0.0123
vn -0.8403 0.5421 -0.0086
vn -0.8860 0.4637 -0.0098
vn -0.8856 0.4642 -0.0141
vn -0.2073 -0.2894 -0.9345
vn -0.1557 -0.2918 -0.9437
vn -0.2480 -0.3066 -0.9190
vn -0.2789 -0.2867 -0.9165
vn 0.6325 -0.7739 -0.0305
vn 0.6336 -0.7733 -0.0240
vn 0.4869 -0.8731 -0.0232
vn 0.4860 -0.8735 -0.0292
vn -0.8383 0.5447 0.0254
vn -0.8373 0.5458 0.0310
vn -0.8827 0.4686 0.0353
vn -0.8837 0.4671 0.0292
vn 0.6344 -0.7728 -0.0182
vn 0.6349 -0.7725 -0.0128
vn 0.4880 -0.8728 -0.0125
vn 0.4875 -0.8729 -0.0174
vn -0.8373 0.5459 -0.0310
vn -0.8383 0.5446 -0.0254
vn -0.8837 0.4671 -0.0293
vn -0.8827 0.4686 -0.0353
vn 0.6353 -0.7722 -0.0075
vn 0.6354 -0.7722 -0.0024
vn 0.4885 -0.8726 -0.0024
vn 0.4883 -0.8727 -0.0071
vn -0.8403 0.5420 0.0086
vn -0.8400 0.5424 0.0123
vn -0.8856 0.4642 0.0141
vn -0.8859 0.4637 0.0098
vn 0.6354 -0.7722 0.0025
vn 0.6353 -0.7722 0.0075
vn 0.4883 -0.8727 0.0071
vn 0.4885 -0.8726 0.0024
vn -0.8499 0.3480 -0.3958
vn -0.3343 -0.2263 -0.9149
vn -0.4040 -0.2011 -0.8924
vn -0.8794 0.2759 -0.3880
vn 0.6349 -0.7725 0.0128
vn 0.6344 -0.7728 0.0182
vn 0.4876 -0.8729 0.0175
vn 0.4880 -0.8728 0.0124
vn -0.8276 0.5568 -0.0707
vn -0.8316 0.5526 -0.0561
vn -0.8766 0.4769 -0.0644
vn -0.8723 0.4822 -0.0812
vn 0.6336 -0.7733 0.0241
vn 0.6325 -0.7739 0.0305
vn 0.4860 -0.8735 0.0294
vn 0.4869 -0.8731 0.0233
vn -0.8405 0.5418 -0.0051
vn -0.8406 0.5417 -0.0016
vn -0.8863 0.4632 -0.0020
vn -0.8861 0.4634 -0.0058
vn -0.0019 -1.0000 -0.0019
vn -0.0086 -1.0000 -0.0015
vn -0.0091 -1.0000 0.0027
vn -0.0010 -1.0000 0.0065
vn 0.0465 0.0341 0.9983
vn 0.1389 0.0334 0.9897
vn 0.1284 0.0523 0.9903
vn 0.0429 0.0534 0.9977
vn 0.2307 0.0321 0.9725
vn 0.3207 0.0303 0.9467
vn 0.2985 0.0475 0.9532
vn 0.2138 0.0504 0.9756
vn 0.4087 0.0279 0.9123
vn 0.4936 0.0251 0.8693
vn 0.4652 0.0395 0.8843
vn 0.3825 0.0439 0.9229
vn 0.5749 0.0219 0.8179
vn 0.6517 0.0186 0.7583
vn 0.6233 0.0295 0.7814
vn 0.5457 0.0347 0.8373
vn 0.7229 0.0152 0.6908
vn 0.7879 0.0119 0.6157
vn 0.7657 0.0190 0.6430
vn 0.6971 0.0242 0.7166
vn 0.8456 0.0088 0.5337
vn 0.8952 0.0061 0.4457
vn 0.8823 0.0097 0.4706
vn 0.8280 0.0141 0.5606
vn 0.9359 0.0037 0.3523
vn 0.9670 0.0019 0.2547
vn 0.9626 0.0031 0.2709
vn 0.9276 0.0060 0.3734
vn 0.9881 0.0007 0.1540
vn 0.9987 0.0001 0.0516
vn 0.9985 0.0001 0.0549
vn 0.9865 0.0011 0.1640
vn 0.9987 0.0001 -0.0515
vn 0.9881 0.0007 -0.1537
vn 0.9866 0.0010 -0.1631
vn 0.9985 0.0001 -0.0548
vn 0.9672 0.0018 -0.2541
vn 0.9363 0.0035 -0.3511
vn 0.9293 0.0053 -0.3693
vn 0.9633 0.0028 -0.2685
vn 0.8960 0.0055 -0.4440
vn 0.8470 0.0079 -0.5316
vn 0.8331 0.0117 -0.5529
vn 0.8855 0.0083 -0.4645
vn 0.7899 0.0104 -0.6132
vn 0.7256 0.0131 -0.6880
vn 0.7066 0.0191 -0.7074
vn 0.7730 0.0154 -0.6342
vn 0.6547 0.0157 -0.7557
vn 0.5785 0.0183 -0.8155
vn 0.5580 0.0263 -0.8294
vn 0.6345 0.0228 -0.7726
vn 0.4972 0.0206 -0.8674
vn 0.4122 0.0227 -0.9108
vn 0.3945 0.0323 -0.9183
vn 0.4777 0.0295 -0.8780
vn 0.3238 0.0245 -0.9458
vn 0.2330 0.0259 -0.9721
vn 0.2220 0.0365 -0.9744
vn 0.3090 0.0347 -0.9504
vn 0.1405 0.0268 -0.9897
vn 0.0470 0.0273 -0.9985
vn 0.0447 0.0383 -0.9983
vn 0.1335 0.0377 -0.9903
vn 0.0000 -1.0000 0.0001
vn 0.0000 -1.0000 -0.0001
vn 0.3644 0.8914 -0.2697
vn 0.0582 0.9976 -0.0370
vn 0.0577 0.9973 -0.0447
vn 0.3579 0.8759 -0.3237
vn -0.0021 -1.0000 -0.0021
vn -0.0096 -1.0000 -0.0004
vn -0.0101 -0.9999 0.0027
vn -0.0014 -1.0000 0.0054
vn 0.3579 0.8759 0.3236
vn 0.0577 0.9973 0.0446
vn 0.0582 0.9976 0.0370
vn 0.3644 0.8914 0.2697
vn 0.2926 0.7160 0.6338
vn 0.0551 0.9931 0.1039
vn 0.0559 0.9952 0.0800
vn 0.3196 0.7825 0.5344
vn -0.0022 -1.0000 -0.0024
vn -0.0105 -0.9999 -0.0002
vn -0.0108 -0.9999 0.0029
vn -0.0017 -1.0000 0.0048
vn 0.3769 0.9215 -0.0941
vn 0.0595 0.9981 -0.0128
vn 0.0592 0.9981 -0.0183
vn 0.3751 0.9173 -0.1339
vn 0.3780 0.9241 0.0560
vn 0.0596 0.9982 0.0077
vn 0.0597 0.9982 0.0025
vn 0.3785 0.9254 0.0185
vn -0.0022 -1.0000 -0.0029
vn -0.0111 -0.9999 -0.0005
vn -0.0113 -0.9999 0.0022
vn -0.0020 -1.0000 0.0043
vn 0.2166 0.5235 -0.8241
vn 0.0519 0.8759 -0.4798
vn 0.0195 0.1904 -0.9815
vn 0.0769 0.1703 -0.9824
vn 0.3492 0.8546 -0.3844
vn 0.0572 0.9969 -0.0540
vn 0.0566 0.9963 -0.0651
vn 0.3371 0.8251 -0.4534
vn -0.0022 -1.0000 -0.0033
vn -0.0115 -0.9999 -0.0009
vn -0.0116 -0.9999 0.0016
vn -0.0021 -1.0000 0.0038
vn 0.0059 0.0047 1.0000
vn 0.0027 0.0064 1.0000
vn 0.0081 0.0425 0.9991
vn 0.0227 0.0372 0.9990
vn -0.0021 -1.0000 -0.0039
vn -0.0116 -0.9999 -0.0016
vn -0.0115 -0.9999 0.0009
vn -0.0022 -1.0000 0.0033
vn 0.3691 0.9028 0.2207
vn 0.0586 0.9978 0.0301
vn 0.0590 0.9980 0.0241
vn 0.3726 0.9112 0.1758
vn -0.0020 -1.0000 -0.0043
vn -0.0113 -0.9999 -0.0023
vn -0.0111 -0.9999 0.0005
vn -0.0022 -1.0000 0.0029
vn 0.3299 0.0252 -0.9437
vn 0.3062 0.1318 -0.9428
vn 0.1548 0.0621 -0.9860
vn 0.2261 0.0201 -0.9739
vn 0.9687 0.0477 -0.2436
vn 0.8946 0.3875 -0.2224
vn 0.8724 0.3776 -0.3105
vn 0.9398 0.0467 -0.3384
vn 0.7349 0.0425 0.6768
vn 0.7037 0.3077 0.6404
vn 0.7568 0.3305 0.5639
vn 0.7976 0.0444 0.6015
vn 0.7997 0.0423 -0.5989
vn 0.7591 0.3284 -0.5621
vn 0.7059 0.3055 -0.6390
vn 0.7370 0.0402 -0.6747
vn 0.9383 0.0480 0.3424
vn 0.8706 0.3788 0.3139
vn 0.8934 0.3883 0.2261
vn 0.9676 0.0486 0.2479
vn 0.2256 0.0218 0.9740
vn 0.1546 0.0630 0.9860
vn 0.3056 0.1336 0.9427
vn 0.3290 0.0273 0.9439
vn 0.5095 0.0323 -0.8599
vn 0.5013 0.2175 -0.8375
vn 0.4177 0.1814 -0.8903
vn 0.4231 0.0291 -0.9056
vn 0.9977 0.0488 -0.0473
vn 0.9166 0.3975 -0.0430
vn 0.9094 0.3940 -0.1330
vn 0.9881 0.0484 -0.1461
vn 0.5895 0.0377 0.8069
vn 0.5752 0.2524 0.7781
vn 0.6431 0.2816 0.7121
vn 0.6652 0.0403 0.7456
vn 0.1257 0.0147 -0.9920
vn 0.0613 0.0195 -0.9979
vn 0.0168 0.0040 -0.9999
vn 0.0402 0.0115 -0.9991
vn 0.9017 0.0455 -0.4299
vn 0.8423 0.3645 -0.3970
vn 0.8046 0.3482 -0.4811
vn 0.8549 0.0440 -0.5169
vn 0.8529 0.0459 0.5201
vn 0.8024 0.3499 0.4834
vn 0.8402 0.3660 0.4000
vn 0.8999 0.0471 0.4336
vn 0.0401 0.0125 0.9991
vn 0.0168 0.0041 0.9999
vn 0.0614 0.0198 0.9979
vn 0.1255 0.0160 0.9920
vn 0.6671 0.0379 -0.7440
vn 0.6450 0.2793 -0.7113
vn 0.5769 0.2500 -0.7776
vn 0.5911 0.0353 -0.8058
vn 0.9874 0.0490 0.1507
vn 0.9086 0.3946 0.1370
vn 0.9163 0.3976 0.0472
vn 0.9974 0.0490 0.0521
vn 0.4221 0.0313 0.9060
vn 0.4169 0.1835 0.8902
vn 0.4999 0.2198 0.8377
vn 0.5080 0.0347 0.8607
vn 0.0017 0.0014 1.0000
vn 0.0017 -0.0014 1.0000
vn 0.0044 -0.0086 1.0000
vn 0.0045 0.0085 1.0000
vn 0.0045 0.0085 -1.0000
vn 0.0044 -0.0086 -1.0000
vn 0.0017 -0.0014 -1.0000
vn 0.0017 0.0014 -1.0000
vn 0.3751 0.9173 0.1339
vn 0.0592 0.9981 0.0182
vn 0.0595 0.9981 0.0128
vn 0.3769 0.9215 0.0942
vn -0.0017 -1.0000 -0.0016
vn -0.0073 -1.0000 -0.0040
vn -0.0079 -1.0000 0.0009
vn -0.0004 -1.0000 0.0082
vn -0.0264 -0.9761 0.2156
vn -0.0005 -0.1689 0.9856
vn 0.0006 -0.1746 0.9846
vn -0.0035 -0.9928 0.1197
vn 0.0768 0.1703 0.9824
vn 0.0194 0.1903 0.9815
vn 0.0519 0.8759 0.4797
vn 0.2166 0.5235 0.8241
vn -0.0068 -0.9951 -0.0990
vn -0.0026 -0.2988 -0.9543
vn -0.0077 -0.9345 -0.3560
vn -0.0178 -0.9927 -0.1192
vn -0.0178 -0.9927 0.1191
vn -0.0077 -0.9346 0.3556
vn -0.0026 -0.2988 0.9543
vn -0.0068 -0.9951 0.0991
vn 0.3196 0.7825 -0.5344
vn 0.0559 0.9952 -0.0799
vn 0.0551 0.9930 -0.1040
vn 0.2926 0.7160 -0.6338
vn -0.0035 -0.9928 -0.1197
vn 0.0006 -0.1746 -0.9846
vn -0.0005 -0.1689 -0.9856
vn -0.0264 -0.9761 -0.2156
vn -0.0004 -1.0000 -0.0082
vn -0.0079 -1.0000 -0.0007
vn -0.0073 -1.0000 0.0041
vn -0.0017 -1.0000 0.0018
vn 0.3785 0.9254 -0.0185
vn 0.0597 0.9982 -0.0025
vn 0.0596 0.9982 -0.0077
vn 0.3780 0.9241 -0.0559
vn -0.0010 -1.0000 -0.0065
vn -0.0091 -1.0000 -0.0027
vn -0.0086 -1.0000 0.0014
vn -0.0019 -1.0000 0.0019
vn 0.3371 0.8251 0.4534
vn 0.0566 0.9963 0.0651
vn 0.0572 0.9969 0.0539
vn 0.3492 0.8546 0.3844
vn -0.0014 -1.0000 -0.0056
vn -0.0101 -0.9999 -0.0026
vn -0.0096 -1.0000 0.0004
vn -0.0021 -1.0000 0.0021
vn 0.0227 0.0372 -0.9990
vn 0.0081 0.0425 -0.9991
vn 0.0027 0.0064 -1.0000
vn 0.0059 0.0047 -1.0000
vn -0.0017 -1.0000 -0.0048
vn -0.0108 -0.9999 -0.0028
vn -0.0105 -0.9999 0.0002
vn -0.0022 -1.0000 0.0025
vn 0.3726 0.9112 -0.1758
vn 0.0590 0.9980 -0.0241
vn 0.0586 0.9978 -0.0301
vn 0.3691 0.9028 -0.2207
vn 0.4230 0.9061 -0.0060
vn 0.2787 0.9603 -0.0145
vn 0.2784 0.9604 -0.0052
vn 0.4231 0.9061 -0.0037
vn -0.4924 -0.8703 0.0091
vn -0.4570 -0.8890 -0.0283
vn -0.4573 -0.8890 -0.0234
vn -0.4939 -0.8695 0.0101
vn 0.4230 0.9060 -0.0161
vn 0.2803 0.9593 -0.0354
vn 0.2794 0.9598 -0.0255
vn 0.4231 0.9060 -0.0136
vn -0.4939 -0.8695 -0.0102
vn -0.4573 -0.8890 0.0234
vn -0.4570 -0.8890 0.0284
vn -0.4924 -0.8703 -0.0091
vn 0.4229 0.9058 -0.0277
vn 0.2829 0.9573 -0.0588
vn 0.2815 0.9584 -0.0473
vn 0.4230 0.9058 -0.0247
vn -0.0055 -0.0032 -1.0000
vn -0.0064 -0.0136 -0.9999
vn 0.0046 0.0137 -0.9999
vn -0.0007 0.0058 -1.0000
vn -0.4975 -0.8675 0.0046
vn -0.4580 -0.8889 -0.0113
vn -0.4581 -0.8888 -0.0077
vn -0.4983 -0.8670 0.0051
vn 0.4226 0.9053 -0.0421
vn 0.2862 0.9542 -0.0874
vn 0.2845 0.9559 -0.0730
vn 0.4227 0.9055 -0.0382
vn -0.1326 -0.1970 0.9714
vn -0.0514 -0.1020 0.9935
vn -0.3764 -0.7352 0.5638
vn -0.4496 -0.7954 0.4064
vn 0.4221 0.9044 -0.0623
vn 0.2896 0.9487 -0.1273
vn 0.2879 0.9517 -0.1063
vn 0.4223 0.9047 -0.0567
vn -0.4876 -0.8730 -0.0124
vn -0.4557 -0.8885 0.0534
vn -0.4549 -0.8880 0.0672
vn -0.4858 -0.8740 -0.0099
vn -0.0007 0.0058 1.0000
vn 0.0046 0.0137 0.9999
vn -0.0064 -0.0136 0.9999
vn -0.0056 -0.0032 1.0000
vn 0.4210 0.9019 -0.0965
vn 0.2913 0.9368 -0.1938
vn 0.2908 0.9439 -0.1566
vn 0.4215 0.9027 -0.0863
vn -0.4991 -0.8666 -0.0019
vn -0.4583 -0.8888 0.0015
vn -0.4582 -0.8888 0.0046
vn -0.4988 -0.8667 -0.0017
vn -0.4565 -0.8897 0.0073
vn -0.4480 -0.8940 -0.0080
vn -0.4492 -0.8934 -0.0089
vn -0.4574 -0.8892 0.0056
vn -0.4584 -0.8887 0.0018
vn -0.4506 -0.8927 -0.0086
vn -0.4516 -0.8922 -0.0085
vn -0.4593 -0.8883 0.0011
vn -0.4601 -0.8879 -0.0001
vn -0.4527 -0.8916 -0.0082
vn -0.4537 -0.8911 -0.0074
vn -0.4609 -0.8875 -0.0007
vn -0.4615 -0.8871 -0.0012
vn -0.4545 -0.8907 -0.0066
vn -0.4552 -0.8904 -0.0053
vn -0.4620 -0.8869 -0.0010
vn -0.4624 -0.8867 -0.0010
vn -0.4557 -0.8901 -0.0046
vn -0.4562 -0.8899 -0.0032
vn -0.4628 -0.8865 -0.0007
vn -0.4630 -0.8864 -0.0006
vn -0.4564 -0.8898 -0.0020
vn -0.4566 -0.8897 -0.0006
vn -0.4631 -0.8863 0.0000
vn -0.4566 -0.8897 0.0005
vn -0.4564 -0.8898 0.0020
vn -0.4630 -0.8864 0.0006
vn -0.4628 -0.8865 0.0007
vn -0.4562 -0.8899 0.0032
vn -0.4557 -0.8901 0.0046
vn -0.4624 -0.8866 0.0011
vn -0.4620 -0.8869 0.0010
vn -0.4552 -0.8904 0.0055
vn -0.4544 -0.8908 0.0066
vn -0.4615 -0.8871 0.0012
vn -0.4608 -0.8875 0.0005
vn -0.4537 -0.8911 0.0073
vn -0.4527 -0.8916 0.0082
vn -0.4601 -0.8879 0.0003
vn -0.4593 -0.8883 -0.0011
vn -0.4516 -0.8922 0.0085
vn -0.4505 -0.8927 0.0088
vn -0.4584 -0.8887 -0.0022
vn -0.4575 -0.8892 -0.0054
vn -0.4493 -0.8934 0.0086
vn -0.4480 -0.8940 0.0080
vn -0.4564 -0.8897 -0.0073
vn -0.4290 -0.8120 -0.3957
vn -0.3305 -0.6576 -0.6770
vn -0.0436 -0.0847 -0.9954
vn -0.1426 -0.2056 -0.9682
vn -0.0066 -0.0023 -1.0000
vn -0.0060 -0.0115 -0.9999
vn 0.0055 0.0117 -0.9999
vn -0.0019 0.0067 -1.0000
vn 0.0841 0.2380 -0.9676
vn 0.0412 0.0859 -0.9955
vn 0.3245 0.6548 -0.6826
vn 0.4121 0.8321 -0.3713
vn 0.4563 0.8898 0.0080
vn 0.4476 0.8942 -0.0078
vn 0.4489 0.8935 -0.0077
vn 0.4573 0.8893 0.0055
vn 0.4583 0.8888 0.0023
vn 0.4501 0.8929 -0.0084
vn 0.4512 0.8924 -0.0079
vn 0.4591 0.8884 0.0012
vn 0.4599 0.8880 0.0001
vn 0.4523 0.8918 -0.0077
vn 0.4532 0.8914 -0.0072
vn 0.4606 0.8876 -0.0005
vn 0.4613 0.8873 -0.0008
vn 0.4540 0.8910 -0.0062
vn 0.4547 0.8907 -0.0051
vn 0.4618 0.8870 -0.0008
vn 0.4622 0.8868 -0.0010
vn 0.4552 0.8904 -0.0042
vn 0.4557 0.8901 -0.0031
vn 0.4625 0.8866 -0.0005
vn 0.4627 0.8865 -0.0006
vn 0.4559 0.8900 -0.0019
vn 0.4561 0.8899 -0.0005
vn 0.4629 0.8864 -0.0001
vn 0.4629 0.8864 0.0000
vn 0.4561 0.8899 0.0006
vn 0.4559 0.8900 0.0019
vn 0.4627 0.8865 0.0006
vn 0.4626 0.8866 0.0005
vn 0.4556 0.8902 0.0031
vn 0.4552 0.8904 0.0042
vn 0.4622 0.8868 0.0010
vn 0.4618 0.8870 0.0008
vn 0.4546 0.8907 0.0051
vn 0.4540 0.8910 0.0062
vn 0.4613 0.8873 0.0008
vn 0.4606 0.8876 0.0005
vn 0.4532 0.8914 0.0072
vn 0.4522 0.8919 0.0076
vn 0.4599 0.8880 -0.0001
vn 0.4592 0.8884 -0.0012
vn 0.4512 0.8924 0.0081
vn 0.4501 0.8929 0.0082
vn 0.4582 0.8888 -0.0023
vn 0.4574 0.8893 -0.0055
vn 0.4489 0.8935 0.0079
vn 0.4477 0.8942 0.0075
vn 0.4564 0.8897 -0.0078
vn 0.4121 0.8320 0.3715
vn 0.3245 0.6550 0.6824
vn 0.0412 0.0859 0.9955
vn 0.0841 0.2380 0.9676
vn -0.0019 0.0067 1.0000
vn 0.0055 0.0117 0.9999
vn -0.0060 -0.0115 0.9999
vn -0.0066 -0.0023 1.0000
vn -0.1425 -0.2056 0.9682
vn -0.0437 -0.0847 0.9954
vn -0.3303 -0.6575 0.6771
vn -0.4290 -0.8119 0.3959
vn -0.4297 -0.9029 -0.0133
vn -0.4025 -0.9153 -0.0131
vn -0.4053 -0.9141 -0.0145
vn -0.4318 -0.9019 -0.0133
vn -0.3661 -0.9305 -0.0098
vn -0.3213 -0.9470 -0.0036
vn -0.3258 -0.9454 -0.0098
vn -0.3697 -0.9290 -0.0133
vn -0.2699 -0.9629 0.0041
vn -0.2145 -0.9767 0.0125
vn -0.2196 -0.9756 0.0015
vn -0.2748 -0.9615 -0.0046
vn -0.1587 -0.9871 0.0190
vn -0.1056 -0.9941 0.0228
vn -0.1101 -0.9939 0.0105
vn -0.1636 -0.9865 0.0067
vn -0.0580 -0.9981 0.0230
vn -0.0236 -0.9996 0.0158
vn -0.0256 -0.9996 0.0082
vn -0.0616 -0.9980 0.0122
vn -0.4335 -0.9010 -0.0136
vn -0.4078 -0.9129 -0.0153
vn -0.4101 -0.9119 -0.0155
vn -0.4352 -0.9002 -0.0131
vn -0.3730 -0.9277 -0.0155
vn -0.3298 -0.9440 -0.0136
vn -0.3335 -0.9426 -0.0154
vn -0.3762 -0.9264 -0.0163
vn -0.2793 -0.9601 -0.0100
vn -0.2243 -0.9745 -0.0050
vn -0.2286 -0.9735 -0.0093
vn -0.2835 -0.9589 -0.0130
vn -0.1681 -0.9858 -0.0002
vn -0.1141 -0.9935 0.0030
vn -0.1179 -0.9930 -0.0018
vn -0.1723 -0.9850 -0.0052
vn -0.0648 -0.9979 0.0052
vn -0.0275 -0.9996 0.0043
vn -0.0292 -0.9996 0.0015
vn -0.0678 -0.9977 0.0010
vn -0.4368 -0.8995 -0.0123
vn -0.4123 -0.9109 -0.0150
vn -0.4142 -0.9101 -0.0137
vn -0.4381 -0.8988 -0.0112
vn -0.3791 -0.9252 -0.0161
vn -0.3370 -0.9414 -0.0161
vn -0.3400 -0.9403 -0.0154
vn -0.3816 -0.9242 -0.0153
vn -0.2874 -0.9577 -0.0143
vn -0.2325 -0.9725 -0.0112
vn -0.2361 -0.9717 -0.0117
vn -0.2908 -0.9567 -0.0142
vn -0.1760 -0.9844 -0.0076
vn -0.1213 -0.9926 -0.0046
vn -0.1243 -0.9922 -0.0057
vn -0.1794 -0.9837 -0.0086
vn -0.0706 -0.9975 -0.0016
vn -0.0307 -0.9995 -0.0002
vn -0.0322 -0.9995 -0.0011
vn -0.0731 -0.9973 -0.0032
vn -0.4394 -0.8983 -0.0099
vn -0.4159 -0.9093 -0.0121
vn -0.4174 -0.9087 -0.0104
vn -0.4404 -0.8978 -0.0082
vn -0.3838 -0.9233 -0.0138
vn -0.3427 -0.9393 -0.0142
vn -0.3450 -0.9385 -0.0123
vn -0.3857 -0.9226 -0.0117
vn -0.2938 -0.9558 -0.0133
vn -0.2392 -0.9709 -0.0115
vn -0.2418 -0.9703 -0.0102
vn -0.2963 -0.9550 -0.0118
vn -0.1824 -0.9832 -0.0089
vn -0.1270 -0.9919 -0.0066
vn -0.1293 -0.9916 -0.0061
vn -0.1849 -0.9827 -0.0082
vn -0.0752 -0.9972 -0.0037
vn -0.0334 -0.9994 -0.0017
vn -0.0344 -0.9994 -0.0019
vn -0.0771 -0.9970 -0.0039
vn -0.4412 -0.8974 -0.0066
vn -0.4185 -0.9082 -0.0081
vn -0.4194 -0.9078 -0.0061
vn -0.4418 -0.8971 -0.0048
vn -0.3872 -0.9219 -0.0097
vn -0.3468 -0.9379 -0.0100
vn -0.3482 -0.9374 -0.0074
vn -0.3884 -0.9215 -0.0070
vn -0.2984 -0.9544 -0.0098
vn -0.2439 -0.9698 -0.0086
vn -0.2455 -0.9694 -0.0064
vn -0.3000 -0.9539 -0.0072
vn -0.1870 -0.9823 -0.0070
vn -0.1311 -0.9914 -0.0053
vn -0.1325 -0.9912 -0.0040
vn -0.1885 -0.9821 -0.0052
vn -0.0786 -0.9969 -0.0036
vn -0.0353 -0.9994 -0.0016
vn -0.0359 -0.9994 -0.0013
vn -0.0797 -0.9968 -0.0028
vn -0.4423 -0.8969 -0.0029
vn -0.4200 -0.9075 -0.0037
vn -0.4203 -0.9074 -0.0012
vn -0.4425 -0.8968 -0.0010
vn -0.3892 -0.9212 -0.0042
vn -0.3492 -0.9370 -0.0046
vn -0.3496 -0.9369 -0.0015
vn -0.3896 -0.9210 -0.0015
vn -0.3010 -0.9536 -0.0044
vn -0.2466 -0.9691 -0.0040
vn -0.2472 -0.9690 -0.0014
vn -0.3016 -0.9534 -0.0015
vn -0.1895 -0.9819 -0.0033
vn -0.1335 -0.9911 -0.0025
vn -0.1339 -0.9910 -0.0008
vn -0.1901 -0.9818 -0.0012
vn -0.0805 -0.9968 -0.0016
vn -0.0364 -0.9993 -0.0008
vn -0.0366 -0.9993 -0.0003
vn -0.0808 -0.9967 -0.0006
vn -0.4425 -0.8968 0.0009
vn -0.4203 -0.9074 0.0012
vn -0.4200 -0.9075 0.0037
vn -0.4423 -0.8969 0.0030
vn -0.3896 -0.9210 0.0015
vn -0.3497 -0.9369 0.0015
vn -0.3492 -0.9371 0.0046
vn -0.3892 -0.9212 0.0042
vn -0.3016 -0.9534 0.0015
vn -0.2472 -0.9690 0.0014
vn -0.2466 -0.9691 0.0041
vn -0.3010 -0.9536 0.0044
vn -0.1901 -0.9818 0.0012
vn -0.1339 -0.9910 0.0008
vn -0.1335 -0.9911 0.0025
vn -0.1895 -0.9819 0.0033
vn -0.0808 -0.9967 0.0006
vn -0.0366 -0.9993 0.0003
vn -0.0364 -0.9993 0.0010
vn -0.0805 -0.9968 0.0017
vn -0.4419 -0.8971 0.0048
vn -0.4194 -0.9078 0.0061
vn -0.4186 -0.9081 0.0081
vn -0.4412 -0.8974 0.0066
vn -0.3884 -0.9215 0.0070
vn -0.3482 -0.9374 0.0074
vn -0.3468 -0.9379 0.0100
vn -0.3872 -0.9219 0.0096
vn -0.3000 -0.9539 0.0072
vn -0.2455 -0.9694 0.0064
vn -0.2439 -0.9698 0.0086
vn -0.2984 -0.9544 0.0098
vn -0.1885 -0.9821 0.0052
vn -0.1325 -0.9912 0.0041
vn -0.1311 -0.9914 0.0053
vn -0.1869 -0.9823 0.0070
vn -0.0797 -0.9968 0.0026
vn -0.0359 -0.9994 0.0012
vn -0.0353 -0.9994 0.0016
vn -0.0786 -0.9969 0.0036
vn -0.4404 -0.8978 0.0083
vn -0.4174 -0.9087 0.0104
vn -0.4159 -0.9093 0.0122
vn -0.4394 -0.8983 0.0099
vn -0.3857 -0.9225 0.0117
vn -0.3450 -0.9385 0.0123
vn -0.3427 -0.9394 0.0142
vn -0.3838 -0.9233 0.0138
vn -0.2963 -0.9550 0.0119
vn -0.2418 -0.9703 0.0102
vn -0.2391 -0.9709 0.0115
vn -0.2938 -0.9558 0.0133
vn -0.1849 -0.9827 0.0082
vn -0.1293 -0.9916 0.0061
vn -0.1270 -0.9919 0.0066
vn -0.1824 -0.9832 0.0089
vn -0.0771 -0.9970 0.0039
vn -0.0344 -0.9994 0.0019
vn -0.0334 -0.9994 0.0017
vn -0.0752 -0.9972 0.0037
vn -0.4381 -0.8988 0.0111
vn -0.4142 -0.9101 0.0138
vn -0.4123 -0.9109 0.0150
vn -0.4368 -0.8995 0.0124
vn -0.3816 -0.9242 0.0154
vn -0.3400 -0.9403 0.0154
vn -0.3369 -0.9414 0.0160
vn -0.3790 -0.9253 0.0162
vn -0.2908 -0.9567 0.0142
vn -0.2361 -0.9717 0.0118
vn -0.2325 -0.9725 0.0112
vn -0.2873 -0.9577 0.0143
vn -0.1794 -0.9837 0.0087
vn -0.1243 -0.9922 0.0057
vn -0.1213 -0.9926 0.0046
vn -0.1760 -0.9844 0.0076
vn -0.0731 -0.9973 0.0033
vn -0.0322 -0.9995 0.0010
vn -0.0307 -0.9995 0.0002
vn -0.0706 -0.9975 0.0016
vn -0.4353 -0.9002 0.0130
vn -0.4101 -0.9119 0.0155
vn -0.4078 -0.9129 0.0154
vn -0.4335 -0.9010 0.0135
vn -0.3762 -0.9264 0.0162
vn -0.3335 -0.9426 0.0154
vn -0.3298 -0.9440 0.0137
vn -0.3731 -0.9277 0.0155
vn -0.2835 -0.9589 0.0130
vn -0.2286 -0.9735 0.0093
vn -0.2243 -0.9745 0.0051
vn -0.2794 -0.9601 0.0100
vn -0.1723 -0.9850 0.0051
vn -0.1179 -0.9930 0.0018
vn -0.1141 -0.9935 -0.0030
vn -0.1681 -0.9858 0.0002
vn -0.0678 -0.9977 -0.0011
vn -0.0292 -0.9996 -0.0015
vn -0.0275 -0.9996 -0.0043
vn -0.0648 -0.9979 -0.0050
vn -0.4317 -0.9019 0.0135
vn -0.4052 -0.9141 0.0145
vn -0.4025 -0.9153 0.0133
vn -0.4298 -0.9028 0.0134
vn -0.3698 -0.9290 0.0133
vn -0.3257 -0.9454 0.0098
vn -0.3213 -0.9470 0.0038
vn -0.3662 -0.9305 0.0098
vn -0.2748 -0.9615 0.0046
vn -0.2196 -0.9756 -0.0015
vn -0.2144 -0.9767 -0.0123
vn -0.2699 -0.9629 -0.0041
vn -0.1636 -0.9865 -0.0066
vn -0.1101 -0.9939 -0.0105
vn -0.1056 -0.9941 -0.0228
vn -0.1587 -0.9871 -0.0190
vn -0.0616 -0.9980 -0.0122
vn -0.0256 -0.9996 -0.0084
vn -0.0236 -0.9996 -0.0156
vn -0.0580 -0.9981 -0.0230
vn -0.3024 -0.6393 -0.7070
vn -0.2829 -0.6493 -0.7059
vn -0.0362 -0.0845 -0.9958
vn -0.0386 -0.0826 -0.9958
vn -0.2563 -0.6599 -0.7063
vn -0.2234 -0.6699 -0.7081
vn -0.0288 -0.0887 -0.9956
vn -0.0329 -0.0865 -0.9957
vn -0.1860 -0.6789 -0.7103
vn -0.1464 -0.6862 -0.7125
vn -0.0189 -0.0925 -0.9955
vn -0.0240 -0.0907 -0.9956
vn -0.1072 -0.6921 -0.7138
vn -0.0704 -0.6970 -0.7136
vn -0.0089 -0.0953 -0.9954
vn -0.0138 -0.0941 -0.9955
vn -0.0377 -0.7124 -0.7008
vn -0.0135 -0.7904 -0.6124
vn 0.0021 -0.1199 -0.9928
vn -0.0040 -0.0983 -0.9951
vn -0.0054 -0.0125 -0.9999
vn -0.0050 -0.0128 -0.9999
vn 0.0059 0.0125 -0.9999
vn 0.0062 0.0122 -0.9999
vn -0.0045 -0.0132 -0.9999
vn -0.0039 -0.0135 -0.9999
vn 0.0048 0.0132 -0.9999
vn 0.0054 0.0128 -0.9999
vn -0.0032 -0.0138 -0.9999
vn -0.0024 -0.0141 -0.9999
vn 0.0033 0.0139 -0.9999
vn 0.0041 0.0136 -0.9999
vn -0.0016 -0.0143 -0.9999
vn -0.0009 -0.0145 -0.9999
vn 0.0018 0.0144 -0.9999
vn 0.0026 0.0142 -0.9999
vn 0.0001 -0.0145 -0.9999
vn 0.0022 -0.0132 -0.9999
vn 0.0026 0.0132 -0.9999
vn 0.0015 0.0144 -0.9999
vn 0.0390 0.0823 -0.9958
vn 0.0367 0.0842 -0.9958
vn 0.2803 0.6439 -0.7120
vn 0.2989 0.6320 -0.7150
vn 0.0336 0.0864 -0.9957
vn 0.0296 0.0888 -0.9956
vn 0.2253 0.6752 -0.7024
vn 0.2557 0.6587 -0.7076
vn 0.0249 0.0912 -0.9955
vn 0.0199 0.0933 -0.9954
vn 0.1518 0.7068 -0.6910
vn 0.1901 0.6918 -0.6966
vn 0.0147 0.0950 -0.9954
vn 0.0098 0.0964 -0.9953
vn 0.0747 0.7264 -0.6832
vn 0.1126 0.7184 -0.6865
vn 0.0060 0.0991 -0.9951
vn 0.0064 0.1189 -0.9929
vn 0.0211 0.8056 -0.5921
vn 0.0416 0.7390 -0.6725
vn 0.4292 0.9031 -0.0120
vn 0.4017 0.9157 -0.0114
vn 0.4043 0.9145 -0.0127
vn 0.4311 0.9022 -0.0124
vn 0.3653 0.9309 -0.0079
vn 0.3208 0.9471 -0.0024
vn 0.3248 0.9458 -0.0081
vn 0.3687 0.9295 -0.0113
vn 0.2697 0.9629 0.0042
vn 0.2150 0.9766 0.0110
vn 0.2197 0.9756 0.0014
vn 0.2742 0.9617 -0.0036
vn 0.1596 0.9870 0.0167
vn 0.1068 0.9941 0.0206
vn 0.1109 0.9938 0.0089
vn 0.1641 0.9864 0.0060
vn 0.0591 0.9980 0.0205
vn 0.0245 0.9996 0.0132
vn 0.0265 0.9996 0.0071
vn 0.0625 0.9980 0.0105
vn 0.4328 0.9014 -0.0125
vn 0.4067 0.9135 -0.0137
vn 0.4089 0.9125 -0.0142
vn 0.4345 0.9006 -0.0120
vn 0.3718 0.9282 -0.0134
vn 0.3285 0.9444 -0.0118
vn 0.3320 0.9432 -0.0136
vn 0.3747 0.9270 -0.0145
vn 0.2783 0.9604 -0.0084
vn 0.2240 0.9746 -0.0048
vn 0.2279 0.9737 -0.0083
vn 0.2822 0.9593 -0.0115
vn 0.1683 0.9857 -0.0008
vn 0.1147 0.9934 0.0022
vn 0.1181 0.9930 -0.0020
vn 0.1721 0.9851 -0.0048
vn 0.0656 0.9978 0.0044
vn 0.0283 0.9996 0.0029
vn 0.0299 0.9996 0.0006
vn 0.0684 0.9977 0.0004
vn 0.4360 0.8999 -0.0116
vn 0.4110 0.9115 -0.0135
vn 0.4128 0.9107 -0.0126
vn 0.4373 0.8993 -0.0105
vn 0.3773 0.9260 -0.0145
vn 0.3351 0.9421 -0.0142
vn 0.3380 0.9411 -0.0139
vn 0.3798 0.9250 -0.0138
vn 0.2857 0.9582 -0.0126
vn 0.2315 0.9728 -0.0104
vn 0.2347 0.9720 -0.0107
vn 0.2888 0.9573 -0.0129
vn 0.1755 0.9845 -0.0070
vn 0.1213 0.9926 -0.0047
vn 0.1241 0.9923 -0.0057
vn 0.1787 0.9839 -0.0083
vn 0.0710 0.9975 -0.0019
vn 0.0315 0.9995 -0.0007
vn 0.0328 0.9995 -0.0018
vn 0.0733 0.9973 -0.0035
vn 0.4384 0.8987 -0.0093
vn 0.4145 0.9100 -0.0111
vn 0.4158 0.9094 -0.0097
vn 0.4394 0.8982 -0.0078
vn 0.3818 0.9242 -0.0126
vn 0.3405 0.9402 -0.0128
vn 0.3425 0.9394 -0.0112
vn 0.3836 0.9235 -0.0107
vn 0.2916 0.9565 -0.0121
vn 0.2376 0.9713 -0.0105
vn 0.2400 0.9707 -0.0093
vn 0.2939 0.9558 -0.0106
vn 0.1814 0.9834 -0.0082
vn 0.1266 0.9919 -0.0062
vn 0.1287 0.9917 -0.0058
vn 0.1837 0.9830 -0.0076
vn 0.0754 0.9971 -0.0040
vn 0.0340 0.9994 -0.0020
vn 0.0350 0.9994 -0.0020
vn 0.0771 0.9970 -0.0040
vn 0.4403 0.8979 -0.0063
vn 0.4169 0.9089 -0.0077
vn 0.4178 0.9085 -0.0056
vn 0.4408 0.8976 -0.0044
vn 0.3850 0.9229 -0.0087
vn 0.3443 0.9388 -0.0091
vn 0.3456 0.9384 -0.0067
vn 0.3861 0.9224 -0.0063
vn 0.2958 0.9552 -0.0088
vn 0.2419 0.9703 -0.0078
vn 0.2434 0.9699 -0.0059
vn 0.2973 0.9548 -0.0065
vn 0.1856 0.9826 -0.0065
vn 0.1304 0.9914 -0.0051
vn 0.1317 0.9913 -0.0038
vn 0.1870 0.9824 -0.0049
vn 0.0785 0.9969 -0.0034
vn 0.0358 0.9994 -0.0018
vn 0.0365 0.9993 -0.0016
vn 0.0796 0.9968 -0.0027
vn 0.4413 0.8974 -0.0028
vn 0.4183 0.9083 -0.0035
vn 0.4186 0.9082 -0.0011
vn 0.4415 0.8973 -0.0009
vn 0.3868 0.9221 -0.0039
vn 0.3464 0.9381 -0.0040
vn 0.3469 0.9379 -0.0015
vn 0.3872 0.9220 -0.0014
vn 0.2982 0.9545 -0.0041
vn 0.2444 0.9697 -0.0037
vn 0.2449 0.9695 -0.0011
vn 0.2987 0.9543 -0.0013
vn 0.1879 0.9822 -0.0030
vn 0.1326 0.9912 -0.0025
vn 0.1330 0.9911 -0.0007
vn 0.1884 0.9821 -0.0010
vn 0.0803 0.9968 -0.0017
vn 0.0369 0.9993 -0.0009
vn 0.0371 0.9993 -0.0002
vn 0.0806 0.9967 -0.0007
vn 0.4415 0.8973 0.0009
vn 0.4186 0.9082 0.0011
vn 0.4183 0.9083 0.0035
vn 0.4413 0.8974 0.0028
vn 0.3872 0.9220 0.0014
vn 0.3468 0.9379 0.0015
vn 0.3464 0.9381 0.0041
vn 0.3868 0.9222 0.0039
vn 0.2987 0.9543 0.0013
vn 0.2449 0.9695 0.0011
vn 0.2444 0.9697 0.0037
vn 0.2982 0.9545 0.0040
vn 0.1884 0.9821 0.0009
vn 0.1330 0.9911 0.0007
vn 0.1326 0.9912 0.0025
vn 0.1879 0.9822 0.0030
vn 0.0806 0.9967 0.0007
vn 0.0371 0.9993 0.0002
vn 0.0369 0.9993 0.0009
vn 0.0803 0.9968 0.0017
vn 0.4409 0.8976 0.0045
vn 0.4177 0.9085 0.0056
vn 0.4169 0.9089 0.0077
vn 0.4402 0.8979 0.0063
vn 0.3861 0.9224 0.0063
vn 0.3455 0.9384 0.0067
vn 0.3443 0.9388 0.0091
vn 0.3850 0.9229 0.0087
vn 0.2973 0.9548 0.0065
vn 0.2434 0.9699 0.0059
vn 0.2419 0.9703 0.0078
vn 0.2958 0.9552 0.0088
vn 0.1870 0.9824 0.0050
vn 0.1317 0.9913 0.0038
vn 0.1304 0.9914 0.0051
vn 0.1856 0.9826 0.0065
vn 0.0796 0.9968 0.0026
vn 0.0365 0.9993 0.0016
vn 0.0358 0.9994 0.0018
vn 0.0785 0.9969 0.0035
vn 0.4394 0.8982 0.0078
vn 0.4158 0.9094 0.0095
vn 0.4145 0.9100 0.0112
vn 0.4385 0.8987 0.0092
vn 0.3836 0.9234 0.0107
vn 0.3425 0.9394 0.0112
vn 0.3405 0.9402 0.0127
vn 0.3818 0.9242 0.0126
vn 0.2939 0.9558 0.0106
vn 0.2400 0.9707 0.0095
vn 0.2376 0.9713 0.0105
vn 0.2916 0.9565 0.0121
vn 0.1837 0.9830 0.0076
vn 0.1287 0.9917 0.0058
vn 0.1266 0.9919 0.0062
vn 0.1814 0.9834 0.0082
vn 0.0771 0.9970 0.0040
vn 0.0350 0.9994 0.0021
vn 0.0340 0.9994 0.0021
vn 0.0754 0.9971 0.0039
vn 0.4373 0.8993 0.0105
vn 0.4128 0.9107 0.0127
vn 0.4110 0.9115 0.0135
vn 0.4360 0.8999 0.0116
vn 0.3797 0.9250 0.0137
vn 0.3379 0.9411 0.0139
vn 0.3351 0.9421 0.0143
vn 0.3774 0.9260 0.0145
vn 0.2888 0.9573 0.0128
vn 0.2347 0.9720 0.0108
vn 0.2315 0.9728 0.0103
vn 0.2857 0.9582 0.0127
vn 0.1787 0.9839 0.0083
vn 0.1241 0.9923 0.0057
vn 0.1213 0.9926 0.0046
vn 0.1756 0.9844 0.0070
vn 0.0733 0.9973 0.0036
vn 0.0328 0.9995 0.0017
vn 0.0315 0.9995 0.0008
vn 0.0710 0.9975 0.0019
vn 0.4345 0.9006 0.0121
vn 0.4090 0.9124 0.0140
vn 0.4067 0.9134 0.0138
vn 0.4329 0.9014 0.0126
vn 0.3747 0.9270 0.0145
vn 0.3320 0.9432 0.0136
vn 0.3285 0.9444 0.0117
vn 0.3718 0.9282 0.0134
vn 0.2822 0.9593 0.0115
vn 0.2279 0.9736 0.0081
vn 0.2239 0.9746 0.0046
vn 0.2784 0.9604 0.0084
vn 0.1721 0.9851 0.0050
vn 0.1181 0.9930 0.0020
vn 0.1147 0.9934 -0.0022
vn 0.1682 0.9857 0.0008
vn 0.0684 0.9977 -0.0003
vn 0.0299 0.9996 -0.0006
vn 0.0283 0.9996 -0.0031
vn 0.0656 0.9978 -0.0042
vn 0.4312 0.9022 0.0124
vn 0.4043 0.9145 0.0128
vn 0.4018 0.9157 0.0115
vn 0.4292 0.9031 0.0120
vn 0.3687 0.9295 0.0115
vn 0.3248 0.9457 0.0081
vn 0.3207 0.9472 0.0025
vn 0.3653 0.9309 0.0077
vn 0.2742 0.9617 0.0035
vn 0.2197 0.9756 -0.0012
vn 0.2150 0.9766 -0.0107
vn 0.2697 0.9629 -0.0042
vn 0.1641 0.9864 -0.0060
vn 0.1109 0.9938 -0.0091
vn 0.1068 0.9941 -0.0204
vn 0.1596 0.9870 -0.0169
vn 0.0625 0.9980 -0.0105
vn 0.0265 0.9996 -0.0069
vn 0.0245 0.9996 -0.0134
vn 0.0591 0.9980 -0.0205
vn 0.2989 0.6321 0.7150
vn 0.2801 0.6438 0.7120
vn 0.0367 0.0842 0.9958
vn 0.0390 0.0823 0.9958
vn 0.2557 0.6585 0.7078
vn 0.2252 0.6752 0.7024
vn 0.0296 0.0888 0.9956
vn 0.0336 0.0864 0.9957
vn 0.1901 0.6918 0.6966
vn 0.1518 0.7068 0.6910
vn 0.0199 0.0933 0.9954
vn 0.0249 0.0911 0.9955
vn 0.1125 0.7184 0.6865
vn 0.0747 0.7264 0.6832
vn 0.0098 0.0964 0.9953
vn 0.0148 0.0951 0.9954
vn 0.0416 0.7391 0.6723
vn 0.0211 0.8057 0.5920
vn 0.0064 0.1188 0.9929
vn 0.0060 0.0991 0.9951
vn 0.0062 0.0122 0.9999
vn 0.0059 0.0125 0.9999
vn -0.0050 -0.0128 0.9999
vn -0.0054 -0.0125 0.9999
vn 0.0054 0.0128 0.9999
vn 0.0048 0.0132 0.9999
vn -0.0039 -0.0135 0.9999
vn -0.0045 -0.0132 0.9999
vn 0.0041 0.0136 0.9999
vn 0.0034 0.0139 0.9999
vn -0.0024 -0.0141 0.9999
vn -0.0032 -0.0138 0.9999
vn 0.0026 0.0142 0.9999
vn 0.0018 0.0144 0.9999
vn -0.0009 -0.0145 0.9999
vn -0.0016 -0.0143 0.9999
vn 0.0015 0.0144 0.9999
vn 0.0026 0.0132 0.9999
vn 0.0022 -0.0132 0.9999
vn 0.0001 -0.0145 0.9999
vn -0.0386 -0.0826 0.9958
vn -0.0362 -0.0845 0.9958
vn -0.2829 -0.6495 0.7058
vn -0.3024 -0.6392 0.7071
vn -0.0329 -0.0865 0.9957
vn -0.0287 -0.0887 0.9956
vn -0.2234 -0.6699 0.7080
vn -0.2564 -0.6598 0.7064
vn -0.0240 -0.0907 0.9956
vn -0.0189 -0.0925 0.9955
vn -0.1464 -0.6861 0.7126
vn -0.1861 -0.6789 0.7102
vn -0.0138 -0.0941 0.9955
vn -0.0089 -0.0953 0.9954
vn -0.0704 -0.6969 0.7137
vn -0.1072 -0.6920 0.7139
vn -0.0040 -0.0983 0.9951
vn 0.0021 -0.1199 0.9928
vn -0.0135 -0.7905 0.6123
vn -0.0377 -0.7125 0.7006
vn 0.0064 0.9992 0.0390
vn -0.2801 0.9597 0.0225
vn -0.2793 0.9598 0.0283
vn 0.0086 0.9988 0.0491
vn -0.3570 -0.9301 -0.0867
vn -0.0069 -0.9971 -0.0760
vn -0.0042 -0.9982 -0.0601
vn -0.3554 -0.9321 -0.0694
vn 0.0033 0.9998 0.0207
vn -0.2811 0.9596 0.0119
vn -0.2806 0.9597 0.0169
vn 0.0046 0.9996 0.0293
vn -0.3147 -0.8269 -0.4661
vn -0.0039 -0.9033 -0.4290
vn 0.0051 -0.1554 -0.9878
vn -0.0451 -0.1336 -0.9900
vn 0.0019 1.0000 0.0041
vn -0.2816 0.9595 0.0023
vn -0.2814 0.9596 0.0071
vn 0.0024 0.9999 0.0123
vn -0.3438 -0.9390 0.0108
vn 0.0096 -0.9999 0.0092
vn 0.0087 -0.9999 0.0131
vn -0.3446 -0.9386 0.0155
vn 0.0024 0.9999 -0.0123
vn -0.2814 0.9596 -0.0071
vn -0.2816 0.9595 -0.0023
vn 0.0019 1.0000 -0.0041
vn -0.3500 -0.9360 -0.0383
vn 0.0026 -0.9994 -0.0332
vn 0.0045 -0.9996 -0.0269
vn -0.3483 -0.9368 -0.0317
vn 0.0046 0.9996 -0.0293
vn -0.2806 0.9597 -0.0169
vn -0.2811 0.9596 -0.0119
vn 0.0033 0.9998 -0.0206
vn -0.3483 -0.9368 0.0317
vn 0.0045 -0.9996 0.0271
vn 0.0026 -0.9995 0.0329
vn -0.3500 -0.9360 0.0384
vn 0.0086 0.9988 -0.0491
vn -0.2793 0.9598 -0.0283
vn -0.2800 0.9597 -0.0225
vn 0.0064 0.9992 -0.0390
vn -0.0044 -0.0190 -0.9998
vn 0.0026 -0.0210 -0.9998
vn -0.0041 0.0192 -0.9998
vn 0.0022 0.0181 -0.9998
vn -0.3446 -0.9386 -0.0155
vn 0.0087 -0.9999 -0.0131
vn 0.0096 -0.9999 -0.0093
vn -0.3438 -0.9390 -0.0108
vn 0.0140 0.9972 -0.0736
vn -0.2773 0.9598 -0.0428
vn -0.2783 0.9598 -0.0352
vn 0.0111 0.9981 -0.0604
vn -0.4983 -0.8670 -0.0050
vn -0.4581 -0.8888 0.0079
vn -0.4580 -0.8889 0.0111
vn -0.4975 -0.8675 -0.0047
vn 0.4231 0.9061 0.0037
vn 0.2784 0.9604 0.0052
vn 0.2787 0.9603 0.0146
vn 0.4231 0.9061 0.0060
vn -0.4497 -0.7955 -0.4062
vn -0.3763 -0.7352 -0.5639
vn -0.0514 -0.1020 -0.9935
vn -0.1326 -0.1970 -0.9714
vn 0.4230 0.9060 0.0136
vn 0.2794 0.9598 0.0255
vn 0.2803 0.9593 0.0353
vn 0.4230 0.9060 0.0161
vn -0.4857 -0.8741 0.0098
vn -0.4549 -0.8880 -0.0672
vn -0.4556 -0.8886 -0.0535
vn -0.4875 -0.8730 0.0124
vn 0.4229 0.9058 0.0247
vn 0.2815 0.9584 0.0473
vn 0.2829 0.9573 0.0588
vn 0.4229 0.9057 0.0277
vn -0.4988 -0.8667 0.0017
vn -0.4582 -0.8888 -0.0046
vn -0.4583 -0.8888 -0.0015
vn -0.4991 -0.8665 0.0019
vn 0.4227 0.9055 0.0382
vn 0.2845 0.9559 0.0730
vn 0.2862 0.9542 0.0874
vn 0.4227 0.9053 0.0421
vn -0.4909 -0.8712 -0.0118
vn -0.4566 -0.8890 0.0350
vn -0.4561 -0.8889 0.0429
vn -0.4892 -0.8721 -0.0099
vn 0.4223 0.9047 0.0568
vn 0.2879 0.9517 0.1063
vn 0.2895 0.9487 0.1273
vn 0.4222 0.9044 0.0623
vn -0.4953 -0.8687 0.0072
vn -0.4575 -0.8890 -0.0187
vn -0.4578 -0.8889 -0.0147
vn -0.4965 -0.8680 0.0079
vn 0.4214 0.9028 0.0863
vn 0.2908 0.9439 0.1567
vn 0.2913 0.9368 0.1938
vn 0.4209 0.9019 0.0966
vn -0.4965 -0.8680 -0.0079
vn -0.4578 -0.8889 0.0149
vn -0.4576 -0.8890 0.0186
vn -0.4953 -0.8687 -0.0072
vn 0.3591 0.7848 0.5051
vn 0.2039 0.6506 0.7315
vn 0.0315 0.0989 0.9946
vn 0.0774 0.2054 0.9756
vn -0.4891 -0.8722 0.0099
vn -0.4561 -0.8889 -0.0429
vn -0.4566 -0.8890 -0.0352
vn -0.4909 -0.8712 0.0118
vn 0.0775 0.2054 -0.9756
vn 0.0315 0.0989 -0.9946
vn 0.2039 0.6505 -0.7316
vn 0.3591 0.7848 -0.5052
vn -0.6755 0.7344 -0.0663
vn -0.9832 0.1674 -0.0723
vn -0.9841 0.1674 -0.0593
vn -0.6759 0.7350 -0.0543
vn 0.6817 -0.7269 0.0831
vn 0.9073 -0.4099 0.0937
vn 0.9049 -0.4088 0.1184
vn 0.6806 -0.7251 0.1050
vn -0.0105 0.0113 0.9999
vn -0.0141 0.0034 0.9999
vn 0.0138 -0.0046 0.9999
vn 0.0105 -0.0113 0.9999
vn -0.6734 0.7320 -0.1038
vn -0.9794 0.1672 -0.1131
vn -0.9818 0.1674 -0.0894
vn -0.6746 0.7336 -0.0819
vn 0.6833 -0.7301 0.0025
vn 0.9110 -0.4124 0.0028
vn 0.9110 -0.4124 0.0083
vn 0.6833 -0.7301 0.0074
vn -0.0689 0.0748 -0.9948
vn -0.0944 0.0179 -0.9954
vn -0.6690 0.1157 -0.7342
vn -0.4742 0.5155 -0.7137
vn 0.6824 -0.7279 -0.0672
vn 0.9086 -0.4107 -0.0758
vn 0.9094 -0.4112 -0.0620
vn 0.6829 -0.7285 -0.0551
vn -0.4742 0.5155 0.7137
vn -0.6691 0.1157 0.7341
vn -0.0944 0.0179 0.9954
vn -0.0689 0.0747 0.9948
vn 0.6833 -0.7298 0.0236
vn 0.9107 -0.4121 0.0266
vn 0.9106 -0.4120 0.0338
vn 0.6832 -0.7296 0.0299
vn -0.6747 0.7335 0.0820
vn -0.9818 0.1673 0.0894
vn -0.9794 0.1671 0.1130
vn -0.6733 0.7321 0.1035
vn 0.6833 -0.7296 -0.0299
vn 0.9106 -0.4120 -0.0338
vn 0.9107 -0.4122 -0.0267
vn 0.6833 -0.7298 -0.0236
vn -0.6760 0.7349 0.0543
vn -0.9841 0.1673 0.0592
vn -0.9832 0.1674 0.0724
vn -0.6755 0.7344 0.0662
vn 0.6829 -0.7285 0.0551
vn 0.9094 -0.4112 0.0620
vn 0.9086 -0.4107 0.0759
vn 0.6824 -0.7278 0.0673
vn -0.6764 0.7356 0.0366
vn -0.9851 0.1672 0.0399
vn -0.9847 0.1673 0.0487
vn -0.6762 0.7354 0.0446
vn -0.3432 -0.9392 -0.0064
vn 0.0102 -0.9999 -0.0055
vn 0.0105 -0.9999 -0.0017
vn -0.3430 -0.9393 -0.0022
vn 0.0111 0.9981 0.0604
vn -0.2784 0.9598 0.0352
vn -0.2773 0.9598 0.0428
vn 0.0140 0.9972 0.0738
vn -0.3517 -0.9349 0.0463
vn 0.0005 -0.9992 0.0400
vn -0.0018 -0.9988 0.0490
vn -0.3535 -0.9337 0.0562
vn 0.0171 0.9959 0.0892
vn -0.2761 0.9597 0.0518
vn -0.2747 0.9594 0.0635
vn 0.0205 0.9939 0.1083
vn -0.3469 -0.9375 -0.0256
vn 0.0062 -0.9997 -0.0220
vn 0.0076 -0.9998 -0.0174
vn -0.3456 -0.9382 -0.0202
vn 0.0240 0.9908 0.1330
vn -0.2732 0.9587 0.0786
vn -0.2714 0.9574 0.0990
vn 0.0277 0.9856 0.1668
vn -0.3456 -0.9381 0.0202
vn 0.0076 -0.9998 0.0174
vn 0.0062 -0.9997 0.0220
vn -0.3469 -0.9376 0.0255
vn 0.0243 0.7089 0.7049
vn -0.2053 0.7329 0.6486
vn -0.0319 0.1206 0.9922
vn 0.0065 0.1148 0.9934
vn -0.3536 -0.9337 -0.0562
vn -0.0018 -0.9988 -0.0487
vn 0.0005 -0.9992 -0.0400
vn -0.3517 -0.9350 -0.0463
vn 0.0065 0.1148 -0.9934
vn -0.0319 0.1206 -0.9922
vn -0.2052 0.7329 -0.6487
vn 0.0243 0.7089 -0.7049
vn -0.3429 -0.9394 0.0022
vn 0.0105 -0.9999 0.0017
vn 0.0102 -0.9999 0.0054
vn -0.3433 -0.9392 0.0064
vn 0.0277 0.9856 -0.1667
vn -0.2714 0.9574 -0.0992
vn -0.2732 0.9587 -0.0786
vn 0.0240 0.9908 -0.1330
vn 0.0022 0.0181 0.9998
vn -0.0041 0.0192 0.9998
vn 0.0026 -0.0210 0.9998
vn -0.0044 -0.0190 0.9998
vn -0.3554 -0.9322 0.0692
vn -0.0042 -0.9982 0.0603
vn -0.0069 -0.9971 0.0758
vn -0.3571 -0.9300 0.0867
vn 0.0205 0.9939 -0.1082
vn -0.2748 0.9594 -0.0635
vn -0.2761 0.9597 -0.0520
vn 0.0171 0.9959 -0.0893
vn -0.0452 -0.1336 0.9900
vn 0.0051 -0.1554 0.9878
vn -0.0039 -0.9034 0.4288
vn -0.3148 -0.8269 0.4660
vn -0.9307 -0.3652 0.0220
vn -0.7657 -0.6428 0.0222
vn -0.7650 -0.6434 0.0280
vn -0.9304 -0.3655 0.0279
vn 0.9624 -0.2442 -0.1187
vn 0.8774 0.4731 -0.0796
vn 0.8812 0.4684 -0.0632
vn 0.9647 -0.2460 -0.0940
vn -0.9310 -0.3649 0.0117
vn -0.7666 -0.6420 0.0117
vn -0.7663 -0.6423 0.0167
vn -0.9308 -0.3651 0.0166
vn 0.8169 -0.2250 -0.5311
vn 0.8610 0.2580 -0.4384
vn 0.2006 -0.2405 -0.9497
vn 0.1114 -0.0590 -0.9920
vn -0.9311 -0.3647 0.0022
vn -0.7670 -0.6416 0.0023
vn -0.7669 -0.6417 0.0069
vn -0.9311 -0.3648 0.0069
vn 0.9682 -0.2497 0.0142
vn 0.8893 0.4572 0.0096
vn 0.8890 0.4576 0.0139
vn 0.9681 -0.2496 0.0202
vn -0.9311 -0.3648 -0.0069
vn -0.7669 -0.6417 -0.0069
vn -0.7670 -0.6416 -0.0023
vn -0.9311 -0.3648 -0.0022
vn 0.9673 -0.2484 -0.0512
vn 0.8866 0.4613 -0.0347
vn 0.8875 0.4600 -0.0284
vn 0.9676 -0.2489 -0.0420
vn -0.9309 -0.3650 -0.0166
vn -0.7662 -0.6423 -0.0167
vn -0.7666 -0.6420 -0.0117
vn -0.9310 -0.3649 -0.0117
vn 0.9676 -0.2489 0.0419
vn 0.8875 0.4600 0.0284
vn 0.8866 0.4613 0.0348
vn 0.9673 -0.2485 0.0513
vn -0.9304 -0.3655 -0.0279
vn -0.7650 -0.6434 -0.0280
vn -0.7657 -0.6428 -0.0222
vn -0.9306 -0.3653 -0.0220
vn 0.0129 -0.0334 -0.9994
vn 0.0681 -0.2267 -0.9716
vn 0.0160 -0.1911 -0.9814
vn -0.0222 -0.0322 -0.9992
vn 0.9681 -0.2496 -0.0202
vn 0.8890 0.4576 -0.0138
vn 0.8893 0.4572 -0.0096
vn 0.9682 -0.2497 -0.0142
vn -0.9296 -0.3662 -0.0421
vn -0.7630 -0.6450 -0.0422
vn -0.7641 -0.6442 -0.0347
vn -0.9301 -0.3658 -0.0344
vn 0.0715 -0.0764 0.9945
vn 0.0913 -0.0380 0.9951
vn 0.7174 -0.3209 0.6183
vn 0.5463 -0.5822 0.6022
vn -0.6762 0.7353 -0.0446
vn -0.9847 0.1673 -0.0488
vn -0.9851 0.1672 -0.0399
vn -0.6764 0.7356 -0.0365
vn 0.6833 -0.7299 -0.0179
vn 0.9109 -0.4122 -0.0202
vn 0.9109 -0.4123 -0.0141
vn 0.6833 -0.7300 -0.0125
vn 0.0106 -0.0113 -0.9999
vn 0.0138 -0.0046 -0.9999
vn -0.0141 0.0034 -0.9999
vn -0.0105 0.0113 -0.9999
vn -0.6766 0.7358 -0.0296
vn -0.9854 0.1671 -0.0322
vn -0.9856 0.1670 -0.0255
vn -0.6767 0.7359 -0.0232
vn 0.6832 -0.7293 0.0369
vn 0.9103 -0.4118 0.0418
vn 0.9100 -0.4115 0.0510
vn 0.6830 -0.7290 0.0452
vn -0.6767 0.7360 -0.0177
vn -0.9858 0.1670 -0.0192
vn -0.9859 0.1669 -0.0135
vn -0.6768 0.7361 -0.0124
vn 0.6830 -0.7290 -0.0452
vn 0.9100 -0.4115 -0.0510
vn 0.9103 -0.4118 -0.0418
vn 0.6832 -0.7293 -0.0370
vn -0.6768 0.7361 -0.0073
vn -0.9859 0.1669 -0.0080
vn -0.9860 0.1669 -0.0026
vn -0.6768 0.7362 -0.0024
vn 0.6833 -0.7300 0.0125
vn 0.9109 -0.4123 0.0141
vn 0.9108 -0.4123 0.0202
vn 0.6833 -0.7299 0.0179
vn -0.6768 0.7361 0.0024
vn -0.9860 0.1669 0.0026
vn -0.9859 0.1669 0.0080
vn -0.6768 0.7361 0.0073
vn 0.5462 -0.5821 -0.6024
vn 0.7173 -0.3210 -0.6184
vn 0.0914 -0.0380 -0.9951
vn 0.0715 -0.0764 -0.9945
vn -0.6768 0.7361 0.0123
vn -0.9859 0.1669 0.0134
vn -0.9858 0.1670 0.0192
vn -0.6767 0.7360 0.0177
vn 0.6805 -0.7252 -0.1049
vn 0.9049 -0.4088 -0.1182
vn 0.9073 -0.4100 -0.0938
vn 0.6818 -0.7268 -0.0832
vn -0.6766 0.7359 0.0232
vn -0.9856 0.1670 0.0254
vn -0.9854 0.1671 0.0322
vn -0.6766 0.7358 0.0296
vn 0.6833 -0.7301 -0.0074
vn 0.9110 -0.4124 -0.0084
vn 0.9110 -0.4124 -0.0027
vn 0.6833 -0.7301 -0.0025
vn -0.6241 -0.7783 -0.0682
vn -0.4775 -0.8762 -0.0655
vn -0.4807 -0.8752 -0.0535
vn -0.6270 -0.7770 -0.0561
vn 0.8315 0.5526 0.0561
vn 0.8766 0.4769 0.0644
vn 0.8723 0.4822 0.0812
vn 0.8276 0.5568 0.0707
vn 0.1557 -0.2918 0.9437
vn 0.2480 -0.3066 0.9190
vn 0.2789 -0.2867 0.9165
vn 0.2073 -0.2894 0.9345
vn -0.6132 -0.7828 -0.1062
vn -0.4654 -0.8792 -0.1016
vn -0.4728 -0.8774 -0.0810
vn -0.6196 -0.7804 -0.0847
vn 0.8406 0.5417 0.0017
vn 0.8863 0.4631 0.0020
vn 0.8861 0.4634 0.0058
vn 0.8405 0.5418 0.0052
vn 0.0458 -0.3731 -0.9266
vn 0.1431 -0.4284 -0.8922
vn -0.2523 -0.8189 -0.5156
vn -0.4283 -0.7415 -0.5165
vn 0.8342 0.5496 -0.0458
vn 0.8793 0.4733 -0.0524
vn 0.8813 0.4707 -0.0430
vn 0.8360 0.5475 -0.0375
vn -0.4283 -0.7415 0.5164
vn -0.2524 -0.8188 0.5156
vn 0.1431 -0.4284 0.8922
vn 0.0458 -0.3731 0.9266
vn 0.8396 0.5430 0.0162
vn 0.8852 0.4649 0.0185
vn 0.8846 0.4658 0.0235
vn 0.8390 0.5437 0.0206
vn -0.6197 -0.7802 0.0847
vn -0.4726 -0.8775 0.0810
vn -0.4655 -0.8792 0.1018
vn -0.6132 -0.7828 0.1065
vn 0.8390 0.5437 -0.0206
vn 0.8846 0.4658 -0.0235
vn 0.8852 0.4648 -0.0186
vn 0.8396 0.5430 -0.0162
vn -0.6271 -0.7769 0.0560
vn -0.4807 -0.8752 0.0537
vn -0.4775 -0.8762 0.0654
vn -0.6240 -0.7784 0.0684
vn 0.8360 0.5475 0.0374
vn 0.8813 0.4706 0.0430
vn 0.8793 0.4734 0.0524
vn 0.8342 0.5496 0.0459
vn -0.6312 -0.7747 0.0377
vn -0.4847 -0.8739 0.0362
vn -0.4831 -0.8745 0.0443
vn -0.6294 -0.7757 0.0460
vn 0.9683 -0.2498 -0.0084
vn 0.8895 0.4570 -0.0057
vn 0.8895 0.4569 -0.0019
vn 0.9683 -0.2498 -0.0028
vn -0.9301 -0.3658 0.0344
vn -0.7641 -0.6442 0.0347
vn -0.7630 -0.6450 0.0422
vn -0.9296 -0.3661 0.0421
vn 0.9668 -0.2479 0.0623
vn 0.8854 0.4630 0.0422
vn 0.8837 0.4653 0.0513
vn 0.9660 -0.2471 0.0761
vn -0.9290 -0.3665 0.0512
vn -0.7616 -0.6460 0.0515
vn -0.7597 -0.6472 0.0629
vn -0.9282 -0.3668 0.0625
vn 0.9679 -0.2492 -0.0339
vn 0.8881 0.4590 -0.0231
vn 0.8887 0.4582 -0.0182
vn 0.9680 -0.2494 -0.0268
vn -0.9270 -0.3671 0.0772
vn -0.7573 -0.6485 0.0775
vn -0.7537 -0.6499 0.0979
vn -0.9250 -0.3672 0.0977
vn 0.9680 -0.2494 0.0268
vn 0.8887 0.4582 0.0182
vn 0.8881 0.4590 0.0231
vn 0.9679 -0.2492 0.0339
vn -0.7217 -0.2959 0.6258
vn -0.6020 -0.5917 0.5361
vn -0.0948 -0.2446 0.9650
vn -0.1244 -0.0674 0.9899
vn 0.9660 -0.2471 -0.0761
vn 0.8836 0.4654 -0.0513
vn 0.8853 0.4630 -0.0422
vn 0.9668 -0.2479 -0.0623
vn -0.1244 -0.0673 -0.9899
vn -0.0947 -0.2446 -0.9650
vn -0.6020 -0.5918 -0.5361
vn -0.7216 -0.2959 -0.6259
vn 0.9683 -0.2498 0.0028
vn 0.8895 0.4568 0.0019
vn 0.8894 0.4570 0.0057
vn 0.9683 -0.2498 0.0084
vn -0.9250 -0.3672 -0.0977
vn -0.7537 -0.6498 -0.0979
vn -0.7573 -0.6485 -0.0774
vn -0.9270 -0.3671 -0.0772
vn -0.0222 -0.0322 0.9992
vn 0.0160 -0.1911 0.9814
vn 0.0680 -0.2267 0.9716
vn 0.0129 -0.0334 0.9994
vn 0.9647 -0.2460 0.0941
vn 0.8812 0.4685 0.0632
vn 0.8774 0.4730 0.0797
vn 0.9625 -0.2441 0.1187
vn -0.9282 -0.3668 -0.0625
vn -0.7597 -0.6472 -0.0629
vn -0.7616 -0.6460 -0.0515
vn -0.9290 -0.3665 -0.0512
vn 0.1114 -0.0591 0.9920
vn 0.2007 -0.2405 0.9497
vn 0.8611 0.2579 0.4382
vn 0.8170 -0.2250 0.5310
vn 0.9934 0.0420 0.1065
vn 0.9958 0.0361 0.0843
vn -0.0312 -0.9990 -0.0335
vn -0.0320 -0.9986 -0.0428
vn 0.9997 0.0233 0.0075
vn 0.9997 0.0232 0.0025
vn -0.0186 -0.9998 -0.0009
vn -0.0189 -0.9998 -0.0029
vn 0.9980 0.0295 -0.0559
vn 0.9972 0.0321 -0.0682
vn -0.0299 -0.9992 0.0265
vn -0.0281 -0.9994 0.0222
vn 0.9992 0.0252 0.0304
vn 0.9994 0.0244 0.0240
vn -0.0216 -0.9997 -0.0091
vn -0.0230 -0.9997 -0.0117
vn 0.9994 0.0244 -0.0240
vn 0.9992 0.0252 -0.0304
vn -0.0230 -0.9997 0.0117
vn -0.0216 -0.9997 0.0091
vn 0.9972 0.0322 0.0682
vn 0.9980 0.0295 0.0559
vn -0.0281 -0.9994 -0.0222
vn -0.0299 -0.9992 -0.0265
vn 0.9997 0.0232 -0.0025
vn 0.9997 0.0233 -0.0075
vn -0.0189 -0.9998 0.0029
vn -0.0186 -0.9998 0.0009
vn 0.9958 0.0361 -0.0843
vn 0.9934 0.0420 -0.1064
vn -0.0321 -0.9986 0.0428
vn -0.0312 -0.9990 0.0335
vn 0.3490 -0.2851 -0.8927
vn 0.7869 -0.1767 -0.5912
vn 0.1599 -0.7514 -0.6402
vn 0.2649 -0.3641 -0.8929
vn 0.9996 0.0239 0.0181
vn 0.9996 0.0236 0.0127
vn -0.0195 -0.9998 -0.0050
vn -0.0204 -0.9998 -0.0070
vn 0.9990 0.0262 -0.0376
vn 0.9986 0.0275 -0.0459
vn -0.0263 -0.9995 0.0184
vn -0.0246 -0.9996 0.0144
vn 0.9986 0.0275 0.0459
vn 0.9990 0.0261 0.0375
vn -0.0246 -0.9996 -0.0144
vn -0.0263 -0.9995 -0.0184
vn 0.9996 0.0236 -0.0127
vn 0.9995 0.0239 -0.0181
vn -0.0204 -0.9998 0.0070
vn -0.0195 -0.9998 0.0050
vn 0.7867 -0.1768 0.5915
vn 0.3490 -0.2851 0.8927
vn 0.2649 -0.3641 0.8929
vn 0.1599 -0.7515 0.6401
vn 0.3343 -0.2263 0.9149
vn 0.4038 -0.2011 0.8925
vn 0.8795 0.2759 0.3878
vn 0.8499 0.3480 0.3958
vn -0.6294 -0.7757 -0.0461
vn -0.4830 -0.8745 -0.0445
vn -0.4847 -0.8739 -0.0363
vn -0.6312 -0.7747 -0.0378
vn 0.8400 0.5424 -0.0124
vn 0.8856 0.4642 -0.0141
vn 0.8859 0.4637 -0.0099
vn 0.8403 0.5421 -0.0086
vn 0.2073 -0.2894 -0.9345
vn 0.2790 -0.2867 -0.9165
vn 0.2479 -0.3066 -0.9190
vn 0.1557 -0.2918 -0.9437
vn -0.6325 -0.7739 -0.0304
vn -0.4860 -0.8735 -0.0293
vn -0.4869 -0.8731 -0.0233
vn -0.6336 -0.7733 -0.0242
vn 0.8383 0.5447 0.0253
vn 0.8837 0.4671 0.0292
vn 0.8827 0.4686 0.0354
vn 0.8373 0.5458 0.0311
vn -0.6344 -0.7728 -0.0182
vn -0.4875 -0.8729 -0.0174
vn -0.4880 -0.8728 -0.0125
vn -0.6349 -0.7725 -0.0128
vn 0.8373 0.5459 -0.0311
vn 0.8827 0.4685 -0.0353
vn 0.8837 0.4671 -0.0292
vn 0.8383 0.5446 -0.0253
vn -0.6353 -0.7722 -0.0075
vn -0.4883 -0.8727 -0.0071
vn -0.4885 -0.8726 -0.0023
vn -0.6354 -0.7722 -0.0025
vn 0.8403 0.5420 0.0086
vn 0.8859 0.4637 0.0099
vn 0.8856 0.4641 0.0141
vn 0.8400 0.5425 0.0123
vn -0.6354 -0.7722 0.0025
vn -0.4885 -0.8726 0.0024
vn -0.4883 -0.8727 0.0071
vn -0.6353 -0.7722 0.0075
vn 0.8499 0.3479 -0.3958
vn 0.8794 0.2760 -0.3880
vn 0.4040 -0.2011 -0.8924
vn 0.3343 -0.2263 -0.9149
vn -0.6349 -0.7725 0.0128
vn -0.4880 -0.8728 0.0124
vn -0.4876 -0.8729 0.0174
vn -0.6344 -0.7728 0.0182
vn 0.8276 0.5568 -0.0707
vn 0.8723 0.4821 -0.0810
vn 0.8766 0.4769 -0.0645
vn 0.8316 0.5526 -0.0561
vn -0.6336 -0.7733 0.0242
vn -0.4869 -0.8731 0.0233
vn -0.4860 -0.8735 0.0293
vn -0.6325 -0.7739 0.0304
vn 0.8405 0.5418 -0.0052
vn 0.8861 0.4634 -0.0057
vn 0.8863 0.4632 -0.0020
vn 0.8406 0.5417 -0.0017
usemtl Gulv_Lift_Hook_Material
s off
f 1715/2019/1291 2582/2020/1291 4192/2021/1291 2679/2022/1291
f 2582/2020/1292 1714/2023/1292 2677/2024/1292 4192/2021/1292
f 4192/2021/1293 2677/2024/1293 1747/2025/1293 2647/2026/1293
f 2679/2022/1294 4192/2021/1294 2647/2026/1294 1748/2027/1294
f 1669/2028/1295 2521/2029/1295 4193/2030/1295 2522/2031/1295
f 2521/2029/1296 1670/2032/1296 2523/2033/1296 4193/2030/1296
f 4193/2030/1297 2523/2033/1297 1672/2034/1297 2524/2035/1297
f 2522/2031/1298 4193/2030/1298 2524/2035/1298 1671/2036/1298
f 1671/2036/1299 2524/2035/1299 4194/2037/1299 2525/2038/1299
f 2524/2035/1300 1672/2034/1300 2526/2039/1300 4194/2037/1300
f 4194/2037/1301 2526/2039/1301 1674/2040/1301 2527/2041/1301
f 2525/2038/1302 4194/2037/1302 2527/2041/1302 1673/2042/1302
f 1673/2042/1303 2527/2041/1303 4195/2043/1303 2528/2044/1303
f 2527/2041/1304 1674/2040/1304 2529/2045/1304 4195/2043/1304
f 4195/2043/1305 2529/2045/1305 1676/2046/1305 2530/2047/1305
f 2528/2044/1306 4195/2043/1306 2530/2047/1306 1675/2048/1306
f 1675/2048/1307 2530/2047/1307 4196/2049/1307 2531/2050/1307
f 2530/2047/1308 1676/2046/1308 2532/2051/1308 4196/2049/1308
f 4196/2049/1309 2532/2051/1309 1678/2052/1309 2533/2053/1309
f 2531/2050/1310 4196/2049/1310 2533/2053/1310 1677/2054/1310
f 1677/2054/1311 2533/2053/1311 4197/2055/1311 2534/2056/1311
f 2533/2053/1312 1678/2052/1312 2535/2057/1312 4197/2055/1312
f 4197/2055/1313 2535/2057/1313 1680/2058/1313 2536/2059/1313
f 2534/2056/1314 4197/2055/1314 2536/2059/1314 1679/2060/1314
f 1679/2060/1315 2536/2059/1315 4198/2061/1315 2537/2062/1315
f 2536/2059/1316 1680/2058/1316 2538/2063/1316 4198/2061/1316
f 4198/2061/1317 2538/2063/1317 1682/2064/1317 2539/2065/1317
f 2537/2062/1318 4198/2061/1318 2539/2065/1318 1681/2066/1318
f 1681/2066/1319 2539/2065/1319 4199/2067/1319 2540/2068/1319
f 2539/2065/1320 1682/2064/1320 2541/2069/1320 4199/2067/1320
f 4199/2067/1321 2541/2069/1321 1684/2070/1321 2542/2071/1321
f 2540/2068/1322 4199/2067/1322 2542/2071/1322 1683/2072/1322
f 1683/2072/1323 2542/2071/1323 4200/2073/1323 2543/2074/1323
f 2542/2071/1324 1684/2070/1324 2544/2075/1324 4200/2073/1324
f 4200/2073/1325 2544/2075/1325 1686/2076/1325 2545/2077/1325
f 2543/2074/1326 4200/2073/1326 2545/2077/1326 1685/2078/1326
f 1685/2078/1327 2545/2077/1327 4201/2079/1327 2546/2080/1327
f 2545/2077/1328 1686/2076/1328 2547/2081/1328 4201/2079/1328
f 4201/2079/1329 2547/2081/1329 1688/2082/1329 2548/2083/1329
f 2546/2080/1330 4201/2079/1330 2548/2083/1330 1687/2084/1330
f 1687/2084/1331 2548/2083/1331 4202/2085/1331 2549/2086/1331
f 2548/2083/1332 1688/2082/1332 2550/2087/1332 4202/2085/1332
f 4202/2085/1333 2550/2087/1333 1690/2088/1333 2551/2089/1333
f 2549/2086/1334 4202/2085/1334 2551/2089/1334 1689/2090/1334
f 1689/2090/1335 2551/2089/1335 4203/2091/1335 2552/2092/1335
f 2551/2089/1336 1690/2088/1336 2553/2093/1336 4203/2091/1336
f 4203/2091/1337 2553/2093/1337 1692/2094/1337 2554/2095/1337
f 2552/2092/1338 4203/2091/1338 2554/2095/1338 1691/2096/1338
f 1691/2096/1339 2554/2095/1339 4204/2097/1339 2555/2098/1339
f 2554/2095/1340 1692/2094/1340 2556/2099/1340 4204/2097/1340
f 4204/2097/1341 2556/2099/1341 1694/2100/1341 2557/2101/1341
f 2555/2098/1342 4204/2097/1342 2557/2101/1342 1693/2102/1342
f 1693/2102/1343 2557/2101/1343 4205/2103/1343 2558/2104/1343
f 2557/2101/1344 1694/2100/1344 2559/2105/1344 4205/2103/1344
f 4205/2103/1345 2559/2105/1345 1696/2106/1345 2560/2107/1345
f 2558/2104/1346 4205/2103/1346 2560/2107/1346 1695/2108/1346
f 1695/2108/1347 2560/2107/1347 4206/2109/1347 2561/2110/1347
f 2560/2107/1348 1696/2106/1348 2562/2111/1348 4206/2109/1348
f 4206/2109/1349 2562/2111/1349 1698/2112/1349 2563/2113/1349
f 2561/2110/1350 4206/2109/1350 2563/2113/1350 1697/2114/1350
f 1697/2114/1351 2563/2113/1351 4207/2115/1351 2564/2116/1351
f 2563/2113/1352 1698/2112/1352 2565/2117/1352 4207/2115/1352
f 4207/2115/1353 2565/2117/1353 1700/2118/1353 2566/2119/1353
f 2564/2116/1354 4207/2115/1354 2566/2119/1354 1699/2120/1354
f 1699/2120/1355 2566/2119/1355 4208/2121/1355 2567/2122/1355
f 2566/2119/1356 1700/2118/1356 2568/2123/1356 4208/2121/1356
f 4208/2121/1357 2568/2123/1357 1668/2124/1357 2519/2125/1357
f 2567/2122/1358 4208/2121/1358 2519/2125/1358 1667/2126/1358
f 1702/2127/1359 2569/2128/1359 4209/2129/1359 2585/2130/1359
f 1701/2131/1359 2570/2132/1359 4209/2129/1359 2569/2128/1359
f 1703/2133/1359 2571/2134/1359 4209/2129/1359 2570/2132/1359
f 1704/2135/1359 2572/2136/1359 4209/2129/1359 2571/2134/1359
f 1705/2137/1359 2573/2138/1359 4209/2129/1359 2572/2136/1359
f 1706/2139/1359 2574/2140/1359 4209/2129/1359 2573/2138/1359
f 1707/2141/1359 2575/2142/1359 4209/2129/1359 2574/2140/1359
f 1708/2143/1359 2576/2144/1359 4209/2129/1359 2575/2142/1359
f 1709/2145/1359 2577/2146/1359 4209/2129/1359 2576/2144/1359
f 1710/2147/1359 2578/2148/1359 4209/2129/1359 2577/2146/1359
f 1711/2149/1359 2579/2150/1359 4209/2129/1359 2578/2148/1359
f 1712/2151/1359 2580/2152/1359 4209/2129/1359 2579/2150/1359
f 1713/2153/1359 2581/2154/1359 4209/2129/1359 2580/2152/1359
f 1714/2023/1359 2582/2020/1359 4209/2129/1359 2581/2154/1359
f 1715/2019/1359 2583/2155/1359 4209/2129/1359 2582/2020/1359
f 1716/2156/1359 2584/2157/1359 4209/2129/1359 2583/2155/1359
f 1717/2158/1359 2585/2130/1359 4209/2129/1359 2584/2157/1359
f 1728/2159/1360 2622/2160/1360 4210/2161/1360 2678/2162/1360
f 2622/2160/1361 1723/2163/1361 2596/2164/1361 4210/2161/1361
f 4210/2161/1362 2596/2164/1362 1764/2165/1362 2658/2166/1362
f 2678/2162/1363 4210/2161/1363 2658/2166/1363 1757/2167/1363
f 1714/2023/1364 2581/2154/1364 4211/2168/1364 2677/2024/1364
f 2581/2154/1365 1713/2153/1365 2673/2169/1365 4211/2168/1365
f 4211/2168/1366 2673/2169/1366 1746/2170/1366 2646/2171/1366
f 2677/2024/1367 4211/2168/1367 2646/2171/1367 1747/2025/1367
f 1732/2172/1368 2621/2173/1368 4212/2174/1368 2676/2175/1368
f 2621/2173/1369 1727/2176/1369 2607/2177/1369 4212/2174/1369
f 4212/2174/1370 2607/2177/1370 1766/2178/1370 2657/2179/1370
f 2676/2175/1371 4212/2174/1371 2657/2179/1371 1759/2180/1371
f 1719/2181/1372 2634/2182/1372 4213/2183/1372 2675/2184/1372
f 2634/2182/1373 1718/2185/1373 2674/2186/1373 4213/2183/1373
f 4213/2183/1374 2674/2186/1374 1752/2187/1374 2670/2188/1374
f 2675/2184/1375 4213/2183/1375 2670/2188/1375 1762/2189/1375
f 1713/2153/1376 2580/2152/1376 4214/2190/1376 2673/2169/1376
f 2580/2152/1377 1712/2151/1377 2590/2191/1377 4214/2190/1377
f 4214/2190/1378 2590/2191/1378 1745/2192/1378 2645/2193/1378
f 2673/2169/1379 4214/2190/1379 2645/2193/1379 1746/2170/1379
f 1733/2194/1380 2620/2195/1380 4215/2196/1380 2672/2197/1380
f 2620/2195/1381 1729/2198/1381 2671/2199/1381 4215/2196/1381
f 4215/2196/1382 2671/2199/1382 1767/2200/1382 2656/2201/1382
f 2672/2197/1383 4215/2196/1383 2656/2201/1383 1760/2202/1383
f 1721/2203/1384 2633/2204/1384 4216/2205/1384 2586/2206/1384
f 2633/2204/1385 1720/2207/1385 2588/2208/1385 4216/2205/1385
f 4216/2205/1386 2588/2208/1386 1753/2209/1386 2669/2210/1386
f 2586/2206/1387 4216/2205/1387 2669/2210/1387 1763/2211/1387
f 1712/2151/1388 2579/2150/1388 4217/2212/1388 2590/2191/1388
f 2579/2150/1389 1711/2149/1389 2601/2213/1389 4217/2212/1389
f 4217/2212/1390 2601/2213/1390 1744/2214/1390 2644/2215/1390
f 2590/2191/1391 4217/2212/1391 2644/2215/1391 1745/2192/1391
f 1734/2216/1392 2619/2217/1392 4218/2218/1392 2592/2219/1392
f 2619/2217/1393 1731/2220/1393 2594/2221/1393 4218/2218/1393
f 4218/2218/1394 2594/2221/1394 1768/2222/1394 2655/2223/1394
f 2592/2219/1395 4218/2218/1395 2655/2223/1395 1761/2224/1395
f 1723/2163/1396 2632/2225/1396 4219/2226/1396 2596/2164/1396
f 2632/2225/1397 1722/2227/1397 2600/2228/1397 4219/2226/1397
f 4219/2226/1398 2600/2228/1398 1754/2229/1398 2668/2230/1398
f 2596/2164/1399 4219/2226/1399 2668/2230/1399 1764/2165/1399
f 1711/2149/1400 2578/2148/1400 4220/2231/1400 2601/2213/1400
f 2578/2148/1401 1710/2147/1401 2605/2232/1401 4220/2231/1401
f 4220/2231/1402 2605/2232/1402 1743/2233/1402 2643/2234/1402
f 2601/2213/1403 4220/2231/1403 2643/2234/1403 1744/2214/1403
f 1725/2235/1404 2631/2236/1404 4221/2237/1404 2602/2238/1404
f 2631/2236/1405 1724/2239/1405 2603/2240/1405 4221/2237/1405
f 4221/2237/1406 2603/2240/1406 1755/2241/1406 2667/2242/1406
f 2602/2238/1407 4221/2237/1407 2667/2242/1407 1765/2243/1407
f 1710/2147/1408 2577/2146/1408 4222/2244/1408 2605/2232/1408
f 2577/2146/1409 1709/2145/1409 2613/2245/1409 4222/2244/1409
f 4222/2244/1410 2613/2245/1410 1742/2246/1410 2642/2247/1410
f 2605/2232/1411 4222/2244/1411 2642/2247/1411 1743/2233/1411
f 1727/2176/1412 2630/2248/1412 4223/2249/1412 2607/2177/1412
f 2630/2248/1413 1726/2250/1413 2611/2251/1413 4223/2249/1413
f 4223/2249/1414 2611/2251/1414 1756/2252/1414 2666/2253/1414
f 2607/2177/1415 4223/2249/1415 2666/2253/1415 1766/2178/1415
f 1709/2145/1416 2576/2144/1416 4224/2254/1416 2613/2245/1416
f 2576/2144/1417 1708/2143/1417 2615/2255/1417 4224/2254/1417
f 4224/2254/1418 2615/2255/1418 1741/2256/1418 2641/2257/1418
f 2613/2245/1419 4224/2254/1419 2641/2257/1419 1742/2246/1419
f 1697/2114/1420 2564/2116/1420 4225/2258/1420 2618/2259/1420
f 2564/2116/1421 1699/2120/1421 2599/2260/1421 4225/2258/1421
f 4225/2258/1422 2599/2260/1422 1731/2220/1422 2619/2217/1422
f 2618/2259/1423 4225/2258/1423 2619/2217/1423 1734/2216/1423
f 1687/2084/1424 2549/2086/1424 4226/2261/1424 2617/2262/1424
f 2549/2086/1425 1689/2090/1425 2597/2263/1425 4226/2261/1425
f 4226/2261/1426 2597/2263/1426 1729/2198/1426 2620/2195/1426
f 2617/2262/1427 4226/2261/1427 2620/2195/1427 1733/2194/1427
f 1677/2054/1428 2534/2056/1428 4227/2264/1428 2616/2265/1428
f 2534/2056/1429 1679/2060/1429 2595/2266/1429 4227/2264/1429
f 4227/2264/1430 2595/2266/1430 1727/2176/1430 2621/2173/1430
f 2616/2265/1431 4227/2264/1431 2621/2173/1431 1732/2172/1431
f 1691/2096/1432 2555/2098/1432 4228/2267/1432 2612/2268/1432
f 2555/2098/1433 1693/2102/1433 2591/2269/1433 4228/2267/1433
f 4228/2267/1434 2591/2269/1434 1723/2163/1434 2622/2160/1434
f 2612/2268/1435 4228/2267/1435 2622/2160/1435 1728/2159/1435
f 1681/2066/1436 2540/2068/1436 4229/2270/1436 2610/2271/1436
f 2540/2068/1437 1683/2072/1437 2589/2272/1437 4229/2270/1437
f 4229/2270/1438 2589/2272/1438 1721/2203/1438 2623/2273/1438
f 2610/2271/1439 4229/2270/1439 2623/2273/1439 1726/2250/1439
f 1671/2036/1440 2525/2038/1440 4230/2274/1440 2608/2275/1440
f 2525/2038/1441 1673/2042/1441 2587/2276/1441 4230/2274/1441
f 4230/2274/1442 2587/2276/1442 1719/2181/1442 2624/2277/1442
f 2608/2275/1443 4230/2274/1443 2624/2277/1443 1724/2239/1443
f 1695/2108/1444 2561/2110/1444 4231/2278/1444 2606/2279/1444
f 2561/2110/1445 1697/2114/1445 2618/2259/1445 4231/2278/1445
f 4231/2278/1446 2618/2259/1446 1734/2216/1446 2625/2280/1446
f 2606/2279/1447 4231/2278/1447 2625/2280/1447 1722/2227/1447
f 1685/2078/1448 2546/2080/1448 4232/2281/1448 2604/2282/1448
f 2546/2080/1449 1687/2084/1449 2617/2262/1449 4232/2281/1449
f 4232/2281/1450 2617/2262/1450 1733/2194/1450 2626/2283/1450
f 2604/2282/1451 4232/2281/1451 2626/2283/1451 1720/2207/1451
f 1675/2048/1452 2531/2050/1452 4233/2284/1452 2520/2285/1452
f 2531/2050/1453 1677/2054/1453 2616/2265/1453 4233/2284/1453
f 4233/2284/1454 2616/2265/1454 1732/2172/1454 2627/2286/1454
f 2520/2285/1455 4233/2284/1455 2627/2286/1455 1718/2185/1455
f 1699/2120/1456 2567/2122/1456 4234/2287/1456 2599/2260/1456
f 2567/2122/1457 1667/2126/1457 2614/2288/1457 4234/2287/1457
f 4234/2287/1458 2614/2288/1458 1730/2289/1458 2628/2290/1458
f 2599/2260/1459 4234/2287/1459 2628/2290/1459 1731/2220/1459
f 1689/2090/1460 2552/2092/1460 4235/2291/1460 2597/2263/1460
f 2552/2092/1461 1691/2096/1461 2612/2268/1461 4235/2291/1461
f 4235/2291/1462 2612/2268/1462 1728/2159/1462 2629/2292/1462
f 2597/2263/1463 4235/2291/1463 2629/2292/1463 1729/2198/1463
f 1679/2060/1464 2537/2062/1464 4236/2293/1464 2595/2266/1464
f 2537/2062/1465 1681/2066/1465 2610/2271/1465 4236/2293/1465
f 4236/2293/1466 2610/2271/1466 1726/2250/1466 2630/2248/1466
f 2595/2266/1467 4236/2293/1467 2630/2248/1467 1727/2176/1467
f 1669/2028/1468 2522/2031/1468 4237/2294/1468 2593/2295/1468
f 2522/2031/1469 1671/2036/1469 2608/2275/1469 4237/2294/1469
f 4237/2294/1470 2608/2275/1470 1724/2239/1470 2631/2236/1470
f 2593/2295/1471 4237/2294/1471 2631/2236/1471 1725/2235/1471
f 1693/2102/1472 2558/2104/1472 4238/2296/1472 2591/2269/1472
f 2558/2104/1473 1695/2108/1473 2606/2279/1473 4238/2296/1473
f 4238/2296/1474 2606/2279/1474 1722/2227/1474 2632/2225/1474
f 2591/2269/1475 4238/2296/1475 2632/2225/1475 1723/2163/1475
f 1683/2072/1476 2543/2074/1476 4239/2297/1476 2589/2272/1476
f 2543/2074/1477 1685/2078/1477 2604/2282/1477 4239/2297/1477
f 4239/2297/1478 2604/2282/1478 1720/2207/1478 2633/2204/1478
f 2589/2272/1479 4239/2297/1479 2633/2204/1479 1721/2203/1479
f 1673/2042/1480 2528/2044/1480 4240/2298/1480 2587/2276/1480
f 2528/2044/1481 1675/2048/1481 2520/2285/1481 4240/2298/1481
f 4240/2298/1482 2520/2285/1482 1718/2185/1482 2634/2182/1482
f 2587/2276/1483 4240/2298/1483 2634/2182/1483 1719/2181/1483
f 1765/2243/1484 2667/2242/1484 4241/2299/1484 2653/2300/1484
f 2667/2242/1485 1755/2241/1485 2651/2301/1485 4241/2299/1485
f 4241/2299/1486 2651/2301/1486 1736/2302/1486 2635/2303/1486
f 2653/2300/1487 4241/2299/1487 2635/2303/1487 1735/2304/1487
f 1768/2222/1488 2664/2305/1488 4242/2306/1488 2654/2307/1488
f 2664/2305/1489 1758/2308/1489 2652/2309/1489 4242/2306/1489
f 4242/2306/1490 2652/2309/1490 1751/2310/1490 2650/2311/1490
f 2654/2307/1491 4242/2306/1491 2650/2311/1491 1750/2312/1491
f 1726/2250/1492 2623/2273/1492 4243/2313/1492 2611/2251/1492
f 2623/2273/1493 1721/2203/1493 2586/2206/1493 4243/2313/1493
f 4243/2313/1494 2586/2206/1494 1763/2211/1494 2659/2314/1494
f 2611/2251/1495 4243/2313/1495 2659/2314/1495 1756/2252/1495
f 1716/2156/1496 2583/2155/1496 4244/2315/1496 2609/2316/1496
f 2583/2155/1497 1715/2019/1497 2679/2022/1497 4244/2315/1497
f 4244/2315/1498 2679/2022/1498 1748/2027/1498 2648/2317/1498
f 2609/2316/1499 4244/2315/1499 2648/2317/1499 1749/2318/1499
f 1703/2133/1500 2570/2132/1500 4245/2319/1500 2681/2320/1500
f 2570/2132/1501 1701/2131/1501 2680/2321/1501 4245/2319/1501
f 4245/2319/1502 2680/2321/1502 1735/2304/1502 2635/2303/1502
f 2681/2320/1503 4245/2319/1503 2635/2303/1503 1736/2302/1503
f 1724/2239/1504 2624/2277/1504 4246/2322/1504 2603/2240/1504
f 2624/2277/1505 1719/2181/1505 2675/2184/1505 4246/2322/1505
f 4246/2322/1506 2675/2184/1506 1762/2189/1506 2660/2323/1506
f 2603/2240/1507 4246/2322/1507 2660/2323/1507 1755/2241/1507
f 1717/2158/1508 2584/2157/1508 4247/2324/1508 2682/2325/1508
f 2584/2157/1509 1716/2156/1509 2609/2316/1509 4247/2324/1509
f 4247/2324/1510 2609/2316/1510 1749/2318/1510 2649/2326/1510
f 2682/2325/1511 4247/2324/1511 2649/2326/1511 1750/2312/1511
f 1704/2135/1512 2571/2134/1512 4248/2327/1512 2683/2328/1512
f 2571/2134/1513 1703/2133/1513 2681/2320/1513 4248/2327/1513
f 4248/2327/1514 2681/2320/1514 1736/2302/1514 2636/2329/1514
f 2683/2328/1515 4248/2327/1515 2636/2329/1515 1737/2330/1515
f 1722/2227/1516 2625/2280/1516 4249/2331/1516 2600/2228/1516
f 2625/2280/1517 1734/2216/1517 2592/2219/1517 4249/2331/1517
f 4249/2331/1518 2592/2219/1518 1761/2224/1518 2661/2332/1518
f 2600/2228/1519 4249/2331/1519 2661/2332/1519 1754/2229/1519
f 1702/2127/1520 2585/2130/1520 4250/2333/1520 2598/2334/1520
f 2585/2130/1521 1717/2158/1521 2682/2325/1521 4250/2333/1521
f 4250/2333/1522 2682/2325/1522 1750/2312/1522 2650/2311/1522
f 2598/2334/1523 4250/2333/1523 2650/2311/1523 1751/2310/1523
f 1705/2137/1524 2572/2136/1524 4251/2335/1524 2684/2336/1524
f 2572/2136/1525 1704/2135/1525 2683/2328/1525 4251/2335/1525
f 4251/2335/1526 2683/2328/1526 1737/2330/1526 2637/2337/1526
f 2684/2336/1527 4251/2335/1527 2637/2337/1527 1738/2338/1527
f 1720/2207/1528 2626/2283/1528 4252/2339/1528 2588/2208/1528
f 2626/2283/1529 1733/2194/1529 2672/2197/1529 4252/2339/1529
f 4252/2339/1530 2672/2197/1530 1760/2202/1530 2662/2340/1530
f 2588/2208/1531 4252/2339/1531 2662/2340/1531 1753/2209/1531
f 1706/2139/1532 2573/2138/1532 4253/2341/1532 2685/2342/1532
f 2573/2138/1533 1705/2137/1533 2684/2336/1533 4253/2341/1533
f 4253/2341/1534 2684/2336/1534 1738/2338/1534 2638/2343/1534
f 2685/2342/1535 4253/2341/1535 2638/2343/1535 1739/2344/1535
f 1718/2185/1536 2627/2286/1536 4254/2345/1536 2674/2186/1536
f 2627/2286/1537 1732/2172/1537 2676/2175/1537 4254/2345/1537
f 4254/2345/1538 2676/2175/1538 1759/2180/1538 2663/2346/1538
f 2674/2186/1539 4254/2345/1539 2663/2346/1539 1752/2187/1539
f 1707/2141/1540 2574/2140/1540 4255/2347/1540 2686/2348/1540
f 2574/2140/1541 1706/2139/1541 2685/2342/1541 4255/2347/1541
f 4255/2347/1542 2685/2342/1542 1739/2344/1542 2639/2349/1542
f 2686/2348/1543 4255/2347/1543 2639/2349/1543 1740/2350/1543
f 1731/2220/1544 2628/2290/1544 4256/2351/1544 2594/2221/1544
f 2628/2290/1545 1730/2289/1545 2687/2352/1545 4256/2351/1545
f 4256/2351/1546 2687/2352/1546 1758/2308/1546 2664/2305/1546
f 2594/2221/1547 4256/2351/1547 2664/2305/1547 1768/2222/1547
f 1708/2143/1548 2575/2142/1548 4257/2353/1548 2615/2255/1548
f 2575/2142/1549 1707/2141/1549 2686/2348/1549 4257/2353/1549
f 4257/2353/1550 2686/2348/1550 1740/2350/1550 2640/2354/1550
f 2615/2255/1551 4257/2353/1551 2640/2354/1551 1741/2256/1551
f 1729/2198/1552 2629/2292/1552 4258/2355/1552 2671/2199/1552
f 2629/2292/1553 1728/2159/1553 2678/2162/1553 4258/2355/1553
f 4258/2355/1554 2678/2162/1554 1757/2167/1554 2665/2356/1554
f 2671/2199/1555 4258/2355/1555 2665/2356/1555 1767/2200/1555
f 1775/2357/1556 2694/2358/1556 4259/2359/1556 3109/2360/1556
f 2694/2358/1557 1776/2361/1557 3112/2362/1557 4259/2359/1557
f 4259/2359/1558 3112/2362/1558 1956/2363/1558 3067/2364/1558
f 3109/2360/1559 4259/2359/1559 3067/2364/1559 1955/2365/1559
f 1795/2366/1560 2720/2367/1560 4260/2368/1560 3111/2369/1560
f 2720/2367/1561 1789/2370/1561 3110/2371/1561 4260/2368/1561
f 4260/2368/1562 3110/2371/1562 1969/2372/1562 3093/2373/1562
f 3111/2369/1563 4260/2368/1563 3093/2373/1563 1975/2374/1563
f 1774/2375/1564 2693/2376/1564 4261/2377/1564 3106/2378/1564
f 2693/2376/1565 1775/2357/1565 3109/2360/1565 4261/2377/1565
f 4261/2377/1566 3109/2360/1566 1955/2365/1566 3066/2379/1566
f 3106/2378/1567 4261/2377/1567 3066/2379/1567 1954/2380/1567
f 1796/2381/1568 2719/2382/1568 4262/2383/1568 3108/2384/1568
f 2719/2382/1569 1790/2385/1569 3107/2386/1569 4262/2383/1569
f 4262/2383/1570 3107/2386/1570 1970/2387/1570 3092/2388/1570
f 3108/2384/1571 4262/2383/1571 3092/2388/1571 1976/2389/1571
f 1773/2390/1572 2692/2391/1572 4263/2392/1572 2704/2393/1572
f 2692/2391/1573 1774/2375/1573 3106/2378/1573 4263/2392/1573
f 4263/2392/1574 3106/2378/1574 1954/2380/1574 3065/2394/1574
f 2704/2393/1575 4263/2392/1575 3065/2394/1575 1953/2395/1575
f 1787/2396/1576 2705/2397/1576 4264/2398/1576 3105/2399/1576
f 2705/2397/1577 1769/2400/1577 3104/2401/1577 4264/2398/1577
f 4264/2398/1578 3104/2401/1578 1949/2402/1578 3078/2403/1578
f 3105/2399/1579 4264/2398/1579 3078/2403/1579 1967/2404/1579
f 1797/2405/1580 2718/2406/1580 4265/2407/1580 2702/2408/1580
f 2718/2406/1581 1791/2409/1581 2703/2410/1581 4265/2407/1581
f 4265/2407/1582 2703/2410/1582 1971/2411/1582 3091/2412/1582
f 2702/2408/1583 4265/2407/1583 3091/2412/1583 1977/2413/1583
f 1772/2414/1584 2691/2415/1584 4266/2416/1584 2707/2417/1584
f 2691/2415/1585 1773/2390/1585 2704/2393/1585 4266/2416/1585
f 4266/2416/1586 2704/2393/1586 1953/2395/1586 3064/2418/1586
f 2707/2417/1587 4266/2416/1587 3064/2418/1587 1952/2419/1587
f 1798/2420/1588 2717/2421/1588 4267/2422/1588 2711/2423/1588
f 2717/2421/1589 1792/2424/1589 2706/2425/1589 4267/2422/1589
f 4267/2422/1590 2706/2425/1590 1972/2426/1590 3090/2427/1590
f 2711/2423/1591 4267/2422/1591 3090/2427/1591 1978/2428/1591
f 1771/2429/1592 2690/2430/1592 4268/2431/1592 2713/2432/1592
f 2690/2430/1593 1772/2414/1593 2707/2417/1593 4268/2431/1593
f 4268/2431/1594 2707/2417/1594 1952/2419/1594 3063/2433/1594
f 2713/2432/1595 4268/2431/1595 3063/2433/1595 1951/2434/1595
f 1784/2435/1596 2730/2436/1596 4269/2437/1596 2708/2438/1596
f 2730/2436/1597 1793/2439/1597 2709/2440/1597 4269/2437/1597
f 4269/2437/1598 2709/2440/1598 1973/2441/1598 3103/2442/1598
f 2708/2438/1599 4269/2437/1599 3103/2442/1599 1964/2443/1599
f 1783/2444/1600 2716/2445/1600 4270/2446/1600 2710/2447/1600
f 2716/2445/1601 1798/2420/1601 2711/2423/1601 4270/2446/1601
f 4270/2446/1602 2711/2423/1602 1978/2428/1602 3089/2448/1602
f 2710/2447/1603 4270/2446/1603 3089/2448/1603 1963/2449/1603
f 1770/2450/1604 2689/2451/1604 4271/2452/1604 2712/2453/1604
f 2689/2451/1605 1771/2429/1605 2713/2432/1605 4271/2452/1605
f 4271/2452/1606 2713/2432/1606 1951/2434/1606 3062/2454/1606
f 2712/2453/1607 4271/2452/1607 3062/2454/1607 1950/2455/1607
f 1785/2456/1608 2729/2457/1608 4272/2458/1608 2714/2459/1608
f 2729/2457/1609 1794/2460/1609 2715/2461/1609 4272/2458/1609
f 4272/2458/1610 2715/2461/1610 1974/2462/1610 3102/2463/1610
f 2714/2459/1611 4272/2458/1611 3102/2463/1611 1965/2464/1611
f 1770/2450/1612 2689/2451/1612 4273/2465/1612 2761/2466/1612
f 2689/2451/1613 1771/2429/1613 2732/2467/1613 4273/2465/1613
f 4273/2465/1614 2732/2467/1614 1808/2468/1614 2911/2469/1614
f 2761/2466/1615 4273/2465/1615 2911/2469/1615 1799/2470/1615
f 1771/2429/1616 2690/2430/1616 4274/2471/1616 2732/2467/1616
f 2690/2430/1617 1772/2414/1617 2733/2472/1617 4274/2471/1617
f 4274/2471/1618 2733/2472/1618 1813/2473/1618 2916/2474/1618
f 2732/2467/1619 4274/2471/1619 2916/2474/1619 1808/2468/1619
f 1772/2414/1620 2691/2415/1620 4275/2475/1620 2733/2472/1620
f 2691/2415/1621 1773/2390/1621 2734/2476/1621 4275/2475/1621
f 4275/2475/1622 2734/2476/1622 1818/2477/1622 2921/2478/1622
f 2733/2472/1623 4275/2475/1623 2921/2478/1623 1813/2473/1623
f 1773/2390/1624 2692/2391/1624 4276/2479/1624 2734/2476/1624
f 2692/2391/1625 1774/2375/1625 2735/2480/1625 4276/2479/1625
f 4276/2479/1626 2735/2480/1626 1823/2481/1626 2926/2482/1626
f 2734/2476/1627 4276/2479/1627 2926/2482/1627 1818/2477/1627
f 1774/2375/1628 2693/2376/1628 4277/2483/1628 2735/2480/1628
f 2693/2376/1629 1775/2357/1629 2736/2484/1629 4277/2483/1629
f 4277/2483/1630 2736/2484/1630 1828/2485/1630 2931/2486/1630
f 2735/2480/1631 4277/2483/1631 2931/2486/1631 1823/2481/1631
f 1775/2357/1632 2694/2358/1632 4278/2487/1632 2736/2484/1632
f 2694/2358/1633 1776/2361/1633 2737/2488/1633 4278/2487/1633
f 4278/2487/1634 2737/2488/1634 1833/2489/1634 2936/2490/1634
f 2736/2484/1635 4278/2487/1635 2936/2490/1635 1828/2485/1635
f 1776/2361/1633 2695/2491/1633 4279/2492/1633 2737/2488/1633
f 2695/2491/1636 1777/2493/1636 2738/2494/1636 4279/2492/1636
f 4279/2492/1637 2738/2494/1637 1838/2495/1637 2941/2496/1637
f 2737/2488/1638 4279/2492/1638 2941/2496/1638 1833/2489/1638
f 1777/2493/1639 2696/2497/1639 4280/2498/1639 2738/2494/1639
f 2696/2497/1640 1778/2499/1640 2739/2500/1640 4280/2498/1640
f 4280/2498/1641 2739/2500/1641 1843/2501/1641 2946/2502/1641
f 2738/2494/1642 4280/2498/1642 2946/2502/1642 1838/2495/1642
f 1778/2499/1643 2697/2503/1643 4281/2504/1643 2739/2500/1643
f 2697/2503/1644 1779/2505/1644 2740/2506/1644 4281/2504/1644
f 4281/2504/1645 2740/2506/1645 1848/2507/1645 2951/2508/1645
f 2739/2500/1646 4281/2504/1646 2951/2508/1646 1843/2501/1646
f 1779/2505/1647 2698/2509/1647 4282/2510/1647 2740/2506/1647
f 2698/2509/1648 1780/2511/1648 2741/2512/1648 4282/2510/1648
f 4282/2510/1649 2741/2512/1649 1853/2513/1649 2956/2514/1649
f 2740/2506/1650 4282/2510/1650 2956/2514/1650 1848/2507/1650
f 1780/2511/1651 2699/2515/1651 4283/2516/1651 2741/2512/1651
f 2699/2515/1652 1781/2517/1652 2742/2518/1652 4283/2516/1652
f 4283/2516/1653 2742/2518/1653 1858/2519/1653 2961/2520/1653
f 2741/2512/1654 4283/2516/1654 2961/2520/1654 1853/2513/1654
f 1781/2517/1655 2700/2521/1655 4284/2522/1655 2742/2518/1655
f 2700/2521/1656 1782/2523/1656 2743/2524/1656 4284/2522/1656
f 4284/2522/1657 2743/2524/1657 1863/2525/1657 2966/2526/1657
f 2742/2518/1658 4284/2522/1658 2966/2526/1658 1858/2519/1658
f 1782/2523/1659 2701/2527/1659 4285/2528/1659 2743/2524/1659
f 2701/2527/1660 1783/2444/1660 2744/2529/1660 4285/2528/1660
f 4285/2528/1661 2744/2529/1661 1868/2530/1661 2971/2531/1661
f 2743/2524/1662 4285/2528/1662 2971/2531/1662 1863/2525/1662
f 1783/2444/1663 2716/2445/1663 4286/2532/1663 2744/2529/1663
f 2716/2445/1664 1798/2420/1664 2745/2533/1664 4286/2532/1664
f 4286/2532/1665 2745/2533/1665 1873/2534/1665 2976/2535/1665
f 2744/2529/1666 4286/2532/1666 2976/2535/1666 1868/2530/1666
f 1798/2420/1667 2717/2421/1667 4287/2536/1667 2745/2533/1667
f 2717/2421/1668 1792/2424/1668 2746/2537/1668 4287/2536/1668
f 4287/2536/1669 2746/2537/1669 1878/2538/1669 2981/2539/1669
f 2745/2533/1670 4287/2536/1670 2981/2539/1670 1873/2534/1670
f 1792/2424/1671 2723/2540/1671 4288/2541/1671 2746/2537/1671
f 2723/2540/1672 1786/2542/1672 2747/2543/1672 4288/2541/1672
f 4288/2541/1673 2747/2543/1673 1883/2544/1673 2986/2545/1673
f 2746/2537/1674 4288/2541/1674 2986/2545/1674 1878/2538/1674
f 1786/2542/1675 2728/2546/1675 4289/2547/1675 2747/2543/1675
f 2728/2546/1676 1795/2366/1676 2748/2548/1676 4289/2547/1676
f 4289/2547/1677 2748/2548/1677 1888/2549/1677 2991/2550/1677
f 2747/2543/1678 4289/2547/1678 2991/2550/1678 1883/2544/1678
f 1795/2366/1679 2720/2367/1679 4290/2551/1679 2748/2548/1679
f 2720/2367/1680 1789/2370/1680 2749/2552/1680 4290/2551/1680
f 4290/2551/1681 2749/2552/1681 1893/2553/1681 2996/2554/1681
f 2748/2548/1682 4290/2551/1682 2996/2554/1682 1888/2549/1682
f 1789/2370/1683 2726/2555/1683 4291/2556/1683 2749/2552/1683
f 2726/2555/1684 1797/2405/1684 2750/2557/1684 4291/2556/1684
f 4291/2556/1685 2750/2557/1685 1898/2558/1685 3001/2559/1685
f 2749/2552/1686 4291/2556/1686 3001/2559/1686 1893/2553/1686
f 1797/2405/1687 2718/2406/1687 4292/2560/1687 2750/2557/1687
f 2718/2406/1688 1791/2409/1688 2751/2561/1688 4292/2560/1688
f 4292/2560/1689 2751/2561/1689 1903/2562/1689 3006/2563/1689
f 2750/2557/1690 4292/2560/1690 3006/2563/1690 1898/2558/1690
f 1791/2409/1691 2724/2564/1691 4293/2565/1691 2751/2561/1691
f 2724/2564/1692 1785/2456/1692 2752/2566/1692 4293/2565/1692
f 4293/2565/1693 2752/2566/1693 1908/2567/1693 3011/2568/1693
f 2751/2561/1694 4293/2565/1694 3011/2568/1694 1903/2562/1694
f 1785/2456/1692 2729/2457/1692 4294/2569/1692 2752/2566/1692
f 2729/2457/1695 1794/2460/1695 2753/2570/1695 4294/2569/1695
f 4294/2569/1696 2753/2570/1696 1913/2571/1696 3016/2572/1696
f 2752/2566/1697 4294/2569/1697 3016/2572/1697 1908/2567/1697
f 1794/2460/1698 2721/2573/1698 4295/2574/1698 2753/2570/1698
f 2721/2573/1699 1788/2575/1699 2754/2576/1699 4295/2574/1699
f 4295/2574/1700 2754/2576/1700 1918/2577/1700 3021/2578/1700
f 2753/2570/1701 4295/2574/1701 3021/2578/1701 1913/2571/1701
f 1788/2575/1702 2727/2579/1702 4296/2580/1702 2754/2576/1702
f 2727/2579/1703 1796/2381/1703 2755/2581/1703 4296/2580/1703
f 4296/2580/1704 2755/2581/1704 1923/2582/1704 3026/2583/1704
f 2754/2576/1705 4296/2580/1705 3026/2583/1705 1918/2577/1705
f 1796/2381/1706 2719/2382/1706 4297/2584/1706 2755/2581/1706
f 2719/2382/1707 1790/2385/1707 2756/2585/1707 4297/2584/1707
f 4297/2584/1708 2756/2585/1708 1928/2586/1708 3031/2587/1708
f 2755/2581/1709 4297/2584/1709 3031/2587/1709 1923/2582/1709
f 1790/2385/1710 2725/2588/1710 4298/2589/1710 2756/2585/1710
f 2725/2588/1711 1784/2435/1711 2757/2590/1711 4298/2589/1711
f 4298/2589/1712 2757/2590/1712 1933/2591/1712 3036/2592/1712
f 2756/2585/1713 4298/2589/1713 3036/2592/1713 1928/2586/1713
f 1784/2435/1714 2730/2436/1714 4299/2593/1714 2757/2590/1714
f 2730/2436/1715 1793/2439/1715 2758/2594/1715 4299/2593/1715
f 4299/2593/1716 2758/2594/1716 1938/2595/1716 3041/2596/1716
f 2757/2590/1717 4299/2593/1717 3041/2596/1717 1933/2591/1717
f 1793/2439/1718 2722/2597/1718 4300/2598/1718 2758/2594/1718
f 2722/2597/1719 1787/2396/1719 2759/2599/1719 4300/2598/1719
f 4300/2598/1720 2759/2599/1720 1943/2600/1720 3046/2601/1720
f 2758/2594/1721 4300/2598/1721 3046/2601/1721 1938/2595/1721
f 1787/2396/1722 2705/2397/1722 4301/2602/1722 2759/2599/1722
f 2705/2397/1723 1769/2400/1723 2760/2603/1723 4301/2602/1723
f 4301/2602/1724 2760/2603/1724 1948/2604/1724 3051/2605/1724
f 2759/2599/1725 4301/2602/1725 3051/2605/1725 1943/2600/1725
f 1769/2400/1726 2688/2606/1726 4302/2607/1726 2760/2603/1726
f 2688/2606/1727 1770/2450/1727 2761/2466/1727 4302/2607/1727
f 4302/2607/1728 2761/2466/1728 1799/2470/1728 3056/2608/1728
f 2760/2603/1729 4302/2607/1729 3056/2608/1729 1948/2604/1729
f 1799/2470/1730 2911/2469/1730 4303/2609/1730 2762/2610/1730
f 2911/2469/1731 1808/2468/1731 2770/2611/1731 4303/2609/1731
f 4303/2609/1732 2770/2611/1732 1807/2612/1732 2912/2613/1732
f 2762/2610/1733 4303/2609/1733 2912/2613/1733 1800/2614/1733
f 1800/2614/1734 2912/2613/1734 4304/2615/1734 2763/2616/1734
f 2912/2613/1735 1807/2612/1735 2769/2617/1735 4304/2615/1735
f 4304/2615/1736 2769/2617/1736 1806/2618/1736 2913/2619/1736
f 2763/2616/1737 4304/2615/1737 2913/2619/1737 1801/2620/1737
f 1801/2620/1738 2913/2619/1738 4305/2621/1738 2764/2622/1738
f 2913/2619/1739 1806/2618/1739 2768/2623/1739 4305/2621/1739
f 4305/2621/1740 2768/2623/1740 1805/2624/1740 2914/2625/1740
f 2764/2622/1741 4305/2621/1741 2914/2625/1741 1802/2626/1741
f 1802/2626/1742 2914/2625/1742 4306/2627/1742 2765/2628/1742
f 2914/2625/1743 1805/2624/1743 2767/2629/1743 4306/2627/1743
f 4306/2627/1744 2767/2629/1744 1804/2630/1744 2915/2631/1744
f 2765/2628/1745 4306/2627/1745 2915/2631/1745 1803/2632/1745
f 1803/2632/1746 2915/2631/1746 4307/2633/1746 2731/2634/1746
f 2915/2631/1747 1804/2630/1747 2766/2635/1747 4307/2633/1747
f 4307/2633/1748 2766/2635/1748 1738/2338/1748 2637/2337/1748
f 2731/2634/1749 4307/2633/1749 2637/2337/1749 1737/2330/1749
f 1808/2468/1750 2916/2474/1750 4308/2636/1750 2770/2611/1750
f 2916/2474/1751 1813/2473/1751 2775/2637/1751 4308/2636/1751
f 4308/2636/1752 2775/2637/1752 1812/2638/1752 2917/2639/1752
f 2770/2611/1753 4308/2636/1753 2917/2639/1753 1807/2612/1753
f 1807/2612/1754 2917/2639/1754 4309/2640/1754 2769/2617/1754
f 2917/2639/1755 1812/2638/1755 2774/2641/1755 4309/2640/1755
f 4309/2640/1756 2774/2641/1756 1811/2642/1756 2918/2643/1756
f 2769/2617/1757 4309/2640/1757 2918/2643/1757 1806/2618/1757
f 1806/2618/1758 2918/2643/1758 4310/2644/1758 2768/2623/1758
f 2918/2643/1759 1811/2642/1759 2773/2645/1759 4310/2644/1759
f 4310/2644/1760 2773/2645/1760 1810/2646/1760 2919/2647/1760
f 2768/2623/1761 4310/2644/1761 2919/2647/1761 1805/2624/1761
f 1805/2624/1762 2919/2647/1762 4311/2648/1762 2767/2629/1762
f 2919/2647/1763 1810/2646/1763 2772/2649/1763 4311/2648/1763
f 4311/2648/1764 2772/2649/1764 1809/2650/1764 2920/2651/1764
f 2767/2629/1765 4311/2648/1765 2920/2651/1765 1804/2630/1765
f 1804/2630/1766 2920/2651/1766 4312/2652/1766 2766/2635/1766
f 2920/2651/1767 1809/2650/1767 2771/2653/1767 4312/2652/1767
f 4312/2652/1768 2771/2653/1768 1739/2344/1768 2638/2343/1768
f 2766/2635/1769 4312/2652/1769 2638/2343/1769 1738/2338/1769
f 1813/2473/1770 2921/2478/1770 4313/2654/1770 2775/2637/1770
f 2921/2478/1771 1818/2477/1771 2780/2655/1771 4313/2654/1771
f 4313/2654/1772 2780/2655/1772 1817/2656/1772 2922/2657/1772
f 2775/2637/1773 4313/2654/1773 2922/2657/1773 1812/2638/1773
f 1812/2638/1774 2922/2657/1774 4314/2658/1774 2774/2641/1774
f 2922/2657/1775 1817/2656/1775 2779/2659/1775 4314/2658/1775
f 4314/2658/1776 2779/2659/1776 1816/2660/1776 2923/2661/1776
f 2774/2641/1777 4314/2658/1777 2923/2661/1777 1811/2642/1777
f 1811/2642/1778 2923/2661/1778 4315/2662/1778 2773/2645/1778
f 2923/2661/1779 1816/2660/1779 2778/2663/1779 4315/2662/1779
f 4315/2662/1780 2778/2663/1780 1815/2664/1780 2924/2665/1780
f 2773/2645/1781 4315/2662/1781 2924/2665/1781 1810/2646/1781
f 1810/2646/1782 2924/2665/1782 4316/2666/1782 2772/2649/1782
f 2924/2665/1783 1815/2664/1783 2777/2667/1783 4316/2666/1783
f 4316/2666/1784 2777/2667/1784 1814/2668/1784 2925/2669/1784
f 2772/2649/1785 4316/2666/1785 2925/2669/1785 1809/2650/1785
f 1809/2650/1786 2925/2669/1786 4317/2670/1786 2771/2653/1786
f 2925/2669/1787 1814/2668/1787 2776/2671/1787 4317/2670/1787
f 4317/2670/1788 2776/2671/1788 1740/2350/1788 2639/2349/1788
f 2771/2653/1789 4317/2670/1789 2639/2349/1789 1739/2344/1789
f 1818/2477/1790 2926/2482/1790 4318/2672/1790 2780/2655/1790
f 2926/2482/1791 1823/2481/1791 2785/2673/1791 4318/2672/1791
f 4318/2672/1792 2785/2673/1792 1822/2674/1792 2927/2675/1792
f 2780/2655/1793 4318/2672/1793 2927/2675/1793 1817/2656/1793
f 1817/2656/1794 2927/2675/1794 4319/2676/1794 2779/2659/1794
f 2927/2675/1795 1822/2674/1795 2784/2677/1795 4319/2676/1795
f 4319/2676/1796 2784/2677/1796 1821/2678/1796 2928/2679/1796
f 2779/2659/1797 4319/2676/1797 2928/2679/1797 1816/2660/1797
f 1816/2660/1798 2928/2679/1798 4320/2680/1798 2778/2663/1798
f 2928/2679/1799 1821/2678/1799 2783/2681/1799 4320/2680/1799
f 4320/2680/1800 2783/2681/1800 1820/2682/1800 2929/2683/1800
f 2778/2663/1801 4320/2680/1801 2929/2683/1801 1815/2664/1801
f 1815/2664/1802 2929/2683/1802 4321/2684/1802 2777/2667/1802
f 2929/2683/1803 1820/2682/1803 2782/2685/1803 4321/2684/1803
f 4321/2684/1804 2782/2685/1804 1819/2686/1804 2930/2687/1804
f 2777/2667/1805 4321/2684/1805 2930/2687/1805 1814/2668/1805
f 1814/2668/1806 2930/2687/1806 4322/2688/1806 2776/2671/1806
f 2930/2687/1807 1819/2686/1807 2781/2689/1807 4322/2688/1807
f 4322/2688/1808 2781/2689/1808 1741/2256/1808 2640/2354/1808
f 2776/2671/1809 4322/2688/1809 2640/2354/1809 1740/2350/1809
f 1823/2481/1810 2931/2486/1810 4323/2690/1810 2785/2673/1810
f 2931/2486/1811 1828/2485/1811 2790/2691/1811 4323/2690/1811
f 4323/2690/1812 2790/2691/1812 1827/2692/1812 2932/2693/1812
f 2785/2673/1813 4323/2690/1813 2932/2693/1813 1822/2674/1813
f 1822/2674/1814 2932/2693/1814 4324/2694/1814 2784/2677/1814
f 2932/2693/1815 1827/2692/1815 2789/2695/1815 4324/2694/1815
f 4324/2694/1816 2789/2695/1816 1826/2696/1816 2933/2697/1816
f 2784/2677/1817 4324/2694/1817 2933/2697/1817 1821/2678/1817
f 1821/2678/1818 2933/2697/1818 4325/2698/1818 2783/2681/1818
f 2933/2697/1819 1826/2696/1819 2788/2699/1819 4325/2698/1819
f 4325/2698/1820 2788/2699/1820 1825/2700/1820 2934/2701/1820
f 2783/2681/1821 4325/2698/1821 2934/2701/1821 1820/2682/1821
f 1820/2682/1822 2934/2701/1822 4326/2702/1822 2782/2685/1822
f 2934/2701/1823 1825/2700/1823 2787/2703/1823 4326/2702/1823
f 4326/2702/1824 2787/2703/1824 1824/2704/1824 2935/2705/1824
f 2782/2685/1825 4326/2702/1825 2935/2705/1825 1819/2686/1825
f 1819/2686/1826 2935/2705/1826 4327/2706/1826 2781/2689/1826
f 2935/2705/1827 1824/2704/1827 2786/2707/1827 4327/2706/1827
f 4327/2706/1828 2786/2707/1828 1742/2246/1828 2641/2257/1828
f 2781/2689/1829 4327/2706/1829 2641/2257/1829 1741/2256/1829
f 1828/2485/1830 2936/2490/1830 4328/2708/1830 2790/2691/1830
f 2936/2490/1831 1833/2489/1831 2795/2709/1831 4328/2708/1831
f 4328/2708/1832 2795/2709/1832 1832/2710/1832 2937/2711/1832
f 2790/2691/1833 4328/2708/1833 2937/2711/1833 1827/2692/1833
f 1827/2692/1834 2937/2711/1834 4329/2712/1834 2789/2695/1834
f 2937/2711/1835 1832/2710/1835 2794/2713/1835 4329/2712/1835
f 4329/2712/1836 2794/2713/1836 1831/2714/1836 2938/2715/1836
f 2789/2695/1837 4329/2712/1837 2938/2715/1837 1826/2696/1837
f 1826/2696/1838 2938/2715/1838 4330/2716/1838 2788/2699/1838
f 2938/2715/1839 1831/2714/1839 2793/2717/1839 4330/2716/1839
f 4330/2716/1840 2793/2717/1840 1830/2718/1840 2939/2719/1840
f 2788/2699/1841 4330/2716/1841 2939/2719/1841 1825/2700/1841
f 1825/2700/1842 2939/2719/1842 4331/2720/1842 2787/2703/1842
f 2939/2719/1843 1830/2718/1843 2792/2721/1843 4331/2720/1843
f 4331/2720/1844 2792/2721/1844 1829/2722/1844 2940/2723/1844
f 2787/2703/1845 4331/2720/1845 2940/2723/1845 1824/2704/1845
f 1824/2704/1846 2940/2723/1846 4332/2724/1846 2786/2707/1846
f 2940/2723/1847 1829/2722/1847 2791/2725/1847 4332/2724/1847
f 4332/2724/1848 2791/2725/1848 1743/2233/1848 2642/2247/1848
f 2786/2707/1849 4332/2724/1849 2642/2247/1849 1742/2246/1849
f 1833/2489/1850 2941/2496/1850 4333/2726/1850 2795/2709/1850
f 2941/2496/1851 1838/2495/1851 2800/2727/1851 4333/2726/1851
f 4333/2726/1852 2800/2727/1852 1837/2728/1852 2942/2729/1852
f 2795/2709/1853 4333/2726/1853 2942/2729/1853 1832/2710/1853
f 1832/2710/1854 2942/2729/1854 4334/2730/1854 2794/2713/1854
f 2942/2729/1855 1837/2728/1855 2799/2731/1855 4334/2730/1855
f 4334/2730/1856 2799/2731/1856 1836/2732/1856 2943/2733/1856
f 2794/2713/1857 4334/2730/1857 2943/2733/1857 1831/2714/1857
f 1831/2714/1858 2943/2733/1858 4335/2734/1858 2793/2717/1858
f 2943/2733/1859 1836/2732/1859 2798/2735/1859 4335/2734/1859
f 4335/2734/1860 2798/2735/1860 1835/2736/1860 2944/2737/1860
f 2793/2717/1861 4335/2734/1861 2944/2737/1861 1830/2718/1861
f 1830/2718/1862 2944/2737/1862 4336/2738/1862 2792/2721/1862
f 2944/2737/1863 1835/2736/1863 2797/2739/1863 4336/2738/1863
f 4336/2738/1864 2797/2739/1864 1834/2740/1864 2945/2741/1864
f 2792/2721/1865 4336/2738/1865 2945/2741/1865 1829/2722/1865
f 1829/2722/1866 2945/2741/1866 4337/2742/1866 2791/2725/1866
f 2945/2741/1867 1834/2740/1867 2796/2743/1867 4337/2742/1867
f 4337/2742/1868 2796/2743/1868 1744/2214/1868 2643/2234/1868
f 2791/2725/1869 4337/2742/1869 2643/2234/1869 1743/2233/1869
f 1838/2495/1870 2946/2502/1870 4338/2744/1870 2800/2727/1870
f 2946/2502/1871 1843/2501/1871 2805/2745/1871 4338/2744/1871
f 4338/2744/1872 2805/2745/1872 1842/2746/1872 2947/2747/1872
f 2800/2727/1873 4338/2744/1873 2947/2747/1873 1837/2728/1873
f 1837/2728/1874 2947/2747/1874 4339/2748/1874 2799/2731/1874
f 2947/2747/1875 1842/2746/1875 2804/2749/1875 4339/2748/1875
f 4339/2748/1876 2804/2749/1876 1841/2750/1876 2948/2751/1876
f 2799/2731/1877 4339/2748/1877 2948/2751/1877 1836/2732/1877
f 1836/2732/1878 2948/2751/1878 4340/2752/1878 2798/2735/1878
f 2948/2751/1879 1841/2750/1879 2803/2753/1879 4340/2752/1879
f 4340/2752/1880 2803/2753/1880 1840/2754/1880 2949/2755/1880
f 2798/2735/1881 4340/2752/1881 2949/2755/1881 1835/2736/1881
f 1835/2736/1882 2949/2755/1882 4341/2756/1882 2797/2739/1882
f 2949/2755/1883 1840/2754/1883 2802/2757/1883 4341/2756/1883
f 4341/2756/1884 2802/2757/1884 1839/2758/1884 2950/2759/1884
f 2797/2739/1885 4341/2756/1885 2950/2759/1885 1834/2740/1885
f 1834/2740/1886 2950/2759/1886 4342/2760/1886 2796/2743/1886
f 2950/2759/1887 1839/2758/1887 2801/2761/1887 4342/2760/1887
f 4342/2760/1888 2801/2761/1888 1745/2192/1888 2644/2215/1888
f 2796/2743/1889 4342/2760/1889 2644/2215/1889 1744/2214/1889
f 1843/2501/1890 2951/2508/1890 4343/2762/1890 2805/2745/1890
f 2951/2508/1891 1848/2507/1891 2810/2763/1891 4343/2762/1891
f 4343/2762/1892 2810/2763/1892 1847/2764/1892 2952/2765/1892
f 2805/2745/1893 4343/2762/1893 2952/2765/1893 1842/2746/1893
f 1842/2746/1894 2952/2765/1894 4344/2766/1894 2804/2749/1894
f 2952/2765/1895 1847/2764/1895 2809/2767/1895 4344/2766/1895
f 4344/2766/1896 2809/2767/1896 1846/2768/1896 2953/2769/1896
f 2804/2749/1897 4344/2766/1897 2953/2769/1897 1841/2750/1897
f 1841/2750/1898 2953/2769/1898 4345/2770/1898 2803/2753/1898
f 2953/2769/1899 1846/2768/1899 2808/2771/1899 4345/2770/1899
f 4345/2770/1900 2808/2771/1900 1845/2772/1900 2954/2773/1900
f 2803/2753/1901 4345/2770/1901 2954/2773/1901 1840/2754/1901
f 1840/2754/1902 2954/2773/1902 4346/2774/1902 2802/2757/1902
f 2954/2773/1903 1845/2772/1903 2807/2775/1903 4346/2774/1903
f 4346/2774/1904 2807/2775/1904 1844/2776/1904 2955/2777/1904
f 2802/2757/1905 4346/2774/1905 2955/2777/1905 1839/2758/1905
f 1839/2758/1906 2955/2777/1906 4347/2778/1906 2801/2761/1906
f 2955/2777/1907 1844/2776/1907 2806/2779/1907 4347/2778/1907
f 4347/2778/1908 2806/2779/1908 1746/2170/1908 2645/2193/1908
f 2801/2761/1909 4347/2778/1909 2645/2193/1909 1745/2192/1909
f 1848/2507/1910 2956/2514/1910 4348/2780/1910 2810/2763/1910
f 2956/2514/1911 1853/2513/1911 2815/2781/1911 4348/2780/1911
f 4348/2780/1912 2815/2781/1912 1852/2782/1912 2957/2783/1912
f 2810/2763/1913 4348/2780/1913 2957/2783/1913 1847/2764/1913
f 1847/2764/1914 2957/2783/1914 4349/2784/1914 2809/2767/1914
f 2957/2783/1915 1852/2782/1915 2814/2785/1915 4349/2784/1915
f 4349/2784/1916 2814/2785/1916 1851/2786/1916 2958/2787/1916
f 2809/2767/1917 4349/2784/1917 2958/2787/1917 1846/2768/1917
f 1846/2768/1918 2958/2787/1918 4350/2788/1918 2808/2771/1918
f 2958/2787/1919 1851/2786/1919 2813/2789/1919 4350/2788/1919
f 4350/2788/1920 2813/2789/1920 1850/2790/1920 2959/2791/1920
f 2808/2771/1921 4350/2788/1921 2959/2791/1921 1845/2772/1921
f 1845/2772/1922 2959/2791/1922 4351/2792/1922 2807/2775/1922
f 2959/2791/1923 1850/2790/1923 2812/2793/1923 4351/2792/1923
f 4351/2792/1924 2812/2793/1924 1849/2794/1924 2960/2795/1924
f 2807/2775/1925 4351/2792/1925 2960/2795/1925 1844/2776/1925
f 1844/2776/1926 2960/2795/1926 4352/2796/1926 2806/2779/1926
f 2960/2795/1927 1849/2794/1927 2811/2797/1927 4352/2796/1927
f 4352/2796/1928 2811/2797/1928 1747/2025/1928 2646/2171/1928
f 2806/2779/1929 4352/2796/1929 2646/2171/1929 1746/2170/1929
f 1853/2513/1930 2961/2520/1930 4353/2798/1930 2815/2781/1930
f 2961/2520/1931 1858/2519/1931 2820/2799/1931 4353/2798/1931
f 4353/2798/1932 2820/2799/1932 1857/2800/1932 2962/2801/1932
f 2815/2781/1933 4353/2798/1933 2962/2801/1933 1852/2782/1933
f 1852/2782/1934 2962/2801/1934 4354/2802/1934 2814/2785/1934
f 2962/2801/1935 1857/2800/1935 2819/2803/1935 4354/2802/1935
f 4354/2802/1936 2819/2803/1936 1856/2804/1936 2963/2805/1936
f 2814/2785/1937 4354/2802/1937 2963/2805/1937 1851/2786/1937
f 1851/2786/1938 2963/2805/1938 4355/2806/1938 2813/2789/1938
f 2963/2805/1939 1856/2804/1939 2818/2807/1939 4355/2806/1939
f 4355/2806/1940 2818/2807/1940 1855/2808/1940 2964/2809/1940
f 2813/2789/1941 4355/2806/1941 2964/2809/1941 1850/2790/1941
f 1850/2790/1942 2964/2809/1942 4356/2810/1942 2812/2793/1942
f 2964/2809/1943 1855/2808/1943 2817/2811/1943 4356/2810/1943
f 4356/2810/1944 2817/2811/1944 1854/2812/1944 2965/2813/1944
f 2812/2793/1945 4356/2810/1945 2965/2813/1945 1849/2794/1945
f 1849/2794/1946 2965/2813/1946 4357/2814/1946 2811/2797/1946
f 2965/2813/1947 1854/2812/1947 2816/2815/1947 4357/2814/1947
f 4357/2814/1948 2816/2815/1948 1748/2027/1948 2647/2026/1948
f 2811/2797/1949 4357/2814/1949 2647/2026/1949 1747/2025/1949
f 1858/2519/1950 2966/2526/1950 4358/2816/1950 2820/2799/1950
f 2966/2526/1951 1863/2525/1951 2825/2817/1951 4358/2816/1951
f 4358/2816/1952 2825/2817/1952 1862/2818/1952 2967/2819/1952
f 2820/2799/1953 4358/2816/1953 2967/2819/1953 1857/2800/1953
f 1857/2800/1954 2967/2819/1954 4359/2820/1954 2819/2803/1954
f 2967/2819/1955 1862/2818/1955 2824/2821/1955 4359/2820/1955
f 4359/2820/1956 2824/2821/1956 1861/2822/1956 2968/2823/1956
f 2819/2803/1957 4359/2820/1957 2968/2823/1957 1856/2804/1957
f 1856/2804/1958 2968/2823/1958 4360/2824/1958 2818/2807/1958
f 2968/2823/1959 1861/2822/1959 2823/2825/1959 4360/2824/1959
f 4360/2824/1960 2823/2825/1960 1860/2826/1960 2969/2827/1960
f 2818/2807/1961 4360/2824/1961 2969/2827/1961 1855/2808/1961
f 1855/2808/1962 2969/2827/1962 4361/2828/1962 2817/2811/1962
f 2969/2827/1963 1860/2826/1963 2822/2829/1963 4361/2828/1963
f 4361/2828/1964 2822/2829/1964 1859/2830/1964 2970/2831/1964
f 2817/2811/1965 4361/2828/1965 2970/2831/1965 1854/2812/1965
f 1854/2812/1966 2970/2831/1966 4362/2832/1966 2816/2815/1966
f 2970/2831/1967 1859/2830/1967 2821/2833/1967 4362/2832/1967
f 4362/2832/1968 2821/2833/1968 1749/2318/1968 2648/2317/1968
f 2816/2815/1969 4362/2832/1969 2648/2317/1969 1748/2027/1969
f 1863/2525/1970 2971/2531/1970 4363/2834/1970 2825/2817/1970
f 2971/2531/1971 1868/2530/1971 2830/2835/1971 4363/2834/1971
f 4363/2834/1972 2830/2835/1972 1867/2836/1972 2972/2837/1972
f 2825/2817/1973 4363/2834/1973 2972/2837/1973 1862/2818/1973
f 1862/2818/1974 2972/2837/1974 4364/2838/1974 2824/2821/1974
f 2972/2837/1975 1867/2836/1975 2829/2839/1975 4364/2838/1975
f 4364/2838/1976 2829/2839/1976 1866/2840/1976 2973/2841/1976
f 2824/2821/1977 4364/2838/1977 2973/2841/1977 1861/2822/1977
f 1861/2822/1978 2973/2841/1978 4365/2842/1978 2823/2825/1978
f 2973/2841/1979 1866/2840/1979 2828/2843/1979 4365/2842/1979
f 4365/2842/1980 2828/2843/1980 1865/2844/1980 2974/2845/1980
f 2823/2825/1981 4365/2842/1981 2974/2845/1981 1860/2826/1981
f 1860/2826/1982 2974/2845/1982 4366/2846/1982 2822/2829/1982
f 2974/2845/1983 1865/2844/1983 2827/2847/1983 4366/2846/1983
f 4366/2846/1984 2827/2847/1984 1864/2848/1984 2975/2849/1984
f 2822/2829/1985 4366/2846/1985 2975/2849/1985 1859/2830/1985
f 1859/2830/1986 2975/2849/1986 4367/2850/1986 2821/2833/1986
f 2975/2849/1987 1864/2848/1987 2826/2851/1987 4367/2850/1987
f 4367/2850/1988 2826/2851/1988 1750/2312/1988 2649/2326/1988
f 2821/2833/1989 4367/2850/1989 2649/2326/1989 1749/2318/1989
f 1868/2530/1990 2976/2535/1990 4368/2852/1990 2830/2835/1990
f 2976/2535/1991 1873/2534/1991 2835/2853/1991 4368/2852/1991
f 4368/2852/1992 2835/2853/1992 1872/2854/1992 2977/2855/1992
f 2830/2835/1993 4368/2852/1993 2977/2855/1993 1867/2836/1993
f 1867/2836/1994 2977/2855/1994 4369/2856/1994 2829/2839/1994
f 2977/2855/1995 1872/2854/1995 2834/2857/1995 4369/2856/1995
f 4369/2856/1996 2834/2857/1996 1871/2858/1996 2978/2859/1996
f 2829/2839/1997 4369/2856/1997 2978/2859/1997 1866/2840/1997
f 1866/2840/1998 2978/2859/1998 4370/2860/1998 2828/2843/1998
f 2978/2859/1999 1871/2858/1999 2833/2861/1999 4370/2860/1999
f 4370/2860/2000 2833/2861/2000 1870/2862/2000 2979/2863/2000
f 2828/2843/2001 4370/2860/2001 2979/2863/2001 1865/2844/2001
f 1865/2844/2002 2979/2863/2002 4371/2864/2002 2827/2847/2002
f 2979/2863/2003 1870/2862/2003 2832/2865/2003 4371/2864/2003
f 4371/2864/2004 2832/2865/2004 1869/2866/2004 2980/2867/2004
f 2827/2847/2005 4371/2864/2005 2980/2867/2005 1864/2848/2005
f 1864/2848/2006 2980/2867/2006 4372/2868/2006 2826/2851/2006
f 2980/2867/2007 1869/2866/2007 2831/2869/2007 4372/2868/2007
f 4372/2868/2008 2831/2869/2008 1768/2222/2008 2654/2307/2008
f 2826/2851/2009 4372/2868/2009 2654/2307/2009 1750/2312/2009
f 1873/2534/2010 2981/2539/2010 4373/2870/2010 2835/2853/2010
f 2981/2539/2011 1878/2538/2011 2840/2871/2011 4373/2870/2011
f 4373/2870/2012 2840/2871/2012 1877/2872/2012 2982/2873/2012
f 2835/2853/2013 4373/2870/2013 2982/2873/2013 1872/2854/2013
f 1872/2854/2014 2982/2873/2014 4374/2874/2014 2834/2857/2014
f 2982/2873/2015 1877/2872/2015 2839/2875/2015 4374/2874/2015
f 4374/2874/2016 2839/2875/2016 1876/2876/2016 2983/2877/2016
f 2834/2857/2017 4374/2874/2017 2983/2877/2017 1871/2858/2017
f 1871/2858/2018 2983/2877/2018 4375/2878/2018 2833/2861/2018
f 2983/2877/2019 1876/2876/2019 2838/2879/2019 4375/2878/2019
f 4375/2878/2020 2838/2879/2020 1875/2880/2020 2984/2881/2020
f 2833/2861/2021 4375/2878/2021 2984/2881/2021 1870/2862/2021
f 1870/2862/2022 2984/2881/2022 4376/2882/2022 2832/2865/2022
f 2984/2881/2023 1875/2880/2023 2837/2883/2023 4376/2882/2023
f 4376/2882/2024 2837/2883/2024 1874/2884/2024 2985/2885/2024
f 2832/2865/2025 4376/2882/2025 2985/2885/2025 1869/2866/2025
f 1869/2866/2026 2985/2885/2026 4377/2886/2026 2831/2869/2026
f 2985/2885/2027 1874/2884/2027 2836/2887/2027 4377/2886/2027
f 4377/2886/2028 2836/2887/2028 1761/2224/2028 2655/2223/2028
f 2831/2869/2029 4377/2886/2029 2655/2223/2029 1768/2222/2029
f 1878/2538/2030 2986/2545/2030 4378/2888/2030 2840/2871/2030
f 2986/2545/2031 1883/2544/2031 2845/2889/2031 4378/2888/2031
f 4378/2888/2032 2845/2889/2032 1882/2890/2032 2987/2891/2032
f 2840/2871/2033 4378/2888/2033 2987/2891/2033 1877/2872/2033
f 1877/2872/2034 2987/2891/2034 4379/2892/2034 2839/2875/2034
f 2987/2891/2035 1882/2890/2035 2844/2893/2035 4379/2892/2035
f 4379/2892/2036 2844/2893/2036 1881/2894/2036 2988/2895/2036
f 2839/2875/2037 4379/2892/2037 2988/2895/2037 1876/2876/2037
f 1876/2876/2038 2988/2895/2038 4380/2896/2038 2838/2879/2038
f 2988/2895/2039 1881/2894/2039 2843/2897/2039 4380/2896/2039
f 4380/2896/2040 2843/2897/2040 1880/2898/2040 2989/2899/2040
f 2838/2879/2041 4380/2896/2041 2989/2899/2041 1875/2880/2041
f 1875/2880/2042 2989/2899/2042 4381/2900/2042 2837/2883/2042
f 2989/2899/2043 1880/2898/2043 2842/2901/2043 4381/2900/2043
f 4381/2900/2044 2842/2901/2044 1879/2902/2044 2990/2903/2044
f 2837/2883/2045 4381/2900/2045 2990/2903/2045 1874/2884/2045
f 1874/2884/2046 2990/2903/2046 4382/2904/2046 2836/2887/2046
f 2990/2903/2047 1879/2902/2047 2841/2905/2047 4382/2904/2047
f 4382/2904/2048 2841/2905/2048 1754/2229/2048 2661/2332/2048
f 2836/2887/2049 4382/2904/2049 2661/2332/2049 1761/2224/2049
f 1883/2544/2050 2991/2550/2050 4383/2906/2050 2845/2889/2050
f 2991/2550/2051 1888/2549/2051 2850/2907/2051 4383/2906/2051
f 4383/2906/2052 2850/2907/2052 1887/2908/2052 2992/2909/2052
f 2845/2889/2053 4383/2906/2053 2992/2909/2053 1882/2890/2053
f 1882/2890/2054 2992/2909/2054 4384/2910/2054 2844/2893/2054
f 2992/2909/2055 1887/2908/2055 2849/2911/2055 4384/2910/2055
f 4384/2910/2056 2849/2911/2056 1886/2912/2056 2993/2913/2056
f 2844/2893/2057 4384/2910/2057 2993/2913/2057 1881/2894/2057
f 1881/2894/2058 2993/2913/2058 4385/2914/2058 2843/2897/2058
f 2993/2913/2059 1886/2912/2059 2848/2915/2059 4385/2914/2059
f 4385/2914/2060 2848/2915/2060 1885/2916/2060 2994/2917/2060
f 2843/2897/2061 4385/2914/2061 2994/2917/2061 1880/2898/2061
f 1880/2898/2062 2994/2917/2062 4386/2918/2062 2842/2901/2062
f 2994/2917/2063 1885/2916/2063 2847/2919/2063 4386/2918/2063
f 4386/2918/2064 2847/2919/2064 1884/2920/2064 2995/2921/2064
f 2842/2901/2065 4386/2918/2065 2995/2921/2065 1879/2902/2065
f 1879/2902/2066 2995/2921/2066 4387/2922/2066 2841/2905/2066
f 2995/2921/2067 1884/2920/2067 2846/2923/2067 4387/2922/2067
f 4387/2922/2068 2846/2923/2068 1764/2165/2068 2668/2230/2068
f 2841/2905/2069 4387/2922/2069 2668/2230/2069 1754/2229/2069
f 1888/2549/2070 2996/2554/2070 4388/2924/2070 2850/2907/2070
f 2996/2554/2071 1893/2553/2071 2855/2925/2071 4388/2924/2071
f 4388/2924/2072 2855/2925/2072 1892/2926/2072 2997/2927/2072
f 2850/2907/2073 4388/2924/2073 2997/2927/2073 1887/2908/2073
f 1887/2908/2074 2997/2927/2074 4389/2928/2074 2849/2911/2074
f 2997/2927/2075 1892/2926/2075 2854/2929/2075 4389/2928/2075
f 4389/2928/2076 2854/2929/2076 1891/2930/2076 2998/2931/2076
f 2849/2911/2077 4389/2928/2077 2998/2931/2077 1886/2912/2077
f 1886/2912/2078 2998/2931/2078 4390/2932/2078 2848/2915/2078
f 2998/2931/2079 1891/2930/2079 2853/2933/2079 4390/2932/2079
f 4390/2932/2080 2853/2933/2080 1890/2934/2080 2999/2935/2080
f 2848/2915/2081 4390/2932/2081 2999/2935/2081 1885/2916/2081
f 1885/2916/2082 2999/2935/2082 4391/2936/2082 2847/2919/2082
f 2999/2935/2083 1890/2934/2083 2852/2937/2083 4391/2936/2083
f 4391/2936/2084 2852/2937/2084 1889/2938/2084 3000/2939/2084
f 2847/2919/2085 4391/2936/2085 3000/2939/2085 1884/2920/2085
f 1884/2920/2086 3000/2939/2086 4392/2940/2086 2846/2923/2086
f 3000/2939/2087 1889/2938/2087 2851/2941/2087 4392/2940/2087
f 4392/2940/2088 2851/2941/2088 1757/2167/2088 2658/2166/2088
f 2846/2923/2089 4392/2940/2089 2658/2166/2089 1764/2165/2089
f 1893/2553/2090 3001/2559/2090 4393/2942/2090 2855/2925/2090
f 3001/2559/2091 1898/2558/2091 2860/2943/2091 4393/2942/2091
f 4393/2942/2092 2860/2943/2092 1897/2944/2092 3002/2945/2092
f 2855/2925/2093 4393/2942/2093 3002/2945/2093 1892/2926/2093
f 1892/2926/2094 3002/2945/2094 4394/2946/2094 2854/2929/2094
f 3002/2945/2095 1897/2944/2095 2859/2947/2095 4394/2946/2095
f 4394/2946/2096 2859/2947/2096 1896/2948/2096 3003/2949/2096
f 2854/2929/2097 4394/2946/2097 3003/2949/2097 1891/2930/2097
f 1891/2930/2098 3003/2949/2098 4395/2950/2098 2853/2933/2098
f 3003/2949/2099 1896/2948/2099 2858/2951/2099 4395/2950/2099
f 4395/2950/2100 2858/2951/2100 1895/2952/2100 3004/2953/2100
f 2853/2933/2101 4395/2950/2101 3004/2953/2101 1890/2934/2101
f 1890/2934/2102 3004/2953/2102 4396/2954/2102 2852/2937/2102
f 3004/2953/2103 1895/2952/2103 2857/2955/2103 4396/2954/2103
f 4396/2954/2104 2857/2955/2104 1894/2956/2104 3005/2957/2104
f 2852/2937/2105 4396/2954/2105 3005/2957/2105 1889/2938/2105
f 1889/2938/2106 3005/2957/2106 4397/2958/2106 2851/2941/2106
f 3005/2957/2107 1894/2956/2107 2856/2959/2107 4397/2958/2107
f 4397/2958/2108 2856/2959/2108 1767/2200/2108 2665/2356/2108
f 2851/2941/2109 4397/2958/2109 2665/2356/2109 1757/2167/2109
f 1898/2558/2110 3006/2563/2110 4398/2960/2110 2860/2943/2110
f 3006/2563/2111 1903/2562/2111 2865/2961/2111 4398/2960/2111
f 4398/2960/2112 2865/2961/2112 1902/2962/2112 3007/2963/2112
f 2860/2943/2113 4398/2960/2113 3007/2963/2113 1897/2944/2113
f 1897/2944/2114 3007/2963/2114 4399/2964/2114 2859/2947/2114
f 3007/2963/2115 1902/2962/2115 2864/2965/2115 4399/2964/2115
f 4399/2964/2116 2864/2965/2116 1901/2966/2116 3008/2967/2116
f 2859/2947/2117 4399/2964/2117 3008/2967/2117 1896/2948/2117
f 1896/2948/2118 3008/2967/2118 4400/2968/2118 2858/2951/2118
f 3008/2967/2119 1901/2966/2119 2863/2969/2119 4400/2968/2119
f 4400/2968/2120 2863/2969/2120 1900/2970/2120 3009/2971/2120
f 2858/2951/2121 4400/2968/2121 3009/2971/2121 1895/2952/2121
f 1895/2952/2122 3009/2971/2122 4401/2972/2122 2857/2955/2122
f 3009/2971/2123 1900/2970/2123 2862/2973/2123 4401/2972/2123
f 4401/2972/2124 2862/2973/2124 1899/2974/2124 3010/2975/2124
f 2857/2955/2125 4401/2972/2125 3010/2975/2125 1894/2956/2125
f 1894/2956/2126 3010/2975/2126 4402/2976/2126 2856/2959/2126
f 3010/2975/2127 1899/2974/2127 2861/2977/2127 4402/2976/2127
f 4402/2976/2128 2861/2977/2128 1760/2202/2128 2656/2201/2128
f 2856/2959/2129 4402/2976/2129 2656/2201/2129 1767/2200/2129
f 1903/2562/2130 3011/2568/2130 4403/2978/2130 2865/2961/2130
f 3011/2568/2131 1908/2567/2131 2870/2979/2131 4403/2978/2131
f 4403/2978/2132 2870/2979/2132 1907/2980/2132 3012/2981/2132
f 2865/2961/2133 4403/2978/2133 3012/2981/2133 1902/2962/2133
f 1902/2962/2134 3012/2981/2134 4404/2982/2134 2864/2965/2134
f 3012/2981/2135 1907/2980/2135 2869/2983/2135 4404/2982/2135
f 4404/2982/2136 2869/2983/2136 1906/2984/2136 3013/2985/2136
f 2864/2965/2137 4404/2982/2137 3013/2985/2137 1901/2966/2137
f 1901/2966/2138 3013/2985/2138 4405/2986/2138 2863/2969/2138
f 3013/2985/2139 1906/2984/2139 2868/2987/2139 4405/2986/2139
f 4405/2986/2140 2868/2987/2140 1905/2988/2140 3014/2989/2140
f 2863/2969/2141 4405/2986/2141 3014/2989/2141 1900/2970/2141
f 1900/2970/2142 3014/2989/2142 4406/2990/2142 2862/2973/2142
f 3014/2989/2143 1905/2988/2143 2867/2991/2143 4406/2990/2143
f 4406/2990/2144 2867/2991/2144 1904/2992/2144 3015/2993/2144
f 2862/2973/2145 4406/2990/2145 3015/2993/2145 1899/2974/2145
f 1899/2974/2146 3015/2993/2146 4407/2994/2146 2861/2977/2146
f 3015/2993/2147 1904/2992/2147 2866/2995/2147 4407/2994/2147
f 4407/2994/2148 2866/2995/2148 1753/2209/2148 2662/2340/2148
f 2861/2977/2149 4407/2994/2149 2662/2340/2149 1760/2202/2149
f 1908/2567/2150 3016/2572/2150 4408/2996/2150 2870/2979/2150
f 3016/2572/2151 1913/2571/2151 2875/2997/2151 4408/2996/2151
f 4408/2996/2152 2875/2997/2152 1912/2998/2152 3017/2999/2152
f 2870/2979/2153 4408/2996/2153 3017/2999/2153 1907/2980/2153
f 1907/2980/2154 3017/2999/2154 4409/3000/2154 2869/2983/2154
f 3017/2999/2155 1912/2998/2155 2874/3001/2155 4409/3000/2155
f 4409/3000/2156 2874/3001/2156 1911/3002/2156 3018/3003/2156
f 2869/2983/2157 4409/3000/2157 3018/3003/2157 1906/2984/2157
f 1906/2984/2158 3018/3003/2158 4410/3004/2158 2868/2987/2158
f 3018/3003/2159 1911/3002/2159 2873/3005/2159 4410/3004/2159
f 4410/3004/2160 2873/3005/2160 1910/3006/2160 3019/3007/2160
f 2868/2987/2161 4410/3004/2161 3019/3007/2161 1905/2988/2161
f 1905/2988/2162 3019/3007/2162 4411/3008/2162 2867/2991/2162
f 3019/3007/2163 1910/3006/2163 2872/3009/2163 4411/3008/2163
f 4411/3008/2164 2872/3009/2164 1909/3010/2164 3020/3011/2164
f 2867/2991/2165 4411/3008/2165 3020/3011/2165 1904/2992/2165
f 1904/2992/2166 3020/3011/2166 4412/3012/2166 2866/2995/2166
f 3020/3011/2167 1909/3010/2167 2871/3013/2167 4412/3012/2167
f 4412/3012/2168 2871/3013/2168 1763/2211/2168 2669/2210/2168
f 2866/2995/2169 4412/3012/2169 2669/2210/2169 1753/2209/2169
f 1913/2571/2170 3021/2578/2170 4413/3014/2170 2875/2997/2170
f 3021/2578/2171 1918/2577/2171 2880/3015/2171 4413/3014/2171
f 4413/3014/2172 2880/3015/2172 1917/3016/2172 3022/3017/2172
f 2875/2997/2173 4413/3014/2173 3022/3017/2173 1912/2998/2173
f 1912/2998/2174 3022/3017/2174 4414/3018/2174 2874/3001/2174
f 3022/3017/2175 1917/3016/2175 2879/3019/2175 4414/3018/2175
f 4414/3018/2176 2879/3019/2176 1916/3020/2176 3023/3021/2176
f 2874/3001/2177 4414/3018/2177 3023/3021/2177 1911/3002/2177
f 1911/3002/2178 3023/3021/2178 4415/3022/2178 2873/3005/2178
f 3023/3021/2179 1916/3020/2179 2878/3023/2179 4415/3022/2179
f 4415/3022/2180 2878/3023/2180 1915/3024/2180 3024/3025/2180
f 2873/3005/2181 4415/3022/2181 3024/3025/2181 1910/3006/2181
f 1910/3006/2182 3024/3025/2182 4416/3026/2182 2872/3009/2182
f 3024/3025/2183 1915/3024/2183 2877/3027/2183 4416/3026/2183
f 4416/3026/2184 2877/3027/2184 1914/3028/2184 3025/3029/2184
f 2872/3009/2185 4416/3026/2185 3025/3029/2185 1909/3010/2185
f 1909/3010/2186 3025/3029/2186 4417/3030/2186 2871/3013/2186
f 3025/3029/2187 1914/3028/2187 2876/3031/2187 4417/3030/2187
f 4417/3030/2188 2876/3031/2188 1756/2252/2188 2659/2314/2188
f 2871/3013/2189 4417/3030/2189 2659/2314/2189 1763/2211/2189
f 1918/2577/2190 3026/2583/2190 4418/3032/2190 2880/3015/2190
f 3026/2583/2191 1923/2582/2191 2885/3033/2191 4418/3032/2191
f 4418/3032/2192 2885/3033/2192 1922/3034/2192 3027/3035/2192
f 2880/3015/2193 4418/3032/2193 3027/3035/2193 1917/3016/2193
f 1917/3016/2194 3027/3035/2194 4419/3036/2194 2879/3019/2194
f 3027/3035/2195 1922/3034/2195 2884/3037/2195 4419/3036/2195
f 4419/3036/2196 2884/3037/2196 1921/3038/2196 3028/3039/2196
f 2879/3019/2197 4419/3036/2197 3028/3039/2197 1916/3020/2197
f 1916/3020/2198 3028/3039/2198 4420/3040/2198 2878/3023/2198
f 3028/3039/2199 1921/3038/2199 2883/3041/2199 4420/3040/2199
f 4420/3040/2200 2883/3041/2200 1920/3042/2200 3029/3043/2200
f 2878/3023/2201 4420/3040/2201 3029/3043/2201 1915/3024/2201
f 1915/3024/2202 3029/3043/2202 4421/3044/2202 2877/3027/2202
f 3029/3043/2203 1920/3042/2203 2882/3045/2203 4421/3044/2203
f 4421/3044/2204 2882/3045/2204 1919/3046/2204 3030/3047/2204
f 2877/3027/2205 4421/3044/2205 3030/3047/2205 1914/3028/2205
f 1914/3028/2206 3030/3047/2206 4422/3048/2206 2876/3031/2206
f 3030/3047/2207 1919/3046/2207 2881/3049/2207 4422/3048/2207
f 4422/3048/2208 2881/3049/2208 1766/2178/2208 2666/2253/2208
f 2876/3031/2209 4422/3048/2209 2666/2253/2209 1756/2252/2209
f 1923/2582/2210 3031/2587/2210 4423/3050/2210 2885/3033/2210
f 3031/2587/2211 1928/2586/2211 2890/3051/2211 4423/3050/2211
f 4423/3050/2212 2890/3051/2212 1927/3052/2212 3032/3053/2212
f 2885/3033/2213 4423/3050/2213 3032/3053/2213 1922/3034/2213
f 1922/3034/2214 3032/3053/2214 4424/3054/2214 2884/3037/2214
f 3032/3053/2215 1927/3052/2215 2889/3055/2215 4424/3054/2215
f 4424/3054/2216 2889/3055/2216 1926/3056/2216 3033/3057/2216
f 2884/3037/2217 4424/3054/2217 3033/3057/2217 1921/3038/2217
f 1921/3038/2218 3033/3057/2218 4425/3058/2218 2883/3041/2218
f 3033/3057/2219 1926/3056/2219 2888/3059/2219 4425/3058/2219
f 4425/3058/2220 2888/3059/2220 1925/3060/2220 3034/3061/2220
f 2883/3041/2221 4425/3058/2221 3034/3061/2221 1920/3042/2221
f 1920/3042/2222 3034/3061/2222 4426/3062/2222 2882/3045/2222
f 3034/3061/2223 1925/3060/2223 2887/3063/2223 4426/3062/2223
f 4426/3062/2224 2887/3063/2224 1924/3064/2224 3035/3065/2224
f 2882/3045/2225 4426/3062/2225 3035/3065/2225 1919/3046/2225
f 1919/3046/2226 3035/3065/2226 4427/3066/2226 2881/3049/2226
f 3035/3065/2227 1924/3064/2227 2886/3067/2227 4427/3066/2227
f 4427/3066/2228 2886/3067/2228 1759/2180/2228 2657/2179/2228
f 2881/3049/2229 4427/3066/2229 2657/2179/2229 1766/2178/2229
f 1928/2586/2230 3036/2592/2230 4428/3068/2230 2890/3051/2230
f 3036/2592/2231 1933/2591/2231 2895/3069/2231 4428/3068/2231
f 4428/3068/2232 2895/3069/2232 1932/3070/2232 3037/3071/2232
f 2890/3051/2233 4428/3068/2233 3037/3071/2233 1927/3052/2233
f 1927/3052/2234 3037/3071/2234 4429/3072/2234 2889/3055/2234
f 3037/3071/2235 1932/3070/2235 2894/3073/2235 4429/3072/2235
f 4429/3072/2236 2894/3073/2236 1931/3074/2236 3038/3075/2236
f 2889/3055/2237 4429/3072/2237 3038/3075/2237 1926/3056/2237
f 1926/3056/2238 3038/3075/2238 4430/3076/2238 2888/3059/2238
f 3038/3075/2239 1931/3074/2239 2893/3077/2239 4430/3076/2239
f 4430/3076/2240 2893/3077/2240 1930/3078/2240 3039/3079/2240
f 2888/3059/2241 4430/3076/2241 3039/3079/2241 1925/3060/2241
f 1925/3060/2242 3039/3079/2242 4431/3080/2242 2887/3063/2242
f 3039/3079/2243 1930/3078/2243 2892/3081/2243 4431/3080/2243
f 4431/3080/2244 2892/3081/2244 1929/3082/2244 3040/3083/2244
f 2887/3063/2245 4431/3080/2245 3040/3083/2245 1924/3064/2245
f 1924/3064/2246 3040/3083/2246 4432/3084/2246 2886/3067/2246
f 3040/3083/2247 1929/3082/2247 2891/3085/2247 4432/3084/2247
f 4432/3084/2248 2891/3085/2248 1752/2187/2248 2663/2346/2248
f 2886/3067/2249 4432/3084/2249 2663/2346/2249 1759/2180/2249
f 1933/2591/2250 3041/2596/2250 4433/3086/2250 2895/3069/2250
f 3041/2596/2251 1938/2595/2251 2900/3087/2251 4433/3086/2251
f 4433/3086/2252 2900/3087/2252 1937/3088/2252 3042/3089/2252
f 2895/3069/2253 4433/3086/2253 3042/3089/2253 1932/3070/2253
f 1932/3070/2254 3042/3089/2254 4434/3090/2254 2894/3073/2254
f 3042/3089/2255 1937/3088/2255 2899/3091/2255 4434/3090/2255
f 4434/3090/2256 2899/3091/2256 1936/3092/2256 3043/3093/2256
f 2894/3073/2257 4434/3090/2257 3043/3093/2257 1931/3074/2257
f 1931/3074/2258 3043/3093/2258 4435/3094/2258 2893/3077/2258
f 3043/3093/2259 1936/3092/2259 2898/3095/2259 4435/3094/2259
f 4435/3094/2260 2898/3095/2260 1935/3096/2260 3044/3097/2260
f 2893/3077/2261 4435/3094/2261 3044/3097/2261 1930/3078/2261
f 1930/3078/2262 3044/3097/2262 4436/3098/2262 2892/3081/2262
f 3044/3097/2263 1935/3096/2263 2897/3099/2263 4436/3098/2263
f 4436/3098/2264 2897/3099/2264 1934/3100/2264 3045/3101/2264
f 2892/3081/2265 4436/3098/2265 3045/3101/2265 1929/3082/2265
f 1929/3082/2266 3045/3101/2266 4437/3102/2266 2891/3085/2266
f 3045/3101/2267 1934/3100/2267 2896/3103/2267 4437/3102/2267
f 4437/3102/2268 2896/3103/2268 1762/2189/2268 2670/2188/2268
f 2891/3085/2269 4437/3102/2269 2670/2188/2269 1752/2187/2269
f 1938/2595/2270 3046/2601/2270 4438/3104/2270 2900/3087/2270
f 3046/2601/2271 1943/2600/2271 2905/3105/2271 4438/3104/2271
f 4438/3104/2272 2905/3105/2272 1942/3106/2272 3047/3107/2272
f 2900/3087/2273 4438/3104/2273 3047/3107/2273 1937/3088/2273
f 1937/3088/2274 3047/3107/2274 4439/3108/2274 2899/3091/2274
f 3047/3107/2275 1942/3106/2275 2904/3109/2275 4439/3108/2275
f 4439/3108/2276 2904/3109/2276 1941/3110/2276 3048/3111/2276
f 2899/3091/2277 4439/3108/2277 3048/3111/2277 1936/3092/2277
f 1936/3092/2278 3048/3111/2278 4440/3112/2278 2898/3095/2278
f 3048/3111/2279 1941/3110/2279 2903/3113/2279 4440/3112/2279
f 4440/3112/2280 2903/3113/2280 1940/3114/2280 3049/3115/2280
f 2898/3095/2281 4440/3112/2281 3049/3115/2281 1935/3096/2281
f 1935/3096/2282 3049/3115/2282 4441/3116/2282 2897/3099/2282
f 3049/3115/2283 1940/3114/2283 2902/3117/2283 4441/3116/2283
f 4441/3116/2284 2902/3117/2284 1939/3118/2284 3050/3119/2284
f 2897/3099/2285 4441/3116/2285 3050/3119/2285 1934/3100/2285
f 1934/3100/2286 3050/3119/2286 4442/3120/2286 2896/3103/2286
f 3050/3119/2287 1939/3118/2287 2901/3121/2287 4442/3120/2287
f 4442/3120/2288 2901/3121/2288 1755/2241/2288 2660/2323/2288
f 2896/3103/2289 4442/3120/2289 2660/2323/2289 1762/2189/2289
f 1943/2600/2290 3051/2605/2290 4443/3122/2290 2905/3105/2290
f 3051/2605/2291 1948/2604/2291 2910/3123/2291 4443/3122/2291
f 4443/3122/2292 2910/3123/2292 1947/3124/2292 3052/3125/2292
f 2905/3105/2293 4443/3122/2293 3052/3125/2293 1942/3106/2293
f 1942/3106/2294 3052/3125/2294 4444/3126/2294 2904/3109/2294
f 3052/3125/2295 1947/3124/2295 2909/3127/2295 4444/3126/2295
f 4444/3126/2296 2909/3127/2296 1946/3128/2296 3053/3129/2296
f 2904/3109/2297 4444/3126/2297 3053/3129/2297 1941/3110/2297
f 1941/3110/2298 3053/3129/2298 4445/3130/2298 2903/3113/2298
f 3053/3129/2299 1946/3128/2299 2908/3131/2299 4445/3130/2299
f 4445/3130/2300 2908/3131/2300 1945/3132/2300 3054/3133/2300
f 2903/3113/2301 4445/3130/2301 3054/3133/2301 1940/3114/2301
f 1940/3114/2302 3054/3133/2302 4446/3134/2302 2902/3117/2302
f 3054/3133/2303 1945/3132/2303 2907/3135/2303 4446/3134/2303
f 4446/3134/2304 2907/3135/2304 1944/3136/2304 3055/3137/2304
f 2902/3117/2305 4446/3134/2305 3055/3137/2305 1939/3118/2305
f 1939/3118/2306 3055/3137/2306 4447/3138/2306 2901/3121/2306
f 3055/3137/2307 1944/3136/2307 2906/3139/2307 4447/3138/2307
f 4447/3138/2308 2906/3139/2308 1736/2302/2308 2651/2301/2308
f 2901/3121/2309 4447/3138/2309 2651/2301/2309 1755/2241/2309
f 1948/2604/2310 3056/2608/2310 4448/3140/2310 2910/3123/2310
f 3056/2608/2311 1799/2470/2311 2762/2610/2311 4448/3140/2311
f 4448/3140/2312 2762/2610/2312 1800/2614/2312 3057/3141/2312
f 2910/3123/2313 4448/3140/2313 3057/3141/2313 1947/3124/2313
f 1947/3124/2314 3057/3141/2314 4449/3142/2314 2909/3127/2314
f 3057/3141/2315 1800/2614/2315 2763/2616/2315 4449/3142/2315
f 4449/3142/2316 2763/2616/2316 1801/2620/2316 3058/3143/2316
f 2909/3127/2317 4449/3142/2317 3058/3143/2317 1946/3128/2317
f 1946/3128/2318 3058/3143/2318 4450/3144/2318 2908/3131/2318
f 3058/3143/2319 1801/2620/2319 2764/2622/2319 4450/3144/2319
f 4450/3144/2320 2764/2622/2320 1802/2626/2320 3059/3145/2320
f 2908/3131/2321 4450/3144/2321 3059/3145/2321 1945/3132/2321
f 1945/3132/2322 3059/3145/2322 4451/3146/2322 2907/3135/2322
f 3059/3145/2323 1802/2626/2323 2765/2628/2323 4451/3146/2323
f 4451/3146/2324 2765/2628/2324 1803/2632/2324 3060/3147/2324
f 2907/3135/2325 4451/3146/2325 3060/3147/2325 1944/3136/2325
f 1944/3136/2326 3060/3147/2326 4452/3148/2326 2906/3139/2326
f 3060/3147/2327 1803/2632/2327 2731/2634/2327 4452/3148/2327
f 4452/3148/2328 2731/2634/2328 1737/2330/2328 2636/2329/2328
f 2906/3139/2329 4452/3148/2329 2636/2329/2329 1736/2302/2329
f 1958/3149/2330 3070/3150/2330 4453/3151/2330 3168/3152/2330
f 3070/3150/2331 1959/3153/2331 3171/3154/2331 4453/3151/2331
f 4453/3151/2332 3171/3154/2332 1989/3155/2332 3130/3156/2332
f 3168/3152/2333 4453/3151/2333 3130/3156/2333 1988/3157/2333
f 1972/2426/2334 3096/3158/2334 4454/3159/2334 3170/3160/2334
f 3096/3158/2335 1966/3161/2335 3169/3162/2335 4454/3159/2335
f 4454/3159/2336 3169/3162/2336 1996/3163/2336 3156/3164/2336
f 3170/3160/2337 4454/3159/2337 3156/3164/2337 2002/3165/2337
f 1957/3166/2338 3069/3167/2338 4455/3168/2338 3166/3169/2338
f 3069/3167/2339 1958/3149/2339 3168/3152/2339 4455/3168/2339
f 4455/3168/2340 3168/3152/2340 1988/3157/2340 3129/3170/2340
f 3166/3169/2341 4455/3168/2341 3129/3170/2341 1987/3171/2341
f 1973/2441/2342 3095/3172/2342 4456/3173/2342 3167/3174/2342
f 3095/3172/2343 1967/2404/2343 3083/3175/2343 4456/3173/2343
f 4456/3173/2344 3083/3175/2344 1997/3176/2344 3155/3177/2344
f 3167/3174/2345 4456/3173/2345 3155/3177/2345 2003/3178/2345
f 1956/2363/2346 3068/3179/2346 4457/3180/2346 3075/3181/2346
f 3068/3179/2347 1957/3166/2347 3166/3169/2347 4457/3180/2347
f 4457/3180/2348 3166/3169/2348 1987/3171/2348 3128/3182/2348
f 3075/3181/2349 4457/3180/2349 3128/3182/2349 1986/3183/2349
f 1974/2462/2350 3094/3184/2350 4458/3185/2350 3165/3186/2350
f 3094/3184/2351 1968/3187/2351 3164/3188/2351 4458/3185/2351
f 4458/3185/2352 3164/3188/2352 1998/3189/2352 3154/3190/2352
f 3165/3186/2353 4458/3185/2353 3154/3190/2353 2004/3191/2353
f 1955/2365/2354 3067/2364/2354 4459/3192/2354 3079/3193/2354
f 3067/2364/2355 1956/2363/2355 3075/3181/2355 4459/3192/2355
f 4459/3192/2356 3075/3181/2356 1986/3183/2356 3127/3194/2356
f 3079/3193/2357 4459/3192/2357 3127/3194/2357 1985/3195/2357
f 1975/2374/2358 3093/2373/2358 4460/3196/2358 3076/3197/2358
f 3093/2373/2359 1969/2372/2359 3077/3198/2359 4460/3196/2359
f 4460/3196/2360 3077/3198/2360 1999/3199/2360 3153/3200/2360
f 3076/3197/2361 4460/3196/2361 3153/3200/2361 2005/3201/2361
f 1954/2380/2362 3066/2379/2362 4461/3202/2362 3082/3203/2362
f 3066/2379/2363 1955/2365/2363 3079/3193/2363 4461/3202/2363
f 4461/3202/2364 3079/3193/2364 1985/3195/2364 3126/3204/2364
f 3082/3203/2365 4461/3202/2365 3126/3204/2365 1984/3205/2365
f 1976/2389/2366 3092/2388/2366 4462/3206/2366 3080/3207/2366
f 3092/2388/2367 1970/2387/2367 3081/3208/2367 4462/3206/2367
f 4462/3206/2368 3081/3208/2368 2000/3209/2368 3152/3210/2368
f 3080/3207/2369 4462/3206/2369 3152/3210/2369 2006/3211/2369
f 1953/2395/2370 3065/2394/2370 4463/3212/2370 3088/3213/2370
f 3065/2394/2371 1954/2380/2371 3082/3203/2371 4463/3212/2371
f 4463/3212/2372 3082/3203/2372 1984/3205/2372 3125/3214/2372
f 3088/3213/2373 4463/3212/2373 3125/3214/2373 1983/3215/2373
f 1967/2404/2374 3078/2403/2374 4464/3216/2374 3083/3175/2374
f 3078/2403/2375 1949/2402/2375 3084/3217/2375 4464/3216/2375
f 4464/3216/2376 3084/3217/2376 1979/3218/2376 3138/3219/2376
f 3083/3175/2377 4464/3216/2377 3138/3219/2377 1997/3176/2377
f 1977/2413/2378 3091/2412/2378 4465/3220/2378 3085/3221/2378
f 3091/2412/2379 1971/2411/2379 3086/3222/2379 4465/3220/2379
f 4465/3220/2380 3086/3222/2380 2001/3223/2380 3151/3224/2380
f 3085/3221/2381 4465/3220/2381 3151/3224/2381 2007/3225/2381
f 1952/2419/2382 3064/2418/2382 4466/3226/2382 3087/3227/2382
f 3064/2418/2383 1953/2395/2383 3088/3213/2383 4466/3226/2383
f 4466/3226/2384 3088/3213/2384 1983/3215/2384 3124/3228/2384
f 3087/3227/2385 4466/3226/2385 3124/3228/2385 1982/3229/2385
f 1794/2460/2386 2721/2573/2386 4467/3230/2386 2715/2461/2386
f 2721/2573/2387 1788/2575/2387 3113/3231/2387 4467/3230/2387
f 4467/3230/2388 3113/3231/2388 1968/3187/2388 3094/3184/2388
f 2715/2461/2389 4467/3230/2389 3094/3184/2389 1974/2462/2389
f 1776/2361/2390 2695/2491/2390 4468/3232/2390 3112/2362/2390
f 2695/2491/2391 1777/2493/2391 3114/3233/2391 4468/3232/2391
f 4468/3232/2392 3114/3233/2392 1957/3166/2392 3068/3179/2392
f 3112/2362/2393 4468/3232/2393 3068/3179/2393 1956/2363/2393
f 1793/2439/2394 2722/2597/2394 4469/3234/2394 2709/2440/2394
f 2722/2597/2395 1787/2396/2395 3105/2399/2395 4469/3234/2395
f 4469/3234/2396 3105/2399/2396 1967/2404/2396 3095/3172/2396
f 2709/2440/2397 4469/3234/2397 3095/3172/2397 1973/2441/2397
f 1777/2493/2398 2696/2497/2398 4470/3235/2398 3114/3233/2398
f 2696/2497/2399 1778/2499/2399 3115/3236/2399 4470/3235/2399
f 4470/3235/2400 3115/3236/2400 1958/3149/2400 3069/3167/2400
f 3114/3233/2401 4470/3235/2401 3069/3167/2401 1957/3166/2401
f 1792/2424/2402 2723/2540/2402 4471/3237/2402 2706/2425/2402
f 2723/2540/2403 1786/2542/2403 3116/3238/2403 4471/3237/2403
f 4471/3237/2404 3116/3238/2404 1966/3161/2404 3096/3158/2404
f 2706/2425/2405 4471/3237/2405 3096/3158/2405 1972/2426/2405
f 1778/2499/2406 2697/2503/2406 4472/3239/2406 3115/3236/2406
f 2697/2503/2407 1779/2505/2407 3117/3240/2407 4472/3239/2407
f 4472/3239/2408 3117/3240/2408 1959/3153/2408 3070/3150/2408
f 3115/3236/2409 4472/3239/2409 3070/3150/2409 1958/3149/2409
f 1791/2409/2410 2724/2564/2410 4473/3241/2410 2703/2410/2410
f 2724/2564/2411 1785/2456/2411 2714/2459/2411 4473/3241/2411
f 4473/3241/2412 2714/2459/2412 1965/2464/2412 3097/3242/2412
f 2703/2410/2413 4473/3241/2413 3097/3242/2413 1971/2411/2413
f 1779/2505/2414 2698/2509/2414 4474/3243/2414 3117/3240/2414
f 2698/2509/2415 1780/2511/2415 3118/3244/2415 4474/3243/2415
f 4474/3243/2416 3118/3244/2416 1960/3245/2416 3071/3246/2416
f 3117/3240/2417 4474/3243/2417 3071/3246/2417 1959/3153/2417
f 1790/2385/2418 2725/2588/2418 4475/3247/2418 3107/2386/2418
f 2725/2588/2419 1784/2435/2419 2708/2438/2419 4475/3247/2419
f 4475/3247/2420 2708/2438/2420 1964/2443/2420 3098/3248/2420
f 3107/2386/2421 4475/3247/2421 3098/3248/2421 1970/2387/2421
f 1780/2511/2422 2699/2515/2422 4476/3249/2422 3118/3244/2422
f 2699/2515/2423 1781/2517/2423 3119/3250/2423 4476/3249/2423
f 4476/3249/2424 3119/3250/2424 1961/3251/2424 3072/3252/2424
f 3118/3244/2425 4476/3249/2425 3072/3252/2425 1960/3245/2425
f 1789/2370/2426 2726/2555/2426 4477/3253/2426 3110/2371/2426
f 2726/2555/2427 1797/2405/2427 2702/2408/2427 4477/3253/2427
f 4477/3253/2428 2702/2408/2428 1977/2413/2428 3099/3254/2428
f 3110/2371/2429 4477/3253/2429 3099/3254/2429 1969/2372/2429
f 1781/2517/2430 2700/2521/2430 4478/3255/2430 3119/3250/2430
f 2700/2521/2431 1782/2523/2431 3120/3256/2431 4478/3255/2431
f 4478/3255/2432 3120/3256/2432 1962/3257/2432 3073/3258/2432
f 3119/3250/2433 4478/3255/2433 3073/3258/2433 1961/3251/2433
f 1788/2575/2434 2727/2579/2434 4479/3259/2434 3113/3231/2434
f 2727/2579/2435 1796/2381/2435 3108/2384/2435 4479/3259/2435
f 4479/3259/2436 3108/2384/2436 1976/2389/2436 3100/3260/2436
f 3113/3231/2437 4479/3259/2437 3100/3260/2437 1968/3187/2437
f 1782/2523/2438 2701/2527/2438 4480/3261/2438 3120/3256/2438
f 2701/2527/2439 1783/2444/2439 2710/2447/2439 4480/3261/2439
f 4480/3261/2440 2710/2447/2440 1963/2449/2440 3074/3262/2440
f 3120/3256/2441 4480/3261/2441 3074/3262/2441 1962/3257/2441
f 1786/2542/2442 2728/2546/2442 4481/3263/2442 3116/3238/2442
f 2728/2546/2443 1795/2366/2443 3111/2369/2443 4481/3263/2443
f 4481/3263/2444 3111/2369/2444 1975/2374/2444 3101/3264/2444
f 3116/3238/2445 4481/3263/2445 3101/3264/2445 1966/3161/2445
f 1769/2400/2446 2688/2606/2446 4482/3265/2446 3104/2401/2446
f 2688/2606/2447 1770/2450/2447 2712/2453/2447 4482/3265/2447
f 4482/3265/2448 2712/2453/2448 1950/2455/2448 3061/3266/2448
f 3104/2401/2449 4482/3265/2449 3061/3266/2449 1949/2402/2449
f 1981/3267/2450 3123/3268/2450 4483/3269/2450 3228/3270/2450
f 3123/3268/2451 1982/3229/2451 3231/3271/2451 4483/3269/2451
f 4483/3269/2452 3231/3271/2452 2012/3272/2452 3183/3273/2452
f 3228/3270/2453 4483/3269/2453 3183/3273/2453 2011/3274/2453
f 1994/3275/2454 3163/3276/2454 4484/3277/2454 3146/3278/2454
f 3163/3276/2455 2003/3178/2455 3230/3279/2455 4484/3277/2455
f 4484/3277/2456 3230/3279/2456 2033/3280/2456 3223/3281/2456
f 3146/3278/2457 4484/3277/2457 3223/3281/2457 2024/3282/2457
f 1993/3283/2458 3149/3284/2458 4485/3285/2458 3137/3286/2458
f 3149/3284/2459 2008/3287/2459 3229/3288/2459 4485/3285/2459
f 4485/3285/2460 3229/3288/2460 2038/3289/2460 3209/3290/2460
f 3137/3286/2461 4485/3285/2461 3209/3290/2461 2023/3291/2461
f 1980/3292/2462 3122/3293/2462 4486/3294/2462 3224/3295/2462
f 3122/3293/2463 1981/3267/2463 3228/3270/2463 4486/3294/2463
f 4486/3294/2464 3228/3270/2464 2011/3274/2464 3182/3296/2464
f 3224/3295/2465 4486/3294/2465 3182/3296/2465 2010/3297/2465
f 1995/3298/2466 3162/3299/2466 4487/3300/2466 3227/3301/2466
f 3162/3299/2467 2004/3191/2467 3226/3302/2467 4487/3300/2467
f 4487/3300/2468 3226/3302/2468 2034/3303/2468 3222/3304/2468
f 3227/3301/2469 4487/3300/2469 3222/3304/2469 2025/3305/2469
f 1979/3218/2470 3121/3306/2470 4488/3307/2470 3225/3308/2470
f 3121/3306/2471 1980/3292/2471 3224/3295/2471 4488/3307/2471
f 4488/3307/2472 3224/3295/2472 2010/3297/2472 3181/3309/2472
f 3225/3308/2473 4488/3307/2473 3181/3309/2473 2009/3310/2473
f 1996/3163/2474 3161/3311/2474 4489/3312/2474 3135/3313/2474
f 3161/3311/2475 2005/3201/2475 3136/3314/2475 4489/3312/2475
f 4489/3312/2476 3136/3314/2476 2035/3315/2476 3221/3316/2476
f 3135/3313/2477 4489/3312/2477 3221/3316/2477 2026/3317/2477
f 1992/3318/2478 3134/3319/2478 4490/3320/2478 3141/3321/2478
f 3134/3319/2479 1993/3283/2479 3137/3286/2479 4490/3320/2479
f 4490/3320/2480 3137/3286/2480 2023/3291/2480 3194/3322/2480
f 3141/3321/2481 4490/3320/2481 3194/3322/2481 2022/3323/2481
f 1998/3189/2482 3160/3324/2482 4491/3325/2482 3139/3326/2482
f 3160/3324/2483 2006/3211/2483 3140/3327/2483 4491/3325/2483
f 4491/3325/2484 3140/3327/2484 2036/3328/2484 3220/3329/2484
f 3139/3326/2485 4491/3325/2485 3220/3329/2485 2028/3330/2485
f 1991/3331/2486 3133/3332/2486 4492/3333/2486 3144/3334/2486
f 3133/3332/2487 1992/3318/2487 3141/3321/2487 4492/3333/2487
f 4492/3333/2488 3141/3321/2488 2022/3323/2488 3193/3335/2488
f 3144/3334/2489 4492/3333/2489 3193/3335/2489 2021/3336/2489
f 1999/3199/2490 3159/3337/2490 4493/3338/2490 3142/3339/2490
f 3159/3337/2491 2007/3225/2491 3143/3340/2491 4493/3338/2491
f 4493/3338/2492 3143/3340/2492 2037/3341/2492 3219/3342/2492
f 3142/3339/2493 4493/3338/2493 3219/3342/2493 2029/3343/2493
f 1990/3344/2494 3132/3345/2494 4494/3346/2494 3148/3347/2494
f 3132/3345/2495 1991/3331/2495 3144/3334/2495 4494/3346/2495
f 4494/3346/2496 3144/3334/2496 2021/3336/2496 3192/3348/2496
f 3148/3347/2497 4494/3346/2497 3192/3348/2497 2020/3349/2497
f 2000/3209/2498 3158/3350/2498 4495/3351/2498 3145/3352/2498
f 3158/3350/2499 1994/3275/2499 3146/3278/2499 4495/3351/2499
f 4495/3351/2500 3146/3278/2500 2024/3282/2500 3218/3353/2500
f 3145/3352/2501 4495/3351/2501 3218/3353/2501 2030/3354/2501
f 1989/3155/2502 3131/3355/2502 4496/3356/2502 3147/3357/2502
f 3131/3355/2503 1990/3344/2503 3148/3347/2503 4496/3356/2503
f 4496/3356/2504 3148/3347/2504 2020/3349/2504 3191/3358/2504
f 3147/3357/2505 4496/3356/2505 3191/3358/2505 2019/3359/2505
f 1971/2411/2506 3097/3242/2506 4497/3360/2506 3086/3222/2506
f 3097/3242/2507 1965/2464/2507 3172/3361/2507 4497/3360/2507
f 4497/3360/2508 3172/3361/2508 1995/3298/2508 3157/3362/2508
f 3086/3222/2509 4497/3360/2509 3157/3362/2509 2001/3223/2509
f 1959/3153/2510 3071/3246/2510 4498/3363/2510 3171/3154/2510
f 3071/3246/2511 1960/3245/2511 3173/3364/2511 4498/3363/2511
f 4498/3363/2512 3173/3364/2512 1990/3344/2512 3131/3355/2512
f 3171/3154/2513 4498/3363/2513 3131/3355/2513 1989/3155/2513
f 1970/2387/2514 3098/3248/2514 4499/3365/2514 3081/3208/2514
f 3098/3248/2515 1964/2443/2515 3174/3366/2515 4499/3365/2515
f 4499/3365/2516 3174/3366/2516 1994/3275/2516 3158/3350/2516
f 3081/3208/2517 4499/3365/2517 3158/3350/2517 2000/3209/2517
f 1960/3245/2518 3072/3252/2518 4500/3367/2518 3173/3364/2518
f 3072/3252/2519 1961/3251/2519 3175/3368/2519 4500/3367/2519
f 4500/3367/2520 3175/3368/2520 1991/3331/2520 3132/3345/2520
f 3173/3364/2521 4500/3367/2521 3132/3345/2521 1990/3344/2521
f 1969/2372/2522 3099/3254/2522 4501/3369/2522 3077/3198/2522
f 3099/3254/2523 1977/2413/2523 3085/3221/2523 4501/3369/2523
f 4501/3369/2524 3085/3221/2524 2007/3225/2524 3159/3337/2524
f 3077/3198/2525 4501/3369/2525 3159/3337/2525 1999/3199/2525
f 1961/3251/2526 3073/3258/2526 4502/3370/2526 3175/3368/2526
f 3073/3258/2527 1962/3257/2527 3176/3371/2527 4502/3370/2527
f 4502/3370/2528 3176/3371/2528 1992/3318/2528 3133/3332/2528
f 3175/3368/2529 4502/3370/2529 3133/3332/2529 1991/3331/2529
f 1968/3187/2530 3100/3260/2530 4503/3372/2530 3164/3188/2530
f 3100/3260/2531 1976/2389/2531 3080/3207/2531 4503/3372/2531
f 4503/3372/2532 3080/3207/2532 2006/3211/2532 3160/3324/2532
f 3164/3188/2533 4503/3372/2533 3160/3324/2533 1998/3189/2533
f 1962/3257/2534 3074/3262/2534 4504/3373/2534 3176/3371/2534
f 3074/3262/2535 1963/2449/2535 3177/3374/2535 4504/3373/2535
f 4504/3373/2536 3177/3374/2536 1993/3283/2536 3134/3319/2536
f 3176/3371/2537 4504/3373/2537 3134/3319/2537 1992/3318/2537
f 1966/3161/2538 3101/3264/2538 4505/3375/2538 3169/3162/2538
f 3101/3264/2539 1975/2374/2539 3076/3197/2539 4505/3375/2539
f 4505/3375/2540 3076/3197/2540 2005/3201/2540 3161/3311/2540
f 3169/3162/2541 4505/3375/2541 3161/3311/2541 1996/3163/2541
f 1949/2402/2542 3061/3266/2542 4506/3376/2542 3084/3217/2542
f 3061/3266/2543 1950/2455/2543 3178/3377/2543 4506/3376/2543
f 4506/3376/2544 3178/3377/2544 1980/3292/2544 3121/3306/2544
f 3084/3217/2545 4506/3376/2545 3121/3306/2545 1979/3218/2545
f 1965/2464/2546 3102/2463/2546 4507/3378/2546 3172/3361/2546
f 3102/2463/2547 1974/2462/2547 3165/3186/2547 4507/3378/2547
f 4507/3378/2548 3165/3186/2548 2004/3191/2548 3162/3299/2548
f 3172/3361/2549 4507/3378/2549 3162/3299/2549 1995/3298/2549
f 1950/2455/2550 3062/2454/2550 4508/3379/2550 3178/3377/2550
f 3062/2454/2551 1951/2434/2551 3179/3380/2551 4508/3379/2551
f 4508/3379/2552 3179/3380/2552 1981/3267/2552 3122/3293/2552
f 3178/3377/2553 4508/3379/2553 3122/3293/2553 1980/3292/2553
f 1963/2449/2554 3089/2448/2554 4509/3381/2554 3177/3374/2554
f 3089/2448/2555 1978/2428/2555 3180/3382/2555 4509/3381/2555
f 4509/3381/2556 3180/3382/2556 2008/3287/2556 3149/3284/2556
f 3177/3374/2557 4509/3381/2557 3149/3284/2557 1993/3283/2557
f 1964/2443/2558 3103/2442/2558 4510/3383/2558 3174/3366/2558
f 3103/2442/2559 1973/2441/2559 3167/3174/2559 4510/3383/2559
f 4510/3383/2560 3167/3174/2560 2003/3178/2560 3163/3276/2560
f 3174/3366/2561 4510/3383/2561 3163/3276/2561 1994/3275/2561
f 1951/2434/2562 3063/2433/2562 4511/3384/2562 3179/3380/2562
f 3063/2433/2563 1952/2419/2563 3087/3227/2563 4511/3384/2563
f 4511/3384/2564 3087/3227/2564 1982/3229/2564 3123/3268/2564
f 3179/3380/2565 4511/3384/2565 3123/3268/2565 1981/3267/2565
f 1978/2428/2566 3090/2427/2566 4512/3385/2566 3180/3382/2566
f 3090/2427/2567 1972/2426/2567 3170/3160/2567 4512/3385/2567
f 4512/3385/2568 3170/3160/2568 2002/3165/2568 3150/3386/2568
f 3180/3382/2569 4512/3385/2569 3150/3386/2569 2008/3287/2569
f 2018/3387/2570 3190/3388/2570 4513/3389/2570 3288/3390/2570
f 3190/3388/2571 2019/3359/2571 3291/3391/2571 4513/3389/2571
f 4513/3389/2572 3291/3391/2572 2049/3392/2572 3250/3393/2572
f 3288/3390/2573 4513/3389/2573 3250/3393/2573 2048/3394/2573
f 2032/3395/2574 3216/3396/2574 4514/3397/2574 3290/3398/2574
f 3216/3396/2575 2026/3317/2575 3289/3399/2575 4514/3397/2575
f 4514/3397/2576 3289/3399/2576 2056/3400/2576 3276/3401/2576
f 3290/3398/2577 4514/3397/2577 3276/3401/2577 2062/3402/2577
f 2017/3403/2578 3189/3404/2578 4515/3405/2578 3286/3406/2578
f 3189/3404/2579 2018/3387/2579 3288/3390/2579 4515/3405/2579
f 4515/3405/2580 3288/3390/2580 2048/3394/2580 3249/3407/2580
f 3286/3406/2581 4515/3405/2581 3249/3407/2581 2047/3408/2581
f 2033/3280/2582 3215/3409/2582 4516/3410/2582 3287/3411/2582
f 3215/3409/2583 2027/3412/2583 3203/3413/2583 4516/3410/2583
f 4516/3410/2584 3203/3413/2584 2057/3414/2584 3275/3415/2584
f 3287/3411/2585 4516/3410/2585 3275/3415/2585 2063/3416/2585
f 2016/3417/2586 3188/3418/2586 4517/3419/2586 3195/3420/2586
f 3188/3418/2587 2017/3403/2587 3286/3406/2587 4517/3419/2587
f 4517/3419/2588 3286/3406/2588 2047/3408/2588 3248/3421/2588
f 3195/3420/2589 4517/3419/2589 3248/3421/2589 2046/3422/2589
f 2034/3303/2590 3214/3423/2590 4518/3424/2590 3285/3425/2590
f 3214/3423/2591 2028/3330/2591 3284/3426/2591 4518/3424/2591
f 4518/3424/2592 3284/3426/2592 2058/3427/2592 3274/3428/2592
f 3285/3425/2593 4518/3424/2593 3274/3428/2593 2064/3429/2593
f 2015/3430/2594 3187/3431/2594 4519/3432/2594 3199/3433/2594
f 3187/3431/2595 2016/3417/2595 3195/3420/2595 4519/3432/2595
f 4519/3432/2596 3195/3420/2596 2046/3422/2596 3247/3434/2596
f 3199/3433/2597 4519/3432/2597 3247/3434/2597 2045/3435/2597
f 2035/3315/2598 3213/3436/2598 4520/3437/2598 3196/3438/2598
f 3213/3436/2599 2029/3343/2599 3197/3439/2599 4520/3437/2599
f 4520/3437/2600 3197/3439/2600 2059/3440/2600 3273/3441/2600
f 3196/3438/2601 4520/3437/2601 3273/3441/2601 2065/3442/2601
f 2014/3443/2602 3186/3444/2602 4521/3445/2602 3202/3446/2602
f 3186/3444/2603 2015/3430/2603 3199/3433/2603 4521/3445/2603
f 4521/3445/2604 3199/3433/2604 2045/3435/2604 3246/3447/2604
f 3202/3446/2605 4521/3445/2605 3246/3447/2605 2044/3448/2605
f 2036/3328/2606 3212/3449/2606 4522/3450/2606 3200/3451/2606
f 3212/3449/2607 2030/3354/2607 3201/3452/2607 4522/3450/2607
f 4522/3450/2608 3201/3452/2608 2060/3453/2608 3272/3454/2608
f 3200/3451/2609 4522/3450/2609 3272/3454/2609 2066/3455/2609
f 2013/3456/2610 3185/3457/2610 4523/3458/2610 3208/3459/2610
f 3185/3457/2611 2014/3443/2611 3202/3446/2611 4523/3458/2611
f 4523/3458/2612 3202/3446/2612 2044/3448/2612 3245/3460/2612
f 3208/3459/2613 4523/3458/2613 3245/3460/2613 2043/3461/2613
f 2027/3412/2614 3198/3462/2614 4524/3463/2614 3203/3413/2614
f 3198/3462/2615 2009/3310/2615 3204/3464/2615 4524/3463/2615
f 4524/3463/2616 3204/3464/2616 2039/3465/2616 3258/3466/2616
f 3203/3413/2617 4524/3463/2617 3258/3466/2617 2057/3414/2617
f 2037/3341/2618 3211/3467/2618 4525/3468/2618 3205/3469/2618
f 3211/3467/2619 2031/3470/2619 3206/3471/2619 4525/3468/2619
f 4525/3468/2620 3206/3471/2620 2061/3472/2620 3271/3473/2620
f 3205/3469/2621 4525/3468/2621 3271/3473/2621 2067/3474/2621
f 2012/3272/2622 3184/3475/2622 4526/3476/2622 3207/3477/2622
f 3184/3475/2623 2013/3456/2623 3208/3459/2623 4526/3476/2623
f 4526/3476/2624 3208/3459/2624 2043/3461/2624 3244/3478/2624
f 3207/3477/2625 4526/3476/2625 3244/3478/2625 2042/3479/2625
f 2008/3287/2626 3150/3386/2626 4527/3480/2626 3229/3288/2626
f 3150/3386/2627 2002/3165/2627 3232/3481/2627 4527/3480/2627
f 4527/3480/2628 3232/3481/2628 2032/3395/2628 3210/3482/2628
f 3229/3288/2629 4527/3480/2629 3210/3482/2629 2038/3289/2629
f 1982/3229/2630 3124/3228/2630 4528/3483/2630 3231/3271/2630
f 3124/3228/2631 1983/3215/2631 3233/3484/2631 4528/3483/2631
f 4528/3483/2632 3233/3484/2632 2013/3456/2632 3184/3475/2632
f 3231/3271/2633 4528/3483/2633 3184/3475/2633 2012/3272/2633
f 2007/3225/2634 3151/3224/2634 4529/3485/2634 3143/3340/2634
f 3151/3224/2635 2001/3223/2635 3234/3486/2635 4529/3485/2635
f 4529/3485/2636 3234/3486/2636 2031/3470/2636 3211/3467/2636
f 3143/3340/2637 4529/3485/2637 3211/3467/2637 2037/3341/2637
f 1997/3176/2638 3138/3219/2638 4530/3487/2638 3235/3488/2638
f 3138/3219/2639 1979/3218/2639 3225/3308/2639 4530/3487/2639
f 4530/3487/2640 3225/3308/2640 2009/3310/2640 3198/3462/2640
f 3235/3488/2641 4530/3487/2641 3198/3462/2641 2027/3412/2641
f 1983/3215/2642 3125/3214/2642 4531/3489/2642 3233/3484/2642
f 3125/3214/2643 1984/3205/2643 3236/3490/2643 4531/3489/2643
f 4531/3489/2644 3236/3490/2644 2014/3443/2644 3185/3457/2644
f 3233/3484/2645 4531/3489/2645 3185/3457/2645 2013/3456/2645
f 2006/3211/2646 3152/3210/2646 4532/3491/2646 3140/3327/2646
f 3152/3210/2647 2000/3209/2647 3145/3352/2647 4532/3491/2647
f 4532/3491/2648 3145/3352/2648 2030/3354/2648 3212/3449/2648
f 3140/3327/2649 4532/3491/2649 3212/3449/2649 2036/3328/2649
f 1984/3205/2650 3126/3204/2650 4533/3492/2650 3236/3490/2650
f 3126/3204/2651 1985/3195/2651 3237/3493/2651 4533/3492/2651
f 4533/3492/2652 3237/3493/2652 2015/3430/2652 3186/3444/2652
f 3236/3490/2653 4533/3492/2653 3186/3444/2653 2014/3443/2653
f 2005/3201/2654 3153/3200/2654 4534/3494/2654 3136/3314/2654
f 3153/3200/2655 1999/3199/2655 3142/3339/2655 4534/3494/2655
f 4534/3494/2656 3142/3339/2656 2029/3343/2656 3213/3436/2656
f 3136/3314/2657 4534/3494/2657 3213/3436/2657 2035/3315/2657
f 1985/3195/2658 3127/3194/2658 4535/3495/2658 3237/3493/2658
f 3127/3194/2659 1986/3183/2659 3238/3496/2659 4535/3495/2659
f 4535/3495/2660 3238/3496/2660 2016/3417/2660 3187/3431/2660
f 3237/3493/2661 4535/3495/2661 3187/3431/2661 2015/3430/2661
f 2004/3191/2662 3154/3190/2662 4536/3497/2662 3226/3302/2662
f 3154/3190/2663 1998/3189/2663 3139/3326/2663 4536/3497/2663
f 4536/3497/2664 3139/3326/2664 2028/3330/2664 3214/3423/2664
f 3226/3302/2665 4536/3497/2665 3214/3423/2665 2034/3303/2665
f 1986/3183/2666 3128/3182/2666 4537/3498/2666 3238/3496/2666
f 3128/3182/2667 1987/3171/2667 3239/3499/2667 4537/3498/2667
f 4537/3498/2668 3239/3499/2668 2017/3403/2668 3188/3418/2668
f 3238/3496/2669 4537/3498/2669 3188/3418/2669 2016/3417/2669
f 2003/3178/2670 3155/3177/2670 4538/3500/2670 3230/3279/2670
f 3155/3177/2671 1997/3176/2671 3235/3488/2671 4538/3500/2671
f 4538/3500/2672 3235/3488/2672 2027/3412/2672 3215/3409/2672
f 3230/3279/2673 4538/3500/2673 3215/3409/2673 2033/3280/2673
f 1987/3171/2674 3129/3170/2674 4539/3501/2674 3239/3499/2674
f 3129/3170/2675 1988/3157/2675 3240/3502/2675 4539/3501/2675
f 4539/3501/2676 3240/3502/2676 2018/3387/2676 3189/3404/2676
f 3239/3499/2677 4539/3501/2677 3189/3404/2677 2017/3403/2677
f 2002/3165/2678 3156/3164/2678 4540/3503/2678 3232/3481/2678
f 3156/3164/2679 1996/3163/2679 3135/3313/2679 4540/3503/2679
f 4540/3503/2680 3135/3313/2680 2026/3317/2680 3216/3396/2680
f 3232/3481/2681 4540/3503/2681 3216/3396/2681 2032/3395/2681
f 1988/3157/2682 3130/3156/2682 4541/3504/2682 3240/3502/2682
f 3130/3156/2683 1989/3155/2683 3147/3357/2683 4541/3504/2683
f 4541/3504/2684 3147/3357/2684 2019/3359/2684 3190/3388/2684
f 3240/3502/2685 4541/3504/2685 3190/3388/2685 2018/3387/2685
f 2001/3223/2686 3157/3362/2686 4542/3505/2686 3234/3486/2686
f 3157/3362/2687 1995/3298/2687 3227/3301/2687 4542/3505/2687
f 4542/3505/2688 3227/3301/2688 2025/3305/2688 3217/3506/2688
f 3234/3486/2689 4542/3505/2689 3217/3506/2689 2031/3470/2689
f 2041/3507/2690 3243/3508/2690 4543/3509/2690 3348/3510/2690
f 3243/3508/2691 2042/3479/2691 3351/3511/2691 4543/3509/2691
f 4543/3509/2692 3351/3511/2692 2072/3512/2692 3303/3513/2692
f 3348/3510/2693 4543/3509/2693 3303/3513/2693 2071/3514/2693
f 2054/3515/2694 3283/3516/2694 4544/3517/2694 3266/3518/2694
f 3283/3516/2695 2063/3416/2695 3350/3519/2695 4544/3517/2695
f 4544/3517/2696 3350/3519/2696 2093/3520/2696 3343/3521/2696
f 3266/3518/2697 4544/3517/2697 3343/3521/2697 2084/3522/2697
f 2053/3523/2698 3269/3524/2698 4545/3525/2698 3257/3526/2698
f 3269/3524/2699 2068/3527/2699 3349/3528/2699 4545/3525/2699
f 4545/3525/2700 3349/3528/2700 2098/3529/2700 3329/3530/2700
f 3257/3526/2701 4545/3525/2701 3329/3530/2701 2083/3531/2701
f 2040/3532/2702 3242/3533/2702 4546/3534/2702 3344/3535/2702
f 3242/3533/2703 2041/3507/2703 3348/3510/2703 4546/3534/2703
f 4546/3534/2704 3348/3510/2704 2071/3514/2704 3302/3536/2704
f 3344/3535/2705 4546/3534/2705 3302/3536/2705 2070/3537/2705
f 2055/3538/2706 3282/3539/2706 4547/3540/2706 3347/3541/2706
f 3282/3539/2707 2064/3429/2707 3346/3542/2707 4547/3540/2707
f 4547/3540/2708 3346/3542/2708 2094/3543/2708 3342/3544/2708
f 3347/3541/2709 4547/3540/2709 3342/3544/2709 2085/3545/2709
f 2039/3465/2710 3241/3546/2710 4548/3547/2710 3345/3548/2710
f 3241/3546/2711 2040/3532/2711 3344/3535/2711 4548/3547/2711
f 4548/3547/2712 3344/3535/2712 2070/3537/2712 3301/3549/2712
f 3345/3548/2713 4548/3547/2713 3301/3549/2713 2069/3550/2713
f 2056/3400/2714 3281/3551/2714 4549/3552/2714 3255/3553/2714
f 3281/3551/2715 2065/3442/2715 3256/3554/2715 4549/3552/2715
f 4549/3552/2716 3256/3554/2716 2095/3555/2716 3341/3556/2716
f 3255/3553/2717 4549/3552/2717 3341/3556/2717 2086/3557/2717
f 2052/3558/2718 3254/3559/2718 4550/3560/2718 3261/3561/2718
f 3254/3559/2719 2053/3523/2719 3257/3526/2719 4550/3560/2719
f 4550/3560/2720 3257/3526/2720 2083/3531/2720 3314/3562/2720
f 3261/3561/2721 4550/3560/2721 3314/3562/2721 2082/3563/2721
f 2058/3427/2722 3280/3564/2722 4551/3565/2722 3259/3566/2722
f 3280/3564/2723 2066/3455/2723 3260/3567/2723 4551/3565/2723
f 4551/3565/2724 3260/3567/2724 2096/3568/2724 3340/3569/2724
f 3259/3566/2725 4551/3565/2725 3340/3569/2725 2088/3570/2725
f 2051/3571/2726 3253/3572/2726 4552/3573/2726 3264/3574/2726
f 3253/3572/2727 2052/3558/2727 3261/3561/2727 4552/3573/2727
f 4552/3573/2728 3261/3561/2728 2082/3563/2728 3313/3575/2728
f 3264/3574/2729 4552/3573/2729 3313/3575/2729 2081/3576/2729
f 2059/3440/2730 3279/3577/2730 4553/3578/2730 3262/3579/2730
f 3279/3577/2731 2067/3474/2731 3263/3580/2731 4553/3578/2731
f 4553/3578/2732 3263/3580/2732 2097/3581/2732 3339/3582/2732
f 3262/3579/2733 4553/3578/2733 3339/3582/2733 2089/3583/2733
f 2050/3584/2734 3252/3585/2734 4554/3586/2734 3268/3587/2734
f 3252/3585/2735 2051/3571/2735 3264/3574/2735 4554/3586/2735
f 4554/3586/2736 3264/3574/2736 2081/3576/2736 3312/3588/2736
f 3268/3587/2737 4554/3586/2737 3312/3588/2737 2080/3589/2737
f 2060/3453/2738 3278/3590/2738 4555/3591/2738 3265/3592/2738
f 3278/3590/2739 2054/3515/2739 3266/3518/2739 4555/3591/2739
f 4555/3591/2740 3266/3518/2740 2084/3522/2740 3338/3593/2740
f 3265/3592/2741 4555/3591/2741 3338/3593/2741 2090/3594/2741
f 2049/3392/2742 3251/3595/2742 4556/3596/2742 3267/3597/2742
f 3251/3595/2743 2050/3584/2743 3268/3587/2743 4556/3596/2743
f 4556/3596/2744 3268/3587/2744 2080/3589/2744 3311/3598/2744
f 3267/3597/2745 4556/3596/2745 3311/3598/2745 2079/3599/2745
f 2031/3470/2746 3217/3506/2746 4557/3600/2746 3206/3471/2746
f 3217/3506/2747 2025/3305/2747 3292/3601/2747 4557/3600/2747
f 4557/3600/2748 3292/3601/2748 2055/3538/2748 3277/3602/2748
f 3206/3471/2749 4557/3600/2749 3277/3602/2749 2061/3472/2749
f 2019/3359/2750 3191/3358/2750 4558/3603/2750 3291/3391/2750
f 3191/3358/2751 2020/3349/2751 3293/3604/2751 4558/3603/2751
f 4558/3603/2752 3293/3604/2752 2050/3584/2752 3251/3595/2752
f 3291/3391/2753 4558/3603/2753 3251/3595/2753 2049/3392/2753
f 2030/3354/2754 3218/3353/2754 4559/3605/2754 3201/3452/2754
f 3218/3353/2755 2024/3282/2755 3294/3606/2755 4559/3605/2755
f 4559/3605/2756 3294/3606/2756 2054/3515/2756 3278/3590/2756
f 3201/3452/2757 4559/3605/2757 3278/3590/2757 2060/3453/2757
f 2020/3349/2758 3192/3348/2758 4560/3607/2758 3293/3604/2758
f 3192/3348/2759 2021/3336/2759 3295/3608/2759 4560/3607/2759
f 4560/3607/2760 3295/3608/2760 2051/3571/2760 3252/3585/2760
f 3293/3604/2761 4560/3607/2761 3252/3585/2761 2050/3584/2761
f 2029/3343/2762 3219/3342/2762 4561/3609/2762 3197/3439/2762
f 3219/3342/2763 2037/3341/2763 3205/3469/2763 4561/3609/2763
f 4561/3609/2764 3205/3469/2764 2067/3474/2764 3279/3577/2764
f 3197/3439/2765 4561/3609/2765 3279/3577/2765 2059/3440/2765
f 2021/3336/2766 3193/3335/2766 4562/3610/2766 3295/3608/2766
f 3193/3335/2767 2022/3323/2767 3296/3611/2767 4562/3610/2767
f 4562/3610/2768 3296/3611/2768 2052/3558/2768 3253/3572/2768
f 3295/3608/2769 4562/3610/2769 3253/3572/2769 2051/3571/2769
f 2028/3330/2770 3220/3329/2770 4563/3612/2770 3284/3426/2770
f 3220/3329/2771 2036/3328/2771 3200/3451/2771 4563/3612/2771
f 4563/3612/2772 3200/3451/2772 2066/3455/2772 3280/3564/2772
f 3284/3426/2773 4563/3612/2773 3280/3564/2773 2058/3427/2773
f 2022/3323/2774 3194/3322/2774 4564/3613/2774 3296/3611/2774
f 3194/3322/2775 2023/3291/2775 3297/3614/2775 4564/3613/2775
f 4564/3613/2776 3297/3614/2776 2053/3523/2776 3254/3559/2776
f 3296/3611/2777 4564/3613/2777 3254/3559/2777 2052/3558/2777
f 2026/3317/2778 3221/3316/2778 4565/3615/2778 3289/3399/2778
f 3221/3316/2779 2035/3315/2779 3196/3438/2779 4565/3615/2779
f 4565/3615/2780 3196/3438/2780 2065/3442/2780 3281/3551/2780
f 3289/3399/2781 4565/3615/2781 3281/3551/2781 2056/3400/2781
f 2009/3310/2782 3181/3309/2782 4566/3616/2782 3204/3464/2782
f 3181/3309/2783 2010/3297/2783 3298/3617/2783 4566/3616/2783
f 4566/3616/2784 3298/3617/2784 2040/3532/2784 3241/3546/2784
f 3204/3464/2785 4566/3616/2785 3241/3546/2785 2039/3465/2785
f 2025/3305/2786 3222/3304/2786 4567/3618/2786 3292/3601/2786
f 3222/3304/2787 2034/3303/2787 3285/3425/2787 4567/3618/2787
f 4567/3618/2788 3285/3425/2788 2064/3429/2788 3282/3539/2788
f 3292/3601/2789 4567/3618/2789 3282/3539/2789 2055/3538/2789
f 2010/3297/2790 3182/3296/2790 4568/3619/2790 3298/3617/2790
f 3182/3296/2791 2011/3274/2791 3299/3620/2791 4568/3619/2791
f 4568/3619/2792 3299/3620/2792 2041/3507/2792 3242/3533/2792
f 3298/3617/2793 4568/3619/2793 3242/3533/2793 2040/3532/2793
f 2023/3291/2794 3209/3290/2794 4569/3621/2794 3297/3614/2794
f 3209/3290/2795 2038/3289/2795 3300/3622/2795 4569/3621/2795
f 4569/3621/2796 3300/3622/2796 2068/3527/2796 3269/3524/2796
f 3297/3614/2797 4569/3621/2797 3269/3524/2797 2053/3523/2797
f 2024/3282/2798 3223/3281/2798 4570/3623/2798 3294/3606/2798
f 3223/3281/2799 2033/3280/2799 3287/3411/2799 4570/3623/2799
f 4570/3623/2800 3287/3411/2800 2063/3416/2800 3283/3516/2800
f 3294/3606/2801 4570/3623/2801 3283/3516/2801 2054/3515/2801
f 2011/3274/2802 3183/3273/2802 4571/3624/2802 3299/3620/2802
f 3183/3273/2803 2012/3272/2803 3207/3477/2803 4571/3624/2803
f 4571/3624/2804 3207/3477/2804 2042/3479/2804 3243/3508/2804
f 3299/3620/2805 4571/3624/2805 3243/3508/2805 2041/3507/2805
f 2038/3289/2806 3210/3482/2806 4572/3625/2806 3300/3622/2806
f 3210/3482/2807 2032/3395/2807 3290/3398/2807 4572/3625/2807
f 4572/3625/2808 3290/3398/2808 2062/3402/2808 3270/3626/2808
f 3300/3622/2809 4572/3625/2809 3270/3626/2809 2068/3527/2809
f 2093/3520/2810 3324/3627/2810 4573/3628/2810 3343/3521/2810
f 3324/3627/2811 2070/3537/2811 3302/3536/2811 4573/3628/2811
f 4573/3628/2812 3302/3536/2812 2071/3514/2812 3315/3629/2812
f 3343/3521/2813 4573/3628/2813 3315/3629/2813 2084/3522/2813
f 2094/3543/2814 3325/3630/2814 4574/3631/2814 3342/3544/2814
f 3325/3630/2815 2075/3632/2815 3307/3633/2815 4574/3631/2815
f 4574/3631/2816 3307/3633/2816 2076/3634/2816 3316/3635/2816
f 3342/3544/2817 4574/3631/2817 3316/3635/2817 2085/3545/2817
f 2095/3555/2818 3326/3636/2818 4575/3637/2818 3341/3556/2818
f 3326/3636/2819 2080/3589/2819 3312/3588/2819 4575/3637/2819
f 4575/3637/2820 3312/3588/2820 2081/3576/2820 3317/3638/2820
f 3341/3556/2821 4575/3637/2821 3317/3638/2821 2086/3557/2821
f 2096/3568/2822 3327/3639/2822 4576/3640/2822 3340/3569/2822
f 3327/3639/2823 2073/3641/2823 3305/3642/2823 4576/3640/2823
f 4576/3640/2824 3305/3642/2824 2074/3643/2824 3319/3644/2824
f 3340/3569/2825 4576/3640/2825 3319/3644/2825 2088/3570/2825
f 2097/3581/2826 3328/3645/2826 4577/3646/2826 3339/3582/2826
f 3328/3645/2827 2078/3647/2827 3310/3648/2827 4577/3646/2827
f 4577/3646/2828 3310/3648/2828 2079/3599/2828 3320/3649/2828
f 3339/3582/2829 4577/3646/2829 3320/3649/2829 2089/3583/2829
f 2084/3522/2830 3315/3629/2830 4578/3650/2830 3338/3593/2830
f 3315/3629/2831 2071/3514/2831 3303/3513/2831 4578/3650/2831
f 4578/3650/2832 3303/3513/2832 2072/3512/2832 3321/3651/2832
f 3338/3593/2833 4578/3650/2833 3321/3651/2833 2090/3594/2833
f 2085/3545/2834 3316/3635/2834 4579/3652/2834 3337/3653/2834
f 3316/3635/2835 2076/3634/2835 3308/3654/2835 4579/3652/2835
f 4579/3652/2836 3308/3654/2836 2077/3655/2836 3322/3656/2836
f 3337/3653/2837 4579/3652/2837 3322/3656/2837 2091/3657/2837
f 2086/3557/2838 3317/3638/2838 4580/3658/2838 3336/3659/2838
f 3317/3638/2839 2081/3576/2839 3313/3575/2839 4580/3658/2839
f 4580/3658/2840 3313/3575/2840 2082/3563/2840 3323/3660/2840
f 3336/3659/2841 4580/3658/2841 3323/3660/2841 2092/3661/2841
f 2087/3662/2842 3318/3663/2842 4581/3664/2842 3335/3665/2842
f 3318/3663/2843 2069/3550/2843 3301/3549/2843 4581/3664/2843
f 4581/3664/2844 3301/3549/2844 2070/3537/2844 3324/3627/2844
f 3335/3665/2845 4581/3664/2845 3324/3627/2845 2093/3520/2845
f 2088/3570/2846 3319/3644/2846 4582/3666/2846 3334/3667/2846
f 3319/3644/2847 2074/3643/2847 3306/3668/2847 4582/3666/2847
f 4582/3666/2848 3306/3668/2848 2075/3632/2848 3325/3630/2848
f 3334/3667/2849 4582/3666/2849 3325/3630/2849 2094/3543/2849
f 2089/3583/2850 3320/3649/2850 4583/3669/2850 3333/3670/2850
f 3320/3649/2851 2079/3599/2851 3311/3598/2851 4583/3669/2851
f 4583/3669/2852 3311/3598/2852 2080/3589/2852 3326/3636/2852
f 3333/3670/2853 4583/3669/2853 3326/3636/2853 2095/3555/2853
f 2090/3594/2854 3321/3651/2854 4584/3671/2854 3332/3672/2854
f 3321/3651/2855 2072/3512/2855 3304/3673/2855 4584/3671/2855
f 4584/3671/2856 3304/3673/2856 2073/3641/2856 3327/3639/2856
f 3332/3672/2857 4584/3671/2857 3327/3639/2857 2096/3568/2857
f 2091/3657/2858 3322/3656/2858 4585/3674/2858 3331/3675/2858
f 3322/3656/2859 2077/3655/2859 3309/3676/2859 4585/3674/2859
f 4585/3674/2860 3309/3676/2860 2078/3647/2860 3328/3645/2860
f 3331/3675/2861 4585/3674/2861 3328/3645/2861 2097/3581/2861
f 2092/3661/2862 3323/3660/2862 4586/3677/2862 3330/3678/2862
f 3323/3660/2863 2082/3563/2863 3314/3562/2863 4586/3677/2863
f 4586/3677/2864 3314/3562/2864 2083/3531/2864 3329/3530/2864
f 3330/3678/2865 4586/3677/2865 3329/3530/2865 2098/3529/2865
f 2068/3527/2866 3270/3626/2866 4587/3679/2866 3349/3528/2866
f 3270/3626/2867 2062/3402/2867 3352/3680/2867 4587/3679/2867
f 4587/3679/2868 3352/3680/2868 2092/3661/2868 3330/3678/2868
f 3349/3528/2869 4587/3679/2869 3330/3678/2869 2098/3529/2869
f 2042/3479/2870 3244/3478/2870 4588/3681/2870 3351/3511/2870
f 3244/3478/2871 2043/3461/2871 3353/3682/2871 4588/3681/2871
f 4588/3681/2872 3353/3682/2872 2073/3641/2872 3304/3673/2872
f 3351/3511/2873 4588/3681/2873 3304/3673/2873 2072/3512/2873
f 2067/3474/2874 3271/3473/2874 4589/3683/2874 3263/3580/2874
f 3271/3473/2875 2061/3472/2875 3354/3684/2875 4589/3683/2875
f 4589/3683/2876 3354/3684/2876 2091/3657/2876 3331/3675/2876
f 3263/3580/2877 4589/3683/2877 3331/3675/2877 2097/3581/2877
f 2057/3414/2878 3258/3466/2878 4590/3685/2878 3355/3686/2878
f 3258/3466/2879 2039/3465/2879 3345/3548/2879 4590/3685/2879
f 4590/3685/2880 3345/3548/2880 2069/3550/2880 3318/3663/2880
f 3355/3686/2881 4590/3685/2881 3318/3663/2881 2087/3662/2881
f 2043/3461/2882 3245/3460/2882 4591/3687/2882 3353/3682/2882
f 3245/3460/2883 2044/3448/2883 3356/3688/2883 4591/3687/2883
f 4591/3687/2884 3356/3688/2884 2074/3643/2884 3305/3642/2884
f 3353/3682/2885 4591/3687/2885 3305/3642/2885 2073/3641/2885
f 2066/3455/2886 3272/3454/2886 4592/3689/2886 3260/3567/2886
f 3272/3454/2887 2060/3453/2887 3265/3592/2887 4592/3689/2887
f 4592/3689/2888 3265/3592/2888 2090/3594/2888 3332/3672/2888
f 3260/3567/2889 4592/3689/2889 3332/3672/2889 2096/3568/2889
f 2044/3448/2890 3246/3447/2890 4593/3690/2890 3356/3688/2890
f 3246/3447/2891 2045/3435/2891 3357/3691/2891 4593/3690/2891
f 4593/3690/2892 3357/3691/2892 2075/3632/2892 3306/3668/2892
f 3356/3688/2893 4593/3690/2893 3306/3668/2893 2074/3643/2893
f 2065/3442/2894 3273/3441/2894 4594/3692/2894 3256/3554/2894
f 3273/3441/2895 2059/3440/2895 3262/3579/2895 4594/3692/2895
f 4594/3692/2896 3262/3579/2896 2089/3583/2896 3333/3670/2896
f 3256/3554/2897 4594/3692/2897 3333/3670/2897 2095/3555/2897
f 2045/3435/2898 3247/3434/2898 4595/3693/2898 3357/3691/2898
f 3247/3434/2899 2046/3422/2899 3358/3694/2899 4595/3693/2899
f 4595/3693/2900 3358/3694/2900 2076/3634/2900 3307/3633/2900
f 3357/3691/2901 4595/3693/2901 3307/3633/2901 2075/3632/2901
f 2064/3429/2902 3274/3428/2902 4596/3695/2902 3346/3542/2902
f 3274/3428/2903 2058/3427/2903 3259/3566/2903 4596/3695/2903
f 4596/3695/2904 3259/3566/2904 2088/3570/2904 3334/3667/2904
f 3346/3542/2905 4596/3695/2905 3334/3667/2905 2094/3543/2905
f 2046/3422/2906 3248/3421/2906 4597/3696/2906 3358/3694/2906
f 3248/3421/2907 2047/3408/2907 3359/3697/2907 4597/3696/2907
f 4597/3696/2908 3359/3697/2908 2077/3655/2908 3308/3654/2908
f 3358/3694/2909 4597/3696/2909 3308/3654/2909 2076/3634/2909
f 2063/3416/2910 3275/3415/2910 4598/3698/2910 3350/3519/2910
f 3275/3415/2911 2057/3414/2911 3355/3686/2911 4598/3698/2911
f 4598/3698/2912 3355/3686/2912 2087/3662/2912 3335/3665/2912
f 3350/3519/2913 4598/3698/2913 3335/3665/2913 2093/3520/2913
f 2047/3408/2914 3249/3407/2914 4599/3699/2914 3359/3697/2914
f 3249/3407/2915 2048/3394/2915 3360/3700/2915 4599/3699/2915
f 4599/3699/2916 3360/3700/2916 2078/3647/2916 3309/3676/2916
f 3359/3697/2917 4599/3699/2917 3309/3676/2917 2077/3655/2917
f 2062/3402/2918 3276/3401/2918 4600/3701/2918 3352/3680/2918
f 3276/3401/2919 2056/3400/2919 3255/3553/2919 4600/3701/2919
f 4600/3701/2920 3255/3553/2920 2086/3557/2920 3336/3659/2920
f 3352/3680/2921 4600/3701/2921 3336/3659/2921 2092/3661/2921
f 2048/3394/2922 3250/3393/2922 4601/3702/2922 3360/3700/2922
f 3250/3393/2923 2049/3392/2923 3267/3597/2923 4601/3702/2923
f 4601/3702/2924 3267/3597/2924 2079/3599/2924 3310/3648/2924
f 3360/3700/2925 4601/3702/2925 3310/3648/2925 2078/3647/2925
f 2061/3472/2926 3277/3602/2926 4602/3703/2926 3354/3684/2926
f 3277/3602/2927 2055/3538/2927 3347/3541/2927 4602/3703/2927
f 4602/3703/2928 3347/3541/2928 2085/3545/2928 3337/3653/2928
f 3354/3684/2929 4602/3703/2929 3337/3653/2929 2091/3657/2929
f 2141/3704/2930 3512/3705/2930 4603/3706/2930 3421/3707/2930
f 3512/3705/2931 2171/3708/2931 3482/3709/2931 4603/3706/2931
f 4603/3706/2932 3482/3709/2932 2170/3710/2932 3510/3711/2932
f 3421/3707/2933 4603/3706/2933 3510/3711/2933 2140/3712/2933
f 1669/2028/2934 3362/3713/2934 4604/3714/2934 2521/2029/2934
f 3362/3713/2935 2099/3715/2935 3364/3716/2935 4604/3714/2935
f 4604/3714/2936 3364/3716/2936 2100/3717/2936 3363/3718/2936
f 2521/2029/2937 4604/3714/2937 3363/3718/2937 1670/2032/2937
f 2099/3715/2938 3365/3719/2938 4605/3720/2938 3364/3716/2938
f 3365/3719/2939 2101/3721/2939 3367/3722/2939 4605/3720/2939
f 4605/3720/2940 3367/3722/2940 2102/3723/2940 3366/3724/2940
f 3364/3716/2941 4605/3720/2941 3366/3724/2941 2100/3717/2941
f 2101/3721/2942 3368/3725/2942 4606/3726/2942 3367/3722/2942
f 3368/3725/2943 2103/3727/2943 3370/3728/2943 4606/3726/2943
f 4606/3726/2944 3370/3728/2944 2104/3729/2944 3369/3730/2944
f 3367/3722/2945 4606/3726/2945 3369/3730/2945 2102/3723/2945
f 2103/3727/2946 3371/3731/2946 4607/3732/2946 3370/3728/2946
f 3371/3731/2947 2105/3733/2947 3373/3734/2947 4607/3732/2947
f 4607/3732/2948 3373/3734/2948 2106/3735/2948 3372/3736/2948
f 3370/3728/2949 4607/3732/2949 3372/3736/2949 2104/3729/2949
f 2105/3733/2950 3374/3737/2950 4608/3738/2950 3373/3734/2950
f 3374/3737/2951 2107/3739/2951 3376/3740/2951 4608/3738/2951
f 4608/3738/2952 3376/3740/2952 2108/3741/2952 3375/3742/2952
f 3373/3734/2953 4608/3738/2953 3375/3742/2953 2106/3735/2953
f 2107/3739/2954 3377/3743/2954 4609/3744/2954 3376/3740/2954
f 3377/3743/2955 2109/3745/2955 3379/3746/2955 4609/3744/2955
f 4609/3744/2956 3379/3746/2956 2110/3747/2956 3378/3748/2956
f 3376/3740/2957 4609/3744/2957 3378/3748/2957 2108/3741/2957
f 2109/3745/2958 3380/3749/2958 4610/3750/2958 3379/3746/2958
f 3380/3749/2959 2111/3751/2959 3382/3752/2959 4610/3750/2959
f 4610/3750/2960 3382/3752/2960 2112/3753/2960 3381/3754/2960
f 3379/3746/2961 4610/3750/2961 3381/3754/2961 2110/3747/2961
f 2111/3751/2962 3383/3755/2962 4611/3756/2962 3382/3752/2962
f 3383/3755/2963 2113/3757/2963 3385/3758/2963 4611/3756/2963
f 4611/3756/2964 3385/3758/2964 2114/3759/2964 3384/3760/2964
f 3382/3752/2965 4611/3756/2965 3384/3760/2965 2112/3753/2965
f 2113/3757/2966 3386/3761/2966 4612/3762/2966 3385/3758/2966
f 3386/3761/2967 2115/3763/2967 3388/3764/2967 4612/3762/2967
f 4612/3762/2968 3388/3764/2968 2116/3765/2968 3387/3766/2968
f 3385/3758/2969 4612/3762/2969 3387/3766/2969 2114/3759/2969
f 2115/3763/2970 3389/3767/2970 4613/3768/2970 3388/3764/2970
f 3389/3767/2971 2117/3769/2971 3391/3770/2971 4613/3768/2971
f 4613/3768/2972 3391/3770/2972 2118/3771/2972 3390/3772/2972
f 3388/3764/2973 4613/3768/2973 3390/3772/2973 2116/3765/2973
f 2117/3769/2974 3392/3773/2974 4614/3774/2974 3391/3770/2974
f 3392/3773/2975 2119/3775/2975 3394/3776/2975 4614/3774/2975
f 4614/3774/2976 3394/3776/2976 2120/3777/2976 3393/3778/2976
f 3391/3770/2977 4614/3774/2977 3393/3778/2977 2118/3771/2977
f 2119/3775/2978 3395/3779/2978 4615/3780/2978 3394/3776/2978
f 3395/3779/2979 2121/3781/2979 3397/3782/2979 4615/3780/2979
f 4615/3780/2980 3397/3782/2980 2122/3783/2980 3396/3784/2980
f 3394/3776/2981 4615/3780/2981 3396/3784/2981 2120/3777/2981
f 2121/3781/2982 3398/3785/2982 4616/3786/2982 3397/3782/2982
f 3398/3785/2983 2123/3787/2983 3400/3788/2983 4616/3786/2983
f 4616/3786/2984 3400/3788/2984 2124/3789/2984 3399/3790/2984
f 3397/3782/2985 4616/3786/2985 3399/3790/2985 2122/3783/2985
f 2123/3787/2986 3401/3791/2986 4617/3792/2986 3400/3788/2986
f 3401/3791/2987 2125/3793/2987 3403/3794/2987 4617/3792/2987
f 4617/3792/2988 3403/3794/2988 2126/3795/2988 3402/3796/2988
f 3400/3788/2989 4617/3792/2989 3402/3796/2989 2124/3789/2989
f 2125/3793/2990 3404/3797/2990 4618/3798/2990 3403/3794/2990
f 3404/3797/2991 2127/3799/2991 3406/3800/2991 4618/3798/2991
f 4618/3798/2992 3406/3800/2992 2128/3801/2992 3405/3802/2992
f 3403/3794/2993 4618/3798/2993 3405/3802/2993 2126/3795/2993
f 2127/3799/2994 3407/3803/2994 4619/3804/2994 3406/3800/2994
f 3407/3803/2995 1667/2126/2995 2519/2125/2995 4619/3804/2995
f 4619/3804/2996 2519/2125/2996 1668/2124/2996 3408/3805/2996
f 3406/3800/2997 4619/3804/2997 3408/3805/2997 2128/3801/2997
f 1702/2127/1359 3424/3806/1359 4620/3807/1359 2569/2128/1359
f 2143/3808/1359 3423/3809/1359 4620/3807/1359 3424/3806/1359
f 2142/3810/2998 3422/3811/2998 4620/3807/2998 3423/3809/2998
f 2141/3704/2999 3421/3707/2999 4620/3807/2999 3422/3811/2999
f 2140/3712/1359 3420/3812/1359 4620/3807/1359 3421/3707/1359
f 2139/3813/1359 3419/3814/1359 4620/3807/1359 3420/3812/1359
f 2138/3815/1359 3418/3816/1359 4620/3807/1359 3419/3814/1359
f 2137/3817/1359 3417/3818/1359 4620/3807/1359 3418/3816/1359
f 2136/3819/1359 3416/3820/1359 4620/3807/1359 3417/3818/1359
f 2135/3821/1359 3415/3822/1359 4620/3807/1359 3416/3820/1359
f 2134/3823/1359 3414/3824/1359 4620/3807/1359 3415/3822/1359
f 2133/3825/2999 3413/3826/2999 4620/3807/2999 3414/3824/2999
f 2132/3827/1359 3412/3828/1359 4620/3807/1359 3413/3826/1359
f 2131/3829/2998 3411/3830/2998 4620/3807/2998 3412/3828/2998
f 2130/3831/2999 3410/3832/2999 4620/3807/2999 3411/3830/2999
f 2129/3833/1359 3409/3834/1359 4620/3807/1359 3410/3832/1359
f 1701/2131/1359 2569/2128/1359 4620/3807/1359 3409/3834/1359
f 2153/3835/3000 3511/3836/3000 4621/3837/3000 3457/3838/3000
f 3511/3836/3001 2179/3839/3001 3491/3840/3001 4621/3837/3001
f 4621/3837/3002 3491/3840/3002 2185/3841/3002 3434/3842/3002
f 3457/3838/3003 4621/3837/3003 3434/3842/3003 2149/3843/3003
f 2140/3712/3004 3510/3711/3004 4622/3844/3004 3420/3812/3004
f 3510/3711/3005 2170/3710/3005 3481/3845/3005 4622/3844/3005
f 4622/3844/3006 3481/3845/3006 2169/3846/3006 3506/3847/3006
f 3420/3812/3007 4622/3844/3007 3506/3847/3007 2139/3813/3007
f 2156/3848/3008 3509/3849/3008 4623/3850/3008 3456/3851/3008
f 3509/3849/3009 2180/3852/3009 3490/3853/3009 4623/3850/3009
f 4623/3850/3010 3490/3853/3010 2186/3854/3010 3443/3855/3010
f 3456/3851/3011 4623/3850/3011 3443/3855/3011 2152/3856/3011
f 2145/3857/3012 3508/3858/3012 4624/3859/3012 3469/3860/3012
f 3508/3858/3013 2183/3861/3013 3503/3862/3013 4624/3859/3013
f 4624/3859/3014 3503/3862/3014 2174/3863/3014 3507/3864/3014
f 3469/3860/3015 4624/3859/3015 3507/3864/3015 2144/3865/3015
f 2139/3813/3016 3506/3847/3016 4625/3866/3016 3419/3814/3016
f 3506/3847/3017 2169/3846/3017 3480/3867/3017 4625/3866/3017
f 4625/3866/3018 3480/3867/3018 2168/3868/3018 3429/3869/3018
f 3419/3814/3019 4625/3866/3019 3429/3869/3019 2138/3815/3019
f 2157/3870/3020 3505/3871/3020 4626/3872/3020 3455/3873/3020
f 3505/3871/3021 2181/3874/3021 3489/3875/3021 4626/3872/3021
f 4626/3872/3022 3489/3875/3022 2187/3876/3022 3504/3877/3022
f 3455/3873/3023 4626/3872/3023 3504/3877/3023 2154/3878/3023
f 2147/3879/3024 3425/3880/3024 4627/3881/3024 3468/3882/3024
f 3425/3880/3025 2184/3883/3025 3502/3884/3025 4627/3881/3025
f 4627/3881/3026 3502/3884/3026 2175/3885/3026 3427/3886/3026
f 3468/3882/3027 4627/3881/3027 3427/3886/3027 2146/3887/3027
f 2138/3815/3028 3429/3869/3028 4628/3888/3028 3418/3816/3028
f 3429/3869/3029 2168/3868/3029 3479/3889/3029 4628/3888/3029
f 4628/3888/3030 3479/3889/3030 2167/3890/3030 3438/3891/3030
f 3418/3816/3031 4628/3888/3031 3438/3891/3031 2137/3817/3031
f 2158/3892/3032 3431/3893/3032 4629/3894/3032 3454/3895/3032
f 3431/3893/3033 2182/3896/3033 3488/3897/3033 4629/3894/3033
f 4629/3894/3034 3488/3897/3034 2188/3898/3034 3432/3899/3034
f 3454/3895/3035 4629/3894/3035 3432/3899/3035 2155/3900/3035
f 2149/3843/3036 3434/3842/3036 4630/3901/3036 3467/3902/3036
f 3434/3842/3037 2185/3841/3037 3501/3903/3037 4630/3901/3037
f 4630/3901/3038 3501/3903/3038 2176/3904/3038 3437/3905/3038
f 3467/3902/3039 4630/3901/3039 3437/3905/3039 2148/3906/3039
f 2137/3817/3040 3438/3891/3040 4631/3907/3040 3417/3818/3040
f 3438/3891/3041 2167/3890/3041 3478/3908/3041 4631/3907/3041
f 4631/3907/3042 3478/3908/3042 2166/3909/3042 3441/3910/3042
f 3417/3818/3043 4631/3907/3043 3441/3910/3043 2136/3819/3043
f 1725/2235/3044 2602/2238/3044 4632/3911/3044 3466/3912/3044
f 2602/2238/3045 1765/2243/3045 3500/3913/3045 4632/3911/3045
f 4632/3911/3046 3500/3913/3046 2177/3914/3046 3439/3915/3046
f 3466/3912/3047 4632/3911/3047 3439/3915/3047 2150/3916/3047
f 2136/3819/3048 3441/3910/3048 4633/3917/3048 3416/3820/3048
f 3441/3910/3049 2166/3909/3049 3477/3918/3049 4633/3917/3049
f 4633/3917/3050 3477/3918/3050 2165/3919/3050 3449/3920/3050
f 3416/3820/3051 4633/3917/3051 3449/3920/3051 2135/3821/3051
f 2152/3856/3052 3443/3855/3052 4634/3921/3052 3465/3922/3052
f 3443/3855/3053 2186/3854/3053 3499/3923/3053 4634/3921/3053
f 4634/3921/3054 3499/3923/3054 2178/3924/3054 3447/3925/3054
f 3465/3922/3055 4634/3921/3055 3447/3925/3055 2151/3926/3055
f 2135/3821/3056 3449/3920/3056 4635/3927/3056 3415/3822/3056
f 3449/3920/3057 2165/3919/3057 3476/3928/3057 4635/3927/3057
f 4635/3927/3058 3476/3928/3058 2164/3929/3058 3450/3930/3058
f 3415/3822/3059 4635/3927/3059 3450/3930/3059 2134/3823/3059
f 2125/3793/3060 3453/3931/3060 4636/3932/3060 3404/3797/3060
f 3453/3931/3061 2158/3892/3061 3454/3895/3061 4636/3932/3061
f 4636/3932/3062 3454/3895/3062 2155/3900/3062 3436/3933/3062
f 3404/3797/3063 4636/3932/3063 3436/3933/3063 2127/3799/3063
f 2115/3763/3064 3452/3934/3064 4637/3935/3064 3389/3767/3064
f 3452/3934/3065 2157/3870/3065 3455/3873/3065 4637/3935/3065
f 4637/3935/3066 3455/3873/3066 2154/3878/3066 3435/3936/3066
f 3389/3767/3067 4637/3935/3067 3435/3936/3067 2117/3769/3067
f 2105/3733/3068 3451/3937/3068 4638/3938/3068 3374/3737/3068
f 3451/3937/3069 2156/3848/3069 3456/3851/3069 4638/3938/3069
f 4638/3938/3070 3456/3851/3070 2152/3856/3070 3433/3939/3070
f 3374/3737/3071 4638/3938/3071 3433/3939/3071 2107/3739/3071
f 2119/3775/3072 3448/3940/3072 4639/3941/3072 3395/3779/3072
f 3448/3940/3073 2153/3835/3073 3457/3838/3073 4639/3941/3073
f 4639/3941/3074 3457/3838/3074 2149/3843/3074 3430/3942/3074
f 3395/3779/3075 4639/3941/3075 3430/3942/3075 2121/3781/3075
f 2109/3745/3076 3446/3943/3076 4640/3944/3076 3380/3749/3076
f 3446/3943/3077 2151/3926/3077 3458/3945/3077 4640/3944/3077
f 4640/3944/3078 3458/3945/3078 2147/3879/3078 3428/3946/3078
f 3380/3749/3079 4640/3944/3079 3428/3946/3079 2111/3751/3079
f 2099/3715/3080 3444/3947/3080 4641/3948/3080 3365/3719/3080
f 3444/3947/3081 2150/3916/3081 3459/3949/3081 4641/3948/3081
f 4641/3948/3082 3459/3949/3082 2145/3857/3082 3426/3950/3082
f 3365/3719/3083 4641/3948/3083 3426/3950/3083 2101/3721/3083
f 2123/3787/3084 3442/3951/3084 4642/3952/3084 3401/3791/3084
f 3442/3951/3085 2148/3906/3085 3460/3953/3085 4642/3952/3085
f 4642/3952/3086 3460/3953/3086 2158/3892/3086 3453/3931/3086
f 3401/3791/3087 4642/3952/3087 3453/3931/3087 2125/3793/3087
f 2113/3757/3088 3440/3954/3088 4643/3955/3088 3386/3761/3088
f 3440/3954/3089 2146/3887/3089 3461/3956/3089 4643/3955/3089
f 4643/3955/3090 3461/3956/3090 2157/3870/3090 3452/3934/3090
f 3386/3761/3091 4643/3955/3091 3452/3934/3091 2115/3763/3091
f 2103/3727/3092 3361/3957/3092 4644/3958/3092 3371/3731/3092
f 3361/3957/3093 2144/3865/3093 3462/3959/3093 4644/3958/3093
f 4644/3958/3094 3462/3959/3094 2156/3848/3094 3451/3937/3094
f 3371/3731/3095 4644/3958/3095 3451/3937/3095 2105/3733/3095
f 2127/3799/3096 3436/3933/3096 4645/3960/3096 3407/3803/3096
f 3436/3933/3097 2155/3900/3097 3463/3961/3097 4645/3960/3097
f 4645/3960/3098 3463/3961/3098 1730/2289/3098 2614/2288/3098
f 3407/3803/3099 4645/3960/3099 2614/2288/3099 1667/2126/3099
f 2117/3769/3100 3435/3936/3100 4646/3962/3100 3392/3773/3100
f 3435/3936/3101 2154/3878/3101 3464/3963/3101 4646/3962/3101
f 4646/3962/3102 3464/3963/3102 2153/3835/3102 3448/3940/3102
f 3392/3773/3103 4646/3962/3103 3448/3940/3103 2119/3775/3103
f 2107/3739/3104 3433/3939/3104 4647/3964/3104 3377/3743/3104
f 3433/3939/3105 2152/3856/3105 3465/3922/3105 4647/3964/3105
f 4647/3964/3106 3465/3922/3106 2151/3926/3106 3446/3943/3106
f 3377/3743/3107 4647/3964/3107 3446/3943/3107 2109/3745/3107
f 1669/2028/3108 2593/2295/3108 4648/3965/3108 3362/3713/3108
f 2593/2295/3109 1725/2235/3109 3466/3912/3109 4648/3965/3109
f 4648/3965/3110 3466/3912/3110 2150/3916/3110 3444/3947/3110
f 3362/3713/3111 4648/3965/3111 3444/3947/3111 2099/3715/3111
f 2121/3781/3112 3430/3942/3112 4649/3966/3112 3398/3785/3112
f 3430/3942/3113 2149/3843/3113 3467/3902/3113 4649/3966/3113
f 4649/3966/3114 3467/3902/3114 2148/3906/3114 3442/3951/3114
f 3398/3785/3115 4649/3966/3115 3442/3951/3115 2123/3787/3115
f 2111/3751/3116 3428/3946/3116 4650/3967/3116 3383/3755/3116
f 3428/3946/3117 2147/3879/3117 3468/3882/3117 4650/3967/3117
f 4650/3967/3118 3468/3882/3118 2146/3887/3118 3440/3954/3118
f 3383/3755/3119 4650/3967/3119 3440/3954/3119 2113/3757/3119
f 2101/3721/3120 3426/3950/3120 4651/3968/3120 3368/3725/3120
f 3426/3950/3121 2145/3857/3121 3469/3860/3121 4651/3968/3121
f 4651/3968/3122 3469/3860/3122 2144/3865/3122 3361/3957/3122
f 3368/3725/3123 4651/3968/3123 3361/3957/3123 2103/3727/3123
f 1765/2243/3124 2653/2300/3124 4652/3969/3124 3500/3913/3124
f 2653/2300/3125 1735/2304/3125 3470/3970/3125 4652/3969/3125
f 4652/3969/3126 3470/3970/3126 2159/3971/3126 3486/3972/3126
f 3500/3913/3127 4652/3969/3127 3486/3972/3127 2177/3914/3127
f 2188/3898/3128 3487/3973/3128 4653/3974/3128 3497/3975/3128
f 3487/3973/3129 2173/3976/3129 3485/3977/3129 4653/3974/3129
f 4653/3974/3130 3485/3977/3130 1751/2310/3130 2652/2309/3130
f 3497/3975/3131 4653/3974/3131 2652/2309/3131 1758/2308/3131
f 2151/3926/3132 3447/3925/3132 4654/3978/3132 3458/3945/3132
f 3447/3925/3133 2178/3924/3133 3492/3979/3133 4654/3978/3133
f 4654/3978/3134 3492/3979/3134 2184/3883/3134 3425/3880/3134
f 3458/3945/3135 4654/3978/3135 3425/3880/3135 2147/3879/3135
f 2142/3810/3136 3445/3980/3136 4655/3981/3136 3422/3811/3136
f 3445/3980/3137 2172/3982/3137 3483/3983/3137 4655/3981/3137
f 4655/3981/3138 3483/3983/3138 2171/3708/3138 3512/3705/3138
f 3422/3811/3139 4655/3981/3139 3512/3705/3139 2141/3704/3139
f 2129/3833/3140 3513/3984/3140 4656/3985/3140 3409/3834/3140
f 3513/3984/3141 2159/3971/3141 3470/3970/3141 4656/3985/3141
f 4656/3985/3142 3470/3970/3142 1735/2304/3142 2680/2321/3142
f 3409/3834/3143 4656/3985/3143 2680/2321/3143 1701/2131/3143
f 2150/3916/3144 3439/3915/3144 4657/3986/3144 3459/3949/3144
f 3439/3915/3145 2177/3914/3145 3493/3987/3145 4657/3986/3145
f 4657/3986/3146 3493/3987/3146 2183/3861/3146 3508/3858/3146
f 3459/3949/3147 4657/3986/3147 3508/3858/3147 2145/3857/3147
f 2143/3808/3148 3514/3988/3148 4658/3989/3148 3423/3809/3148
f 3514/3988/3149 2173/3976/3149 3484/3990/3149 4658/3989/3149
f 4658/3989/3150 3484/3990/3150 2172/3982/3150 3445/3980/3150
f 3423/3809/3151 4658/3989/3151 3445/3980/3151 2142/3810/3151
f 2130/3831/3152 3515/3991/3152 4659/3992/3152 3410/3832/3152
f 3515/3991/3153 2160/3993/3153 3471/3994/3153 4659/3992/3153
f 4659/3992/3154 3471/3994/3154 2159/3971/3154 3513/3984/3154
f 3410/3832/3155 4659/3992/3155 3513/3984/3155 2129/3833/3155
f 2148/3906/3156 3437/3905/3156 4660/3995/3156 3460/3953/3156
f 3437/3905/3157 2176/3904/3157 3494/3996/3157 4660/3995/3157
f 4660/3995/3158 3494/3996/3158 2182/3896/3158 3431/3893/3158
f 3460/3953/3159 4660/3995/3159 3431/3893/3159 2158/3892/3159
f 1702/2127/3160 2598/2334/3160 4661/3997/3160 3424/3806/3160
f 2598/2334/3161 1751/2310/3161 3485/3977/3161 4661/3997/3161
f 4661/3997/3162 3485/3977/3162 2173/3976/3162 3514/3988/3162
f 3424/3806/3163 4661/3997/3163 3514/3988/3163 2143/3808/3163
f 2131/3829/3164 3516/3998/3164 4662/3999/3164 3411/3830/3164
f 3516/3998/3165 2161/4000/3165 3472/4001/3165 4662/3999/3165
f 4662/3999/3166 3472/4001/3166 2160/3993/3166 3515/3991/3166
f 3411/3830/3167 4662/3999/3167 3515/3991/3167 2130/3831/3167
f 2146/3887/3168 3427/3886/3168 4663/4002/3168 3461/3956/3168
f 3427/3886/3169 2175/3885/3169 3495/4003/3169 4663/4002/3169
f 4663/4002/3170 3495/4003/3170 2181/3874/3170 3505/3871/3170
f 3461/3956/3171 4663/4002/3171 3505/3871/3171 2157/3870/3171
f 2132/3827/3172 3517/4004/3172 4664/4005/3172 3412/3828/3172
f 3517/4004/3173 2162/4006/3173 3473/4007/3173 4664/4005/3173
f 4664/4005/3174 3473/4007/3174 2161/4000/3174 3516/3998/3174
f 3412/3828/3175 4664/4005/3175 3516/3998/3175 2131/3829/3175
f 2144/3865/3176 3507/3864/3176 4665/4008/3176 3462/3959/3176
f 3507/3864/3177 2174/3863/3177 3496/4009/3177 4665/4008/3177
f 4665/4008/3178 3496/4009/3178 2180/3852/3178 3509/3849/3178
f 3462/3959/3179 4665/4008/3179 3509/3849/3179 2156/3848/3179
f 2133/3825/3180 3518/4010/3180 4666/4011/3180 3413/3826/3180
f 3518/4010/3181 2163/4012/3181 3474/4013/3181 4666/4011/3181
f 4666/4011/3182 3474/4013/3182 2162/4006/3182 3517/4004/3182
f 3413/3826/3183 4666/4011/3183 3517/4004/3183 2132/3827/3183
f 2155/3900/3184 3432/3899/3184 4667/4014/3184 3463/3961/3184
f 3432/3899/3185 2188/3898/3185 3497/3975/3185 4667/4014/3185
f 4667/4014/3186 3497/3975/3186 1758/2308/3186 2687/2352/3186
f 3463/3961/3187 4667/4014/3187 2687/2352/3187 1730/2289/3187
f 2134/3823/3188 3450/3930/3188 4668/4015/3188 3414/3824/3188
f 3450/3930/3189 2164/3929/3189 3475/4016/3189 4668/4015/3189
f 4668/4015/3190 3475/4016/3190 2163/4012/3190 3518/4010/3190
f 3414/3824/3191 4668/4015/3191 3518/4010/3191 2133/3825/3191
f 2154/3878/3192 3504/3877/3192 4669/4017/3192 3464/3963/3192
f 3504/3877/3193 2187/3876/3193 3498/4018/3193 4669/4017/3193
f 4669/4017/3194 3498/4018/3194 2179/3839/3194 3511/3836/3194
f 3464/3963/3195 4669/4017/3195 3511/3836/3195 2153/3835/3195
f 2195/4019/3196 3940/4020/3196 4670/4021/3196 3525/4022/3196
f 3940/4020/3197 2375/4023/3197 3898/4024/3197 4670/4021/3197
f 4670/4021/3198 3898/4024/3198 2376/4025/3198 3943/4026/3198
f 3525/4022/3199 4670/4021/3199 3943/4026/3199 2196/4027/3199
f 2215/4028/3200 3942/4029/3200 4671/4030/3200 3551/4031/3200
f 3942/4029/3201 2395/4032/3201 3924/4033/3201 4671/4030/3201
f 4671/4030/3202 3924/4033/3202 2389/4034/3202 3941/4035/3202
f 3551/4031/3203 4671/4030/3203 3941/4035/3203 2209/4036/3203
f 2194/4037/3204 3937/4038/3204 4672/4039/3204 3524/4040/3204
f 3937/4038/3205 2374/4041/3205 3897/4042/3205 4672/4039/3205
f 4672/4039/3206 3897/4042/3206 2375/4023/3206 3940/4020/3206
f 3524/4040/3207 4672/4039/3207 3940/4020/3207 2195/4019/3207
f 2216/4043/3208 3939/4044/3208 4673/4045/3208 3550/4046/3208
f 3939/4044/3209 2396/4047/3209 3923/4048/3209 4673/4045/3209
f 4673/4045/3210 3923/4048/3210 2390/4049/3210 3938/4050/3210
f 3550/4046/3211 4673/4045/3211 3938/4050/3211 2210/4051/3211
f 2193/4052/3212 3535/4053/3212 4674/4054/3212 3523/4055/3212
f 3535/4053/3213 2373/4056/3213 3896/4057/3213 4674/4054/3213
f 4674/4054/3214 3896/4057/3214 2374/4041/3214 3937/4038/3214
f 3523/4055/3215 4674/4054/3215 3937/4038/3215 2194/4037/3215
f 2207/4058/3216 3936/4059/3216 4675/4060/3216 3536/4061/3216
f 3936/4059/3217 2387/4062/3217 3909/4063/3217 4675/4060/3217
f 4675/4060/3218 3909/4063/3218 2369/4064/3218 3935/4065/3218
f 3536/4061/3219 4675/4060/3219 3935/4065/3219 2189/4066/3219
f 2217/4067/3220 3533/4068/3220 4676/4069/3220 3549/4070/3220
f 3533/4068/3221 2397/4071/3221 3922/4072/3221 4676/4069/3221
f 4676/4069/3222 3922/4072/3222 2391/4073/3222 3534/4074/3222
f 3549/4070/3223 4676/4069/3223 3534/4074/3223 2211/4075/3223
f 2192/4076/3224 3538/4077/3224 4677/4078/3224 3522/4079/3224
f 3538/4077/3225 2372/4080/3225 3895/4081/3225 4677/4078/3225
f 4677/4078/3226 3895/4081/3226 2373/4056/3226 3535/4053/3226
f 3522/4079/3227 4677/4078/3227 3535/4053/3227 2193/4052/3227
f 2218/4082/3228 3542/4083/3228 4678/4084/3228 3548/4085/3228
f 3542/4083/3229 2398/4086/3229 3921/4087/3229 4678/4084/3229
f 4678/4084/3230 3921/4087/3230 2392/4088/3230 3537/4089/3230
f 3548/4085/3231 4678/4084/3231 3537/4089/3231 2212/4090/3231
f 2191/4091/3232 3544/4092/3232 4679/4093/3232 3521/4094/3232
f 3544/4092/3233 2371/4095/3233 3894/4096/3233 4679/4093/3233
f 4679/4093/3234 3894/4096/3234 2372/4080/3234 3538/4077/3234
f 3521/4094/3235 4679/4093/3235 3538/4077/3235 2192/4076/3235
f 2204/4097/3236 3539/4098/3236 4680/4099/3236 3561/4100/3236
f 3539/4098/3237 2384/4101/3237 3934/4102/3237 4680/4099/3237
f 4680/4099/3238 3934/4102/3238 2393/4103/3238 3540/4104/3238
f 3561/4100/3239 4680/4099/3239 3540/4104/3239 2213/4105/3239
f 2203/4106/3240 3541/4107/3240 4681/4108/3240 3547/4109/3240
f 3541/4107/3241 2383/4110/3241 3920/4111/3241 4681/4108/3241
f 4681/4108/3242 3920/4111/3242 2398/4086/3242 3542/4083/3242
f 3547/4109/3243 4681/4108/3243 3542/4083/3243 2218/4082/3243
f 2190/4112/3244 3543/4113/3244 4682/4114/3244 3520/4115/3244
f 3543/4113/3245 2370/4116/3245 3893/4117/3245 4682/4114/3245
f 4682/4114/3246 3893/4117/3246 2371/4095/3246 3544/4092/3246
f 3520/4115/3247 4682/4114/3247 3544/4092/3247 2191/4091/3247
f 2205/4118/3248 3545/4119/3248 4683/4120/3248 3560/4121/3248
f 3545/4119/3249 2385/4122/3249 3933/4123/3249 4683/4120/3249
f 4683/4120/3250 3933/4123/3250 2394/4124/3250 3546/4125/3250
f 3560/4121/3251 4683/4120/3251 3546/4125/3251 2214/4126/3251
f 2190/4112/3252 3592/4127/3252 4684/4128/3252 3520/4115/3252
f 3592/4127/3253 2219/4129/3253 3742/4130/3253 4684/4128/3253
f 4684/4128/3254 3742/4130/3254 2228/4131/3254 3563/4132/3254
f 3520/4115/3255 4684/4128/3255 3563/4132/3255 2191/4091/3255
f 2191/4091/3256 3563/4132/3256 4685/4133/3256 3521/4094/3256
f 3563/4132/3257 2228/4131/3257 3747/4134/3257 4685/4133/3257
f 4685/4133/3258 3747/4134/3258 2233/4135/3258 3564/4136/3258
f 3521/4094/3259 4685/4133/3259 3564/4136/3259 2192/4076/3259
f 2192/4076/3260 3564/4136/3260 4686/4137/3260 3522/4079/3260
f 3564/4136/3261 2233/4135/3261 3752/4138/3261 4686/4137/3261
f 4686/4137/3262 3752/4138/3262 2238/4139/3262 3565/4140/3262
f 3522/4079/3263 4686/4137/3263 3565/4140/3263 2193/4052/3263
f 2193/4052/3264 3565/4140/3264 4687/4141/3264 3523/4055/3264
f 3565/4140/3265 2238/4139/3265 3757/4142/3265 4687/4141/3265
f 4687/4141/3266 3757/4142/3266 2243/4143/3266 3566/4144/3266
f 3523/4055/3267 4687/4141/3267 3566/4144/3267 2194/4037/3267
f 2194/4037/3268 3566/4144/3268 4688/4145/3268 3524/4040/3268
f 3566/4144/3269 2243/4143/3269 3762/4146/3269 4688/4145/3269
f 4688/4145/3270 3762/4146/3270 2248/4147/3270 3567/4148/3270
f 3524/4040/3271 4688/4145/3271 3567/4148/3271 2195/4019/3271
f 2195/4019/3272 3567/4148/3272 4689/4149/3272 3525/4022/3272
f 3567/4148/3273 2248/4147/3273 3767/4150/3273 4689/4149/3273
f 4689/4149/3274 3767/4150/3274 2253/4151/3274 3568/4152/3274
f 3525/4022/3275 4689/4149/3275 3568/4152/3275 2196/4027/3275
f 2196/4027/3275 3568/4152/3275 4690/4153/3275 3526/4154/3275
f 3568/4152/3276 2253/4151/3276 3772/4155/3276 4690/4153/3276
f 4690/4153/3277 3772/4155/3277 2258/4156/3277 3569/4157/3277
f 3526/4154/3278 4690/4153/3278 3569/4157/3278 2197/4158/3278
f 2197/4158/3279 3569/4157/3279 4691/4159/3279 3527/4160/3279
f 3569/4157/3280 2258/4156/3280 3777/4161/3280 4691/4159/3280
f 4691/4159/3281 3777/4161/3281 2263/4162/3281 3570/4163/3281
f 3527/4160/3282 4691/4159/3282 3570/4163/3282 2198/4164/3282
f 2198/4164/3283 3570/4163/3283 4692/4165/3283 3528/4166/3283
f 3570/4163/3284 2263/4162/3284 3782/4167/3284 4692/4165/3284
f 4692/4165/3285 3782/4167/3285 2268/4168/3285 3571/4169/3285
f 3528/4166/3286 4692/4165/3286 3571/4169/3286 2199/4170/3286
f 2199/4170/3287 3571/4169/3287 4693/4171/3287 3529/4172/3287
f 3571/4169/3288 2268/4168/3288 3787/4173/3288 4693/4171/3288
f 4693/4171/3289 3787/4173/3289 2273/4174/3289 3572/4175/3289
f 3529/4172/3290 4693/4171/3290 3572/4175/3290 2200/4176/3290
f 2200/4176/3291 3572/4175/3291 4694/4177/3291 3530/4178/3291
f 3572/4175/3292 2273/4174/3292 3792/4179/3292 4694/4177/3292
f 4694/4177/3293 3792/4179/3293 2278/4180/3293 3573/4181/3293
f 3530/4178/3294 4694/4177/3294 3573/4181/3294 2201/4182/3294
f 2201/4182/3295 3573/4181/3295 4695/4183/3295 3531/4184/3295
f 3573/4181/3296 2278/4180/3296 3797/4185/3296 4695/4183/3296
f 4695/4183/3297 3797/4185/3297 2283/4186/3297 3574/4187/3297
f 3531/4184/3298 4695/4183/3298 3574/4187/3298 2202/4188/3298
f 2202/4188/3299 3574/4187/3299 4696/4189/3299 3532/4190/3299
f 3574/4187/3300 2283/4186/3300 3802/4191/3300 4696/4189/3300
f 4696/4189/3301 3802/4191/3301 2288/4192/3301 3575/4193/3301
f 3532/4190/3302 4696/4189/3302 3575/4193/3302 2203/4106/3302
f 2203/4106/3303 3575/4193/3303 4697/4194/3303 3547/4109/3303
f 3575/4193/3304 2288/4192/3304 3807/4195/3304 4697/4194/3304
f 4697/4194/3305 3807/4195/3305 2293/4196/3305 3576/4197/3305
f 3547/4109/3306 4697/4194/3306 3576/4197/3306 2218/4082/3306
f 2218/4082/3307 3576/4197/3307 4698/4198/3307 3548/4085/3307
f 3576/4197/3308 2293/4196/3308 3812/4199/3308 4698/4198/3308
f 4698/4198/3309 3812/4199/3309 2298/4200/3309 3577/4201/3309
f 3548/4085/3310 4698/4198/3310 3577/4201/3310 2212/4090/3310
f 2212/4090/3311 3577/4201/3311 4699/4202/3311 3554/4203/3311
f 3577/4201/3312 2298/4200/3312 3817/4204/3312 4699/4202/3312
f 4699/4202/3313 3817/4204/3313 2303/4205/3313 3578/4206/3313
f 3554/4203/3314 4699/4202/3314 3578/4206/3314 2206/4207/3314
f 2206/4207/3315 3578/4206/3315 4700/4208/3315 3559/4209/3315
f 3578/4206/3316 2303/4205/3316 3822/4210/3316 4700/4208/3316
f 4700/4208/3317 3822/4210/3317 2308/4211/3317 3579/4212/3317
f 3559/4209/3318 4700/4208/3318 3579/4212/3318 2215/4028/3318
f 2215/4028/3319 3579/4212/3319 4701/4213/3319 3551/4031/3319
f 3579/4212/3320 2308/4211/3320 3827/4214/3320 4701/4213/3320
f 4701/4213/3321 3827/4214/3321 2313/4215/3321 3580/4216/3321
f 3551/4031/3322 4701/4213/3322 3580/4216/3322 2209/4036/3322
f 2209/4036/3323 3580/4216/3323 4702/4217/3323 3557/4218/3323
f 3580/4216/3324 2313/4215/3324 3832/4219/3324 4702/4217/3324
f 4702/4217/3325 3832/4219/3325 2318/4220/3325 3581/4221/3325
f 3557/4218/3326 4702/4217/3326 3581/4221/3326 2217/4067/3326
f 2217/4067/3327 3581/4221/3327 4703/4222/3327 3549/4070/3327
f 3581/4221/3328 2318/4220/3328 3837/4223/3328 4703/4222/3328
f 4703/4222/3329 3837/4223/3329 2323/4224/3329 3582/4225/3329
f 3549/4070/3330 4703/4222/3330 3582/4225/3330 2211/4075/3330
f 2211/4075/3331 3582/4225/3331 4704/4226/3331 3555/4227/3331
f 3582/4225/3332 2323/4224/3332 3842/4228/3332 4704/4226/3332
f 4704/4226/3333 3842/4228/3333 2328/4229/3333 3583/4230/3333
f 3555/4227/3334 4704/4226/3334 3583/4230/3334 2205/4118/3334
f 2205/4118/3335 3583/4230/3335 4705/4231/3335 3560/4121/3335
f 3583/4230/3336 2328/4229/3336 3847/4232/3336 4705/4231/3336
f 4705/4231/3337 3847/4232/3337 2333/4233/3337 3584/4234/3337
f 3560/4121/3338 4705/4231/3338 3584/4234/3338 2214/4126/3338
f 2214/4126/3339 3584/4234/3339 4706/4235/3339 3552/4236/3339
f 3584/4234/3340 2333/4233/3340 3852/4237/3340 4706/4235/3340
f 4706/4235/3341 3852/4237/3341 2338/4238/3341 3585/4239/3341
f 3552/4236/3342 4706/4235/3342 3585/4239/3342 2208/4240/3342
f 2208/4240/3343 3585/4239/3343 4707/4241/3343 3558/4242/3343
f 3585/4239/3344 2338/4238/3344 3857/4243/3344 4707/4241/3344
f 4707/4241/3345 3857/4243/3345 2343/4244/3345 3586/4245/3345
f 3558/4242/3346 4707/4241/3346 3586/4245/3346 2216/4043/3346
f 2216/4043/3347 3586/4245/3347 4708/4246/3347 3550/4046/3347
f 3586/4245/3348 2343/4244/3348 3862/4247/3348 4708/4246/3348
f 4708/4246/3349 3862/4247/3349 2348/4248/3349 3587/4249/3349
f 3550/4046/3350 4708/4246/3350 3587/4249/3350 2210/4051/3350
f 2210/4051/3351 3587/4249/3351 4709/4250/3351 3556/4251/3351
f 3587/4249/3352 2348/4248/3352 3867/4252/3352 4709/4250/3352
f 4709/4250/3353 3867/4252/3353 2353/4253/3353 3588/4254/3353
f 3556/4251/3354 4709/4250/3354 3588/4254/3354 2204/4097/3354
f 2204/4097/3355 3588/4254/3355 4710/4255/3355 3561/4100/3355
f 3588/4254/3356 2353/4253/3356 3872/4256/3356 4710/4255/3356
f 4710/4255/3357 3872/4256/3357 2358/4257/3357 3589/4258/3357
f 3561/4100/3358 4710/4255/3358 3589/4258/3358 2213/4105/3358
f 2213/4105/3359 3589/4258/3359 4711/4259/3359 3553/4260/3359
f 3589/4258/3360 2358/4257/3360 3877/4261/3360 4711/4259/3360
f 4711/4259/3361 3877/4261/3361 2363/4262/3361 3590/4263/3361
f 3553/4260/3362 4711/4259/3362 3590/4263/3362 2207/4058/3362
f 2207/4058/3363 3590/4263/3363 4712/4264/3363 3536/4061/3363
f 3590/4263/3364 2363/4262/3364 3882/4265/3364 4712/4264/3364
f 4712/4264/3365 3882/4265/3365 2368/4266/3365 3591/4267/3365
f 3536/4061/3366 4712/4264/3366 3591/4267/3366 2189/4066/3366
f 2189/4066/3367 3591/4267/3367 4713/4268/3367 3519/4269/3367
f 3591/4267/3368 2368/4266/3368 3887/4270/3368 4713/4268/3368
f 4713/4268/3369 3887/4270/3369 2219/4129/3369 3592/4127/3369
f 3519/4269/3370 4713/4268/3370 3592/4127/3370 2190/4112/3370
f 2219/4129/3371 3593/4271/3371 4714/4272/3371 3742/4130/3371
f 3593/4271/3372 2220/4273/3372 3743/4274/3372 4714/4272/3372
f 4714/4272/3373 3743/4274/3373 2227/4275/3373 3601/4276/3373
f 3742/4130/3374 4714/4272/3374 3601/4276/3374 2228/4131/3374
f 2220/4273/3375 3594/4277/3375 4715/4278/3375 3743/4274/3375
f 3594/4277/3376 2221/4279/3376 3744/4280/3376 4715/4278/3376
f 4715/4278/3377 3744/4280/3377 2226/4281/3377 3600/4282/3377
f 3743/4274/3378 4715/4278/3378 3600/4282/3378 2227/4275/3378
f 2221/4279/3379 3595/4283/3379 4716/4284/3379 3744/4280/3379
f 3595/4283/3380 2222/4285/3380 3745/4286/3380 4716/4284/3380
f 4716/4284/3381 3745/4286/3381 2225/4287/3381 3599/4288/3381
f 3744/4280/3382 4716/4284/3382 3599/4288/3382 2226/4281/3382
f 2222/4285/3383 3596/4289/3383 4717/4290/3383 3745/4286/3383
f 3596/4289/3384 2223/4291/3384 3746/4292/3384 4717/4290/3384
f 4717/4290/3385 3746/4292/3385 2224/4293/3385 3598/4294/3385
f 3745/4286/3386 4717/4290/3386 3598/4294/3386 2225/4287/3386
f 2223/4291/3387 3562/4295/3387 4718/4296/3387 3746/4292/3387
f 3562/4295/3388 2160/3993/3388 3472/4001/3388 4718/4296/3388
f 4718/4296/3389 3472/4001/3389 2161/4000/3389 3597/4297/3389
f 3746/4292/3390 4718/4296/3390 3597/4297/3390 2224/4293/3390
f 2228/4131/3391 3601/4276/3391 4719/4298/3391 3747/4134/3391
f 3601/4276/3392 2227/4275/3392 3748/4299/3392 4719/4298/3392
f 4719/4298/3393 3748/4299/3393 2232/4300/3393 3606/4301/3393
f 3747/4134/3394 4719/4298/3394 3606/4301/3394 2233/4135/3394
f 2227/4275/3395 3600/4282/3395 4720/4302/3395 3748/4299/3395
f 3600/4282/3396 2226/4281/3396 3749/4303/3396 4720/4302/3396
f 4720/4302/3397 3749/4303/3397 2231/4304/3397 3605/4305/3397
f 3748/4299/3398 4720/4302/3398 3605/4305/3398 2232/4300/3398
f 2226/4281/3399 3599/4288/3399 4721/4306/3399 3749/4303/3399
f 3599/4288/3400 2225/4287/3400 3750/4307/3400 4721/4306/3400
f 4721/4306/3401 3750/4307/3401 2230/4308/3401 3604/4309/3401
f 3749/4303/3402 4721/4306/3402 3604/4309/3402 2231/4304/3402
f 2225/4287/3403 3598/4294/3403 4722/4310/3403 3750/4307/3403
f 3598/4294/3404 2224/4293/3404 3751/4311/3404 4722/4310/3404
f 4722/4310/3405 3751/4311/3405 2229/4312/3405 3603/4313/3405
f 3750/4307/3406 4722/4310/3406 3603/4313/3406 2230/4308/3406
f 2224/4293/3407 3597/4297/3407 4723/4314/3407 3751/4311/3407
f 3597/4297/3408 2161/4000/3408 3473/4007/3408 4723/4314/3408
f 4723/4314/3409 3473/4007/3409 2162/4006/3409 3602/4315/3409
f 3751/4311/3410 4723/4314/3410 3602/4315/3410 2229/4312/3410
f 2233/4135/3411 3606/4301/3411 4724/4316/3411 3752/4138/3411
f 3606/4301/3412 2232/4300/3412 3753/4317/3412 4724/4316/3412
f 4724/4316/3413 3753/4317/3413 2237/4318/3413 3611/4319/3413
f 3752/4138/3414 4724/4316/3414 3611/4319/3414 2238/4139/3414
f 2232/4300/3415 3605/4305/3415 4725/4320/3415 3753/4317/3415
f 3605/4305/3416 2231/4304/3416 3754/4321/3416 4725/4320/3416
f 4725/4320/3417 3754/4321/3417 2236/4322/3417 3610/4323/3417
f 3753/4317/3418 4725/4320/3418 3610/4323/3418 2237/4318/3418
f 2231/4304/3419 3604/4309/3419 4726/4324/3419 3754/4321/3419
f 3604/4309/3420 2230/4308/3420 3755/4325/3420 4726/4324/3420
f 4726/4324/3421 3755/4325/3421 2235/4326/3421 3609/4327/3421
f 3754/4321/3422 4726/4324/3422 3609/4327/3422 2236/4322/3422
f 2230/4308/3423 3603/4313/3423 4727/4328/3423 3755/4325/3423
f 3603/4313/3424 2229/4312/3424 3756/4329/3424 4727/4328/3424
f 4727/4328/3425 3756/4329/3425 2234/4330/3425 3608/4331/3425
f 3755/4325/3426 4727/4328/3426 3608/4331/3426 2235/4326/3426
f 2229/4312/3427 3602/4315/3427 4728/4332/3427 3756/4329/3427
f 3602/4315/3428 2162/4006/3428 3474/4013/3428 4728/4332/3428
f 4728/4332/3429 3474/4013/3429 2163/4012/3429 3607/4333/3429
f 3756/4329/3430 4728/4332/3430 3607/4333/3430 2234/4330/3430
f 2238/4139/3431 3611/4319/3431 4729/4334/3431 3757/4142/3431
f 3611/4319/3432 2237/4318/3432 3758/4335/3432 4729/4334/3432
f 4729/4334/3433 3758/4335/3433 2242/4336/3433 3616/4337/3433
f 3757/4142/3434 4729/4334/3434 3616/4337/3434 2243/4143/3434
f 2237/4318/3435 3610/4323/3435 4730/4338/3435 3758/4335/3435
f 3610/4323/3436 2236/4322/3436 3759/4339/3436 4730/4338/3436
f 4730/4338/3437 3759/4339/3437 2241/4340/3437 3615/4341/3437
f 3758/4335/3438 4730/4338/3438 3615/4341/3438 2242/4336/3438
f 2236/4322/3439 3609/4327/3439 4731/4342/3439 3759/4339/3439
f 3609/4327/3440 2235/4326/3440 3760/4343/3440 4731/4342/3440
f 4731/4342/3441 3760/4343/3441 2240/4344/3441 3614/4345/3441
f 3759/4339/3442 4731/4342/3442 3614/4345/3442 2241/4340/3442
f 2235/4326/3443 3608/4331/3443 4732/4346/3443 3760/4343/3443
f 3608/4331/3444 2234/4330/3444 3761/4347/3444 4732/4346/3444
f 4732/4346/3445 3761/4347/3445 2239/4348/3445 3613/4349/3445
f 3760/4343/3446 4732/4346/3446 3613/4349/3446 2240/4344/3446
f 2234/4330/3447 3607/4333/3447 4733/4350/3447 3761/4347/3447
f 3607/4333/3448 2163/4012/3448 3475/4016/3448 4733/4350/3448
f 4733/4350/3449 3475/4016/3449 2164/3929/3449 3612/4351/3449
f 3761/4347/3450 4733/4350/3450 3612/4351/3450 2239/4348/3450
f 2243/4143/3451 3616/4337/3451 4734/4352/3451 3762/4146/3451
f 3616/4337/3452 2242/4336/3452 3763/4353/3452 4734/4352/3452
f 4734/4352/3453 3763/4353/3453 2247/4354/3453 3621/4355/3453
f 3762/4146/3454 4734/4352/3454 3621/4355/3454 2248/4147/3454
f 2242/4336/3455 3615/4341/3455 4735/4356/3455 3763/4353/3455
f 3615/4341/3456 2241/4340/3456 3764/4357/3456 4735/4356/3456
f 4735/4356/3457 3764/4357/3457 2246/4358/3457 3620/4359/3457
f 3763/4353/3458 4735/4356/3458 3620/4359/3458 2247/4354/3458
f 2241/4340/3459 3614/4345/3459 4736/4360/3459 3764/4357/3459
f 3614/4345/3460 2240/4344/3460 3765/4361/3460 4736/4360/3460
f 4736/4360/3461 3765/4361/3461 2245/4362/3461 3619/4363/3461
f 3764/4357/3462 4736/4360/3462 3619/4363/3462 2246/4358/3462
f 2240/4344/3463 3613/4349/3463 4737/4364/3463 3765/4361/3463
f 3613/4349/3464 2239/4348/3464 3766/4365/3464 4737/4364/3464
f 4737/4364/3465 3766/4365/3465 2244/4366/3465 3618/4367/3465
f 3765/4361/3466 4737/4364/3466 3618/4367/3466 2245/4362/3466
f 2239/4348/3467 3612/4351/3467 4738/4368/3467 3766/4365/3467
f 3612/4351/3468 2164/3929/3468 3476/3928/3468 4738/4368/3468
f 4738/4368/3469 3476/3928/3469 2165/3919/3469 3617/4369/3469
f 3766/4365/3470 4738/4368/3470 3617/4369/3470 2244/4366/3470
f 2248/4147/3471 3621/4355/3471 4739/4370/3471 3767/4150/3471
f 3621/4355/3472 2247/4354/3472 3768/4371/3472 4739/4370/3472
f 4739/4370/3473 3768/4371/3473 2252/4372/3473 3626/4373/3473
f 3767/4150/3474 4739/4370/3474 3626/4373/3474 2253/4151/3474
f 2247/4354/3475 3620/4359/3475 4740/4374/3475 3768/4371/3475
f 3620/4359/3476 2246/4358/3476 3769/4375/3476 4740/4374/3476
f 4740/4374/3477 3769/4375/3477 2251/4376/3477 3625/4377/3477
f 3768/4371/3478 4740/4374/3478 3625/4377/3478 2252/4372/3478
f 2246/4358/3479 3619/4363/3479 4741/4378/3479 3769/4375/3479
f 3619/4363/3480 2245/4362/3480 3770/4379/3480 4741/4378/3480
f 4741/4378/3481 3770/4379/3481 2250/4380/3481 3624/4381/3481
f 3769/4375/3482 4741/4378/3482 3624/4381/3482 2251/4376/3482
f 2245/4362/3483 3618/4367/3483 4742/4382/3483 3770/4379/3483
f 3618/4367/3484 2244/4366/3484 3771/4383/3484 4742/4382/3484
f 4742/4382/3485 3771/4383/3485 2249/4384/3485 3623/4385/3485
f 3770/4379/3486 4742/4382/3486 3623/4385/3486 2250/4380/3486
f 2244/4366/3487 3617/4369/3487 4743/4386/3487 3771/4383/3487
f 3617/4369/3488 2165/3919/3488 3477/3918/3488 4743/4386/3488
f 4743/4386/3489 3477/3918/3489 2166/3909/3489 3622/4387/3489
f 3771/4383/3490 4743/4386/3490 3622/4387/3490 2249/4384/3490
f 2253/4151/3491 3626/4373/3491 4744/4388/3491 3772/4155/3491
f 3626/4373/3492 2252/4372/3492 3773/4389/3492 4744/4388/3492
f 4744/4388/3493 3773/4389/3493 2257/4390/3493 3631/4391/3493
f 3772/4155/3494 4744/4388/3494 3631/4391/3494 2258/4156/3494
f 2252/4372/3495 3625/4377/3495 4745/4392/3495 3773/4389/3495
f 3625/4377/3496 2251/4376/3496 3774/4393/3496 4745/4392/3496
f 4745/4392/3497 3774/4393/3497 2256/4394/3497 3630/4395/3497
f 3773/4389/3498 4745/4392/3498 3630/4395/3498 2257/4390/3498
f 2251/4376/3499 3624/4381/3499 4746/4396/3499 3774/4393/3499
f 3624/4381/3500 2250/4380/3500 3775/4397/3500 4746/4396/3500
f 4746/4396/3501 3775/4397/3501 2255/4398/3501 3629/4399/3501
f 3774/4393/3502 4746/4396/3502 3629/4399/3502 2256/4394/3502
f 2250/4380/3503 3623/4385/3503 4747/4400/3503 3775/4397/3503
f 3623/4385/3504 2249/4384/3504 3776/4401/3504 4747/4400/3504
f 4747/4400/3505 3776/4401/3505 2254/4402/3505 3628/4403/3505
f 3775/4397/3506 4747/4400/3506 3628/4403/3506 2255/4398/3506
f 2249/4384/3507 3622/4387/3507 4748/4404/3507 3776/4401/3507
f 3622/4387/3508 2166/3909/3508 3478/3908/3508 4748/4404/3508
f 4748/4404/3509 3478/3908/3509 2167/3890/3509 3627/4405/3509
f 3776/4401/3510 4748/4404/3510 3627/4405/3510 2254/4402/3510
f 2258/4156/3511 3631/4391/3511 4749/4406/3511 3777/4161/3511
f 3631/4391/3512 2257/4390/3512 3778/4407/3512 4749/4406/3512
f 4749/4406/3513 3778/4407/3513 2262/4408/3513 3636/4409/3513
f 3777/4161/3514 4749/4406/3514 3636/4409/3514 2263/4162/3514
f 2257/4390/3515 3630/4395/3515 4750/4410/3515 3778/4407/3515
f 3630/4395/3516 2256/4394/3516 3779/4411/3516 4750/4410/3516
f 4750/4410/3517 3779/4411/3517 2261/4412/3517 3635/4413/3517
f 3778/4407/3518 4750/4410/3518 3635/4413/3518 2262/4408/3518
f 2256/4394/3519 3629/4399/3519 4751/4414/3519 3779/4411/3519
f 3629/4399/3520 2255/4398/3520 3780/4415/3520 4751/4414/3520
f 4751/4414/3521 3780/4415/3521 2260/4416/3521 3634/4417/3521
f 3779/4411/3522 4751/4414/3522 3634/4417/3522 2261/4412/3522
f 2255/4398/3523 3628/4403/3523 4752/4418/3523 3780/4415/3523
f 3628/4403/3524 2254/4402/3524 3781/4419/3524 4752/4418/3524
f 4752/4418/3525 3781/4419/3525 2259/4420/3525 3633/4421/3525
f 3780/4415/3526 4752/4418/3526 3633/4421/3526 2260/4416/3526
f 2254/4402/3527 3627/4405/3527 4753/4422/3527 3781/4419/3527
f 3627/4405/3528 2167/3890/3528 3479/3889/3528 4753/4422/3528
f 4753/4422/3529 3479/3889/3529 2168/3868/3529 3632/4423/3529
f 3781/4419/3530 4753/4422/3530 3632/4423/3530 2259/4420/3530
f 2263/4162/3531 3636/4409/3531 4754/4424/3531 3782/4167/3531
f 3636/4409/3532 2262/4408/3532 3783/4425/3532 4754/4424/3532
f 4754/4424/3533 3783/4425/3533 2267/4426/3533 3641/4427/3533
f 3782/4167/3534 4754/4424/3534 3641/4427/3534 2268/4168/3534
f 2262/4408/3535 3635/4413/3535 4755/4428/3535 3783/4425/3535
f 3635/4413/3536 2261/4412/3536 3784/4429/3536 4755/4428/3536
f 4755/4428/3537 3784/4429/3537 2266/4430/3537 3640/4431/3537
f 3783/4425/3538 4755/4428/3538 3640/4431/3538 2267/4426/3538
f 2261/4412/3539 3634/4417/3539 4756/4432/3539 3784/4429/3539
f 3634/4417/3540 2260/4416/3540 3785/4433/3540 4756/4432/3540
f 4756/4432/3541 3785/4433/3541 2265/4434/3541 3639/4435/3541
f 3784/4429/3542 4756/4432/3542 3639/4435/3542 2266/4430/3542
f 2260/4416/3543 3633/4421/3543 4757/4436/3543 3785/4433/3543
f 3633/4421/3544 2259/4420/3544 3786/4437/3544 4757/4436/3544
f 4757/4436/3545 3786/4437/3545 2264/4438/3545 3638/4439/3545
f 3785/4433/3546 4757/4436/3546 3638/4439/3546 2265/4434/3546
f 2259/4420/3547 3632/4423/3547 4758/4440/3547 3786/4437/3547
f 3632/4423/3548 2168/3868/3548 3480/3867/3548 4758/4440/3548
f 4758/4440/3549 3480/3867/3549 2169/3846/3549 3637/4441/3549
f 3786/4437/3550 4758/4440/3550 3637/4441/3550 2264/4438/3550
f 2268/4168/3551 3641/4427/3551 4759/4442/3551 3787/4173/3551
f 3641/4427/3552 2267/4426/3552 3788/4443/3552 4759/4442/3552
f 4759/4442/3553 3788/4443/3553 2272/4444/3553 3646/4445/3553
f 3787/4173/3554 4759/4442/3554 3646/4445/3554 2273/4174/3554
f 2267/4426/3555 3640/4431/3555 4760/4446/3555 3788/4443/3555
f 3640/4431/3556 2266/4430/3556 3789/4447/3556 4760/4446/3556
f 4760/4446/3557 3789/4447/3557 2271/4448/3557 3645/4449/3557
f 3788/4443/3558 4760/4446/3558 3645/4449/3558 2272/4444/3558
f 2266/4430/3559 3639/4435/3559 4761/4450/3559 3789/4447/3559
f 3639/4435/3560 2265/4434/3560 3790/4451/3560 4761/4450/3560
f 4761/4450/3561 3790/4451/3561 2270/4452/3561 3644/4453/3561
f 3789/4447/3562 4761/4450/3562 3644/4453/3562 2271/4448/3562
f 2265/4434/3563 3638/4439/3563 4762/4454/3563 3790/4451/3563
f 3638/4439/3564 2264/4438/3564 3791/4455/3564 4762/4454/3564
f 4762/4454/3565 3791/4455/3565 2269/4456/3565 3643/4457/3565
f 3790/4451/3566 4762/4454/3566 3643/4457/3566 2270/4452/3566
f 2264/4438/3567 3637/4441/3567 4763/4458/3567 3791/4455/3567
f 3637/4441/3568 2169/3846/3568 3481/3845/3568 4763/4458/3568
f 4763/4458/3569 3481/3845/3569 2170/3710/3569 3642/4459/3569
f 3791/4455/3570 4763/4458/3570 3642/4459/3570 2269/4456/3570
f 2273/4174/3571 3646/4445/3571 4764/4460/3571 3792/4179/3571
f 3646/4445/3572 2272/4444/3572 3793/4461/3572 4764/4460/3572
f 4764/4460/3573 3793/4461/3573 2277/4462/3573 3651/4463/3573
f 3792/4179/3574 4764/4460/3574 3651/4463/3574 2278/4180/3574
f 2272/4444/3575 3645/4449/3575 4765/4464/3575 3793/4461/3575
f 3645/4449/3576 2271/4448/3576 3794/4465/3576 4765/4464/3576
f 4765/4464/3577 3794/4465/3577 2276/4466/3577 3650/4467/3577
f 3793/4461/3578 4765/4464/3578 3650/4467/3578 2277/4462/3578
f 2271/4448/3579 3644/4453/3579 4766/4468/3579 3794/4465/3579
f 3644/4453/3580 2270/4452/3580 3795/4469/3580 4766/4468/3580
f 4766/4468/3581 3795/4469/3581 2275/4470/3581 3649/4471/3581
f 3794/4465/3582 4766/4468/3582 3649/4471/3582 2276/4466/3582
f 2270/4452/3583 3643/4457/3583 4767/4472/3583 3795/4469/3583
f 3643/4457/3584 2269/4456/3584 3796/4473/3584 4767/4472/3584
f 4767/4472/3585 3796/4473/3585 2274/4474/3585 3648/4475/3585
f 3795/4469/3586 4767/4472/3586 3648/4475/3586 2275/4470/3586
f 2269/4456/3587 3642/4459/3587 4768/4476/3587 3796/4473/3587
f 3642/4459/3588 2170/3710/3588 3482/3709/3588 4768/4476/3588
f 4768/4476/3589 3482/3709/3589 2171/3708/3589 3647/4477/3589
f 3796/4473/3590 4768/4476/3590 3647/4477/3590 2274/4474/3590
f 2278/4180/3591 3651/4463/3591 4769/4478/3591 3797/4185/3591
f 3651/4463/3592 2277/4462/3592 3798/4479/3592 4769/4478/3592
f 4769/4478/3593 3798/4479/3593 2282/4480/3593 3656/4481/3593
f 3797/4185/3594 4769/4478/3594 3656/4481/3594 2283/4186/3594
f 2277/4462/3595 3650/4467/3595 4770/4482/3595 3798/4479/3595
f 3650/4467/3596 2276/4466/3596 3799/4483/3596 4770/4482/3596
f 4770/4482/3597 3799/4483/3597 2281/4484/3597 3655/4485/3597
f 3798/4479/3598 4770/4482/3598 3655/4485/3598 2282/4480/3598
f 2276/4466/3599 3649/4471/3599 4771/4486/3599 3799/4483/3599
f 3649/4471/3600 2275/4470/3600 3800/4487/3600 4771/4486/3600
f 4771/4486/3601 3800/4487/3601 2280/4488/3601 3654/4489/3601
f 3799/4483/3602 4771/4486/3602 3654/4489/3602 2281/4484/3602
f 2275/4470/3603 3648/4475/3603 4772/4490/3603 3800/4487/3603
f 3648/4475/3604 2274/4474/3604 3801/4491/3604 4772/4490/3604
f 4772/4490/3605 3801/4491/3605 2279/4492/3605 3653/4493/3605
f 3800/4487/3606 4772/4490/3606 3653/4493/3606 2280/4488/3606
f 2274/4474/3607 3647/4477/3607 4773/4494/3607 3801/4491/3607
f 3647/4477/3608 2171/3708/3608 3483/3983/3608 4773/4494/3608
f 4773/4494/3609 3483/3983/3609 2172/3982/3609 3652/4495/3609
f 3801/4491/3610 4773/4494/3610 3652/4495/3610 2279/4492/3610
f 2283/4186/3611 3656/4481/3611 4774/4496/3611 3802/4191/3611
f 3656/4481/3612 2282/4480/3612 3803/4497/3612 4774/4496/3612
f 4774/4496/3613 3803/4497/3613 2287/4498/3613 3661/4499/3613
f 3802/4191/3614 4774/4496/3614 3661/4499/3614 2288/4192/3614
f 2282/4480/3615 3655/4485/3615 4775/4500/3615 3803/4497/3615
f 3655/4485/3616 2281/4484/3616 3804/4501/3616 4775/4500/3616
f 4775/4500/3617 3804/4501/3617 2286/4502/3617 3660/4503/3617
f 3803/4497/3618 4775/4500/3618 3660/4503/3618 2287/4498/3618
f 2281/4484/3619 3654/4489/3619 4776/4504/3619 3804/4501/3619
f 3654/4489/3620 2280/4488/3620 3805/4505/3620 4776/4504/3620
f 4776/4504/3621 3805/4505/3621 2285/4506/3621 3659/4507/3621
f 3804/4501/3622 4776/4504/3622 3659/4507/3622 2286/4502/3622
f 2280/4488/3623 3653/4493/3623 4777/4508/3623 3805/4505/3623
f 3653/4493/3624 2279/4492/3624 3806/4509/3624 4777/4508/3624
f 4777/4508/3625 3806/4509/3625 2284/4510/3625 3658/4511/3625
f 3805/4505/3626 4777/4508/3626 3658/4511/3626 2285/4506/3626
f 2279/4492/3627 3652/4495/3627 4778/4512/3627 3806/4509/3627
f 3652/4495/3628 2172/3982/3628 3484/3990/3628 4778/4512/3628
f 4778/4512/3629 3484/3990/3629 2173/3976/3629 3657/4513/3629
f 3806/4509/3630 4778/4512/3630 3657/4513/3630 2284/4510/3630
f 2288/4192/3631 3661/4499/3631 4779/4514/3631 3807/4195/3631
f 3661/4499/3632 2287/4498/3632 3808/4515/3632 4779/4514/3632
f 4779/4514/3633 3808/4515/3633 2292/4516/3633 3666/4517/3633
f 3807/4195/3634 4779/4514/3634 3666/4517/3634 2293/4196/3634
f 2287/4498/3635 3660/4503/3635 4780/4518/3635 3808/4515/3635
f 3660/4503/3636 2286/4502/3636 3809/4519/3636 4780/4518/3636
f 4780/4518/3637 3809/4519/3637 2291/4520/3637 3665/4521/3637
f 3808/4515/3638 4780/4518/3638 3665/4521/3638 2292/4516/3638
f 2286/4502/3639 3659/4507/3639 4781/4522/3639 3809/4519/3639
f 3659/4507/3640 2285/4506/3640 3810/4523/3640 4781/4522/3640
f 4781/4522/3641 3810/4523/3641 2290/4524/3641 3664/4525/3641
f 3809/4519/3642 4781/4522/3642 3664/4525/3642 2291/4520/3642
f 2285/4506/3643 3658/4511/3643 4782/4526/3643 3810/4523/3643
f 3658/4511/3644 2284/4510/3644 3811/4527/3644 4782/4526/3644
f 4782/4526/3645 3811/4527/3645 2289/4528/3645 3663/4529/3645
f 3810/4523/3646 4782/4526/3646 3663/4529/3646 2290/4524/3646
f 2284/4510/3647 3657/4513/3647 4783/4530/3647 3811/4527/3647
f 3657/4513/3648 2173/3976/3648 3487/3973/3648 4783/4530/3648
f 4783/4530/3649 3487/3973/3649 2188/3898/3649 3662/4531/3649
f 3811/4527/3650 4783/4530/3650 3662/4531/3650 2289/4528/3650
f 2293/4196/3651 3666/4517/3651 4784/4532/3651 3812/4199/3651
f 3666/4517/3652 2292/4516/3652 3813/4533/3652 4784/4532/3652
f 4784/4532/3653 3813/4533/3653 2297/4534/3653 3671/4535/3653
f 3812/4199/3654 4784/4532/3654 3671/4535/3654 2298/4200/3654
f 2292/4516/3655 3665/4521/3655 4785/4536/3655 3813/4533/3655
f 3665/4521/3656 2291/4520/3656 3814/4537/3656 4785/4536/3656
f 4785/4536/3657 3814/4537/3657 2296/4538/3657 3670/4539/3657
f 3813/4533/3658 4785/4536/3658 3670/4539/3658 2297/4534/3658
f 2291/4520/3659 3664/4525/3659 4786/4540/3659 3814/4537/3659
f 3664/4525/3660 2290/4524/3660 3815/4541/3660 4786/4540/3660
f 4786/4540/3661 3815/4541/3661 2295/4542/3661 3669/4543/3661
f 3814/4537/3662 4786/4540/3662 3669/4543/3662 2296/4538/3662
f 2290/4524/3663 3663/4529/3663 4787/4544/3663 3815/4541/3663
f 3663/4529/3664 2289/4528/3664 3816/4545/3664 4787/4544/3664
f 4787/4544/3665 3816/4545/3665 2294/4546/3665 3668/4547/3665
f 3815/4541/3666 4787/4544/3666 3668/4547/3666 2295/4542/3666
f 2289/4528/3667 3662/4531/3667 4788/4548/3667 3816/4545/3667
f 3662/4531/3668 2188/3898/3668 3488/3897/3668 4788/4548/3668
f 4788/4548/3669 3488/3897/3669 2182/3896/3669 3667/4549/3669
f 3816/4545/3670 4788/4548/3670 3667/4549/3670 2294/4546/3670
f 2298/4200/3671 3671/4535/3671 4789/4550/3671 3817/4204/3671
f 3671/4535/3672 2297/4534/3672 3818/4551/3672 4789/4550/3672
f 4789/4550/3673 3818/4551/3673 2302/4552/3673 3676/4553/3673
f 3817/4204/3674 4789/4550/3674 3676/4553/3674 2303/4205/3674
f 2297/4534/3675 3670/4539/3675 4790/4554/3675 3818/4551/3675
f 3670/4539/3676 2296/4538/3676 3819/4555/3676 4790/4554/3676
f 4790/4554/3677 3819/4555/3677 2301/4556/3677 3675/4557/3677
f 3818/4551/3678 4790/4554/3678 3675/4557/3678 2302/4552/3678
f 2296/4538/3679 3669/4543/3679 4791/4558/3679 3819/4555/3679
f 3669/4543/3680 2295/4542/3680 3820/4559/3680 4791/4558/3680
f 4791/4558/3681 3820/4559/3681 2300/4560/3681 3674/4561/3681
f 3819/4555/3682 4791/4558/3682 3674/4561/3682 2301/4556/3682
f 2295/4542/3683 3668/4547/3683 4792/4562/3683 3820/4559/3683
f 3668/4547/3684 2294/4546/3684 3821/4563/3684 4792/4562/3684
f 4792/4562/3685 3821/4563/3685 2299/4564/3685 3673/4565/3685
f 3820/4559/3686 4792/4562/3686 3673/4565/3686 2300/4560/3686
f 2294/4546/3687 3667/4549/3687 4793/4566/3687 3821/4563/3687
f 3667/4549/3688 2182/3896/3688 3494/3996/3688 4793/4566/3688
f 4793/4566/3689 3494/3996/3689 2176/3904/3689 3672/4567/3689
f 3821/4563/3690 4793/4566/3690 3672/4567/3690 2299/4564/3690
f 2303/4205/3691 3676/4553/3691 4794/4568/3691 3822/4210/3691
f 3676/4553/3692 2302/4552/3692 3823/4569/3692 4794/4568/3692
f 4794/4568/3693 3823/4569/3693 2307/4570/3693 3681/4571/3693
f 3822/4210/3694 4794/4568/3694 3681/4571/3694 2308/4211/3694
f 2302/4552/3695 3675/4557/3695 4795/4572/3695 3823/4569/3695
f 3675/4557/3696 2301/4556/3696 3824/4573/3696 4795/4572/3696
f 4795/4572/3697 3824/4573/3697 2306/4574/3697 3680/4575/3697
f 3823/4569/3698 4795/4572/3698 3680/4575/3698 2307/4570/3698
f 2301/4556/3699 3674/4561/3699 4796/4576/3699 3824/4573/3699
f 3674/4561/3700 2300/4560/3700 3825/4577/3700 4796/4576/3700
f 4796/4576/3701 3825/4577/3701 2305/4578/3701 3679/4579/3701
f 3824/4573/3702 4796/4576/3702 3679/4579/3702 2306/4574/3702
f 2300/4560/3703 3673/4565/3703 4797/4580/3703 3825/4577/3703
f 3673/4565/3704 2299/4564/3704 3826/4581/3704 4797/4580/3704
f 4797/4580/3705 3826/4581/3705 2304/4582/3705 3678/4583/3705
f 3825/4577/3706 4797/4580/3706 3678/4583/3706 2305/4578/3706
f 2299/4564/3707 3672/4567/3707 4798/4584/3707 3826/4581/3707
f 3672/4567/3708 2176/3904/3708 3501/3903/3708 4798/4584/3708
f 4798/4584/3709 3501/3903/3709 2185/3841/3709 3677/4585/3709
f 3826/4581/3710 4798/4584/3710 3677/4585/3710 2304/4582/3710
f 2308/4211/3711 3681/4571/3711 4799/4586/3711 3827/4214/3711
f 3681/4571/3712 2307/4570/3712 3828/4587/3712 4799/4586/3712
f 4799/4586/3713 3828/4587/3713 2312/4588/3713 3686/4589/3713
f 3827/4214/3714 4799/4586/3714 3686/4589/3714 2313/4215/3714
f 2307/4570/3715 3680/4575/3715 4800/4590/3715 3828/4587/3715
f 3680/4575/3716 2306/4574/3716 3829/4591/3716 4800/4590/3716
f 4800/4590/3717 3829/4591/3717 2311/4592/3717 3685/4593/3717
f 3828/4587/3718 4800/4590/3718 3685/4593/3718 2312/4588/3718
f 2306/4574/3719 3679/4579/3719 4801/4594/3719 3829/4591/3719
f 3679/4579/3720 2305/4578/3720 3830/4595/3720 4801/4594/3720
f 4801/4594/3721 3830/4595/3721 2310/4596/3721 3684/4597/3721
f 3829/4591/3722 4801/4594/3722 3684/4597/3722 2311/4592/3722
f 2305/4578/3723 3678/4583/3723 4802/4598/3723 3830/4595/3723
f 3678/4583/3724 2304/4582/3724 3831/4599/3724 4802/4598/3724
f 4802/4598/3725 3831/4599/3725 2309/4600/3725 3683/4601/3725
f 3830/4595/3726 4802/4598/3726 3683/4601/3726 2310/4596/3726
f 2304/4582/3727 3677/4585/3727 4803/4602/3727 3831/4599/3727
f 3677/4585/3728 2185/3841/3728 3491/3840/3728 4803/4602/3728
f 4803/4602/3729 3491/3840/3729 2179/3839/3729 3682/4603/3729
f 3831/4599/3730 4803/4602/3730 3682/4603/3730 2309/4600/3730
f 2313/4215/3731 3686/4589/3731 4804/4604/3731 3832/4219/3731
f 3686/4589/3732 2312/4588/3732 3833/4605/3732 4804/4604/3732
f 4804/4604/3733 3833/4605/3733 2317/4606/3733 3691/4607/3733
f 3832/4219/3734 4804/4604/3734 3691/4607/3734 2318/4220/3734
f 2312/4588/3735 3685/4593/3735 4805/4608/3735 3833/4605/3735
f 3685/4593/3736 2311/4592/3736 3834/4609/3736 4805/4608/3736
f 4805/4608/3737 3834/4609/3737 2316/4610/3737 3690/4611/3737
f 3833/4605/3738 4805/4608/3738 3690/4611/3738 2317/4606/3738
f 2311/4592/3739 3684/4597/3739 4806/4612/3739 3834/4609/3739
f 3684/4597/3740 2310/4596/3740 3835/4613/3740 4806/4612/3740
f 4806/4612/3741 3835/4613/3741 2315/4614/3741 3689/4615/3741
f 3834/4609/3742 4806/4612/3742 3689/4615/3742 2316/4610/3742
f 2310/4596/3743 3683/4601/3743 4807/4616/3743 3835/4613/3743
f 3683/4601/3744 2309/4600/3744 3836/4617/3744 4807/4616/3744
f 4807/4616/3745 3836/4617/3745 2314/4618/3745 3688/4619/3745
f 3835/4613/3746 4807/4616/3746 3688/4619/3746 2315/4614/3746
f 2309/4600/3747 3682/4603/3747 4808/4620/3747 3836/4617/3747
f 3682/4603/3748 2179/3839/3748 3498/4018/3748 4808/4620/3748
f 4808/4620/3749 3498/4018/3749 2187/3876/3749 3687/4621/3749
f 3836/4617/3750 4808/4620/3750 3687/4621/3750 2314/4618/3750
f 2318/4220/3751 3691/4607/3751 4809/4622/3751 3837/4223/3751
f 3691/4607/3752 2317/4606/3752 3838/4623/3752 4809/4622/3752
f 4809/4622/3753 3838/4623/3753 2322/4624/3753 3696/4625/3753
f 3837/4223/3754 4809/4622/3754 3696/4625/3754 2323/4224/3754
f 2317/4606/3755 3690/4611/3755 4810/4626/3755 3838/4623/3755
f 3690/4611/3756 2316/4610/3756 3839/4627/3756 4810/4626/3756
f 4810/4626/3757 3839/4627/3757 2321/4628/3757 3695/4629/3757
f 3838/4623/3758 4810/4626/3758 3695/4629/3758 2322/4624/3758
f 2316/4610/3759 3689/4615/3759 4811/4630/3759 3839/4627/3759
f 3689/4615/3760 2315/4614/3760 3840/4631/3760 4811/4630/3760
f 4811/4630/3761 3840/4631/3761 2320/4632/3761 3694/4633/3761
f 3839/4627/3762 4811/4630/3762 3694/4633/3762 2321/4628/3762
f 2315/4614/3763 3688/4619/3763 4812/4634/3763 3840/4631/3763
f 3688/4619/3764 2314/4618/3764 3841/4635/3764 4812/4634/3764
f 4812/4634/3765 3841/4635/3765 2319/4636/3765 3693/4637/3765
f 3840/4631/3766 4812/4634/3766 3693/4637/3766 2320/4632/3766
f 2314/4618/3767 3687/4621/3767 4813/4638/3767 3841/4635/3767
f 3687/4621/3768 2187/3876/3768 3489/3875/3768 4813/4638/3768
f 4813/4638/3769 3489/3875/3769 2181/3874/3769 3692/4639/3769
f 3841/4635/3770 4813/4638/3770 3692/4639/3770 2319/4636/3770
f 2323/4224/3771 3696/4625/3771 4814/4640/3771 3842/4228/3771
f 3696/4625/3772 2322/4624/3772 3843/4641/3772 4814/4640/3772
f 4814/4640/3773 3843/4641/3773 2327/4642/3773 3701/4643/3773
f 3842/4228/3774 4814/4640/3774 3701/4643/3774 2328/4229/3774
f 2322/4624/3775 3695/4629/3775 4815/4644/3775 3843/4641/3775
f 3695/4629/3776 2321/4628/3776 3844/4645/3776 4815/4644/3776
f 4815/4644/3777 3844/4645/3777 2326/4646/3777 3700/4647/3777
f 3843/4641/3778 4815/4644/3778 3700/4647/3778 2327/4642/3778
f 2321/4628/3779 3694/4633/3779 4816/4648/3779 3844/4645/3779
f 3694/4633/3780 2320/4632/3780 3845/4649/3780 4816/4648/3780
f 4816/4648/3781 3845/4649/3781 2325/4650/3781 3699/4651/3781
f 3844/4645/3782 4816/4648/3782 3699/4651/3782 2326/4646/3782
f 2320/4632/3783 3693/4637/3783 4817/4652/3783 3845/4649/3783
f 3693/4637/3784 2319/4636/3784 3846/4653/3784 4817/4652/3784
f 4817/4652/3785 3846/4653/3785 2324/4654/3785 3698/4655/3785
f 3845/4649/3786 4817/4652/3786 3698/4655/3786 2325/4650/3786
f 2319/4636/3787 3692/4639/3787 4818/4656/3787 3846/4653/3787
f 3692/4639/3788 2181/3874/3788 3495/4003/3788 4818/4656/3788
f 4818/4656/3789 3495/4003/3789 2175/3885/3789 3697/4657/3789
f 3846/4653/3790 4818/4656/3790 3697/4657/3790 2324/4654/3790
f 2328/4229/3791 3701/4643/3791 4819/4658/3791 3847/4232/3791
f 3701/4643/3792 2327/4642/3792 3848/4659/3792 4819/4658/3792
f 4819/4658/3793 3848/4659/3793 2332/4660/3793 3706/4661/3793
f 3847/4232/3794 4819/4658/3794 3706/4661/3794 2333/4233/3794
f 2327/4642/3795 3700/4647/3795 4820/4662/3795 3848/4659/3795
f 3700/4647/3796 2326/4646/3796 3849/4663/3796 4820/4662/3796
f 4820/4662/3797 3849/4663/3797 2331/4664/3797 3705/4665/3797
f 3848/4659/3798 4820/4662/3798 3705/4665/3798 2332/4660/3798
f 2326/4646/3799 3699/4651/3799 4821/4666/3799 3849/4663/3799
f 3699/4651/3800 2325/4650/3800 3850/4667/3800 4821/4666/3800
f 4821/4666/3801 3850/4667/3801 2330/4668/3801 3704/4669/3801
f 3849/4663/3802 4821/4666/3802 3704/4669/3802 2331/4664/3802
f 2325/4650/3803 3698/4655/3803 4822/4670/3803 3850/4667/3803
f 3698/4655/3804 2324/4654/3804 3851/4671/3804 4822/4670/3804
f 4822/4670/3805 3851/4671/3805 2329/4672/3805 3703/4673/3805
f 3850/4667/3806 4822/4670/3806 3703/4673/3806 2330/4668/3806
f 2324/4654/3807 3697/4657/3807 4823/4674/3807 3851/4671/3807
f 3697/4657/3808 2175/3885/3808 3502/3884/3808 4823/4674/3808
f 4823/4674/3809 3502/3884/3809 2184/3883/3809 3702/4675/3809
f 3851/4671/3810 4823/4674/3810 3702/4675/3810 2329/4672/3810
f 2333/4233/3811 3706/4661/3811 4824/4676/3811 3852/4237/3811
f 3706/4661/3812 2332/4660/3812 3853/4677/3812 4824/4676/3812
f 4824/4676/3813 3853/4677/3813 2337/4678/3813 3711/4679/3813
f 3852/4237/3814 4824/4676/3814 3711/4679/3814 2338/4238/3814
f 2332/4660/3815 3705/4665/3815 4825/4680/3815 3853/4677/3815
f 3705/4665/3816 2331/4664/3816 3854/4681/3816 4825/4680/3816
f 4825/4680/3817 3854/4681/3817 2336/4682/3817 3710/4683/3817
f 3853/4677/3818 4825/4680/3818 3710/4683/3818 2337/4678/3818
f 2331/4664/3819 3704/4669/3819 4826/4684/3819 3854/4681/3819
f 3704/4669/3820 2330/4668/3820 3855/4685/3820 4826/4684/3820
f 4826/4684/3821 3855/4685/3821 2335/4686/3821 3709/4687/3821
f 3854/4681/3822 4826/4684/3822 3709/4687/3822 2336/4682/3822
f 2330/4668/3823 3703/4673/3823 4827/4688/3823 3855/4685/3823
f 3703/4673/3824 2329/4672/3824 3856/4689/3824 4827/4688/3824
f 4827/4688/3825 3856/4689/3825 2334/4690/3825 3708/4691/3825
f 3855/4685/3826 4827/4688/3826 3708/4691/3826 2335/4686/3826
f 2329/4672/3827 3702/4675/3827 4828/4692/3827 3856/4689/3827
f 3702/4675/3828 2184/3883/3828 3492/3979/3828 4828/4692/3828
f 4828/4692/3829 3492/3979/3829 2178/3924/3829 3707/4693/3829
f 3856/4689/3830 4828/4692/3830 3707/4693/3830 2334/4690/3830
f 2338/4238/3831 3711/4679/3831 4829/4694/3831 3857/4243/3831
f 3711/4679/3832 2337/4678/3832 3858/4695/3832 4829/4694/3832
f 4829/4694/3833 3858/4695/3833 2342/4696/3833 3716/4697/3833
f 3857/4243/3834 4829/4694/3834 3716/4697/3834 2343/4244/3834
f 2337/4678/3835 3710/4683/3835 4830/4698/3835 3858/4695/3835
f 3710/4683/3836 2336/4682/3836 3859/4699/3836 4830/4698/3836
f 4830/4698/3837 3859/4699/3837 2341/4700/3837 3715/4701/3837
f 3858/4695/3838 4830/4698/3838 3715/4701/3838 2342/4696/3838
f 2336/4682/3839 3709/4687/3839 4831/4702/3839 3859/4699/3839
f 3709/4687/3840 2335/4686/3840 3860/4703/3840 4831/4702/3840
f 4831/4702/3841 3860/4703/3841 2340/4704/3841 3714/4705/3841
f 3859/4699/3842 4831/4702/3842 3714/4705/3842 2341/4700/3842
f 2335/4686/3843 3708/4691/3843 4832/4706/3843 3860/4703/3843
f 3708/4691/3844 2334/4690/3844 3861/4707/3844 4832/4706/3844
f 4832/4706/3845 3861/4707/3845 2339/4708/3845 3713/4709/3845
f 3860/4703/3846 4832/4706/3846 3713/4709/3846 2340/4704/3846
f 2334/4690/3847 3707/4693/3847 4833/4710/3847 3861/4707/3847
f 3707/4693/3848 2178/3924/3848 3499/3923/3848 4833/4710/3848
f 4833/4710/3849 3499/3923/3849 2186/3854/3849 3712/4711/3849
f 3861/4707/3850 4833/4710/3850 3712/4711/3850 2339/4708/3850
f 2343/4244/3851 3716/4697/3851 4834/4712/3851 3862/4247/3851
f 3716/4697/3852 2342/4696/3852 3863/4713/3852 4834/4712/3852
f 4834/4712/3853 3863/4713/3853 2347/4714/3853 3721/4715/3853
f 3862/4247/3854 4834/4712/3854 3721/4715/3854 2348/4248/3854
f 2342/4696/3855 3715/4701/3855 4835/4716/3855 3863/4713/3855
f 3715/4701/3856 2341/4700/3856 3864/4717/3856 4835/4716/3856
f 4835/4716/3857 3864/4717/3857 2346/4718/3857 3720/4719/3857
f 3863/4713/3858 4835/4716/3858 3720/4719/3858 2347/4714/3858
f 2341/4700/3859 3714/4705/3859 4836/4720/3859 3864/4717/3859
f 3714/4705/3860 2340/4704/3860 3865/4721/3860 4836/4720/3860
f 4836/4720/3861 3865/4721/3861 2345/4722/3861 3719/4723/3861
f 3864/4717/3862 4836/4720/3862 3719/4723/3862 2346/4718/3862
f 2340/4704/3863 3713/4709/3863 4837/4724/3863 3865/4721/3863
f 3713/4709/3864 2339/4708/3864 3866/4725/3864 4837/4724/3864
f 4837/4724/3865 3866/4725/3865 2344/4726/3865 3718/4727/3865
f 3865/4721/3866 4837/4724/3866 3718/4727/3866 2345/4722/3866
f 2339/4708/3867 3712/4711/3867 4838/4728/3867 3866/4725/3867
f 3712/4711/3868 2186/3854/3868 3490/3853/3868 4838/4728/3868
f 4838/4728/3869 3490/3853/3869 2180/3852/3869 3717/4729/3869
f 3866/4725/3870 4838/4728/3870 3717/4729/3870 2344/4726/3870
f 2348/4248/3871 3721/4715/3871 4839/4730/3871 3867/4252/3871
f 3721/4715/3872 2347/4714/3872 3868/4731/3872 4839/4730/3872
f 4839/4730/3873 3868/4731/3873 2352/4732/3873 3726/4733/3873
f 3867/4252/3874 4839/4730/3874 3726/4733/3874 2353/4253/3874
f 2347/4714/3875 3720/4719/3875 4840/4734/3875 3868/4731/3875
f 3720/4719/3876 2346/4718/3876 3869/4735/3876 4840/4734/3876
f 4840/4734/3877 3869/4735/3877 2351/4736/3877 3725/4737/3877
f 3868/4731/3878 4840/4734/3878 3725/4737/3878 2352/4732/3878
f 2346/4718/3879 3719/4723/3879 4841/4738/3879 3869/4735/3879
f 3719/4723/3880 2345/4722/3880 3870/4739/3880 4841/4738/3880
f 4841/4738/3881 3870/4739/3881 2350/4740/3881 3724/4741/3881
f 3869/4735/3882 4841/4738/3882 3724/4741/3882 2351/4736/3882
f 2345/4722/3883 3718/4727/3883 4842/4742/3883 3870/4739/3883
f 3718/4727/3884 2344/4726/3884 3871/4743/3884 4842/4742/3884
f 4842/4742/3885 3871/4743/3885 2349/4744/3885 3723/4745/3885
f 3870/4739/3886 4842/4742/3886 3723/4745/3886 2350/4740/3886
f 2344/4726/3887 3717/4729/3887 4843/4746/3887 3871/4743/3887
f 3717/4729/3888 2180/3852/3888 3496/4009/3888 4843/4746/3888
f 4843/4746/3889 3496/4009/3889 2174/3863/3889 3722/4747/3889
f 3871/4743/3890 4843/4746/3890 3722/4747/3890 2349/4744/3890
f 2353/4253/3891 3726/4733/3891 4844/4748/3891 3872/4256/3891
f 3726/4733/3892 2352/4732/3892 3873/4749/3892 4844/4748/3892
f 4844/4748/3893 3873/4749/3893 2357/4750/3893 3731/4751/3893
f 3872/4256/3894 4844/4748/3894 3731/4751/3894 2358/4257/3894
f 2352/4732/3895 3725/4737/3895 4845/4752/3895 3873/4749/3895
f 3725/4737/3896 2351/4736/3896 3874/4753/3896 4845/4752/3896
f 4845/4752/3897 3874/4753/3897 2356/4754/3897 3730/4755/3897
f 3873/4749/3898 4845/4752/3898 3730/4755/3898 2357/4750/3898
f 2351/4736/3899 3724/4741/3899 4846/4756/3899 3874/4753/3899
f 3724/4741/3900 2350/4740/3900 3875/4757/3900 4846/4756/3900
f 4846/4756/3901 3875/4757/3901 2355/4758/3901 3729/4759/3901
f 3874/4753/3902 4846/4756/3902 3729/4759/3902 2356/4754/3902
f 2350/4740/3903 3723/4745/3903 4847/4760/3903 3875/4757/3903
f 3723/4745/3904 2349/4744/3904 3876/4761/3904 4847/4760/3904
f 4847/4760/3905 3876/4761/3905 2354/4762/3905 3728/4763/3905
f 3875/4757/3906 4847/4760/3906 3728/4763/3906 2355/4758/3906
f 2349/4744/3907 3722/4747/3907 4848/4764/3907 3876/4761/3907
f 3722/4747/3908 2174/3863/3908 3503/3862/3908 4848/4764/3908
f 4848/4764/3909 3503/3862/3909 2183/3861/3909 3727/4765/3909
f 3876/4761/3910 4848/4764/3910 3727/4765/3910 2354/4762/3910
f 2358/4257/3911 3731/4751/3911 4849/4766/3911 3877/4261/3911
f 3731/4751/3912 2357/4750/3912 3878/4767/3912 4849/4766/3912
f 4849/4766/3913 3878/4767/3913 2362/4768/3913 3736/4769/3913
f 3877/4261/3914 4849/4766/3914 3736/4769/3914 2363/4262/3914
f 2357/4750/3915 3730/4755/3915 4850/4770/3915 3878/4767/3915
f 3730/4755/3916 2356/4754/3916 3879/4771/3916 4850/4770/3916
f 4850/4770/3917 3879/4771/3917 2361/4772/3917 3735/4773/3917
f 3878/4767/3918 4850/4770/3918 3735/4773/3918 2362/4768/3918
f 2356/4754/3919 3729/4759/3919 4851/4774/3919 3879/4771/3919
f 3729/4759/3920 2355/4758/3920 3880/4775/3920 4851/4774/3920
f 4851/4774/3921 3880/4775/3921 2360/4776/3921 3734/4777/3921
f 3879/4771/3922 4851/4774/3922 3734/4777/3922 2361/4772/3922
f 2355/4758/3923 3728/4763/3923 4852/4778/3923 3880/4775/3923
f 3728/4763/3924 2354/4762/3924 3881/4779/3924 4852/4778/3924
f 4852/4778/3925 3881/4779/3925 2359/4780/3925 3733/4781/3925
f 3880/4775/3926 4852/4778/3926 3733/4781/3926 2360/4776/3926
f 2354/4762/3927 3727/4765/3927 4853/4782/3927 3881/4779/3927
f 3727/4765/3928 2183/3861/3928 3493/3987/3928 4853/4782/3928
f 4853/4782/3929 3493/3987/3929 2177/3914/3929 3732/4783/3929
f 3881/4779/3930 4853/4782/3930 3732/4783/3930 2359/4780/3930
f 2363/4262/3931 3736/4769/3931 4854/4784/3931 3882/4265/3931
f 3736/4769/3932 2362/4768/3932 3883/4785/3932 4854/4784/3932
f 4854/4784/3933 3883/4785/3933 2367/4786/3933 3741/4787/3933
f 3882/4265/3934 4854/4784/3934 3741/4787/3934 2368/4266/3934
f 2362/4768/3935 3735/4773/3935 4855/4788/3935 3883/4785/3935
f 3735/4773/3936 2361/4772/3936 3884/4789/3936 4855/4788/3936
f 4855/4788/3937 3884/4789/3937 2366/4790/3937 3740/4791/3937
f 3883/4785/3938 4855/4788/3938 3740/4791/3938 2367/4786/3938
f 2361/4772/3939 3734/4777/3939 4856/4792/3939 3884/4789/3939
f 3734/4777/3940 2360/4776/3940 3885/4793/3940 4856/4792/3940
f 4856/4792/3941 3885/4793/3941 2365/4794/3941 3739/4795/3941
f 3884/4789/3942 4856/4792/3942 3739/4795/3942 2366/4790/3942
f 2360/4776/3943 3733/4781/3943 4857/4796/3943 3885/4793/3943
f 3733/4781/3944 2359/4780/3944 3886/4797/3944 4857/4796/3944
f 4857/4796/3945 3886/4797/3945 2364/4798/3945 3738/4799/3945
f 3885/4793/3946 4857/4796/3946 3738/4799/3946 2365/4794/3946
f 2359/4780/3947 3732/4783/3947 4858/4800/3947 3886/4797/3947
f 3732/4783/3948 2177/3914/3948 3486/3972/3948 4858/4800/3948
f 4858/4800/3949 3486/3972/3949 2159/3971/3949 3737/4801/3949
f 3886/4797/3950 4858/4800/3950 3737/4801/3950 2364/4798/3950
f 2368/4266/3951 3741/4787/3951 4859/4802/3951 3887/4270/3951
f 3741/4787/3952 2367/4786/3952 3888/4803/3952 4859/4802/3952
f 4859/4802/3953 3888/4803/3953 2220/4273/3953 3593/4271/3953
f 3887/4270/3954 4859/4802/3954 3593/4271/3954 2219/4129/3954
f 2367/4786/3955 3740/4791/3955 4860/4804/3955 3888/4803/3955
f 3740/4791/3956 2366/4790/3956 3889/4805/3956 4860/4804/3956
f 4860/4804/3957 3889/4805/3957 2221/4279/3957 3594/4277/3957
f 3888/4803/3958 4860/4804/3958 3594/4277/3958 2220/4273/3958
f 2366/4790/3959 3739/4795/3959 4861/4806/3959 3889/4805/3959
f 3739/4795/3960 2365/4794/3960 3890/4807/3960 4861/4806/3960
f 4861/4806/3961 3890/4807/3961 2222/4285/3961 3595/4283/3961
f 3889/4805/3962 4861/4806/3962 3595/4283/3962 2221/4279/3962
f 2365/4794/3963 3738/4799/3963 4862/4808/3963 3890/4807/3963
f 3738/4799/3964 2364/4798/3964 3891/4809/3964 4862/4808/3964
f 4862/4808/3965 3891/4809/3965 2223/4291/3965 3596/4289/3965
f 3890/4807/3966 4862/4808/3966 3596/4289/3966 2222/4285/3966
f 2364/4798/3967 3737/4801/3967 4863/4810/3967 3891/4809/3967
f 3737/4801/3968 2159/3971/3968 3471/3994/3968 4863/4810/3968
f 4863/4810/3969 3471/3994/3969 2160/3993/3969 3562/4295/3969
f 3891/4809/3970 4863/4810/3970 3562/4295/3970 2223/4291/3970
f 2378/4811/3971 3999/4812/3971 4864/4813/3971 3901/4814/3971
f 3999/4812/3972 2408/4815/3972 3961/4816/3972 4864/4813/3972
f 4864/4813/3973 3961/4816/3973 2409/4817/3973 4002/4818/3973
f 3901/4814/3974 4864/4813/3974 4002/4818/3974 2379/4819/3974
f 2392/4088/3975 4001/4820/3975 4865/4821/3975 3927/4822/3975
f 4001/4820/3976 2422/4823/3976 3987/4824/3976 4865/4821/3976
f 4865/4821/3977 3987/4824/3977 2416/4825/3977 4000/4826/3977
f 3927/4822/3978 4865/4821/3978 4000/4826/3978 2386/4827/3978
f 2377/4828/3979 3997/4829/3979 4866/4830/3979 3900/4831/3979
f 3997/4829/3980 2407/4832/3980 3960/4833/3980 4866/4830/3980
f 4866/4830/3981 3960/4833/3981 2408/4815/3981 3999/4812/3981
f 3900/4831/3982 4866/4830/3982 3999/4812/3982 2378/4811/3982
f 2393/4103/3983 3998/4834/3983 4867/4835/3983 3926/4836/3983
f 3998/4834/3984 2423/4837/3984 3986/4838/3984 4867/4835/3984
f 4867/4835/3985 3986/4838/3985 2417/4839/3985 3914/4840/3985
f 3926/4836/3986 4867/4835/3986 3914/4840/3986 2387/4062/3986
f 2376/4025/3987 3906/4841/3987 4868/4842/3987 3899/4843/3987
f 3906/4841/3988 2406/4844/3988 3959/4845/3988 4868/4842/3988
f 4868/4842/3989 3959/4845/3989 2407/4832/3989 3997/4829/3989
f 3899/4843/3990 4868/4842/3990 3997/4829/3990 2377/4828/3990
f 2394/4124/3991 3996/4846/3991 4869/4847/3991 3925/4848/3991
f 3996/4846/3992 2424/4849/3992 3985/4850/3992 4869/4847/3992
f 4869/4847/3993 3985/4850/3993 2418/4851/3993 3995/4852/3993
f 3925/4848/3994 4869/4847/3994 3995/4852/3994 2388/4853/3994
f 2375/4023/3995 3910/4854/3995 4870/4855/3995 3898/4024/3995
f 3910/4854/3996 2405/4856/3996 3958/4857/3996 4870/4855/3996
f 4870/4855/3997 3958/4857/3997 2406/4844/3997 3906/4841/3997
f 3898/4024/3998 4870/4855/3998 3906/4841/3998 2376/4025/3998
f 2395/4032/3999 3907/4858/3999 4871/4859/3999 3924/4033/3999
f 3907/4858/4000 2425/4860/4000 3984/4861/4000 4871/4859/4000
f 4871/4859/4001 3984/4861/4001 2419/4862/4001 3908/4863/4001
f 3924/4033/4002 4871/4859/4002 3908/4863/4002 2389/4034/4002
f 2374/4041/4003 3913/4864/4003 4872/4865/4003 3897/4042/4003
f 3913/4864/4004 2404/4866/4004 3957/4867/4004 4872/4865/4004
f 4872/4865/4005 3957/4867/4005 2405/4856/4005 3910/4854/4005
f 3897/4042/4006 4872/4865/4006 3910/4854/4006 2375/4023/4006
f 2396/4047/4007 3911/4868/4007 4873/4869/4007 3923/4048/4007
f 3911/4868/4008 2426/4870/4008 3983/4871/4008 4873/4869/4008
f 4873/4869/4009 3983/4871/4009 2420/4872/4009 3912/4873/4009
f 3923/4048/4010 4873/4869/4010 3912/4873/4010 2390/4049/4010
f 2373/4056/4011 3919/4874/4011 4874/4875/4011 3896/4057/4011
f 3919/4874/4012 2403/4876/4012 3956/4877/4012 4874/4875/4012
f 4874/4875/4013 3956/4877/4013 2404/4866/4013 3913/4864/4013
f 3896/4057/4014 4874/4875/4014 3913/4864/4014 2374/4041/4014
f 2387/4062/4015 3914/4840/4015 4875/4878/4015 3909/4063/4015
f 3914/4840/4016 2417/4839/4016 3969/4879/4016 4875/4878/4016
f 4875/4878/4017 3969/4879/4017 2399/4880/4017 3915/4881/4017
f 3909/4063/4018 4875/4878/4018 3915/4881/4018 2369/4064/4018
f 2397/4071/4019 3916/4882/4019 4876/4883/4019 3922/4072/4019
f 3916/4882/4020 2427/4884/4020 3982/4885/4020 4876/4883/4020
f 4876/4883/4021 3982/4885/4021 2421/4886/4021 3917/4887/4021
f 3922/4072/4022 4876/4883/4022 3917/4887/4022 2391/4073/4022
f 2372/4080/4023 3918/4888/4023 4877/4889/4023 3895/4081/4023
f 3918/4888/4024 2402/4890/4024 3955/4891/4024 4877/4889/4024
f 4877/4889/4025 3955/4891/4025 2403/4876/4025 3919/4874/4025
f 3895/4081/4026 4877/4889/4026 3919/4874/4026 2373/4056/4026
f 2214/4126/4027 3546/4125/4027 4878/4892/4027 3552/4236/4027
f 3546/4125/4028 2394/4124/4028 3925/4848/4028 4878/4892/4028
f 4878/4892/4029 3925/4848/4029 2388/4853/4029 3944/4893/4029
f 3552/4236/4030 4878/4892/4030 3944/4893/4030 2208/4240/4030
f 2196/4027/4031 3943/4026/4031 4879/4894/4031 3526/4154/4031
f 3943/4026/4032 2376/4025/4032 3899/4843/4032 4879/4894/4032
f 4879/4894/4033 3899/4843/4033 2377/4828/4033 3945/4895/4033
f 3526/4154/4034 4879/4894/4034 3945/4895/4034 2197/4158/4034
f 2213/4105/4035 3540/4104/4035 4880/4896/4035 3553/4260/4035
f 3540/4104/4036 2393/4103/4036 3926/4836/4036 4880/4896/4036
f 4880/4896/4037 3926/4836/4037 2387/4062/4037 3936/4059/4037
f 3553/4260/4038 4880/4896/4038 3936/4059/4038 2207/4058/4038
f 2197/4158/4039 3945/4895/4039 4881/4897/4039 3527/4160/4039
f 3945/4895/4040 2377/4828/4040 3900/4831/4040 4881/4897/4040
f 4881/4897/4041 3900/4831/4041 2378/4811/4041 3946/4898/4041
f 3527/4160/4042 4881/4897/4042 3946/4898/4042 2198/4164/4042
f 2212/4090/4043 3537/4089/4043 4882/4899/4043 3554/4203/4043
f 3537/4089/4044 2392/4088/4044 3927/4822/4044 4882/4899/4044
f 4882/4899/4045 3927/4822/4045 2386/4827/4045 3947/4900/4045
f 3554/4203/4046 4882/4899/4046 3947/4900/4046 2206/4207/4046
f 2198/4164/4047 3946/4898/4047 4883/4901/4047 3528/4166/4047
f 3946/4898/4048 2378/4811/4048 3901/4814/4048 4883/4901/4048
f 4883/4901/4049 3901/4814/4049 2379/4819/4049 3948/4902/4049
f 3528/4166/4050 4883/4901/4050 3948/4902/4050 2199/4170/4050
f 2211/4075/4051 3534/4074/4051 4884/4903/4051 3555/4227/4051
f 3534/4074/4052 2391/4073/4052 3928/4904/4052 4884/4903/4052
f 4884/4903/4053 3928/4904/4053 2385/4122/4053 3545/4119/4053
f 3555/4227/4054 4884/4903/4054 3545/4119/4054 2205/4118/4054
f 2199/4170/4055 3948/4902/4055 4885/4905/4055 3529/4172/4055
f 3948/4902/4056 2379/4819/4056 3902/4906/4056 4885/4905/4056
f 4885/4905/4057 3902/4906/4057 2380/4907/4057 3949/4908/4057
f 3529/4172/4058 4885/4905/4058 3949/4908/4058 2200/4176/4058
f 2210/4051/4059 3938/4050/4059 4886/4909/4059 3556/4251/4059
f 3938/4050/4060 2390/4049/4060 3929/4910/4060 4886/4909/4060
f 4886/4909/4061 3929/4910/4061 2384/4101/4061 3539/4098/4061
f 3556/4251/4062 4886/4909/4062 3539/4098/4062 2204/4097/4062
f 2200/4176/4063 3949/4908/4063 4887/4911/4063 3530/4178/4063
f 3949/4908/4064 2380/4907/4064 3903/4912/4064 4887/4911/4064
f 4887/4911/4065 3903/4912/4065 2381/4913/4065 3950/4914/4065
f 3530/4178/4066 4887/4911/4066 3950/4914/4066 2201/4182/4066
f 2209/4036/4067 3941/4035/4067 4888/4915/4067 3557/4218/4067
f 3941/4035/4068 2389/4034/4068 3930/4916/4068 4888/4915/4068
f 4888/4915/4069 3930/4916/4069 2397/4071/4069 3533/4068/4069
f 3557/4218/4070 4888/4915/4070 3533/4068/4070 2217/4067/4070
f 2201/4182/4071 3950/4914/4071 4889/4917/4071 3531/4184/4071
f 3950/4914/4072 2381/4913/4072 3904/4918/4072 4889/4917/4072
f 4889/4917/4073 3904/4918/4073 2382/4919/4073 3951/4920/4073
f 3531/4184/4074 4889/4917/4074 3951/4920/4074 2202/4188/4074
f 2208/4240/4075 3944/4893/4075 4890/4921/4075 3558/4242/4075
f 3944/4893/4076 2388/4853/4076 3931/4922/4076 4890/4921/4076
f 4890/4921/4077 3931/4922/4077 2396/4047/4077 3939/4044/4077
f 3558/4242/4078 4890/4921/4078 3939/4044/4078 2216/4043/4078
f 2202/4188/4079 3951/4920/4079 4891/4923/4079 3532/4190/4079
f 3951/4920/4080 2382/4919/4080 3905/4924/4080 4891/4923/4080
f 4891/4923/4081 3905/4924/4081 2383/4110/4081 3541/4107/4081
f 3532/4190/4082 4891/4923/4082 3541/4107/4082 2203/4106/4082
f 2206/4207/4083 3947/4900/4083 4892/4925/4083 3559/4209/4083
f 3947/4900/4084 2386/4827/4084 3932/4926/4084 4892/4925/4084
f 4892/4925/4085 3932/4926/4085 2395/4032/4085 3942/4029/4085
f 3559/4209/4086 4892/4925/4086 3942/4029/4086 2215/4028/4086
f 2189/4066/4087 3935/4065/4087 4893/4927/4087 3519/4269/4087
f 3935/4065/4088 2369/4064/4088 3892/4928/4088 4893/4927/4088
f 4893/4927/4089 3892/4928/4089 2370/4116/4089 3543/4113/4089
f 3519/4269/4090 4893/4927/4090 3543/4113/4090 2190/4112/4090
f 2401/4929/4091 4059/4930/4091 4894/4931/4091 3954/4932/4091
f 4059/4930/4092 2431/4933/4092 4014/4934/4092 4894/4931/4092
f 4894/4931/4093 4014/4934/4093 2432/4935/4093 4062/4936/4093
f 3954/4932/4094 4894/4931/4094 4062/4936/4094 2402/4890/4094
f 2414/4937/4095 3977/4938/4095 4895/4939/4095 3994/4940/4095
f 3977/4938/4096 2444/4941/4096 4054/4942/4096 4895/4939/4096
f 4895/4939/4097 4054/4942/4097 2453/4943/4097 4061/4944/4097
f 3994/4940/4098 4895/4939/4098 4061/4944/4098 2423/4837/4098
f 2413/4945/4099 3968/4946/4099 4896/4947/4099 3980/4948/4099
f 3968/4946/4100 2443/4949/4100 4040/4950/4100 4896/4947/4100
f 4896/4947/4101 4040/4950/4101 2458/4951/4101 4060/4952/4101
f 3980/4948/4102 4896/4947/4102 4060/4952/4102 2428/4953/4102
f 2400/4954/4103 4055/4955/4103 4897/4956/4103 3953/4957/4103
f 4055/4955/4104 2430/4958/4104 4013/4959/4104 4897/4956/4104
f 4897/4956/4105 4013/4959/4105 2431/4933/4105 4059/4930/4105
f 3953/4957/4106 4897/4956/4106 4059/4930/4106 2401/4929/4106
f 2415/4960/4107 4058/4961/4107 4898/4962/4107 3993/4963/4107
f 4058/4961/4108 2445/4964/4108 4053/4965/4108 4898/4962/4108
f 4898/4962/4109 4053/4965/4109 2454/4966/4109 4057/4967/4109
f 3993/4963/4110 4898/4962/4110 4057/4967/4110 2424/4849/4110
f 2399/4880/4111 4056/4968/4111 4899/4969/4111 3952/4970/4111
f 4056/4968/4112 2429/4971/4112 4012/4972/4112 4899/4969/4112
f 4899/4969/4113 4012/4972/4113 2430/4958/4113 4055/4955/4113
f 3952/4970/4114 4899/4969/4114 4055/4955/4114 2400/4954/4114
f 2416/4825/4115 3966/4973/4115 4900/4974/4115 3992/4975/4115
f 3966/4973/4116 2446/4976/4116 4052/4977/4116 4900/4974/4116
f 4900/4974/4117 4052/4977/4117 2455/4978/4117 3967/4979/4117
f 3992/4975/4118 4900/4974/4118 3967/4979/4118 2425/4860/4118
f 2412/4980/4119 3972/4981/4119 4901/4982/4119 3965/4983/4119
f 3972/4981/4120 2442/4984/4120 4025/4985/4120 4901/4982/4120
f 4901/4982/4121 4025/4985/4121 2443/4949/4121 3968/4946/4121
f 3965/4983/4122 4901/4982/4122 3968/4946/4122 2413/4945/4122
f 2418/4851/4123 3970/4986/4123 4902/4987/4123 3991/4988/4123
f 3970/4986/4124 2448/4989/4124 4051/4990/4124 4902/4987/4124
f 4902/4987/4125 4051/4990/4125 2456/4991/4125 3971/4992/4125
f 3991/4988/4126 4902/4987/4126 3971/4992/4126 2426/4870/4126
f 2411/4993/4127 3975/4994/4127 4903/4995/4127 3964/4996/4127
f 3975/4994/4128 2441/4997/4128 4024/4998/4128 4903/4995/4128
f 4903/4995/4129 4024/4998/4129 2442/4984/4129 3972/4981/4129
f 3964/4996/4130 4903/4995/4130 3972/4981/4130 2412/4980/4130
f 2419/4862/4131 3973/4999/4131 4904/5000/4131 3990/5001/4131
f 3973/4999/4132 2449/5002/4132 4050/5003/4132 4904/5000/4132
f 4904/5000/4133 4050/5003/4133 2457/5004/4133 3974/5005/4133
f 3990/5001/4134 4904/5000/4134 3974/5005/4134 2427/4884/4134
f 2410/5006/4135 3979/5007/4135 4905/5008/4135 3963/5009/4135
f 3979/5007/4136 2440/5010/4136 4023/5011/4136 4905/5008/4136
f 4905/5008/4137 4023/5011/4137 2441/4997/4137 3975/4994/4137
f 3963/5009/4138 4905/5008/4138 3975/4994/4138 2411/4993/4138
f 2420/4872/4139 3976/5012/4139 4906/5013/4139 3989/5014/4139
f 3976/5012/4140 2450/5015/4140 4049/5016/4140 4906/5013/4140
f 4906/5013/4141 4049/5016/4141 2444/4941/4141 3977/4938/4141
f 3989/5014/4142 4906/5013/4142 3977/4938/4142 2414/4937/4142
f 2409/4817/4143 3978/5017/4143 4907/5018/4143 3962/5019/4143
f 3978/5017/4144 2439/5020/4144 4022/5021/4144 4907/5018/4144
f 4907/5018/4145 4022/5021/4145 2440/5010/4145 3979/5007/4145
f 3962/5019/4146 4907/5018/4146 3979/5007/4146 2410/5006/4146
f 2391/4073/4147 3917/4887/4147 4908/5022/4147 3928/4904/4147
f 3917/4887/4148 2421/4886/4148 3988/5023/4148 4908/5022/4148
f 4908/5022/4149 3988/5023/4149 2415/4960/4149 4003/5024/4149
f 3928/4904/4150 4908/5022/4150 4003/5024/4150 2385/4122/4150
f 2379/4819/4151 4002/4818/4151 4909/5025/4151 3902/4906/4151
f 4002/4818/4152 2409/4817/4152 3962/5019/4152 4909/5025/4152
f 4909/5025/4153 3962/5019/4153 2410/5006/4153 4004/5026/4153
f 3902/4906/4154 4909/5025/4154 4004/5026/4154 2380/4907/4154
f 2390/4049/4155 3912/4873/4155 4910/5027/4155 3929/4910/4155
f 3912/4873/4156 2420/4872/4156 3989/5014/4156 4910/5027/4156
f 4910/5027/4157 3989/5014/4157 2414/4937/4157 4005/5028/4157
f 3929/4910/4158 4910/5027/4158 4005/5028/4158 2384/4101/4158
f 2380/4907/4159 4004/5026/4159 4911/5029/4159 3903/4912/4159
f 4004/5026/4160 2410/5006/4160 3963/5009/4160 4911/5029/4160
f 4911/5029/4161 3963/5009/4161 2411/4993/4161 4006/5030/4161
f 3903/4912/4162 4911/5029/4162 4006/5030/4162 2381/4913/4162
f 2389/4034/4163 3908/4863/4163 4912/5031/4163 3930/4916/4163
f 3908/4863/4164 2419/4862/4164 3990/5001/4164 4912/5031/4164
f 4912/5031/4165 3990/5001/4165 2427/4884/4165 3916/4882/4165
f 3930/4916/4166 4912/5031/4166 3916/4882/4166 2397/4071/4166
f 2381/4913/4167 4006/5030/4167 4913/5032/4167 3904/4918/4167
f 4006/5030/4168 2411/4993/4168 3964/4996/4168 4913/5032/4168
f 4913/5032/4169 3964/4996/4169 2412/4980/4169 4007/5033/4169
f 3904/4918/4170 4913/5032/4170 4007/5033/4170 2382/4919/4170
f 2388/4853/4171 3995/4852/4171 4914/5034/4171 3931/4922/4171
f 3995/4852/4172 2418/4851/4172 3991/4988/4172 4914/5034/4172
f 4914/5034/4173 3991/4988/4173 2426/4870/4173 3911/4868/4173
f 3931/4922/4174 4914/5034/4174 3911/4868/4174 2396/4047/4174
f 2382/4919/4175 4007/5033/4175 4915/5035/4175 3905/4924/4175
f 4007/5033/4176 2412/4980/4176 3965/4983/4176 4915/5035/4176
f 4915/5035/4177 3965/4983/4177 2413/4945/4177 4008/5036/4177
f 3905/4924/4178 4915/5035/4178 4008/5036/4178 2383/4110/4178
f 2386/4827/4179 4000/4826/4179 4916/5037/4179 3932/4926/4179
f 4000/4826/4180 2416/4825/4180 3992/4975/4180 4916/5037/4180
f 4916/5037/4181 3992/4975/4181 2425/4860/4181 3907/4858/4181
f 3932/4926/4182 4916/5037/4182 3907/4858/4182 2395/4032/4182
f 2369/4064/4183 3915/4881/4183 4917/5038/4183 3892/4928/4183
f 3915/4881/4184 2399/4880/4184 3952/4970/4184 4917/5038/4184
f 4917/5038/4185 3952/4970/4185 2400/4954/4185 4009/5039/4185
f 3892/4928/4186 4917/5038/4186 4009/5039/4186 2370/4116/4186
f 2385/4122/4187 4003/5024/4187 4918/5040/4187 3933/4123/4187
f 4003/5024/4188 2415/4960/4188 3993/4963/4188 4918/5040/4188
f 4918/5040/4189 3993/4963/4189 2424/4849/4189 3996/4846/4189
f 3933/4123/4190 4918/5040/4190 3996/4846/4190 2394/4124/4190
f 2370/4116/4191 4009/5039/4191 4919/5041/4191 3893/4117/4191
f 4009/5039/4192 2400/4954/4192 3953/4957/4192 4919/5041/4192
f 4919/5041/4193 3953/4957/4193 2401/4929/4193 4010/5042/4193
f 3893/4117/4194 4919/5041/4194 4010/5042/4194 2371/4095/4194
f 2383/4110/4195 4008/5036/4195 4920/5043/4195 3920/4111/4195
f 4008/5036/4196 2413/4945/4196 3980/4948/4196 4920/5043/4196
f 4920/5043/4197 3980/4948/4197 2428/4953/4197 4011/5044/4197
f 3920/4111/4198 4920/5043/4198 4011/5044/4198 2398/4086/4198
f 2384/4101/4199 4005/5028/4199 4921/5045/4199 3934/4102/4199
f 4005/5028/4200 2414/4937/4200 3994/4940/4200 4921/5045/4200
f 4921/5045/4201 3994/4940/4201 2423/4837/4201 3998/4834/4201
f 3934/4102/4202 4921/5045/4202 3998/4834/4202 2393/4103/4202
f 2371/4095/4203 4010/5042/4203 4922/5046/4203 3894/4096/4203
f 4010/5042/4204 2401/4929/4204 3954/4932/4204 4922/5046/4204
f 4922/5046/4205 3954/4932/4205 2402/4890/4205 3918/4888/4205
f 3894/4096/4206 4922/5046/4206 3918/4888/4206 2372/4080/4206
f 2398/4086/4207 4011/5044/4207 4923/5047/4207 3921/4087/4207
f 4011/5044/4208 2428/4953/4208 3981/5048/4208 4923/5047/4208
f 4923/5047/4209 3981/5048/4209 2422/4823/4209 4001/4820/4209
f 3921/4087/4210 4923/5047/4210 4001/4820/4210 2392/4088/4210
f 2438/5049/4211 4119/5050/4211 4924/5051/4211 4021/5052/4211
f 4119/5050/4212 2468/5053/4212 4081/5054/4212 4924/5051/4212
f 4924/5051/4213 4081/5054/4213 2469/5055/4213 4122/5056/4213
f 4021/5052/4214 4924/5051/4214 4122/5056/4214 2439/5020/4214
f 2452/5057/4215 4121/5058/4215 4925/5059/4215 4047/5060/4215
f 4121/5058/4216 2482/5061/4216 4107/5062/4216 4925/5059/4216
f 4925/5059/4217 4107/5062/4217 2476/5063/4217 4120/5064/4217
f 4047/5060/4218 4925/5059/4218 4120/5064/4218 2446/4976/4218
f 2437/5065/4219 4117/5066/4219 4926/5067/4219 4020/5068/4219
f 4117/5066/4220 2467/5069/4220 4080/5070/4220 4926/5067/4220
f 4926/5067/4221 4080/5070/4221 2468/5053/4221 4119/5050/4221
f 4020/5068/4222 4926/5067/4222 4119/5050/4222 2438/5049/4222
f 2453/4943/4223 4118/5071/4223 4927/5072/4223 4046/5073/4223
f 4118/5071/4224 2483/5074/4224 4106/5075/4224 4927/5072/4224
f 4927/5072/4225 4106/5075/4225 2477/5076/4225 4034/5077/4225
f 4046/5073/4226 4927/5072/4226 4034/5077/4226 2447/5078/4226
f 2436/5079/4227 4026/5080/4227 4928/5081/4227 4019/5082/4227
f 4026/5080/4228 2466/5083/4228 4079/5084/4228 4928/5081/4228
f 4928/5081/4229 4079/5084/4229 2467/5069/4229 4117/5066/4229
f 4019/5082/4230 4928/5081/4230 4117/5066/4230 2437/5065/4230
f 2454/4966/4231 4116/5085/4231 4929/5086/4231 4045/5087/4231
f 4116/5085/4232 2484/5088/4232 4105/5089/4232 4929/5086/4232
f 4929/5086/4233 4105/5089/4233 2478/5090/4233 4115/5091/4233
f 4045/5087/4234 4929/5086/4234 4115/5091/4234 2448/4989/4234
f 2435/5092/4235 4030/5093/4235 4930/5094/4235 4018/5095/4235
f 4030/5093/4236 2465/5096/4236 4078/5097/4236 4930/5094/4236
f 4930/5094/4237 4078/5097/4237 2466/5083/4237 4026/5080/4237
f 4018/5095/4238 4930/5094/4238 4026/5080/4238 2436/5079/4238
f 2455/4978/4239 4027/5098/4239 4931/5099/4239 4044/5100/4239
f 4027/5098/4240 2485/5101/4240 4104/5102/4240 4931/5099/4240
f 4931/5099/4241 4104/5102/4241 2479/5103/4241 4028/5104/4241
f 4044/5100/4242 4931/5099/4242 4028/5104/4242 2449/5002/4242
f 2434/5105/4243 4033/5106/4243 4932/5107/4243 4017/5108/4243
f 4033/5106/4244 2464/5109/4244 4077/5110/4244 4932/5107/4244
f 4932/5107/4245 4077/5110/4245 2465/5096/4245 4030/5093/4245
f 4017/5108/4246 4932/5107/4246 4030/5093/4246 2435/5092/4246
f 2456/4991/4247 4031/5111/4247 4933/5112/4247 4043/5113/4247
f 4031/5111/4248 2486/5114/4248 4103/5115/4248 4933/5112/4248
f 4933/5112/4249 4103/5115/4249 2480/5116/4249 4032/5117/4249
f 4043/5113/4250 4933/5112/4250 4032/5117/4250 2450/5015/4250
f 2433/5118/4251 4039/5119/4251 4934/5120/4251 4016/5121/4251
f 4039/5119/4252 2463/5122/4252 4076/5123/4252 4934/5120/4252
f 4934/5120/4253 4076/5123/4253 2464/5109/4253 4033/5106/4253
f 4016/5121/4254 4934/5120/4254 4033/5106/4254 2434/5105/4254
f 2447/5078/4255 4034/5077/4255 4935/5124/4255 4029/5125/4255
f 4034/5077/4256 2477/5076/4256 4089/5126/4256 4935/5124/4256
f 4935/5124/4257 4089/5126/4257 2459/5127/4257 4035/5128/4257
f 4029/5125/4258 4935/5124/4258 4035/5128/4258 2429/4971/4258
f 2457/5004/4259 4036/5129/4259 4936/5130/4259 4042/5131/4259
f 4036/5129/4260 2487/5132/4260 4102/5133/4260 4936/5130/4260
f 4936/5130/4261 4102/5133/4261 2481/5134/4261 4037/5135/4261
f 4042/5131/4262 4936/5130/4262 4037/5135/4262 2451/5136/4262
f 2432/4935/4263 4038/5137/4263 4937/5138/4263 4015/5139/4263
f 4038/5137/4264 2462/5140/4264 4075/5141/4264 4937/5138/4264
f 4937/5138/4265 4075/5141/4265 2463/5122/4265 4039/5119/4265
f 4015/5139/4266 4937/5138/4266 4039/5119/4266 2433/5118/4266
f 2428/4953/4267 4060/4952/4267 4938/5142/4267 3981/5048/4267
f 4060/4952/4268 2458/4951/4268 4041/5143/4268 4938/5142/4268
f 4938/5142/4269 4041/5143/4269 2452/5057/4269 4063/5144/4269
f 3981/5048/4270 4938/5142/4270 4063/5144/4270 2422/4823/4270
f 2402/4890/4271 4062/4936/4271 4939/5145/4271 3955/4891/4271
f 4062/4936/4272 2432/4935/4272 4015/5139/4272 4939/5145/4272
f 4939/5145/4273 4015/5139/4273 2433/5118/4273 4064/5146/4273
f 3955/4891/4274 4939/5145/4274 4064/5146/4274 2403/4876/4274
f 2427/4884/4275 3974/5005/4275 4940/5147/4275 3982/4885/4275
f 3974/5005/4276 2457/5004/4276 4042/5131/4276 4940/5147/4276
f 4940/5147/4277 4042/5131/4277 2451/5136/4277 4065/5148/4277
f 3982/4885/4278 4940/5147/4278 4065/5148/4278 2421/4886/4278
f 2417/4839/4279 4066/5149/4279 4941/5150/4279 3969/4879/4279
f 4066/5149/4280 2447/5078/4280 4029/5125/4280 4941/5150/4280
f 4941/5150/4281 4029/5125/4281 2429/4971/4281 4056/4968/4281
f 3969/4879/4282 4941/5150/4282 4056/4968/4282 2399/4880/4282
f 2403/4876/4283 4064/5146/4283 4942/5151/4283 3956/4877/4283
f 4064/5146/4284 2433/5118/4284 4016/5121/4284 4942/5151/4284
f 4942/5151/4285 4016/5121/4285 2434/5105/4285 4067/5152/4285
f 3956/4877/4286 4942/5151/4286 4067/5152/4286 2404/4866/4286
f 2426/4870/4287 3971/4992/4287 4943/5153/4287 3983/4871/4287
f 3971/4992/4288 2456/4991/4288 4043/5113/4288 4943/5153/4288
f 4943/5153/4289 4043/5113/4289 2450/5015/4289 3976/5012/4289
f 3983/4871/4290 4943/5153/4290 3976/5012/4290 2420/4872/4290
f 2404/4866/4291 4067/5152/4291 4944/5154/4291 3957/4867/4291
f 4067/5152/4292 2434/5105/4292 4017/5108/4292 4944/5154/4292
f 4944/5154/4293 4017/5108/4293 2435/5092/4293 4068/5155/4293
f 3957/4867/4294 4944/5154/4294 4068/5155/4294 2405/4856/4294
f 2425/4860/4295 3967/4979/4295 4945/5156/4295 3984/4861/4295
f 3967/4979/4296 2455/4978/4296 4044/5100/4296 4945/5156/4296
f 4945/5156/4297 4044/5100/4297 2449/5002/4297 3973/4999/4297
f 3984/4861/4298 4945/5156/4298 3973/4999/4298 2419/4862/4298
f 2405/4856/4299 4068/5155/4299 4946/5157/4299 3958/4857/4299
f 4068/5155/4300 2435/5092/4300 4018/5095/4300 4946/5157/4300
f 4946/5157/4301 4018/5095/4301 2436/5079/4301 4069/5158/4301
f 3958/4857/4302 4946/5157/4302 4069/5158/4302 2406/4844/4302
f 2424/4849/4303 4057/4967/4303 4947/5159/4303 3985/4850/4303
f 4057/4967/4304 2454/4966/4304 4045/5087/4304 4947/5159/4304
f 4947/5159/4305 4045/5087/4305 2448/4989/4305 3970/4986/4305
f 3985/4850/4306 4947/5159/4306 3970/4986/4306 2418/4851/4306
f 2406/4844/4307 4069/5158/4307 4948/5160/4307 3959/4845/4307
f 4069/5158/4308 2436/5079/4308 4019/5082/4308 4948/5160/4308
f 4948/5160/4309 4019/5082/4309 2437/5065/4309 4070/5161/4309
f 3959/4845/4310 4948/5160/4310 4070/5161/4310 2407/4832/4310
f 2423/4837/4311 4061/4944/4311 4949/5162/4311 3986/4838/4311
f 4061/4944/4312 2453/4943/4312 4046/5073/4312 4949/5162/4312
f 4949/5162/4313 4046/5073/4313 2447/5078/4313 4066/5149/4313
f 3986/4838/4314 4949/5162/4314 4066/5149/4314 2417/4839/4314
f 2407/4832/4315 4070/5161/4315 4950/5163/4315 3960/4833/4315
f 4070/5161/4316 2437/5065/4316 4020/5068/4316 4950/5163/4316
f 4950/5163/4317 4020/5068/4317 2438/5049/4317 4071/5164/4317
f 3960/4833/4318 4950/5163/4318 4071/5164/4318 2408/4815/4318
f 2422/4823/4319 4063/5144/4319 4951/5165/4319 3987/4824/4319
f 4063/5144/4320 2452/5057/4320 4047/5060/4320 4951/5165/4320
f 4951/5165/4321 4047/5060/4321 2446/4976/4321 3966/4973/4321
f 3987/4824/4322 4951/5165/4322 3966/4973/4322 2416/4825/4322
f 2408/4815/4323 4071/5164/4323 4952/5166/4323 3961/4816/4323
f 4071/5164/4324 2438/5049/4324 4021/5052/4324 4952/5166/4324
f 4952/5166/4325 4021/5052/4325 2439/5020/4325 3978/5017/4325
f 3961/4816/4326 4952/5166/4326 3978/5017/4326 2409/4817/4326
f 2421/4886/4327 4065/5148/4327 4953/5167/4327 3988/5023/4327
f 4065/5148/4328 2451/5136/4328 4048/5168/4328 4953/5167/4328
f 4953/5167/4329 4048/5168/4329 2445/4964/4329 4058/4961/4329
f 3988/5023/4330 4953/5167/4330 4058/4961/4330 2415/4960/4330
f 2461/5169/4331 4179/5170/4331 4954/5171/4331 4074/5172/4331
f 4179/5170/4332 2491/5173/4332 4134/5174/4332 4954/5171/4332
f 4954/5171/4333 4134/5174/4333 2492/5175/4333 4182/5176/4333
f 4074/5172/4334 4954/5171/4334 4182/5176/4334 2462/5140/4334
f 2474/5177/4335 4097/5178/4335 4955/5179/4335 4114/5180/4335
f 4097/5178/4336 2504/5181/4336 4174/5182/4336 4955/5179/4336
f 4955/5179/4337 4174/5182/4337 2513/5183/4337 4181/5184/4337
f 4114/5180/4338 4955/5179/4338 4181/5184/4338 2483/5074/4338
f 2473/5185/4339 4088/5186/4339 4956/5187/4339 4100/5188/4339
f 4088/5186/4340 2503/5189/4340 4160/5190/4340 4956/5187/4340
f 4956/5187/4341 4160/5190/4341 2518/5191/4341 4180/5192/4341
f 4100/5188/4342 4956/5187/4342 4180/5192/4342 2488/5193/4342
f 2460/5194/4343 4175/5195/4343 4957/5196/4343 4073/5197/4343
f 4175/5195/4344 2490/5198/4344 4133/5199/4344 4957/5196/4344
f 4957/5196/4345 4133/5199/4345 2491/5173/4345 4179/5170/4345
f 4073/5197/4346 4957/5196/4346 4179/5170/4346 2461/5169/4346
f 2475/5200/4347 4178/5201/4347 4958/5202/4347 4113/5203/4347
f 4178/5201/4348 2505/5204/4348 4173/5205/4348 4958/5202/4348
f 4958/5202/4349 4173/5205/4349 2514/5206/4349 4177/5207/4349
f 4113/5203/4350 4958/5202/4350 4177/5207/4350 2484/5088/4350
f 2459/5127/4351 4176/5208/4351 4959/5209/4351 4072/5210/4351
f 4176/5208/4352 2489/5211/4352 4132/5212/4352 4959/5209/4352
f 4959/5209/4353 4132/5212/4353 2490/5198/4353 4175/5195/4353
f 4072/5210/4354 4959/5209/4354 4175/5195/4354 2460/5194/4354
f 2476/5063/4355 4086/5213/4355 4960/5214/4355 4112/5215/4355
f 4086/5213/4356 2506/5216/4356 4172/5217/4356 4960/5214/4356
f 4960/5214/4357 4172/5217/4357 2515/5218/4357 4087/5219/4357
f 4112/5215/4358 4960/5214/4358 4087/5219/4358 2485/5101/4358
f 2472/5220/4359 4092/5221/4359 4961/5222/4359 4085/5223/4359
f 4092/5221/4360 2502/5224/4360 4145/5225/4360 4961/5222/4360
f 4961/5222/4361 4145/5225/4361 2503/5189/4361 4088/5186/4361
f 4085/5223/4362 4961/5222/4362 4088/5186/4362 2473/5185/4362
f 2478/5090/4363 4090/5226/4363 4962/5227/4363 4111/5228/4363
f 4090/5226/4364 2508/5229/4364 4171/5230/4364 4962/5227/4364
f 4962/5227/4365 4171/5230/4365 2516/5231/4365 4091/5232/4365
f 4111/5228/4366 4962/5227/4366 4091/5232/4366 2486/5114/4366
f 2471/5233/4367 4095/5234/4367 4963/5235/4367 4084/5236/4367
f 4095/5234/4368 2501/5237/4368 4144/5238/4368 4963/5235/4368
f 4963/5235/4369 4144/5238/4369 2502/5224/4369 4092/5221/4369
f 4084/5236/4370 4963/5235/4370 4092/5221/4370 2472/5220/4370
f 2479/5103/4371 4093/5239/4371 4964/5240/4371 4110/5241/4371
f 4093/5239/4372 2509/5242/4372 4170/5243/4372 4964/5240/4372
f 4964/5240/4373 4170/5243/4373 2517/5244/4373 4094/5245/4373
f 4110/5241/4374 4964/5240/4374 4094/5245/4374 2487/5132/4374
f 2470/5246/4375 4099/5247/4375 4965/5248/4375 4083/5249/4375
f 4099/5247/4376 2500/5250/4376 4143/5251/4376 4965/5248/4376
f 4965/5248/4377 4143/5251/4377 2501/5237/4377 4095/5234/4377
f 4083/5249/4378 4965/5248/4378 4095/5234/4378 2471/5233/4378
f 2480/5116/4379 4096/5252/4379 4966/5253/4379 4109/5254/4379
f 4096/5252/4380 2510/5255/4380 4169/5256/4380 4966/5253/4380
f 4966/5253/4381 4169/5256/4381 2504/5181/4381 4097/5178/4381
f 4109/5254/4382 4966/5253/4382 4097/5178/4382 2474/5177/4382
f 2469/5055/4383 4098/5257/4383 4967/5258/4383 4082/5259/4383
f 4098/5257/4384 2499/5260/4384 4142/5261/4384 4967/5258/4384
f 4967/5258/4385 4142/5261/4385 2500/5250/4385 4099/5247/4385
f 4082/5259/4386 4967/5258/4386 4099/5247/4386 2470/5246/4386
f 2451/5136/4387 4037/5135/4387 4968/5262/4387 4048/5168/4387
f 4037/5135/4388 2481/5134/4388 4108/5263/4388 4968/5262/4388
f 4968/5262/4389 4108/5263/4389 2475/5200/4389 4123/5264/4389
f 4048/5168/4390 4968/5262/4390 4123/5264/4390 2445/4964/4390
f 2439/5020/4391 4122/5056/4391 4969/5265/4391 4022/5021/4391
f 4122/5056/4392 2469/5055/4392 4082/5259/4392 4969/5265/4392
f 4969/5265/4393 4082/5259/4393 2470/5246/4393 4124/5266/4393
f 4022/5021/4394 4969/5265/4394 4124/5266/4394 2440/5010/4394
f 2450/5015/4395 4032/5117/4395 4970/5267/4395 4049/5016/4395
f 4032/5117/4396 2480/5116/4396 4109/5254/4396 4970/5267/4396
f 4970/5267/4397 4109/5254/4397 2474/5177/4397 4125/5268/4397
f 4049/5016/4398 4970/5267/4398 4125/5268/4398 2444/4941/4398
f 2440/5010/4399 4124/5266/4399 4971/5269/4399 4023/5011/4399
f 4124/5266/4400 2470/5246/4400 4083/5249/4400 4971/5269/4400
f 4971/5269/4401 4083/5249/4401 2471/5233/4401 4126/5270/4401
f 4023/5011/4402 4971/5269/4402 4126/5270/4402 2441/4997/4402
f 2449/5002/4403 4028/5104/4403 4972/5271/4403 4050/5003/4403
f 4028/5104/4404 2479/5103/4404 4110/5241/4404 4972/5271/4404
f 4972/5271/4405 4110/5241/4405 2487/5132/4405 4036/5129/4405
f 4050/5003/4406 4972/5271/4406 4036/5129/4406 2457/5004/4406
f 2441/4997/4407 4126/5270/4407 4973/5272/4407 4024/4998/4407
f 4126/5270/4408 2471/5233/4408 4084/5236/4408 4973/5272/4408
f 4973/5272/4409 4084/5236/4409 2472/5220/4409 4127/5273/4409
f 4024/4998/4410 4973/5272/4410 4127/5273/4410 2442/4984/4410
f 2448/4989/4411 4115/5091/4411 4974/5274/4411 4051/4990/4411
f 4115/5091/4412 2478/5090/4412 4111/5228/4412 4974/5274/4412
f 4974/5274/4413 4111/5228/4413 2486/5114/4413 4031/5111/4413
f 4051/4990/4414 4974/5274/4414 4031/5111/4414 2456/4991/4414
f 2442/4984/4415 4127/5273/4415 4975/5275/4415 4025/4985/4415
f 4127/5273/4416 2472/5220/4416 4085/5223/4416 4975/5275/4416
f 4975/5275/4417 4085/5223/4417 2473/5185/4417 4128/5276/4417
f 4025/4985/4418 4975/5275/4418 4128/5276/4418 2443/4949/4418
f 2446/4976/4419 4120/5064/4419 4976/5277/4419 4052/4977/4419
f 4120/5064/4420 2476/5063/4420 4112/5215/4420 4976/5277/4420
f 4976/5277/4421 4112/5215/4421 2485/5101/4421 4027/5098/4421
f 4052/4977/4422 4976/5277/4422 4027/5098/4422 2455/4978/4422
f 2429/4971/4423 4035/5128/4423 4977/5278/4423 4012/4972/4423
f 4035/5128/4424 2459/5127/4424 4072/5210/4424 4977/5278/4424
f 4977/5278/4425 4072/5210/4425 2460/5194/4425 4129/5279/4425
f 4012/4972/4426 4977/5278/4426 4129/5279/4426 2430/4958/4426
f 2445/4964/4427 4123/5264/4427 4978/5280/4427 4053/4965/4427
f 4123/5264/4428 2475/5200/4428 4113/5203/4428 4978/5280/4428
f 4978/5280/4429 4113/5203/4429 2484/5088/4429 4116/5085/4429
f 4053/4965/4430 4978/5280/4430 4116/5085/4430 2454/4966/4430
f 2430/4958/4431 4129/5279/4431 4979/5281/4431 4013/4959/4431
f 4129/5279/4432 2460/5194/4432 4073/5197/4432 4979/5281/4432
f 4979/5281/4433 4073/5197/4433 2461/5169/4433 4130/5282/4433
f 4013/4959/4434 4979/5281/4434 4130/5282/4434 2431/4933/4434
f 2443/4949/4435 4128/5276/4435 4980/5283/4435 4040/4950/4435
f 4128/5276/4436 2473/5185/4436 4100/5188/4436 4980/5283/4436
f 4980/5283/4437 4100/5188/4437 2488/5193/4437 4131/5284/4437
f 4040/4950/4438 4980/5283/4438 4131/5284/4438 2458/4951/4438
f 2444/4941/4439 4125/5268/4439 4981/5285/4439 4054/4942/4439
f 4125/5268/4440 2474/5177/4440 4114/5180/4440 4981/5285/4440
f 4981/5285/4441 4114/5180/4441 2483/5074/4441 4118/5071/4441
f 4054/4942/4442 4981/5285/4442 4118/5071/4442 2453/4943/4442
f 2431/4933/4443 4130/5282/4443 4982/5286/4443 4014/4934/4443
f 4130/5282/4444 2461/5169/4444 4074/5172/4444 4982/5286/4444
f 4982/5286/4445 4074/5172/4445 2462/5140/4445 4038/5137/4445
f 4014/4934/4446 4982/5286/4446 4038/5137/4446 2432/4935/4446
f 2458/4951/4447 4131/5284/4447 4983/5287/4447 4041/5143/4447
f 4131/5284/4448 2488/5193/4448 4101/5288/4448 4983/5287/4448
f 4983/5287/4449 4101/5288/4449 2482/5061/4449 4121/5058/4449
f 4041/5143/4450 4983/5287/4450 4121/5058/4450 2452/5057/4450
f 2513/5183/4451 4174/5182/4451 4984/5289/4451 4155/5290/4451
f 4174/5182/4452 2504/5181/4452 4146/5291/4452 4984/5289/4452
f 4984/5289/4453 4146/5291/4453 2491/5173/4453 4133/5199/4453
f 4155/5290/4454 4984/5289/4454 4133/5199/4454 2490/5198/4454
f 2514/5206/4455 4173/5205/4455 4985/5292/4455 4156/5293/4455
f 4173/5205/4456 2505/5204/4456 4147/5294/4456 4985/5292/4456
f 4985/5292/4457 4147/5294/4457 2496/5295/4457 4138/5296/4457
f 4156/5293/4458 4985/5292/4458 4138/5296/4458 2495/5297/4458
f 2515/5218/4459 4172/5217/4459 4986/5298/4459 4157/5299/4459
f 4172/5217/4460 2506/5216/4460 4148/5300/4460 4986/5298/4460
f 4986/5298/4461 4148/5300/4461 2501/5237/4461 4143/5251/4461
f 4157/5299/4462 4986/5298/4462 4143/5251/4462 2500/5250/4462
f 2516/5231/4463 4171/5230/4463 4987/5301/4463 4158/5302/4463
f 4171/5230/4464 2508/5229/4464 4150/5303/4464 4987/5301/4464
f 4987/5301/4465 4150/5303/4465 2494/5304/4465 4136/5305/4465
f 4158/5302/4466 4987/5301/4466 4136/5305/4466 2493/5306/4466
f 2517/5244/4467 4170/5243/4467 4988/5307/4467 4159/5308/4467
f 4170/5243/4468 2509/5242/4468 4151/5309/4468 4988/5307/4468
f 4988/5307/4469 4151/5309/4469 2499/5260/4469 4141/5310/4469
f 4159/5308/4470 4988/5307/4470 4141/5310/4470 2498/5311/4470
f 2504/5181/4471 4169/5256/4471 4989/5312/4471 4146/5291/4471
f 4169/5256/4472 2510/5255/4472 4152/5313/4472 4989/5312/4472
f 4989/5312/4473 4152/5313/4473 2492/5175/4473 4134/5174/4473
f 4146/5291/4474 4989/5312/4474 4134/5174/4474 2491/5173/4474
f 2505/5204/4475 4168/5314/4475 4990/5315/4475 4147/5294/4475
f 4168/5314/4476 2511/5316/4476 4153/5317/4476 4990/5315/4476
f 4990/5315/4477 4153/5317/4477 2497/5318/4477 4139/5319/4477
f 4147/5294/4478 4990/5315/4478 4139/5319/4478 2496/5295/4478
f 2506/5216/4479 4167/5320/4479 4991/5321/4479 4148/5300/4479
f 4167/5320/4480 2512/5322/4480 4154/5323/4480 4991/5321/4480
f 4991/5321/4481 4154/5323/4481 2502/5224/4481 4144/5238/4481
f 4148/5300/4482 4991/5321/4482 4144/5238/4482 2501/5237/4482
f 2507/5324/4483 4166/5325/4483 4992/5326/4483 4149/5327/4483
f 4166/5325/4484 2513/5183/4484 4155/5290/4484 4992/5326/4484
f 4992/5326/4485 4155/5290/4485 2490/5198/4485 4132/5212/4485
f 4149/5327/4486 4992/5326/4486 4132/5212/4486 2489/5211/4486
f 2508/5229/4487 4165/5328/4487 4993/5329/4487 4150/5303/4487
f 4165/5328/4488 2514/5206/4488 4156/5293/4488 4993/5329/4488
f 4993/5329/4489 4156/5293/4489 2495/5297/4489 4137/5330/4489
f 4150/5303/4490 4993/5329/4490 4137/5330/4490 2494/5304/4490
f 2509/5242/4491 4164/5331/4491 4994/5332/4491 4151/5309/4491
f 4164/5331/4492 2515/5218/4492 4157/5299/4492 4994/5332/4492
f 4994/5332/4493 4157/5299/4493 2500/5250/4493 4142/5261/4493
f 4151/5309/4494 4994/5332/4494 4142/5261/4494 2499/5260/4494
f 2510/5255/4495 4163/5333/4495 4995/5334/4495 4152/5313/4495
f 4163/5333/4496 2516/5231/4496 4158/5302/4496 4995/5334/4496
f 4995/5334/4497 4158/5302/4497 2493/5306/4497 4135/5335/4497
f 4152/5313/4498 4995/5334/4498 4135/5335/4498 2492/5175/4498
f 2511/5316/4499 4162/5336/4499 4996/5337/4499 4153/5317/4499
f 4162/5336/4500 2517/5244/4500 4159/5308/4500 4996/5337/4500
f 4996/5337/4501 4159/5308/4501 2498/5311/4501 4140/5338/4501
f 4153/5317/4502 4996/5337/4502 4140/5338/4502 2497/5318/4502
f 2512/5322/4503 4161/5339/4503 4997/5340/4503 4154/5323/4503
f 4161/5339/4504 2518/5191/4504 4160/5190/4504 4997/5340/4504
f 4997/5340/4505 4160/5190/4505 2503/5189/4505 4145/5225/4505
f 4154/5323/4506 4997/5340/4506 4145/5225/4506 2502/5224/4506
f 2488/5193/4507 4180/5192/4507 4998/5341/4507 4101/5288/4507
f 4180/5192/4508 2518/5191/4508 4161/5339/4508 4998/5341/4508
f 4998/5341/4509 4161/5339/4509 2512/5322/4509 4183/5342/4509
f 4101/5288/4510 4998/5341/4510 4183/5342/4510 2482/5061/4510
f 2462/5140/4511 4182/5176/4511 4999/5343/4511 4075/5141/4511
f 4182/5176/4512 2492/5175/4512 4135/5335/4512 4999/5343/4512
f 4999/5343/4513 4135/5335/4513 2493/5306/4513 4184/5344/4513
f 4075/5141/4514 4999/5343/4514 4184/5344/4514 2463/5122/4514
f 2487/5132/4515 4094/5245/4515 5000/5345/4515 4102/5133/4515
f 4094/5245/4516 2517/5244/4516 4162/5336/4516 5000/5345/4516
f 5000/5345/4517 4162/5336/4517 2511/5316/4517 4185/5346/4517
f 4102/5133/4518 5000/5345/4518 4185/5346/4518 2481/5134/4518
f 2477/5076/4519 4186/5347/4519 5001/5348/4519 4089/5126/4519
f 4186/5347/4520 2507/5324/4520 4149/5327/4520 5001/5348/4520
f 5001/5348/4521 4149/5327/4521 2489/5211/4521 4176/5208/4521
f 4089/5126/4522 5001/5348/4522 4176/5208/4522 2459/5127/4522
f 2463/5122/4523 4184/5344/4523 5002/5349/4523 4076/5123/4523
f 4184/5344/4524 2493/5306/4524 4136/5305/4524 5002/5349/4524
f 5002/5349/4525 4136/5305/4525 2494/5304/4525 4187/5350/4525
f 4076/5123/4526 5002/5349/4526 4187/5350/4526 2464/5109/4526
f 2486/5114/4527 4091/5232/4527 5003/5351/4527 4103/5115/4527
f 4091/5232/4528 2516/5231/4528 4163/5333/4528 5003/5351/4528
f 5003/5351/4529 4163/5333/4529 2510/5255/4529 4096/5252/4529
f 4103/5115/4530 5003/5351/4530 4096/5252/4530 2480/5116/4530
f 2464/5109/4531 4187/5350/4531 5004/5352/4531 4077/5110/4531
f 4187/5350/4532 2494/5304/4532 4137/5330/4532 5004/5352/4532
f 5004/5352/4533 4137/5330/4533 2495/5297/4533 4188/5353/4533
f 4077/5110/4534 5004/5352/4534 4188/5353/4534 2465/5096/4534
f 2485/5101/4535 4087/5219/4535 5005/5354/4535 4104/5102/4535
f 4087/5219/4536 2515/5218/4536 4164/5331/4536 5005/5354/4536
f 5005/5354/4537 4164/5331/4537 2509/5242/4537 4093/5239/4537
f 4104/5102/4538 5005/5354/4538 4093/5239/4538 2479/5103/4538
f 2465/5096/4539 4188/5353/4539 5006/5355/4539 4078/5097/4539
f 4188/5353/4540 2495/5297/4540 4138/5296/4540 5006/5355/4540
f 5006/5355/4541 4138/5296/4541 2496/5295/4541 4189/5356/4541
f 4078/5097/4542 5006/5355/4542 4189/5356/4542 2466/5083/4542
f 2484/5088/4543 4177/5207/4543 5007/5357/4543 4105/5089/4543
f 4177/5207/4544 2514/5206/4544 4165/5328/4544 5007/5357/4544
f 5007/5357/4545 4165/5328/4545 2508/5229/4545 4090/5226/4545
f 4105/5089/4546 5007/5357/4546 4090/5226/4546 2478/5090/4546
f 2466/5083/4547 4189/5356/4547 5008/5358/4547 4079/5084/4547
f 4189/5356/4548 2496/5295/4548 4139/5319/4548 5008/5358/4548
f 5008/5358/4549 4139/5319/4549 2497/5318/4549 4190/5359/4549
f 4079/5084/4550 5008/5358/4550 4190/5359/4550 2467/5069/4550
f 2483/5074/4551 4181/5184/4551 5009/5360/4551 4106/5075/4551
f 4181/5184/4552 2513/5183/4552 4166/5325/4552 5009/5360/4552
f 5009/5360/4553 4166/5325/4553 2507/5324/4553 4186/5347/4553
f 4106/5075/4554 5009/5360/4554 4186/5347/4554 2477/5076/4554
f 2467/5069/4555 4190/5359/4555 5010/5361/4555 4080/5070/4555
f 4190/5359/4556 2497/5318/4556 4140/5338/4556 5010/5361/4556
f 5010/5361/4557 4140/5338/4557 2498/5311/4557 4191/5362/4557
f 4080/5070/4558 5010/5361/4558 4191/5362/4558 2468/5053/4558
f 2482/5061/4559 4183/5342/4559 5011/5363/4559 4107/5062/4559
f 4183/5342/4560 2512/5322/4560 4167/5320/4560 5011/5363/4560
f 5011/5363/4561 4167/5320/4561 2506/5216/4561 4086/5213/4561
f 4107/5062/4562 5011/5363/4562 4086/5213/4562 2476/5063/4562
f 2468/5053/4563 4191/5362/4563 5012/5364/4563 4081/5054/4563
f 4191/5362/4564 2498/5311/4564 4141/5310/4564 5012/5364/4564
f 5012/5364/4565 4141/5310/4565 2499/5260/4565 4098/5257/4565
f 4081/5054/4566 5012/5364/4566 4098/5257/4566 2469/5055/4566
f 2481/5134/4567 4185/5346/4567 5013/5365/4567 4108/5263/4567
f 4185/5346/4568 2511/5316/4568 4168/5314/4568 5013/5365/4568
f 5013/5365/4569 4168/5314/4569 2505/5204/4569 4178/5201/4569
f 4108/5263/4570 5013/5365/4570 4178/5201/4570 2475/5200/4570
o Gulv_Lift_Sele_Plane.001
v -0.320865 0.030080 1.981198
v -0.320865 0.698676 0.762173
v -0.320865 0.094817 1.270177
v -0.010788 0.030080 1.981198
v -0.010788 0.698676 0.762173
v -0.010788 0.097852 1.270912
v -0.320865 0.064070 1.330801
v -0.320865 0.042696 1.393495
v -0.320865 0.030519 1.457385
v -0.320865 0.026262 1.521810
v -0.320865 0.026449 1.586574
v -0.320865 0.027483 1.651970
v -0.320865 0.028003 1.717816
v -0.320865 0.028522 1.783662
v -0.320865 0.029041 1.849507
v -0.320865 0.029560 1.915353
v -0.038977 0.698676 0.762173
v -0.067166 0.698676 0.762173
v -0.095355 0.698676 0.762173
v -0.123544 0.698676 0.762173
v -0.151732 0.698676 0.762173
v -0.179921 0.698676 0.762173
v -0.208110 0.698676 0.762173
v -0.236299 0.698676 0.762173
v -0.264488 0.698676 0.762173
v -0.292677 0.698676 0.762173
v -0.320865 0.643307 0.803873
v -0.320865 0.583751 0.843346
v -0.320865 0.521835 0.882234
v -0.320865 0.459235 0.921907
v -0.320865 0.397494 0.963425
v -0.320865 0.338004 1.007532
v -0.320865 0.281992 1.054662
v -0.320865 0.230479 1.104971
v -0.320865 0.180553 1.157544
v -0.320865 0.134184 1.212358
v -0.292677 0.030080 1.981198
v -0.264488 0.030080 1.981198
v -0.236299 0.030080 1.981198
v -0.208110 0.030080 1.981198
v -0.179921 0.030080 1.981198
v -0.151732 0.030080 1.981198
v -0.123544 0.030080 1.981198
v -0.095355 0.030080 1.981198
v -0.067166 0.030080 1.981198
v -0.038977 0.030080 1.981198
v -0.010788 0.029041 1.849507
v -0.010788 0.028003 1.717816
v -0.010788 0.031952 1.458261
v -0.010788 0.230479 1.104971
v -0.010788 0.338004 1.007532
v -0.010788 0.583751 0.843346
v -0.010788 0.643307 0.803873
v -0.010788 0.029560 1.915353
v -0.038977 0.096803 1.270661
v -0.067166 0.095953 1.270456
v -0.095355 0.095328 1.270303
v -0.123544 0.094946 1.270209
v -0.151732 0.094817 1.270177
v -0.179921 0.094817 1.270177
v -0.208110 0.094817 1.270177
v -0.236299 0.094817 1.270177
v -0.264488 0.094817 1.270177
v -0.292677 0.094817 1.270177
v -0.010788 0.182321 1.157990
v -0.010788 0.136818 1.213049
v -0.010788 0.026467 1.652421
v -0.010788 0.045153 1.394225
v -0.010788 0.397494 0.963425
v -0.010788 0.024963 1.587644
v -0.010788 0.067054 1.331510
v -0.010788 0.459235 0.921907
v -0.010788 0.028522 1.783661
v -0.010788 0.026186 1.522979
v -0.010788 0.281992 1.054662
v -0.010788 0.521835 0.882234
v -0.292677 0.029560 1.915353
v -0.292677 0.029041 1.849507
v -0.292677 0.028522 1.783662
v -0.292677 0.028003 1.717816
v -0.292677 0.027483 1.651970
v -0.292677 0.026449 1.586574
v -0.292677 0.026262 1.521809
v -0.292677 0.030519 1.457385
v -0.292677 0.042696 1.393495
v -0.292677 0.064070 1.330801
v -0.264488 0.029560 1.915353
v -0.264488 0.029041 1.849507
v -0.264488 0.028522 1.783662
v -0.264488 0.028003 1.717816
v -0.264488 0.027483 1.651970
v -0.264488 0.026449 1.586574
v -0.264488 0.026262 1.521809
v -0.264488 0.030519 1.457385
v -0.264488 0.042696 1.393495
v -0.264488 0.064070 1.330801
v -0.236299 0.029560 1.915353
v -0.236299 0.029041 1.849507
v -0.236299 0.028522 1.783662
v -0.236299 0.028003 1.717816
v -0.236299 0.027483 1.651970
v -0.236299 0.026449 1.586574
v -0.236299 0.026262 1.521809
v -0.236299 0.030519 1.457385
v -0.236299 0.042696 1.393495
v -0.236299 0.064070 1.330801
v -0.208110 0.029560 1.915353
v -0.208110 0.029041 1.849507
v -0.208110 0.028522 1.783662
v -0.208110 0.028003 1.717816
v -0.208110 0.027483 1.651970
v -0.208110 0.026449 1.586574
v -0.208110 0.026262 1.521809
v -0.208110 0.030519 1.457385
v -0.208110 0.042696 1.393495
v -0.208110 0.064070 1.330801
v -0.179921 0.029560 1.915353
v -0.179921 0.029041 1.849507
v -0.179921 0.028522 1.783662
v -0.179921 0.028003 1.717816
v -0.179921 0.027483 1.651970
v -0.179921 0.026449 1.586574
v -0.179921 0.026262 1.521809
v -0.179921 0.030519 1.457385
v -0.179921 0.042696 1.393495
v -0.179921 0.064070 1.330801
v -0.151732 0.029560 1.915353
v -0.151732 0.029041 1.849507
v -0.151732 0.028522 1.783662
v -0.151732 0.028003 1.717816
v -0.151732 0.027483 1.651970
v -0.151732 0.026449 1.586574
v -0.151732 0.026262 1.521809
v -0.151732 0.030519 1.457385
v -0.151732 0.042696 1.393495
v -0.151732 0.064070 1.330801
v -0.123544 0.029560 1.915353
v -0.123544 0.029041 1.849507
v -0.123544 0.028522 1.783662
v -0.123544 0.028003 1.717816
v -0.123544 0.027295 1.652059
v -0.123544 0.026360 1.586649
v -0.123544 0.026257 1.521866
v -0.123544 0.030578 1.457426
v -0.123544 0.042799 1.393528
v -0.123544 0.064196 1.330832
v -0.095355 0.029560 1.915353
v -0.095355 0.029041 1.849507
v -0.095355 0.028522 1.783662
v -0.095355 0.028003 1.717816
v -0.095355 0.026755 1.652306
v -0.095355 0.026099 1.586866
v -0.095355 0.026244 1.522030
v -0.095355 0.030756 1.457546
v -0.095355 0.043106 1.393625
v -0.095355 0.064570 1.330924
v -0.067166 0.029560 1.915353
v -0.067166 0.029041 1.849507
v -0.067166 0.028522 1.783662
v -0.067166 0.028003 1.717816
v -0.067166 0.026467 1.652421
v -0.067166 0.025682 1.587199
v -0.067166 0.026225 1.522286
v -0.067166 0.031049 1.457736
v -0.067166 0.043609 1.393780
v -0.067166 0.065182 1.331072
v -0.038977 0.029560 1.915353
v -0.038977 0.029041 1.849507
v -0.038977 0.028522 1.783662
v -0.038977 0.028003 1.717816
v -0.038977 0.026467 1.652421
v -0.038977 0.025130 1.587614
v -0.038977 0.026205 1.522611
v -0.038977 0.031450 1.457980
v -0.038977 0.044297 1.393984
v -0.038977 0.066017 1.331270
v -0.292677 0.134184 1.212358
v -0.292677 0.180553 1.157544
v -0.292677 0.230479 1.104971
v -0.292677 0.281992 1.054662
v -0.292677 0.338004 1.007532
v -0.292677 0.397494 0.963425
v -0.292677 0.459235 0.921907
v -0.292677 0.521835 0.882234
v -0.292677 0.583751 0.843346
v -0.292677 0.643307 0.803873
v -0.264488 0.134184 1.212358
v -0.264488 0.180553 1.157544
v -0.264488 0.230479 1.104971
v -0.264488 0.281992 1.054662
v -0.264488 0.338004 1.007532
v -0.264488 0.397494 0.963425
v -0.264488 0.459235 0.921907
v -0.264488 0.521835 0.882234
v -0.264488 0.583751 0.843346
v -0.264488 0.643307 0.803873
v -0.236299 0.134184 1.212358
v -0.236299 0.180553 1.157544
v -0.236299 0.230479 1.104971
v -0.236299 0.281992 1.054662
v -0.236299 0.338004 1.007532
v -0.236299 0.397494 0.963425
v -0.236299 0.459235 0.921907
v -0.236299 0.521835 0.882234
v -0.236299 0.583751 0.843346
v -0.236299 0.643307 0.803873
v -0.208110 0.134184 1.212358
v -0.208110 0.180553 1.157544
v -0.208110 0.230479 1.104971
v -0.208110 0.281992 1.054662
v -0.208110 0.338004 1.007532
v -0.208110 0.397494 0.963425
v -0.208110 0.459235 0.921907
v -0.208110 0.521835 0.882234
v -0.208110 0.583751 0.843346
v -0.208110 0.643307 0.803873
v -0.179921 0.134184 1.212358
v -0.179921 0.180553 1.157544
v -0.179921 0.230479 1.104971
v -0.179921 0.281992 1.054662
v -0.179921 0.338004 1.007532
v -0.179921 0.397494 0.963425
v -0.179921 0.459235 0.921907
v -0.179921 0.521835 0.882234
v -0.179921 0.583751 0.843346
v -0.179921 0.643307 0.803873
v -0.151732 0.134184 1.212358
v -0.151732 0.180553 1.157544
v -0.151732 0.230479 1.104971
v -0.151732 0.281992 1.054662
v -0.151732 0.338004 1.007532
v -0.151732 0.397494 0.963425
v -0.151732 0.459235 0.921907
v -0.151732 0.521835 0.882234
v -0.151732 0.583751 0.843346
v -0.151732 0.643307 0.803873
v -0.123544 0.134297 1.212388
v -0.123544 0.180633 1.157565
v -0.123544 0.230479 1.104971
v -0.123544 0.281992 1.054662
v -0.123544 0.338004 1.007532
v -0.123544 0.397494 0.963425
v -0.123544 0.459235 0.921907
v -0.123544 0.521835 0.882234
v -0.123544 0.583751 0.843346
v -0.123544 0.643307 0.803873
v -0.095355 0.134634 1.212477
v -0.095355 0.180867 1.157627
v -0.095355 0.230479 1.104971
v -0.095355 0.281992 1.054662
v -0.095355 0.338004 1.007532
v -0.095355 0.397494 0.963425
v -0.095355 0.459235 0.921907
v -0.095355 0.521835 0.882234
v -0.095355 0.583751 0.843346
v -0.095355 0.643307 0.803873
v -0.067166 0.135181 1.212622
v -0.067166 0.181243 1.157724
v -0.067166 0.230479 1.104971
v -0.067166 0.281992 1.054662
v -0.067166 0.338004 1.007532
v -0.067166 0.397494 0.963425
v -0.067166 0.459235 0.921907
v -0.067166 0.521835 0.882234
v -0.067166 0.583751 0.843346
v -0.067166 0.643307 0.803873
v -0.038977 0.135918 1.212815
v -0.038977 0.181738 1.157848
v -0.038977 0.230479 1.104971
v -0.038977 0.281992 1.054662
v -0.038977 0.338004 1.007532
v -0.038977 0.397494 0.963425
v -0.038977 0.459235 0.921907
v -0.038977 0.521835 0.882234
v -0.038977 0.583751 0.843346
v -0.038977 0.643307 0.803873
v -0.320865 0.772387 0.669487
v -0.236299 0.772387 0.669487
v -0.264488 0.776261 0.664161
v -0.292677 0.776261 0.664161
v -0.320865 0.032747 2.319399
v -0.292677 0.033155 2.371224
v -0.264488 0.033630 2.431441
v -0.236299 0.033630 2.431441
v -0.208110 0.033155 2.371223
v -0.179921 0.032747 2.319399
v -0.208110 0.031291 2.112102
v -0.208110 0.031956 2.183918
v -0.179921 0.037088 2.182851
v -0.179921 0.034605 2.111413
v -0.264488 0.027441 2.112903
v -0.264488 0.025993 2.185159
v -0.236299 0.025993 2.185159
v -0.236299 0.027441 2.112903
v -0.320865 0.034605 2.111413
v -0.320865 0.037088 2.182851
v -0.292677 0.031956 2.183919
v -0.292677 0.031291 2.112102
v -0.172920 1.167330 1.370558
v -0.172920 1.095860 1.369294
v -0.173387 1.056023 1.386024
v -0.173853 0.974391 1.437346
v -0.174320 0.892760 1.488668
v -0.174787 0.811128 1.539990
v -0.175254 0.725446 1.581273
v -0.175720 0.644489 1.612954
v -0.176187 0.572172 1.645156
v -0.176654 0.506278 1.682114
v -0.177121 0.443449 1.726417
v -0.177587 0.379633 1.780734
v -0.178054 0.312479 1.843928
v -0.178521 0.243011 1.910799
v -0.178988 0.173542 1.977670
v -0.179454 0.104074 2.044541
v -0.179454 0.106556 2.115980
v -0.178988 0.176025 2.049109
v -0.178521 0.245493 1.982237
v -0.178054 0.314962 1.915366
v -0.177587 0.384430 1.848495
v -0.177121 0.449549 1.788643
v -0.176654 0.510423 1.740656
v -0.176187 0.572092 1.701493
v -0.175720 0.638619 1.668676
v -0.175254 0.713271 1.639229
v -0.174787 0.797490 1.606671
v -0.174320 0.880641 1.559115
v -0.173853 0.962273 1.507793
v -0.173387 1.043904 1.456471
v -0.264488 0.724538 0.729502
v -0.264488 0.750399 0.696832
v -0.292677 0.750399 0.696832
v -0.292677 0.724538 0.729502
v -0.236299 0.723246 0.731278
v -0.236299 0.747816 0.700382
v -0.320865 0.747816 0.700382
v -0.320865 0.723246 0.731278
v -0.229560 0.821120 0.757929
v -0.225413 0.900185 0.793838
v -0.223172 0.981315 0.814335
v -0.236291 1.062344 0.825552
v -0.247820 1.141742 0.833622
v -0.242730 1.214777 0.844894
v -0.213057 1.263580 0.866421
v -0.181879 1.286991 0.906547
v -0.167198 1.291938 0.973447
v -0.172482 1.275545 1.071352
v -0.192561 1.241056 1.202163
v -0.212433 1.170655 1.217155
v -0.229563 1.222418 1.106839
v -0.222156 1.238288 1.030740
v -0.229737 1.238070 0.978474
v -0.248589 1.220228 0.941985
v -0.267859 1.177278 0.917167
v -0.262441 1.106017 0.900075
v -0.234697 1.027112 0.885481
v -0.220352 0.949094 0.867446
v -0.223498 0.870176 0.839821
v -0.228592 0.793495 0.796451
v 0.299289 0.030080 1.981198
v 0.299289 0.698676 0.762173
v 0.299289 0.094817 1.270177
v 0.299289 0.064070 1.330801
v 0.299289 0.042696 1.393495
v 0.299289 0.030519 1.457385
v 0.299289 0.026262 1.521810
v 0.299289 0.026449 1.586574
v 0.299289 0.027483 1.651970
v 0.299289 0.028003 1.717816
v 0.299289 0.028522 1.783662
v 0.299289 0.029041 1.849507
v 0.299289 0.029560 1.915353
v 0.017401 0.698676 0.762173
v 0.045589 0.698676 0.762173
v 0.073778 0.698676 0.762173
v 0.101967 0.698676 0.762173
v 0.130156 0.698676 0.762173
v 0.158345 0.698676 0.762173
v 0.186534 0.698676 0.762173
v 0.214723 0.698676 0.762173
v 0.242911 0.698676 0.762173
v 0.271100 0.698676 0.762173
v 0.299289 0.643307 0.803873
v 0.299289 0.583751 0.843346
v 0.299289 0.521835 0.882234
v 0.299289 0.459235 0.921907
v 0.299289 0.397494 0.963425
v 0.299289 0.338004 1.007532
v 0.299289 0.281992 1.054662
v 0.299289 0.230479 1.104971
v 0.299289 0.180553 1.157544
v 0.299289 0.134184 1.212358
v 0.271100 0.030080 1.981198
v 0.242911 0.030080 1.981198
v 0.214723 0.030080 1.981198
v 0.186534 0.030080 1.981198
v 0.158345 0.030080 1.981198
v 0.130156 0.030080 1.981198
v 0.101967 0.030080 1.981198
v 0.073778 0.030080 1.981198
v 0.045589 0.030080 1.981198
v 0.017401 0.030080 1.981198
v 0.017401 0.096803 1.270661
v 0.045589 0.095953 1.270456
v 0.073778 0.095328 1.270303
v 0.101967 0.094946 1.270209
v 0.130156 0.094817 1.270177
v 0.158345 0.094817 1.270177
v 0.186534 0.094817 1.270177
v 0.214723 0.094817 1.270177
v 0.242911 0.094817 1.270177
v 0.271100 0.094817 1.270177
v 0.271100 0.029560 1.915353
v 0.271100 0.029041 1.849507
v 0.271100 0.028522 1.783662
v 0.271100 0.028003 1.717816
v 0.271100 0.027483 1.651970
v 0.271100 0.026449 1.586574
v 0.271100 0.026262 1.521809
v 0.271100 0.030519 1.457385
v 0.271100 0.042696 1.393495
v 0.271100 0.064070 1.330801
v 0.242911 0.029560 1.915353
v 0.242911 0.029041 1.849507
v 0.242911 0.028522 1.783662
v 0.242911 0.028003 1.717816
v 0.242911 0.027483 1.651970
v 0.242911 0.026449 1.586574
v 0.242911 0.026262 1.521809
v 0.242911 0.030519 1.457385
v 0.242911 0.042696 1.393495
v 0.242911 0.064070 1.330801
v 0.214723 0.029560 1.915353
v 0.214723 0.029041 1.849507
v 0.214723 0.028522 1.783662
v 0.214723 0.028003 1.717816
v 0.214723 0.027483 1.651970
v 0.214723 0.026449 1.586574
v 0.214723 0.026262 1.521809
v 0.214723 0.030519 1.457385
v 0.214723 0.042696 1.393495
v 0.214723 0.064070 1.330801
v 0.186534 0.029560 1.915353
v 0.186534 0.029041 1.849507
v 0.186534 0.028522 1.783662
v 0.186534 0.028003 1.717816
v 0.186534 0.027483 1.651970
v 0.186534 0.026449 1.586574
v 0.186534 0.026262 1.521809
v 0.186534 0.030519 1.457385
v 0.186534 0.042696 1.393495
v 0.186534 0.064070 1.330801
v 0.158345 0.029560 1.915353
v 0.158345 0.029041 1.849507
v 0.158345 0.028522 1.783662
v 0.158345 0.028003 1.717816
v 0.158345 0.027483 1.651970
v 0.158345 0.026449 1.586574
v 0.158345 0.026262 1.521809
v 0.158345 0.030519 1.457385
v 0.158345 0.042696 1.393495
v 0.158345 0.064070 1.330801
v 0.130156 0.029560 1.915353
v 0.130156 0.029041 1.849507
v 0.130156 0.028522 1.783662
v 0.130156 0.028003 1.717816
v 0.130156 0.027483 1.651970
v 0.130156 0.026449 1.586574
v 0.130156 0.026262 1.521809
v 0.130156 0.030519 1.457385
v 0.130156 0.042696 1.393495
v 0.130156 0.064070 1.330801
v 0.101967 0.029560 1.915353
v 0.101967 0.029041 1.849507
v 0.101967 0.028522 1.783662
v 0.101967 0.028003 1.717816
v 0.101967 0.027295 1.652059
v 0.101967 0.026360 1.586649
v 0.101967 0.026257 1.521866
v 0.101967 0.030578 1.457426
v 0.101967 0.042799 1.393528
v 0.101967 0.064196 1.330832
v 0.073778 0.029560 1.915353
v 0.073778 0.029041 1.849507
v 0.073778 0.028522 1.783662
v 0.073778 0.028003 1.717816
v 0.073778 0.026755 1.652306
v 0.073778 0.026099 1.586866
v 0.073778 0.026244 1.522030
v 0.073778 0.030756 1.457546
v 0.073778 0.043106 1.393625
v 0.073778 0.064570 1.330924
v 0.045589 0.029560 1.915353
v 0.045589 0.029041 1.849507
v 0.045589 0.028522 1.783662
v 0.045589 0.028003 1.717816
v 0.045589 0.026467 1.652421
v 0.045589 0.025682 1.587199
v 0.045589 0.026225 1.522286
v 0.045589 0.031049 1.457736
v 0.045589 0.043609 1.393780
v 0.045589 0.065182 1.331072
v 0.017401 0.029560 1.915353
v 0.017401 0.029041 1.849507
v 0.017401 0.028522 1.783662
v 0.017401 0.028003 1.717816
v 0.017401 0.026467 1.652421
v 0.017401 0.025130 1.587614
v 0.017401 0.026205 1.522611
v 0.017401 0.031450 1.457980
v 0.017401 0.044297 1.393984
v 0.017401 0.066017 1.331270
v 0.271100 0.134184 1.212358
v 0.271100 0.180553 1.157544
v 0.271100 0.230479 1.104971
v 0.271100 0.281992 1.054662
v 0.271100 0.338004 1.007532
v 0.271100 0.397494 0.963425
v 0.271100 0.459235 0.921907
v 0.271100 0.521835 0.882234
v 0.271100 0.583751 0.843346
v 0.271100 0.643307 0.803873
v 0.242911 0.134184 1.212358
v 0.242911 0.180553 1.157544
v 0.242911 0.230479 1.104971
v 0.242911 0.281992 1.054662
v 0.242911 0.338004 1.007532
v 0.242911 0.397494 0.963425
v 0.242911 0.459235 0.921907
v 0.242911 0.521835 0.882234
v 0.242911 0.583751 0.843346
v 0.242911 0.643307 0.803873
v 0.214723 0.134184 1.212358
v 0.214723 0.180553 1.157544
v 0.214723 0.230479 1.104971
v 0.214723 0.281992 1.054662
v 0.214723 0.338004 1.007532
v 0.214723 0.397494 0.963425
v 0.214723 0.459235 0.921907
v 0.214723 0.521835 0.882234
v 0.214723 0.583751 0.843346
v 0.214723 0.643307 0.803873
v 0.186534 0.134184 1.212358
v 0.186534 0.180553 1.157544
v 0.186534 0.230479 1.104971
v 0.186534 0.281992 1.054662
v 0.186534 0.338004 1.007532
v 0.186534 0.397494 0.963425
v 0.186534 0.459235 0.921907
v 0.186534 0.521835 0.882234
v 0.186534 0.583751 0.843346
v 0.186534 0.643307 0.803873
v 0.158345 0.134184 1.212358
v 0.158345 0.180553 1.157544
v 0.158345 0.230479 1.104971
v 0.158345 0.281992 1.054662
v 0.158345 0.338004 1.007532
v 0.158345 0.397494 0.963425
v 0.158345 0.459235 0.921907
v 0.158345 0.521835 0.882234
v 0.158345 0.583751 0.843346
v 0.158345 0.643307 0.803873
v 0.130156 0.134184 1.212358
v 0.130156 0.180553 1.157544
v 0.130156 0.230479 1.104971
v 0.130156 0.281992 1.054662
v 0.130156 0.338004 1.007532
v 0.130156 0.397494 0.963425
v 0.130156 0.459235 0.921907
v 0.130156 0.521835 0.882234
v 0.130156 0.583751 0.843346
v 0.130156 0.643307 0.803873
v 0.101967 0.134297 1.212388
v 0.101967 0.180633 1.157565
v 0.101967 0.230479 1.104971
v 0.101967 0.281992 1.054662
v 0.101967 0.338004 1.007532
v 0.101967 0.397494 0.963425
v 0.101967 0.459235 0.921907
v 0.101967 0.521835 0.882234
v 0.101967 0.583751 0.843346
v 0.101967 0.643307 0.803873
v 0.073778 0.134634 1.212477
v 0.073778 0.180867 1.157627
v 0.073778 0.230479 1.104971
v 0.073778 0.281992 1.054662
v 0.073778 0.338004 1.007532
v 0.073778 0.397494 0.963425
v 0.073778 0.459235 0.921907
v 0.073778 0.521835 0.882234
v 0.073778 0.583751 0.843346
v 0.073778 0.643307 0.803873
v 0.045589 0.135181 1.212622
v 0.045589 0.181243 1.157724
v 0.045589 0.230479 1.104971
v 0.045589 0.281992 1.054662
v 0.045589 0.338004 1.007532
v 0.045589 0.397494 0.963425
v 0.045589 0.459235 0.921907
v 0.045589 0.521835 0.882234
v 0.045589 0.583751 0.843346
v 0.045589 0.643307 0.803873
v 0.017401 0.135918 1.212815
v 0.017401 0.181738 1.157848
v 0.017401 0.230479 1.104971
v 0.017401 0.281992 1.054662
v 0.017401 0.338004 1.007532
v 0.017401 0.397494 0.963425
v 0.017401 0.459235 0.921907
v 0.017401 0.521835 0.882234
v 0.017401 0.583751 0.843346
v 0.017401 0.643307 0.803873
v 0.299289 0.772387 0.669487
v 0.214723 0.772387 0.669487
v 0.242911 0.776261 0.664161
v 0.271100 0.776261 0.664161
v 0.299289 0.032747 2.319399
v 0.271100 0.033155 2.371224
v 0.242911 0.033630 2.431441
v 0.214723 0.033630 2.431441
v 0.186534 0.033155 2.371223
v 0.158345 0.032747 2.319399
v 0.186534 0.031291 2.112102
v 0.186534 0.031956 2.183918
v 0.158345 0.037088 2.182851
v 0.158345 0.034605 2.111413
v 0.242911 0.027441 2.112903
v 0.242911 0.025993 2.185159
v 0.214723 0.025993 2.185159
v 0.214723 0.027441 2.112903
v 0.299289 0.034605 2.111413
v 0.299289 0.037088 2.182851
v 0.271100 0.031956 2.183919
v 0.271100 0.031291 2.112102
v 0.151343 1.167330 1.370558
v 0.151343 1.095860 1.369294
v 0.151810 1.056023 1.386024
v 0.152277 0.974391 1.437346
v 0.152744 0.892760 1.488668
v 0.153210 0.811128 1.539990
v 0.153677 0.725446 1.581273
v 0.154144 0.644489 1.612954
v 0.154611 0.572172 1.645156
v 0.155078 0.506278 1.682114
v 0.155544 0.443449 1.726417
v 0.156011 0.379633 1.780734
v 0.156478 0.312479 1.843928
v 0.156945 0.243011 1.910799
v 0.157411 0.173542 1.977670
v 0.157878 0.104074 2.044541
v 0.157878 0.106556 2.115980
v 0.157411 0.176025 2.049109
v 0.156945 0.245493 1.982237
v 0.156478 0.314962 1.915366
v 0.156011 0.384430 1.848495
v 0.155544 0.449549 1.788643
v 0.155077 0.510423 1.740656
v 0.154611 0.572092 1.701493
v 0.154144 0.638619 1.668676
v 0.153677 0.713271 1.639229
v 0.153210 0.797490 1.606671
v 0.152744 0.880641 1.559115
v 0.152277 0.962273 1.507793
v 0.151810 1.043904 1.456471
v 0.242911 0.724538 0.729502
v 0.242911 0.750399 0.696832
v 0.271100 0.750399 0.696832
v 0.271100 0.724538 0.729502
v 0.214723 0.723246 0.731278
v 0.214723 0.747816 0.700382
v 0.299289 0.747816 0.700382
v 0.299289 0.723246 0.731278
v 0.207984 0.821120 0.757929
v 0.203837 0.900185 0.793838
v 0.201596 0.981315 0.814335
v 0.214714 1.062344 0.825552
v 0.226243 1.141742 0.833622
v 0.221154 1.214777 0.844894
v 0.191481 1.263580 0.866421
v 0.160302 1.286991 0.906547
v 0.145621 1.291938 0.973447
v 0.150906 1.275545 1.071352
v 0.170984 1.241056 1.202163
v 0.190857 1.170655 1.217155
v 0.207986 1.222418 1.106839
v 0.200580 1.238288 1.030740
v 0.208161 1.238070 0.978474
v 0.227013 1.220228 0.941985
v 0.246282 1.177278 0.917167
v 0.240865 1.106017 0.900075
v 0.213121 1.027112 0.885481
v 0.198776 0.949094 0.867446
v 0.201922 0.870176 0.839821
v 0.207016 0.793495 0.796451
v -0.321032 0.015010 1.993217
v -0.320873 0.695433 0.750813
v -0.320865 0.084401 1.268057
v -0.010788 0.015007 1.993127
v -0.010788 0.699175 0.747552
v -0.010788 0.087394 1.268863
v -0.320865 0.051166 1.333566
v -0.320865 0.028348 1.400389
v -0.320865 0.015587 1.467152
v -0.320865 0.011196 1.533179
v -0.320865 0.011376 1.598522
v -0.320865 0.012411 1.663952
v -0.320865 0.012929 1.729745
v -0.320865 0.013449 1.795591
v -0.320865 0.013968 1.861436
v -0.320865 0.014487 1.927282
v -0.038977 0.699175 0.747552
v -0.067166 0.699175 0.747552
v -0.095355 0.699175 0.747552
v -0.123544 0.699175 0.747552
v -0.151732 0.699175 0.747552
v -0.179921 0.699175 0.747552
v -0.208110 0.699175 0.747552
v -0.236294 0.696693 0.749615
v -0.264484 0.695424 0.750822
v -0.292680 0.695424 0.750822
v -0.320865 0.644521 0.788730
v -0.320865 0.585945 0.827539
v -0.320865 0.524253 0.866284
v -0.320865 0.461311 0.906177
v -0.320865 0.398725 0.948269
v -0.320865 0.337893 0.993382
v -0.320865 0.280030 1.042085
v -0.320865 0.226912 1.093937
v -0.320865 0.175558 1.148030
v -0.320865 0.126789 1.205752
v -0.292858 0.015009 1.993127
v -0.264586 0.015007 1.992988
v -0.236201 0.015007 1.992988
v -0.207929 0.015009 1.993127
v -0.179810 0.015008 1.993188
v -0.151732 0.015007 1.993127
v -0.123544 0.015007 1.993127
v -0.095355 0.015007 1.993127
v -0.067166 0.015007 1.993127
v -0.038977 0.015007 1.993127
v -0.010788 0.013968 1.861436
v -0.010788 0.012931 1.729846
v -0.010788 0.017059 1.467750
v -0.010788 0.226630 1.094225
v -0.010788 0.337893 0.993382
v -0.010788 0.585945 0.827539
v -0.010788 0.644521 0.788730
v -0.010788 0.014487 1.927282
v -0.038702 0.086358 1.268597
v -0.066952 0.085522 1.268366
v -0.095208 0.084905 1.268197
v -0.123469 0.084527 1.268093
v -0.151714 0.084401 1.268058
v -0.179921 0.084401 1.268057
v -0.208110 0.084401 1.268057
v -0.236299 0.084401 1.268057
v -0.264488 0.084401 1.268057
v -0.292677 0.084401 1.268057
v -0.010788 0.176913 1.148942
v -0.010788 0.129238 1.206690
v -0.010788 0.011397 1.664543
v -0.010788 0.030862 1.400908
v -0.010788 0.398725 0.948269
v -0.010788 0.009889 1.599492
v -0.010788 0.054189 1.334183
v -0.010788 0.461311 0.906177
v -0.010788 0.013449 1.795591
v -0.010788 0.011133 1.534057
v -0.010788 0.280030 1.042085
v -0.010788 0.524253 0.866284
v -0.292677 0.014487 1.927282
v -0.292677 0.013968 1.861436
v -0.292677 0.013449 1.795591
v -0.292677 0.012929 1.729745
v -0.292677 0.012411 1.663952
v -0.292677 0.011376 1.598522
v -0.292677 0.011196 1.533179
v -0.292677 0.015587 1.467152
v -0.292677 0.028348 1.400389
v -0.292677 0.051166 1.333566
v -0.264488 0.014487 1.927282
v -0.264488 0.013968 1.861436
v -0.264488 0.013449 1.795591
v -0.264488 0.012929 1.729745
v -0.264488 0.012411 1.663952
v -0.264488 0.011376 1.598522
v -0.264488 0.011196 1.533179
v -0.264488 0.015587 1.467152
v -0.264488 0.028348 1.400389
v -0.264488 0.051166 1.333566
v -0.236299 0.014487 1.927282
v -0.236299 0.013968 1.861436
v -0.236299 0.013449 1.795591
v -0.236299 0.012929 1.729745
v -0.236299 0.012411 1.663952
v -0.236299 0.011376 1.598522
v -0.236299 0.011196 1.533179
v -0.236299 0.015587 1.467152
v -0.236299 0.028348 1.400389
v -0.236299 0.051166 1.333566
v -0.208110 0.014487 1.927282
v -0.208110 0.013968 1.861436
v -0.208110 0.013449 1.795591
v -0.208110 0.012929 1.729745
v -0.208110 0.012411 1.663952
v -0.208110 0.011376 1.598522
v -0.208110 0.011196 1.533179
v -0.208110 0.015587 1.467152
v -0.208110 0.028348 1.400389
v -0.208110 0.051166 1.333566
v -0.179921 0.014487 1.927282
v -0.179921 0.013968 1.861436
v -0.179921 0.013449 1.795591
v -0.179921 0.012929 1.729745
v -0.179921 0.012411 1.663952
v -0.179921 0.011376 1.598522
v -0.179921 0.011196 1.533179
v -0.179921 0.015587 1.467152
v -0.179921 0.028348 1.400389
v -0.179921 0.051166 1.333566
v -0.151732 0.014487 1.927282
v -0.151732 0.013968 1.861436
v -0.151732 0.013449 1.795591
v -0.151737 0.012930 1.729750
v -0.151744 0.012411 1.663954
v -0.151742 0.011376 1.598517
v -0.151733 0.011196 1.533175
v -0.151726 0.015587 1.467148
v -0.151719 0.028349 1.400385
v -0.151715 0.051167 1.333564
v -0.123544 0.014487 1.927282
v -0.123544 0.013968 1.861436
v -0.123544 0.013449 1.795591
v -0.123562 0.012930 1.729773
v -0.123589 0.012223 1.664053
v -0.123580 0.011287 1.598570
v -0.123546 0.011192 1.533211
v -0.123516 0.015649 1.467170
v -0.123491 0.028456 1.400403
v -0.123474 0.051296 1.333587
v -0.095355 0.014487 1.927282
v -0.095355 0.013968 1.861436
v -0.095355 0.013449 1.795591
v -0.095376 0.012930 1.729812
v -0.095414 0.011684 1.664326
v -0.095411 0.011026 1.598748
v -0.095360 0.011180 1.533327
v -0.095301 0.015833 1.467247
v -0.095251 0.028772 1.400466
v -0.095217 0.051677 1.333663
v -0.067166 0.014487 1.927282
v -0.067166 0.013968 1.861436
v -0.067166 0.013449 1.795591
v -0.067173 0.012931 1.729839
v -0.067205 0.011396 1.664482
v -0.067223 0.010609 1.599054
v -0.067172 0.011165 1.533504
v -0.067086 0.016136 1.467365
v -0.067013 0.029291 1.400565
v -0.066964 0.052302 1.333785
v -0.038977 0.014487 1.927282
v -0.038977 0.013968 1.861436
v -0.038977 0.013449 1.795591
v -0.038977 0.012931 1.729846
v -0.038995 0.011397 1.664525
v -0.039014 0.010056 1.599462
v -0.038970 0.011149 1.533735
v -0.038873 0.016551 1.467512
v -0.038779 0.030002 1.400692
v -0.038717 0.053155 1.333948
v -0.292677 0.126789 1.205752
v -0.292677 0.175558 1.148030
v -0.292677 0.226912 1.093937
v -0.292677 0.280030 1.042085
v -0.292677 0.337893 0.993382
v -0.292677 0.398725 0.948269
v -0.292677 0.461311 0.906177
v -0.292677 0.524253 0.866284
v -0.292677 0.585945 0.827539
v -0.292677 0.644521 0.788730
v -0.264488 0.126789 1.205752
v -0.264488 0.175558 1.148030
v -0.264488 0.226912 1.093937
v -0.264488 0.280030 1.042085
v -0.264488 0.337893 0.993382
v -0.264488 0.398725 0.948269
v -0.264488 0.461311 0.906177
v -0.264488 0.524253 0.866284
v -0.264488 0.585945 0.827539
v -0.264488 0.644521 0.788730
v -0.236299 0.126789 1.205752
v -0.236299 0.175558 1.148030
v -0.236299 0.226912 1.093937
v -0.236299 0.280030 1.042085
v -0.236299 0.337893 0.993382
v -0.236299 0.398725 0.948269
v -0.236299 0.461311 0.906177
v -0.236299 0.524253 0.866284
v -0.236299 0.585945 0.827539
v -0.236299 0.644521 0.788730
v -0.208110 0.126789 1.205752
v -0.208110 0.175558 1.148030
v -0.208110 0.226912 1.093937
v -0.208110 0.280030 1.042085
v -0.208110 0.337893 0.993382
v -0.208110 0.398725 0.948269
v -0.208110 0.461311 0.906177
v -0.208110 0.524253 0.866284
v -0.208110 0.585945 0.827539
v -0.208110 0.644521 0.788730
v -0.179921 0.126789 1.205752
v -0.179921 0.175558 1.148030
v -0.179921 0.226912 1.093937
v -0.179921 0.280030 1.042085
v -0.179921 0.337893 0.993382
v -0.179921 0.398725 0.948269
v -0.179921 0.461311 0.906177
v -0.179921 0.524253 0.866284
v -0.179921 0.585945 0.827539
v -0.179921 0.644521 0.788730
v -0.151716 0.126787 1.205755
v -0.151723 0.175552 1.148036
v -0.151730 0.226908 1.093940
v -0.151732 0.280030 1.042085
v -0.151732 0.337893 0.993382
v -0.151732 0.398725 0.948269
v -0.151732 0.461311 0.906177
v -0.151732 0.524253 0.866284
v -0.151732 0.585945 0.827539
v -0.151732 0.644521 0.788730
v -0.123480 0.126889 1.205801
v -0.123505 0.175605 1.148087
v -0.123533 0.226890 1.093959
v -0.123544 0.280030 1.042085
v -0.123544 0.337893 0.993382
v -0.123544 0.398725 0.948269
v -0.123544 0.461311 0.906177
v -0.123544 0.524253 0.866284
v -0.123544 0.585945 0.827539
v -0.123544 0.644521 0.788730
v -0.095229 0.127198 1.205927
v -0.095280 0.175777 1.148219
v -0.095334 0.226846 1.094004
v -0.095355 0.280030 1.042085
v -0.095355 0.337893 0.993382
v -0.095355 0.398725 0.948269
v -0.095355 0.461311 0.906177
v -0.095355 0.524253 0.866284
v -0.095355 0.585945 0.827539
v -0.095355 0.644521 0.788730
v -0.066984 0.127700 1.206133
v -0.067058 0.176050 1.148433
v -0.067136 0.226775 1.094076
v -0.067166 0.280030 1.042085
v -0.067166 0.337893 0.993382
v -0.067166 0.398725 0.948269
v -0.067166 0.461311 0.906177
v -0.067166 0.524253 0.866284
v -0.067166 0.585945 0.827539
v -0.067166 0.644521 0.788730
v -0.038745 0.128372 1.206415
v -0.038842 0.176406 1.148716
v -0.038940 0.226682 1.094172
v -0.038977 0.280030 1.042085
v -0.038977 0.337893 0.993382
v -0.038977 0.398725 0.948269
v -0.038977 0.461311 0.906177
v -0.038977 0.524253 0.866284
v -0.038977 0.585945 0.827539
v -0.038977 0.644521 0.788730
v -0.320936 0.765603 0.662095
v -0.236228 0.765603 0.662095
v -0.264453 0.769461 0.656790
v -0.292711 0.769461 0.656790
v -0.321297 0.017690 2.331078
v -0.293298 0.018117 2.383204
v -0.264678 0.018565 2.443627
v -0.236108 0.018565 2.443627
v -0.207488 0.018117 2.383203
v -0.179490 0.017690 2.331078
v -0.207466 0.016254 2.124006
v -0.207373 0.016930 2.195803
v -0.175641 0.023705 2.193413
v -0.175070 0.021746 2.121748
v -0.264831 0.012379 2.124545
v -0.264910 0.010935 2.197049
v -0.235877 0.010935 2.197049
v -0.235956 0.012379 2.124545
v -0.321463 0.019566 2.123500
v -0.321495 0.022049 2.194718
v -0.293414 0.016930 2.195803
v -0.293320 0.016254 2.124006
v -0.163951 1.167922 1.366357
v -0.163704 1.096096 1.367186
v -0.164085 1.055880 1.386156
v -0.164551 0.974256 1.437429
v -0.165018 0.892625 1.488749
v -0.165485 0.811000 1.540064
v -0.165952 0.725315 1.581351
v -0.166419 0.644337 1.613059
v -0.166885 0.571999 1.645291
v -0.167352 0.506095 1.682267
v -0.167819 0.443269 1.726570
v -0.168286 0.379463 1.780877
v -0.168752 0.312315 1.844063
v -0.169219 0.242847 1.910932
v -0.169686 0.173379 1.977803
v -0.170153 0.103910 2.044674
v -0.170153 0.106393 2.116113
v -0.169686 0.175862 2.049242
v -0.169219 0.245330 1.982370
v -0.168752 0.314798 1.915501
v -0.168286 0.384260 1.848638
v -0.167819 0.449369 1.788797
v -0.167352 0.510240 1.740808
v -0.166885 0.571923 1.701624
v -0.166418 0.638472 1.668776
v -0.165952 0.713141 1.639306
v -0.165485 0.797362 1.606745
v -0.165018 0.880507 1.559196
v -0.164551 0.962137 1.507875
v -0.164085 1.043761 1.456604
v -0.264473 0.717738 0.722130
v -0.264459 0.743600 0.689460
v -0.292705 0.743600 0.689460
v -0.292691 0.717738 0.722130
v -0.232344 0.717228 0.724434
v -0.232094 0.741894 0.693627
v -0.320922 0.741033 0.692990
v -0.320893 0.716462 0.723885
v -0.220291 0.821137 0.756723
v -0.216151 0.900692 0.792210
v -0.213935 0.983101 0.812948
v -0.227269 1.064192 0.827101
v -0.239182 1.139587 0.840190
v -0.235327 1.206300 0.854736
v -0.207456 1.251546 0.875859
v -0.177100 1.274130 0.915356
v -0.162559 1.278972 0.982095
v -0.166834 1.263893 1.077876
v -0.184249 1.236796 1.200535
v -0.204218 1.165843 1.216033
v -0.223686 1.211135 1.112824
v -0.217516 1.225325 1.039376
v -0.224940 1.225225 0.987295
v -0.242848 1.208370 0.951525
v -0.260470 1.168754 0.927015
v -0.253861 1.103376 0.907047
v -0.225670 1.028991 0.886951
v -0.211115 0.950865 0.866053
v -0.214236 0.870684 0.838193
v -0.219323 0.793512 0.795245
v 0.299456 0.015010 1.993217
v 0.299296 0.695433 0.750813
v 0.299289 0.084401 1.268057
v 0.299289 0.051166 1.333566
v 0.299289 0.028348 1.400389
v 0.299289 0.015587 1.467152
v 0.299289 0.011196 1.533179
v 0.299289 0.011376 1.598522
v 0.299289 0.012411 1.663952
v 0.299289 0.012929 1.729745
v 0.299289 0.013449 1.795591
v 0.299289 0.013968 1.861436
v 0.299289 0.014487 1.927282
v 0.017401 0.699175 0.747552
v 0.045589 0.699175 0.747552
v 0.073778 0.699175 0.747552
v 0.101967 0.699175 0.747552
v 0.130156 0.699175 0.747552
v 0.158345 0.699175 0.747552
v 0.186534 0.699175 0.747552
v 0.214718 0.696693 0.749615
v 0.242908 0.695424 0.750822
v 0.271104 0.695424 0.750822
v 0.299289 0.644521 0.788730
v 0.299289 0.585945 0.827539
v 0.299289 0.524253 0.866284
v 0.299289 0.461311 0.906177
v 0.299289 0.398725 0.948269
v 0.299289 0.337893 0.993382
v 0.299289 0.280030 1.042085
v 0.299289 0.226912 1.093937
v 0.299289 0.175558 1.148030
v 0.299289 0.126789 1.205752
v 0.271282 0.015009 1.993127
v 0.243010 0.015007 1.992988
v 0.214624 0.015007 1.992988
v 0.186352 0.015009 1.993127
v 0.158234 0.015008 1.993188
v 0.130156 0.015007 1.993127
v 0.101967 0.015007 1.993127
v 0.073778 0.015007 1.993127
v 0.045589 0.015007 1.993127
v 0.017401 0.015007 1.993127
v 0.017126 0.086358 1.268597
v 0.045375 0.085522 1.268366
v 0.073632 0.084905 1.268197
v 0.101893 0.084527 1.268093
v 0.130137 0.084401 1.268058
v 0.158345 0.084401 1.268057
v 0.186534 0.084401 1.268057
v 0.214723 0.084401 1.268057
v 0.242911 0.084401 1.268057
v 0.271100 0.084401 1.268057
v 0.271100 0.014487 1.927282
v 0.271100 0.013968 1.861436
v 0.271100 0.013449 1.795591
v 0.271100 0.012929 1.729745
v 0.271100 0.012411 1.663952
v 0.271100 0.011376 1.598522
v 0.271100 0.011196 1.533179
v 0.271100 0.015587 1.467152
v 0.271100 0.028348 1.400389
v 0.271100 0.051166 1.333566
v 0.242911 0.014487 1.927282
v 0.242911 0.013968 1.861436
v 0.242911 0.013449 1.795591
v 0.242911 0.012929 1.729745
v 0.242911 0.012411 1.663952
v 0.242911 0.011376 1.598522
v 0.242911 0.011196 1.533179
v 0.242911 0.015587 1.467152
v 0.242911 0.028348 1.400389
v 0.242911 0.051166 1.333566
v 0.214723 0.014487 1.927282
v 0.214723 0.013968 1.861436
v 0.214723 0.013449 1.795591
v 0.214723 0.012929 1.729745
v 0.214723 0.012411 1.663952
v 0.214723 0.011376 1.598522
v 0.214723 0.011196 1.533179
v 0.214723 0.015587 1.467152
v 0.214723 0.028348 1.400389
v 0.214723 0.051166 1.333566
v 0.186534 0.014487 1.927282
v 0.186534 0.013968 1.861436
v 0.186534 0.013449 1.795591
v 0.186534 0.012929 1.729745
v 0.186534 0.012411 1.663952
v 0.186534 0.011376 1.598522
v 0.186534 0.011196 1.533179
v 0.186534 0.015587 1.467152
v 0.186534 0.028348 1.400389
v 0.186534 0.051166 1.333566
v 0.158345 0.014487 1.927282
v 0.158345 0.013968 1.861436
v 0.158345 0.013449 1.795591
v 0.158345 0.012929 1.729745
v 0.158345 0.012411 1.663952
v 0.158345 0.011376 1.598522
v 0.158345 0.011196 1.533179
v 0.158345 0.015587 1.467152
v 0.158345 0.028348 1.400389
v 0.158345 0.051166 1.333566
v 0.130156 0.014487 1.927282
v 0.130156 0.013968 1.861436
v 0.130156 0.013449 1.795591
v 0.130161 0.012930 1.729750
v 0.130168 0.012411 1.663954
v 0.130165 0.011376 1.598517
v 0.130157 0.011196 1.533175
v 0.130149 0.015587 1.467148
v 0.130143 0.028349 1.400385
v 0.130138 0.051167 1.333564
v 0.101967 0.014487 1.927282
v 0.101967 0.013968 1.861436
v 0.101967 0.013449 1.795591
v 0.101986 0.012930 1.729773
v 0.102013 0.012223 1.664053
v 0.102004 0.011287 1.598570
v 0.101970 0.011192 1.533211
v 0.101940 0.015649 1.467170
v 0.101915 0.028456 1.400403
v 0.101897 0.051296 1.333587
v 0.073778 0.014487 1.927282
v 0.073778 0.013968 1.861436
v 0.073778 0.013449 1.795591
v 0.073799 0.012930 1.729812
v 0.073837 0.011684 1.664326
v 0.073835 0.011026 1.598748
v 0.073783 0.011180 1.533327
v 0.073724 0.015833 1.467247
v 0.073674 0.028772 1.400466
v 0.073641 0.051677 1.333663
v 0.045589 0.014487 1.927282
v 0.045589 0.013968 1.861436
v 0.045589 0.013449 1.795591
v 0.045597 0.012931 1.729839
v 0.045629 0.011396 1.664482
v 0.045647 0.010609 1.599054
v 0.045595 0.011165 1.533504
v 0.045509 0.016136 1.467365
v 0.045437 0.029291 1.400565
v 0.045388 0.052302 1.333785
v 0.017401 0.014487 1.927282
v 0.017401 0.013968 1.861436
v 0.017401 0.013449 1.795591
v 0.017401 0.012931 1.729846
v 0.017419 0.011397 1.664525
v 0.017438 0.010056 1.599462
v 0.017394 0.011149 1.533735
v 0.017296 0.016551 1.467512
v 0.017203 0.030002 1.400692
v 0.017140 0.053155 1.333948
v 0.271100 0.126789 1.205752
v 0.271100 0.175558 1.148030
v 0.271100 0.226912 1.093937
v 0.271100 0.280030 1.042085
v 0.271100 0.337893 0.993382
v 0.271100 0.398725 0.948269
v 0.271100 0.461311 0.906177
v 0.271100 0.524253 0.866284
v 0.271100 0.585945 0.827539
v 0.271100 0.644521 0.788730
v 0.242911 0.126789 1.205752
v 0.242911 0.175558 1.148030
v 0.242911 0.226912 1.093937
v 0.242911 0.280030 1.042085
v 0.242911 0.337893 0.993382
v 0.242911 0.398725 0.948269
v 0.242911 0.461311 0.906177
v 0.242911 0.524253 0.866284
v 0.242911 0.585945 0.827539
v 0.242911 0.644521 0.788730
v 0.214723 0.126789 1.205752
v 0.214723 0.175558 1.148030
v 0.214723 0.226912 1.093937
v 0.214723 0.280030 1.042085
v 0.214723 0.337893 0.993382
v 0.214723 0.398725 0.948269
v 0.214723 0.461311 0.906177
v 0.214723 0.524253 0.866284
v 0.214723 0.585945 0.827539
v 0.214723 0.644521 0.788730
v 0.186534 0.126789 1.205752
v 0.186534 0.175558 1.148030
v 0.186534 0.226912 1.093937
v 0.186534 0.280030 1.042085
v 0.186534 0.337893 0.993382
v 0.186534 0.398725 0.948269
v 0.186534 0.461311 0.906177
v 0.186534 0.524253 0.866284
v 0.186534 0.585945 0.827539
v 0.186534 0.644521 0.788730
v 0.158345 0.126789 1.205752
v 0.158345 0.175558 1.148030
v 0.158345 0.226912 1.093937
v 0.158345 0.280030 1.042085
v 0.158345 0.337893 0.993382
v 0.158345 0.398725 0.948269
v 0.158345 0.461311 0.906177
v 0.158345 0.524253 0.866284
v 0.158345 0.585945 0.827539
v 0.158345 0.644521 0.788730
v 0.130140 0.126787 1.205755
v 0.130146 0.175552 1.148036
v 0.130153 0.226908 1.093940
v 0.130156 0.280030 1.042085
v 0.130156 0.337893 0.993382
v 0.130156 0.398725 0.948269
v 0.130156 0.461311 0.906177
v 0.130156 0.524253 0.866284
v 0.130156 0.585945 0.827539
v 0.130156 0.644521 0.788730
v 0.101903 0.126889 1.205801
v 0.101929 0.175605 1.148087
v 0.101956 0.226890 1.093959
v 0.101967 0.280030 1.042085
v 0.101967 0.337893 0.993382
v 0.101967 0.398725 0.948269
v 0.101967 0.461311 0.906177
v 0.101967 0.524253 0.866284
v 0.101967 0.585945 0.827539
v 0.101967 0.644521 0.788730
v 0.073653 0.127198 1.205927
v 0.073704 0.175777 1.148219
v 0.073757 0.226846 1.094004
v 0.073778 0.280030 1.042085
v 0.073778 0.337893 0.993382
v 0.073778 0.398725 0.948269
v 0.073778 0.461311 0.906177
v 0.073778 0.524253 0.866284
v 0.073778 0.585945 0.827539
v 0.073778 0.644521 0.788730
v 0.045407 0.127700 1.206133
v 0.045482 0.176050 1.148433
v 0.045560 0.226775 1.094076
v 0.045589 0.280030 1.042085
v 0.045589 0.337893 0.993382
v 0.045589 0.398725 0.948269
v 0.045589 0.461311 0.906177
v 0.045589 0.524253 0.866284
v 0.045589 0.585945 0.827539
v 0.045589 0.644521 0.788730
v 0.017169 0.128372 1.206415
v 0.017266 0.176406 1.148716
v 0.017364 0.226682 1.094172
v 0.017401 0.280030 1.042085
v 0.017401 0.337893 0.993382
v 0.017401 0.398725 0.948269
v 0.017401 0.461311 0.906177
v 0.017401 0.524253 0.866284
v 0.017401 0.585945 0.827539
v 0.017401 0.644521 0.788730
v 0.299360 0.765603 0.662095
v 0.214652 0.765603 0.662095
v 0.242877 0.769461 0.656790
v 0.271134 0.769461 0.656790
v 0.299721 0.017690 2.331078
v 0.271722 0.018117 2.383204
v 0.243102 0.018565 2.443627
v 0.214532 0.018565 2.443627
v 0.185912 0.018117 2.383203
v 0.157913 0.017690 2.331078
v 0.185890 0.016254 2.124006
v 0.185796 0.016930 2.195803
v 0.154064 0.023705 2.193413
v 0.153494 0.021746 2.121748
v 0.243254 0.012379 2.124545
v 0.243333 0.010935 2.197049
v 0.214301 0.010935 2.197049
v 0.214380 0.012379 2.124545
v 0.299886 0.019566 2.123500
v 0.299919 0.022049 2.194718
v 0.271838 0.016930 2.195803
v 0.271744 0.016254 2.124006
v 0.142375 1.167922 1.366357
v 0.142127 1.096096 1.367186
v 0.142508 1.055880 1.386156
v 0.142975 0.974256 1.437429
v 0.143442 0.892625 1.488749
v 0.143908 0.811000 1.540064
v 0.144375 0.725315 1.581351
v 0.144842 0.644337 1.613059
v 0.145309 0.571999 1.645291
v 0.145776 0.506095 1.682267
v 0.146243 0.443269 1.726570
v 0.146709 0.379463 1.780877
v 0.147176 0.312315 1.844063
v 0.147643 0.242847 1.910932
v 0.148110 0.173379 1.977803
v 0.148576 0.103910 2.044674
v 0.148576 0.106393 2.116113
v 0.148110 0.175862 2.049242
v 0.147643 0.245330 1.982370
v 0.147176 0.314798 1.915501
v 0.146709 0.384260 1.848638
v 0.146243 0.449369 1.788797
v 0.145776 0.510240 1.740808
v 0.145309 0.571923 1.701624
v 0.144842 0.638472 1.668776
v 0.144375 0.713141 1.639306
v 0.143908 0.797362 1.606745
v 0.143442 0.880507 1.559196
v 0.142975 0.962137 1.507875
v 0.142508 1.043761 1.456604
v 0.242897 0.717738 0.722130
v 0.242883 0.743600 0.689460
v 0.271129 0.743600 0.689460
v 0.271115 0.717738 0.722130
v 0.210768 0.717228 0.724434
v 0.210517 0.741894 0.693627
v 0.299345 0.741033 0.692990
v 0.299317 0.716462 0.723885
v 0.198714 0.821137 0.756723
v 0.194574 0.900692 0.792210
v 0.192359 0.983101 0.812948
v 0.205692 1.064192 0.827101
v 0.217606 1.139587 0.840190
v 0.213750 1.206300 0.854736
v 0.185880 1.251546 0.875859
v 0.155524 1.274130 0.915356
v 0.140982 1.278972 0.982095
v 0.145258 1.263893 1.077876
v 0.162673 1.236796 1.200535
v 0.182642 1.165843 1.216033
v 0.202109 1.211135 1.112824
v 0.195940 1.225325 1.039376
v 0.203364 1.225225 0.987295
v 0.221271 1.208370 0.951525
v 0.238893 1.168754 0.927015
v 0.232284 1.103376 0.907047
v 0.204094 1.028991 0.886951
v 0.189538 0.950865 0.866053
v 0.192659 0.870684 0.838193
v 0.197746 0.793512 0.795245
vt 0.454545 0.954545
vt 0.500000 0.954545
vt 0.500000 1.000000
vt 0.454545 1.000000
vt 0.454545 0.454545
vt 0.500000 0.454545
vt 0.500000 0.500000
vt 0.454545 0.500000
vt 0.000000 0.454545
vt 0.045455 0.454545
vt 0.045455 0.500000
vt 0.000000 0.500000
vt 0.090909 0.454545
vt 0.090909 0.500000
vt 0.136364 0.454545
vt 0.136364 0.500000
vt 0.181818 0.454545
vt 0.181818 0.500000
vt 0.227273 0.454545
vt 0.227273 0.500000
vt 0.272727 0.454545
vt 0.272727 0.500000
vt 0.318182 0.454545
vt 0.318182 0.500000
vt 0.363636 0.454545
vt 0.363636 0.500000
vt 0.409091 0.454545
vt 0.409091 0.500000
vt 0.000000 0.000000
vt 0.045455 0.000000
vt 0.045455 0.045455
vt 0.000000 0.045455
vt 0.045455 0.090909
vt 0.000000 0.090909
vt 0.045455 0.136364
vt 0.000000 0.136364
vt 0.045455 0.181818
vt 0.000000 0.181818
vt 0.045455 0.227273
vt 0.000000 0.227273
vt 0.045455 0.272727
vt 0.000000 0.272727
vt 0.045455 0.318182
vt 0.000000 0.318182
vt 0.045455 0.363636
vt 0.000000 0.363636
vt 0.045455 0.409091
vt 0.000000 0.409091
vt 0.090909 0.000000
vt 0.090909 0.045455
vt 0.090909 0.090909
vt 0.090909 0.136364
vt 0.090909 0.181818
vt 0.090909 0.227273
vt 0.090909 0.272727
vt 0.090909 0.318182
vt 0.090909 0.363636
vt 0.090909 0.409091
vt 0.136364 0.000000
vt 0.136364 0.045455
vt 0.136364 0.090909
vt 0.136364 0.136364
vt 0.136364 0.181818
vt 0.136364 0.227273
vt 0.136364 0.272727
vt 0.136364 0.318182
vt 0.136364 0.363636
vt 0.136364 0.409091
vt 0.181818 0.000000
vt 0.181818 0.045455
vt 0.181818 0.090909
vt 0.181818 0.136364
vt 0.181818 0.181818
vt 0.181818 0.227273
vt 0.181818 0.272727
vt 0.181818 0.318182
vt 0.181818 0.363636
vt 0.181818 0.409091
vt 0.227273 0.000000
vt 0.227273 0.045455
vt 0.227273 0.090909
vt 0.227273 0.136364
vt 0.227273 0.181818
vt 0.227273 0.227273
vt 0.227273 0.272727
vt 0.227273 0.318182
vt 0.227273 0.363636
vt 0.227273 0.409091
vt 0.272727 0.000000
vt 0.272727 0.045455
vt 0.272727 0.090909
vt 0.272727 0.136364
vt 0.272727 0.181818
vt 0.272727 0.227273
vt 0.272727 0.272727
vt 0.272727 0.318182
vt 0.272727 0.363636
vt 0.272727 0.409091
vt 0.318182 0.000000
vt 0.318182 0.045455
vt 0.318182 0.090909
vt 0.318182 0.136364
vt 0.318182 0.181818
vt 0.318182 0.227273
vt 0.318182 0.272727
vt 0.318182 0.318182
vt 0.318182 0.363636
vt 0.318182 0.409091
vt 0.363636 0.000000
vt 0.363636 0.045455
vt 0.363636 0.090909
vt 0.363636 0.136364
vt 0.363636 0.181818
vt 0.363636 0.227273
vt 0.363636 0.272727
vt 0.363636 0.318182
vt 0.363636 0.363636
vt 0.363636 0.409091
vt 0.409091 0.000000
vt 0.409091 0.045455
vt 0.409091 0.090909
vt 0.409091 0.136364
vt 0.409091 0.181818
vt 0.409091 0.227273
vt 0.409091 0.272727
vt 0.409091 0.318182
vt 0.409091 0.363636
vt 0.409091 0.409091
vt 0.454545 0.000000
vt 0.454545 0.045455
vt 0.454545 0.090909
vt 0.454545 0.136364
vt 0.454545 0.181818
vt 0.454545 0.227273
vt 0.454545 0.272727
vt 0.454545 0.318182
vt 0.454545 0.363636
vt 0.454545 0.409091
vt 0.500000 0.000000
vt 0.500000 0.045455
vt 0.500000 0.090909
vt 0.500000 0.136364
vt 0.500000 0.181818
vt 0.500000 0.227273
vt 0.500000 0.272727
vt 0.500000 0.318182
vt 0.500000 0.363636
vt 0.500000 0.409091
vt 0.000000 0.954545
vt 0.045455 0.954545
vt 0.045455 1.000000
vt 0.000000 1.000000
vt 0.090909 0.954545
vt 0.090909 1.000000
vt 0.136364 0.954545
vt 0.136364 1.000000
vt 0.181818 0.954545
vt 0.181818 1.000000
vt 0.227273 0.954545
vt 0.227273 1.000000
vt 0.272727 0.954545
vt 0.272727 1.000000
vt 0.318182 0.954545
vt 0.318182 1.000000
vt 0.363636 0.954545
vt 0.363636 1.000000
vt 0.409091 0.954545
vt 0.409091 1.000000
vt 0.045455 0.545455
vt 0.000000 0.545455
vt 0.045455 0.590909
vt 0.000000 0.590909
vt 0.045455 0.636364
vt 0.000000 0.636364
vt 0.045455 0.681818
vt 0.000000 0.681818
vt 0.045455 0.727273
vt 0.000000 0.727273
vt 0.045455 0.772727
vt 0.000000 0.772727
vt 0.045455 0.818182
vt 0.000000 0.818182
vt 0.045455 0.863636
vt 0.000000 0.863636
vt 0.045455 0.909091
vt 0.000000 0.909091
vt 0.090909 0.545455
vt 0.090909 0.590909
vt 0.090909 0.636364
vt 0.090909 0.681818
vt 0.090909 0.727273
vt 0.090909 0.772727
vt 0.090909 0.818182
vt 0.090909 0.863636
vt 0.090909 0.909091
vt 0.136364 0.545455
vt 0.136364 0.590909
vt 0.136364 0.636364
vt 0.136364 0.681818
vt 0.136364 0.727273
vt 0.136364 0.772727
vt 0.136364 0.818182
vt 0.136364 0.863636
vt 0.136364 0.909091
vt 0.181818 0.545455
vt 0.181818 0.590909
vt 0.181818 0.636364
vt 0.181818 0.681818
vt 0.181818 0.727273
vt 0.181818 0.772727
vt 0.181818 0.818182
vt 0.181818 0.863636
vt 0.181818 0.909091
vt 0.227273 0.545455
vt 0.227273 0.590909
vt 0.227273 0.636364
vt 0.227273 0.681818
vt 0.227273 0.727273
vt 0.227273 0.772727
vt 0.227273 0.818182
vt 0.227273 0.863636
vt 0.227273 0.909091
vt 0.272727 0.545455
vt 0.272727 0.590909
vt 0.272727 0.636364
vt 0.272727 0.681818
vt 0.272727 0.727273
vt 0.272727 0.772727
vt 0.272727 0.818182
vt 0.272727 0.863636
vt 0.272727 0.909091
vt 0.318182 0.545455
vt 0.318182 0.590909
vt 0.318182 0.636364
vt 0.318182 0.681818
vt 0.318182 0.727273
vt 0.318182 0.772727
vt 0.318182 0.818182
vt 0.318182 0.863636
vt 0.318182 0.909091
vt 0.363636 0.545455
vt 0.363636 0.590909
vt 0.363636 0.636364
vt 0.363636 0.681818
vt 0.363636 0.727273
vt 0.363636 0.772727
vt 0.363636 0.818182
vt 0.363636 0.863636
vt 0.363636 0.909091
vt 0.409091 0.545455
vt 0.409091 0.590909
vt 0.409091 0.636364
vt 0.409091 0.681818
vt 0.409091 0.727273
vt 0.409091 0.772727
vt 0.409091 0.818182
vt 0.409091 0.863636
vt 0.409091 0.909091
vt 0.454545 0.545455
vt 0.454545 0.590909
vt 0.454545 0.636364
vt 0.454545 0.681818
vt 0.454545 0.727273
vt 0.454545 0.772727
vt 0.454545 0.818182
vt 0.454545 0.863636
vt 0.454545 0.909091
vt 0.500000 0.545455
vt 0.500000 0.590909
vt 0.500000 0.636364
vt 0.500000 0.681818
vt 0.500000 0.727273
vt 0.500000 0.772727
vt 0.500000 0.818182
vt 0.500000 0.863636
vt 0.500000 0.909091
vt 0.045455 1.000000
vt 0.090909 1.000000
vt 0.090909 1.000000
vt 0.045455 1.000000
vt 0.136364 1.000000
vt 0.136364 1.000000
vt 0.000000 1.000000
vt 0.000000 1.000000
vt 0.227273 0.000000
vt 0.181818 0.000000
vt 0.181818 0.000000
vt 0.227273 0.000000
vt 0.136364 0.000000
vt 0.090909 0.000000
vt 0.090909 0.000000
vt 0.136364 0.000000
vt 0.045455 0.000000
vt 0.000000 0.000000
vt 0.000000 0.000000
vt 0.045455 0.000000
vt 0.045455 0.000000
vt 0.090909 0.000000
vt 0.136364 0.000000
vt 0.181818 0.000000
vt 0.000000 0.000000
vt 0.227273 0.000000
vt 0.227273 0.000000
vt 0.227273 0.000000
vt 0.227273 0.000000
vt 0.227273 0.000000
vt 0.227273 0.000000
vt 0.227273 0.000000
vt 0.227273 0.000000
vt 0.227273 0.000000
vt 0.227273 0.000000
vt 0.227273 0.000000
vt 0.227273 0.000000
vt 0.227273 0.000000
vt 0.227273 0.000000
vt 0.227273 0.000000
vt 0.227273 0.000000
vt 0.227273 0.000000
vt 0.227273 0.000000
vt 0.227273 0.000000
vt 0.227273 0.000000
vt 0.227273 0.000000
vt 0.227273 0.000000
vt 0.227273 0.000000
vt 0.227273 0.000000
vt 0.227273 0.000000
vt 0.227273 0.000000
vt 0.227273 0.000000
vt 0.227273 0.000000
vt 0.227273 0.000000
vt 0.227273 0.000000
vt 0.227273 0.000000
vt 0.045455 1.000000
vt 0.000000 1.000000
vt 0.136364 1.000000
vt 0.090909 1.000000
vt 0.143939 0.916667
vt 0.143939 0.916667
vt 0.151515 0.833333
vt 0.151515 0.833333
vt 0.159091 0.750000
vt 0.159091 0.750000
vt 0.166667 0.666667
vt 0.166667 0.666667
vt 0.174242 0.583333
vt 0.174242 0.583333
vt 0.181818 0.500000
vt 0.181818 0.500000
vt 0.189394 0.416667
vt 0.189394 0.416667
vt 0.196970 0.333333
vt 0.196970 0.333333
vt 0.204545 0.250000
vt 0.204545 0.250000
vt 0.212121 0.166667
vt 0.212121 0.166667
vt 0.219697 0.083333
vt 0.219697 0.083333
vt 0.454545 0.954545
vt 0.454545 1.000000
vt 0.454545 0.454545
vt 0.454545 0.500000
vt 0.000000 0.454545
vt 0.000000 0.500000
vt 0.045455 0.500000
vt 0.045455 0.454545
vt 0.090909 0.500000
vt 0.090909 0.454545
vt 0.136364 0.500000
vt 0.136364 0.454545
vt 0.181818 0.500000
vt 0.181818 0.454545
vt 0.227273 0.500000
vt 0.227273 0.454545
vt 0.272727 0.500000
vt 0.272727 0.454545
vt 0.318182 0.500000
vt 0.318182 0.454545
vt 0.363636 0.500000
vt 0.363636 0.454545
vt 0.409091 0.500000
vt 0.409091 0.454545
vt 0.000000 0.000000
vt 0.000000 0.045455
vt 0.045455 0.045455
vt 0.045455 0.000000
vt 0.000000 0.090909
vt 0.045455 0.090909
vt 0.000000 0.136364
vt 0.045455 0.136364
vt 0.000000 0.181818
vt 0.045455 0.181818
vt 0.000000 0.227273
vt 0.045455 0.227273
vt 0.000000 0.272727
vt 0.045455 0.272727
vt 0.000000 0.318182
vt 0.045455 0.318182
vt 0.000000 0.363636
vt 0.045455 0.363636
vt 0.000000 0.409091
vt 0.045455 0.409091
vt 0.090909 0.045455
vt 0.090909 0.000000
vt 0.090909 0.090909
vt 0.090909 0.136364
vt 0.090909 0.181818
vt 0.090909 0.227273
vt 0.090909 0.272727
vt 0.090909 0.318182
vt 0.090909 0.363636
vt 0.090909 0.409091
vt 0.136364 0.045455
vt 0.136364 0.000000
vt 0.136364 0.090909
vt 0.136364 0.136364
vt 0.136364 0.181818
vt 0.136364 0.227273
vt 0.136364 0.272727
vt 0.136364 0.318182
vt 0.136364 0.363636
vt 0.136364 0.409091
vt 0.181818 0.045455
vt 0.181818 0.000000
vt 0.181818 0.090909
vt 0.181818 0.136364
vt 0.181818 0.181818
vt 0.181818 0.227273
vt 0.181818 0.272727
vt 0.181818 0.318182
vt 0.181818 0.363636
vt 0.181818 0.409091
vt 0.227273 0.045455
vt 0.227273 0.000000
vt 0.227273 0.090909
vt 0.227273 0.136364
vt 0.227273 0.181818
vt 0.227273 0.227273
vt 0.227273 0.272727
vt 0.227273 0.318182
vt 0.227273 0.363636
vt 0.227273 0.409091
vt 0.272727 0.045455
vt 0.272727 0.000000
vt 0.272727 0.090909
vt 0.272727 0.136364
vt 0.272727 0.181818
vt 0.272727 0.227273
vt 0.272727 0.272727
vt 0.272727 0.318182
vt 0.272727 0.363636
vt 0.272727 0.409091
vt 0.318182 0.045455
vt 0.318182 0.000000
vt 0.318182 0.090909
vt 0.318182 0.136364
vt 0.318182 0.181818
vt 0.318182 0.227273
vt 0.318182 0.272727
vt 0.318182 0.318182
vt 0.318182 0.363636
vt 0.318182 0.409091
vt 0.363636 0.045455
vt 0.363636 0.000000
vt 0.363636 0.090909
vt 0.363636 0.136364
vt 0.363636 0.181818
vt 0.363636 0.227273
vt 0.363636 0.272727
vt 0.363636 0.318182
vt 0.363636 0.363636
vt 0.363636 0.409091
vt 0.409091 0.045455
vt 0.409091 0.000000
vt 0.409091 0.090909
vt 0.409091 0.136364
vt 0.409091 0.181818
vt 0.409091 0.227273
vt 0.409091 0.272727
vt 0.409091 0.318182
vt 0.409091 0.363636
vt 0.409091 0.409091
vt 0.454545 0.045455
vt 0.454545 0.000000
vt 0.454545 0.090909
vt 0.454545 0.136364
vt 0.454545 0.181818
vt 0.454545 0.227273
vt 0.454545 0.272727
vt 0.454545 0.318182
vt 0.454545 0.363636
vt 0.454545 0.409091
vt 0.000000 0.954545
vt 0.000000 1.000000
vt 0.045455 1.000000
vt 0.045455 0.954545
vt 0.090909 1.000000
vt 0.090909 0.954545
vt 0.136364 1.000000
vt 0.136364 0.954545
vt 0.181818 1.000000
vt 0.181818 0.954545
vt 0.227273 1.000000
vt 0.227273 0.954545
vt 0.272727 1.000000
vt 0.272727 0.954545
vt 0.318182 1.000000
vt 0.318182 0.954545
vt 0.363636 1.000000
vt 0.363636 0.954545
vt 0.409091 1.000000
vt 0.409091 0.954545
vt 0.000000 0.545455
vt 0.045455 0.545455
vt 0.000000 0.590909
vt 0.045455 0.590909
vt 0.000000 0.636364
vt 0.045455 0.636364
vt 0.000000 0.681818
vt 0.045455 0.681818
vt 0.000000 0.727273
vt 0.045455 0.727273
vt 0.000000 0.772727
vt 0.045455 0.772727
vt 0.000000 0.818182
vt 0.045455 0.818182
vt 0.000000 0.863636
vt 0.045455 0.863636
vt 0.000000 0.909091
vt 0.045455 0.909091
vt 0.090909 0.545455
vt 0.090909 0.590909
vt 0.090909 0.636364
vt 0.090909 0.681818
vt 0.090909 0.727273
vt 0.090909 0.772727
vt 0.090909 0.818182
vt 0.090909 0.863636
vt 0.090909 0.909091
vt 0.136364 0.545455
vt 0.136364 0.590909
vt 0.136364 0.636364
vt 0.136364 0.681818
vt 0.136364 0.727273
vt 0.136364 0.772727
vt 0.136364 0.818182
vt 0.136364 0.863636
vt 0.136364 0.909091
vt 0.181818 0.545455
vt 0.181818 0.590909
vt 0.181818 0.636364
vt 0.181818 0.681818
vt 0.181818 0.727273
vt 0.181818 0.772727
vt 0.181818 0.818182
vt 0.181818 0.863636
vt 0.181818 0.909091
vt 0.227273 0.545455
vt 0.227273 0.590909
vt 0.227273 0.636364
vt 0.227273 0.681818
vt 0.227273 0.727273
vt 0.227273 0.772727
vt 0.227273 0.818182
vt 0.227273 0.863636
vt 0.227273 0.909091
vt 0.272727 0.545455
vt 0.272727 0.590909
vt 0.272727 0.636364
vt 0.272727 0.681818
vt 0.272727 0.727273
vt 0.272727 0.772727
vt 0.272727 0.818182
vt 0.272727 0.863636
vt 0.272727 0.909091
vt 0.318182 0.545455
vt 0.318182 0.590909
vt 0.318182 0.636364
vt 0.318182 0.681818
vt 0.318182 0.727273
vt 0.318182 0.772727
vt 0.318182 0.818182
vt 0.318182 0.863636
vt 0.318182 0.909091
vt 0.363636 0.545455
vt 0.363636 0.590909
vt 0.363636 0.636364
vt 0.363636 0.681818
vt 0.363636 0.727273
vt 0.363636 0.772727
vt 0.363636 0.818182
vt 0.363636 0.863636
vt 0.363636 0.909091
vt 0.409091 0.545455
vt 0.409091 0.590909
vt 0.409091 0.636364
vt 0.409091 0.681818
vt 0.409091 0.727273
vt 0.409091 0.772727
vt 0.409091 0.818182
vt 0.409091 0.863636
vt 0.409091 0.909091
vt 0.454545 0.545455
vt 0.454545 0.590909
vt 0.454545 0.636364
vt 0.454545 0.681818
vt 0.454545 0.727273
vt 0.454545 0.772727
vt 0.454545 0.818182
vt 0.454545 0.863636
vt 0.454545 0.909091
vt 0.045455 1.000000
vt 0.045455 1.000000
vt 0.090909 1.000000
vt 0.090909 1.000000
vt 0.136364 1.000000
vt 0.136364 1.000000
vt 0.000000 1.000000
vt 0.000000 1.000000
vt 0.227273 0.000000
vt 0.227273 0.000000
vt 0.181818 0.000000
vt 0.181818 0.000000
vt 0.136364 0.000000
vt 0.136364 0.000000
vt 0.090909 0.000000
vt 0.090909 0.000000
vt 0.045455 0.000000
vt 0.045455 0.000000
vt 0.000000 0.000000
vt 0.000000 0.000000
vt 0.090909 0.000000
vt 0.045455 0.000000
vt 0.181818 0.000000
vt 0.136364 0.000000
vt 0.000000 0.000000
vt 0.227273 0.000000
vt 0.227273 0.000000
vt 0.227273 0.000000
vt 0.227273 0.000000
vt 0.227273 0.000000
vt 0.227273 0.000000
vt 0.227273 0.000000
vt 0.227273 0.000000
vt 0.227273 0.000000
vt 0.227273 0.000000
vt 0.227273 0.000000
vt 0.227273 0.000000
vt 0.227273 0.000000
vt 0.227273 0.000000
vt 0.227273 0.000000
vt 0.227273 0.000000
vt 0.227273 0.000000
vt 0.227273 0.000000
vt 0.227273 0.000000
vt 0.227273 0.000000
vt 0.227273 0.000000
vt 0.227273 0.000000
vt 0.227273 0.000000
vt 0.227273 0.000000
vt 0.227273 0.000000
vt 0.227273 0.000000
vt 0.227273 0.000000
vt 0.227273 0.000000
vt 0.227273 0.000000
vt 0.227273 0.000000
vt 0.227273 0.000000
vt 0.000000 1.000000
vt 0.045455 1.000000
vt 0.090909 1.000000
vt 0.136364 1.000000
vt 0.143939 0.916667
vt 0.143939 0.916667
vt 0.151515 0.833333
vt 0.151515 0.833333
vt 0.159091 0.750000
vt 0.159091 0.750000
vt 0.166667 0.666667
vt 0.166667 0.666667
vt 0.174242 0.583333
vt 0.174242 0.583333
vt 0.181818 0.500000
vt 0.181818 0.500000
vt 0.189394 0.416667
vt 0.189394 0.416667
vt 0.196970 0.333333
vt 0.196970 0.333333
vt 0.204545 0.250000
vt 0.204545 0.250000
vt 0.212121 0.166667
vt 0.212121 0.166667
vt 0.219697 0.083333
vt 0.219697 0.083333
vt 0.454545 0.954545
vt 0.454545 1.000000
vt 0.500000 1.000000
vt 0.500000 0.954545
vt 0.454545 0.454545
vt 0.454545 0.500000
vt 0.500000 0.500000
vt 0.500000 0.454545
vt 0.000000 0.454545
vt 0.000000 0.500000
vt 0.045455 0.500000
vt 0.045455 0.454545
vt 0.090909 0.500000
vt 0.090909 0.454545
vt 0.136364 0.500000
vt 0.136364 0.454545
vt 0.181818 0.500000
vt 0.181818 0.454545
vt 0.227273 0.500000
vt 0.227273 0.454545
vt 0.272727 0.500000
vt 0.272727 0.454545
vt 0.318182 0.500000
vt 0.318182 0.454545
vt 0.363636 0.500000
vt 0.363636 0.454545
vt 0.409091 0.500000
vt 0.409091 0.454545
vt 0.000000 0.000000
vt 0.000000 0.045455
vt 0.045455 0.045455
vt 0.045455 0.000000
vt 0.000000 0.090909
vt 0.045455 0.090909
vt 0.000000 0.136364
vt 0.045455 0.136364
vt 0.000000 0.181818
vt 0.045455 0.181818
vt 0.000000 0.227273
vt 0.045455 0.227273
vt 0.000000 0.272727
vt 0.045455 0.272727
vt 0.000000 0.318182
vt 0.045455 0.318182
vt 0.000000 0.363636
vt 0.045455 0.363636
vt 0.000000 0.409091
vt 0.045455 0.409091
vt 0.090909 0.045455
vt 0.090909 0.000000
vt 0.090909 0.090909
vt 0.090909 0.136364
vt 0.090909 0.181818
vt 0.090909 0.227273
vt 0.090909 0.272727
vt 0.090909 0.318182
vt 0.090909 0.363636
vt 0.090909 0.409091
vt 0.136364 0.045455
vt 0.136364 0.000000
vt 0.136364 0.090909
vt 0.136364 0.136364
vt 0.136364 0.181818
vt 0.136364 0.227273
vt 0.136364 0.272727
vt 0.136364 0.318182
vt 0.136364 0.363636
vt 0.136364 0.409091
vt 0.181818 0.045455
vt 0.181818 0.000000
vt 0.181818 0.090909
vt 0.181818 0.136364
vt 0.181818 0.181818
vt 0.181818 0.227273
vt 0.181818 0.272727
vt 0.181818 0.318182
vt 0.181818 0.363636
vt 0.181818 0.409091
vt 0.227273 0.045455
vt 0.227273 0.000000
vt 0.227273 0.090909
vt 0.227273 0.136364
vt 0.227273 0.181818
vt 0.227273 0.227273
vt 0.227273 0.272727
vt 0.227273 0.318182
vt 0.227273 0.363636
vt 0.227273 0.409091
vt 0.272727 0.045455
vt 0.272727 0.000000
vt 0.272727 0.090909
vt 0.272727 0.136364
vt 0.272727 0.181818
vt 0.272727 0.227273
vt 0.272727 0.272727
vt 0.272727 0.318182
vt 0.272727 0.363636
vt 0.272727 0.409091
vt 0.318182 0.045455
vt 0.318182 0.000000
vt 0.318182 0.090909
vt 0.318182 0.136364
vt 0.318182 0.181818
vt 0.318182 0.227273
vt 0.318182 0.272727
vt 0.318182 0.318182
vt 0.318182 0.363636
vt 0.318182 0.409091
vt 0.363636 0.045455
vt 0.363636 0.000000
vt 0.363636 0.090909
vt 0.363636 0.136364
vt 0.363636 0.181818
vt 0.363636 0.227273
vt 0.363636 0.272727
vt 0.363636 0.318182
vt 0.363636 0.363636
vt 0.363636 0.409091
vt 0.409091 0.045455
vt 0.409091 0.000000
vt 0.409091 0.090909
vt 0.409091 0.136364
vt 0.409091 0.181818
vt 0.409091 0.227273
vt 0.409091 0.272727
vt 0.409091 0.318182
vt 0.409091 0.363636
vt 0.409091 0.409091
vt 0.454545 0.045455
vt 0.454545 0.000000
vt 0.454545 0.090909
vt 0.454545 0.136364
vt 0.454545 0.181818
vt 0.454545 0.227273
vt 0.454545 0.272727
vt 0.454545 0.318182
vt 0.454545 0.363636
vt 0.454545 0.409091
vt 0.500000 0.045455
vt 0.500000 0.000000
vt 0.500000 0.090909
vt 0.500000 0.136364
vt 0.500000 0.181818
vt 0.500000 0.227273
vt 0.500000 0.272727
vt 0.500000 0.318182
vt 0.500000 0.363636
vt 0.500000 0.409091
vt 0.000000 0.954545
vt 0.000000 1.000000
vt 0.045455 1.000000
vt 0.045455 0.954545
vt 0.090909 1.000000
vt 0.090909 0.954545
vt 0.136364 1.000000
vt 0.136364 0.954545
vt 0.181818 1.000000
vt 0.181818 0.954545
vt 0.227273 1.000000
vt 0.227273 0.954545
vt 0.272727 1.000000
vt 0.272727 0.954545
vt 0.318182 1.000000
vt 0.318182 0.954545
vt 0.363636 1.000000
vt 0.363636 0.954545
vt 0.409091 1.000000
vt 0.409091 0.954545
vt 0.000000 0.545455
vt 0.045455 0.545455
vt 0.000000 0.590909
vt 0.045455 0.590909
vt 0.000000 0.636364
vt 0.045455 0.636364
vt 0.000000 0.681818
vt 0.045455 0.681818
vt 0.000000 0.727273
vt 0.045455 0.727273
vt 0.000000 0.772727
vt 0.045455 0.772727
vt 0.000000 0.818182
vt 0.045455 0.818182
vt 0.000000 0.863636
vt 0.045455 0.863636
vt 0.000000 0.909091
vt 0.045455 0.909091
vt 0.090909 0.545455
vt 0.090909 0.590909
vt 0.090909 0.636364
vt 0.090909 0.681818
vt 0.090909 0.727273
vt 0.090909 0.772727
vt 0.090909 0.818182
vt 0.090909 0.863636
vt 0.090909 0.909091
vt 0.136364 0.545455
vt 0.136364 0.590909
vt 0.136364 0.636364
vt 0.136364 0.681818
vt 0.136364 0.727273
vt 0.136364 0.772727
vt 0.136364 0.818182
vt 0.136364 0.863636
vt 0.136364 0.909091
vt 0.181818 0.545455
vt 0.181818 0.590909
vt 0.181818 0.636364
vt 0.181818 0.681818
vt 0.181818 0.727273
vt 0.181818 0.772727
vt 0.181818 0.818182
vt 0.181818 0.863636
vt 0.181818 0.909091
vt 0.227273 0.545455
vt 0.227273 0.590909
vt 0.227273 0.636364
vt 0.227273 0.681818
vt 0.227273 0.727273
vt 0.227273 0.772727
vt 0.227273 0.818182
vt 0.227273 0.863636
vt 0.227273 0.909091
vt 0.272727 0.545455
vt 0.272727 0.590909
vt 0.272727 0.636364
vt 0.272727 0.681818
vt 0.272727 0.727273
vt 0.272727 0.772727
vt 0.272727 0.818182
vt 0.272727 0.863636
vt 0.272727 0.909091
vt 0.318182 0.545455
vt 0.318182 0.590909
vt 0.318182 0.636364
vt 0.318182 0.681818
vt 0.318182 0.727273
vt 0.318182 0.772727
vt 0.318182 0.818182
vt 0.318182 0.863636
vt 0.318182 0.909091
vt 0.363636 0.545455
vt 0.363636 0.590909
vt 0.363636 0.636364
vt 0.363636 0.681818
vt 0.363636 0.727273
vt 0.363636 0.772727
vt 0.363636 0.818182
vt 0.363636 0.863636
vt 0.363636 0.909091
vt 0.409091 0.545455
vt 0.409091 0.590909
vt 0.409091 0.636364
vt 0.409091 0.681818
vt 0.409091 0.727273
vt 0.409091 0.772727
vt 0.409091 0.818182
vt 0.409091 0.863636
vt 0.409091 0.909091
vt 0.454545 0.545455
vt 0.454545 0.590909
vt 0.454545 0.636364
vt 0.454545 0.681818
vt 0.454545 0.727273
vt 0.454545 0.772727
vt 0.454545 0.818182
vt 0.454545 0.863636
vt 0.454545 0.909091
vt 0.500000 0.545455
vt 0.500000 0.590909
vt 0.500000 0.636364
vt 0.500000 0.681818
vt 0.500000 0.727273
vt 0.500000 0.772727
vt 0.500000 0.818182
vt 0.500000 0.863636
vt 0.500000 0.909091
vt 0.045455 1.000000
vt 0.045455 1.000000
vt 0.090909 1.000000
vt 0.090909 1.000000
vt 0.136364 1.000000
vt 0.136364 1.000000
vt 0.000000 1.000000
vt 0.000000 1.000000
vt 0.227273 0.000000
vt 0.227273 0.000000
vt 0.181818 0.000000
vt 0.181818 0.000000
vt 0.136364 0.000000
vt 0.136364 0.000000
vt 0.090909 0.000000
vt 0.090909 0.000000
vt 0.045455 0.000000
vt 0.045455 0.000000
vt 0.000000 0.000000
vt 0.000000 0.000000
vt 0.090909 0.000000
vt 0.045455 0.000000
vt 0.181818 0.000000
vt 0.136364 0.000000
vt 0.000000 0.000000
vt 0.227273 0.000000
vt 0.227273 0.000000
vt 0.227273 0.000000
vt 0.227273 0.000000
vt 0.227273 0.000000
vt 0.227273 0.000000
vt 0.227273 0.000000
vt 0.227273 0.000000
vt 0.227273 0.000000
vt 0.227273 0.000000
vt 0.227273 0.000000
vt 0.227273 0.000000
vt 0.227273 0.000000
vt 0.227273 0.000000
vt 0.227273 0.000000
vt 0.227273 0.000000
vt 0.227273 0.000000
vt 0.227273 0.000000
vt 0.227273 0.000000
vt 0.227273 0.000000
vt 0.227273 0.000000
vt 0.227273 0.000000
vt 0.227273 0.000000
vt 0.227273 0.000000
vt 0.227273 0.000000
vt 0.227273 0.000000
vt 0.227273 0.000000
vt 0.227273 0.000000
vt 0.227273 0.000000
vt 0.227273 0.000000
vt 0.227273 0.000000
vt 0.000000 1.000000
vt 0.045455 1.000000
vt 0.090909 1.000000
vt 0.136364 1.000000
vt 0.143939 0.916667
vt 0.143939 0.916667
vt 0.151515 0.833333
vt 0.151515 0.833333
vt 0.159091 0.750000
vt 0.159091 0.750000
vt 0.166667 0.666667
vt 0.166667 0.666667
vt 0.174242 0.583333
vt 0.174242 0.583333
vt 0.181818 0.500000
vt 0.181818 0.500000
vt 0.189394 0.416667
vt 0.189394 0.416667
vt 0.196970 0.333333
vt 0.196970 0.333333
vt 0.204545 0.250000
vt 0.204545 0.250000
vt 0.212121 0.166667
vt 0.212121 0.166667
vt 0.219697 0.083333
vt 0.219697 0.083333
vt 0.454545 0.954545
vt 0.454545 1.000000
vt 0.454545 0.454545
vt 0.454545 0.500000
vt 0.000000 0.454545
vt 0.045455 0.454545
vt 0.045455 0.500000
vt 0.000000 0.500000
vt 0.090909 0.454545
vt 0.090909 0.500000
vt 0.136364 0.454545
vt 0.136364 0.500000
vt 0.181818 0.454545
vt 0.181818 0.500000
vt 0.227273 0.454545
vt 0.227273 0.500000
vt 0.272727 0.454545
vt 0.272727 0.500000
vt 0.318182 0.454545
vt 0.318182 0.500000
vt 0.363636 0.454545
vt 0.363636 0.500000
vt 0.409091 0.454545
vt 0.409091 0.500000
vt 0.000000 0.000000
vt 0.045455 0.000000
vt 0.045455 0.045455
vt 0.000000 0.045455
vt 0.045455 0.090909
vt 0.000000 0.090909
vt 0.045455 0.136364
vt 0.000000 0.136364
vt 0.045455 0.181818
vt 0.000000 0.181818
vt 0.045455 0.227273
vt 0.000000 0.227273
vt 0.045455 0.272727
vt 0.000000 0.272727
vt 0.045455 0.318182
vt 0.000000 0.318182
vt 0.045455 0.363636
vt 0.000000 0.363636
vt 0.045455 0.409091
vt 0.000000 0.409091
vt 0.090909 0.000000
vt 0.090909 0.045455
vt 0.090909 0.090909
vt 0.090909 0.136364
vt 0.090909 0.181818
vt 0.090909 0.227273
vt 0.090909 0.272727
vt 0.090909 0.318182
vt 0.090909 0.363636
vt 0.090909 0.409091
vt 0.136364 0.000000
vt 0.136364 0.045455
vt 0.136364 0.090909
vt 0.136364 0.136364
vt 0.136364 0.181818
vt 0.136364 0.227273
vt 0.136364 0.272727
vt 0.136364 0.318182
vt 0.136364 0.363636
vt 0.136364 0.409091
vt 0.181818 0.000000
vt 0.181818 0.045455
vt 0.181818 0.090909
vt 0.181818 0.136364
vt 0.181818 0.181818
vt 0.181818 0.227273
vt 0.181818 0.272727
vt 0.181818 0.318182
vt 0.181818 0.363636
vt 0.181818 0.409091
vt 0.227273 0.000000
vt 0.227273 0.045455
vt 0.227273 0.090909
vt 0.227273 0.136364
vt 0.227273 0.181818
vt 0.227273 0.227273
vt 0.227273 0.272727
vt 0.227273 0.318182
vt 0.227273 0.363636
vt 0.227273 0.409091
vt 0.272727 0.000000
vt 0.272727 0.045455
vt 0.272727 0.090909
vt 0.272727 0.136364
vt 0.272727 0.181818
vt 0.272727 0.227273
vt 0.272727 0.272727
vt 0.272727 0.318182
vt 0.272727 0.363636
vt 0.272727 0.409091
vt 0.318182 0.000000
vt 0.318182 0.045455
vt 0.318182 0.090909
vt 0.318182 0.136364
vt 0.318182 0.181818
vt 0.318182 0.227273
vt 0.318182 0.272727
vt 0.318182 0.318182
vt 0.318182 0.363636
vt 0.318182 0.409091
vt 0.363636 0.000000
vt 0.363636 0.045455
vt 0.363636 0.090909
vt 0.363636 0.136364
vt 0.363636 0.181818
vt 0.363636 0.227273
vt 0.363636 0.272727
vt 0.363636 0.318182
vt 0.363636 0.363636
vt 0.363636 0.409091
vt 0.409091 0.000000
vt 0.409091 0.045455
vt 0.409091 0.090909
vt 0.409091 0.136364
vt 0.409091 0.181818
vt 0.409091 0.227273
vt 0.409091 0.272727
vt 0.409091 0.318182
vt 0.409091 0.363636
vt 0.409091 0.409091
vt 0.454545 0.000000
vt 0.454545 0.045455
vt 0.454545 0.090909
vt 0.454545 0.136364
vt 0.454545 0.181818
vt 0.454545 0.227273
vt 0.454545 0.272727
vt 0.454545 0.318182
vt 0.454545 0.363636
vt 0.454545 0.409091
vt 0.000000 0.954545
vt 0.045455 0.954545
vt 0.045455 1.000000
vt 0.000000 1.000000
vt 0.090909 0.954545
vt 0.090909 1.000000
vt 0.136364 0.954545
vt 0.136364 1.000000
vt 0.181818 0.954545
vt 0.181818 1.000000
vt 0.227273 0.954545
vt 0.227273 1.000000
vt 0.272727 0.954545
vt 0.272727 1.000000
vt 0.318182 0.954545
vt 0.318182 1.000000
vt 0.363636 0.954545
vt 0.363636 1.000000
vt 0.409091 0.954545
vt 0.409091 1.000000
vt 0.045455 0.545455
vt 0.000000 0.545455
vt 0.045455 0.590909
vt 0.000000 0.590909
vt 0.045455 0.636364
vt 0.000000 0.636364
vt 0.045455 0.681818
vt 0.000000 0.681818
vt 0.045455 0.727273
vt 0.000000 0.727273
vt 0.045455 0.772727
vt 0.000000 0.772727
vt 0.045455 0.818182
vt 0.000000 0.818182
vt 0.045455 0.863636
vt 0.000000 0.863636
vt 0.045455 0.909091
vt 0.000000 0.909091
vt 0.090909 0.545455
vt 0.090909 0.590909
vt 0.090909 0.636364
vt 0.090909 0.681818
vt 0.090909 0.727273
vt 0.090909 0.772727
vt 0.090909 0.818182
vt 0.090909 0.863636
vt 0.090909 0.909091
vt 0.136364 0.545455
vt 0.136364 0.590909
vt 0.136364 0.636364
vt 0.136364 0.681818
vt 0.136364 0.727273
vt 0.136364 0.772727
vt 0.136364 0.818182
vt 0.136364 0.863636
vt 0.136364 0.909091
vt 0.181818 0.545455
vt 0.181818 0.590909
vt 0.181818 0.636364
vt 0.181818 0.681818
vt 0.181818 0.727273
vt 0.181818 0.772727
vt 0.181818 0.818182
vt 0.181818 0.863636
vt 0.181818 0.909091
vt 0.227273 0.545455
vt 0.227273 0.590909
vt 0.227273 0.636364
vt 0.227273 0.681818
vt 0.227273 0.727273
vt 0.227273 0.772727
vt 0.227273 0.818182
vt 0.227273 0.863636
vt 0.227273 0.909091
vt 0.272727 0.545455
vt 0.272727 0.590909
vt 0.272727 0.636364
vt 0.272727 0.681818
vt 0.272727 0.727273
vt 0.272727 0.772727
vt 0.272727 0.818182
vt 0.272727 0.863636
vt 0.272727 0.909091
vt 0.318182 0.545455
vt 0.318182 0.590909
vt 0.318182 0.636364
vt 0.318182 0.681818
vt 0.318182 0.727273
vt 0.318182 0.772727
vt 0.318182 0.818182
vt 0.318182 0.863636
vt 0.318182 0.909091
vt 0.363636 0.545455
vt 0.363636 0.590909
vt 0.363636 0.636364
vt 0.363636 0.681818
vt 0.363636 0.727273
vt 0.363636 0.772727
vt 0.363636 0.818182
vt 0.363636 0.863636
vt 0.363636 0.909091
vt 0.409091 0.545455
vt 0.409091 0.590909
vt 0.409091 0.636364
vt 0.409091 0.681818
vt 0.409091 0.727273
vt 0.409091 0.772727
vt 0.409091 0.818182
vt 0.409091 0.863636
vt 0.409091 0.909091
vt 0.454545 0.545455
vt 0.454545 0.590909
vt 0.454545 0.636364
vt 0.454545 0.681818
vt 0.454545 0.727273
vt 0.454545 0.772727
vt 0.454545 0.818182
vt 0.454545 0.863636
vt 0.454545 0.909091
vt 0.045455 1.000000
vt 0.090909 1.000000
vt 0.090909 1.000000
vt 0.045455 1.000000
vt 0.136364 1.000000
vt 0.136364 1.000000
vt 0.000000 1.000000
vt 0.000000 1.000000
vt 0.227273 0.000000
vt 0.181818 0.000000
vt 0.181818 0.000000
vt 0.227273 0.000000
vt 0.136364 0.000000
vt 0.090909 0.000000
vt 0.090909 0.000000
vt 0.136364 0.000000
vt 0.045455 0.000000
vt 0.000000 0.000000
vt 0.000000 0.000000
vt 0.045455 0.000000
vt 0.045455 0.000000
vt 0.090909 0.000000
vt 0.136364 0.000000
vt 0.181818 0.000000
vt 0.000000 0.000000
vt 0.227273 0.000000
vt 0.227273 0.000000
vt 0.227273 0.000000
vt 0.227273 0.000000
vt 0.227273 0.000000
vt 0.227273 0.000000
vt 0.227273 0.000000
vt 0.227273 0.000000
vt 0.227273 0.000000
vt 0.227273 0.000000
vt 0.227273 0.000000
vt 0.227273 0.000000
vt 0.227273 0.000000
vt 0.227273 0.000000
vt 0.227273 0.000000
vt 0.227273 0.000000
vt 0.227273 0.000000
vt 0.227273 0.000000
vt 0.227273 0.000000
vt 0.227273 0.000000
vt 0.227273 0.000000
vt 0.227273 0.000000
vt 0.227273 0.000000
vt 0.227273 0.000000
vt 0.227273 0.000000
vt 0.227273 0.000000
vt 0.227273 0.000000
vt 0.227273 0.000000
vt 0.227273 0.000000
vt 0.227273 0.000000
vt 0.227273 0.000000
vt 0.045455 1.000000
vt 0.000000 1.000000
vt 0.136364 1.000000
vt 0.090909 1.000000
vt 0.143939 0.916667
vt 0.143939 0.916667
vt 0.151515 0.833333
vt 0.151515 0.833333
vt 0.159091 0.750000
vt 0.159091 0.750000
vt 0.166667 0.666667
vt 0.166667 0.666667
vt 0.174242 0.583333
vt 0.174242 0.583333
vt 0.181818 0.500000
vt 0.181818 0.500000
vt 0.189394 0.416667
vt 0.189394 0.416667
vt 0.196970 0.333333
vt 0.196970 0.333333
vt 0.204545 0.250000
vt 0.204545 0.250000
vt 0.212121 0.166667
vt 0.212121 0.166667
vt 0.219697 0.083333
vt 0.219697 0.083333
vn 0.0000 0.6016 0.7988
vn -0.0369 0.8909 0.4527
vn 0.0000 0.8919 0.4523
vn -0.0045 0.8918 0.4523
vn -0.0134 0.8917 0.4524
vn -0.0220 0.8915 0.4525
vn -0.0299 0.8912 0.4526
vn 0.0000 1.0000 -0.0079
vn 0.0000 0.9999 -0.0158
vn 0.0000 1.0000 -0.0029
vn 0.0000 0.9978 0.0659
vn 0.0000 0.9823 0.1872
vn 0.0000 0.9465 0.3227
vn 0.0034 1.0000 -0.0093
vn 0.0050 0.9999 -0.0151
vn 0.0017 1.0000 -0.0022
vn -0.0011 0.9978 0.0664
vn -0.0031 0.9823 0.1875
vn -0.0042 0.9464 0.3228
vn 0.0096 0.9998 -0.0149
vn 0.0143 0.9998 -0.0122
vn 0.0049 1.0000 0.0003
vn -0.0033 0.9977 0.0684
vn -0.0092 0.9820 0.1888
vn -0.0125 0.9462 0.3234
vn 0.0051 0.9998 -0.0212
vn 0.0126 0.9999 -0.0110
vn 0.0077 1.0000 0.0053
vn -0.0054 0.9974 0.0722
vn -0.0150 0.9814 0.1912
vn -0.0205 0.9457 0.3245
vn 0.0000 0.9997 -0.0235
vn 0.0099 0.9998 -0.0163
vn 0.0100 0.9999 0.0125
vn -0.0075 0.9969 0.0777
vn -0.0205 0.9806 0.1947
vn -0.0279 0.9449 0.3262
vn 0.0030 0.9998 -0.0219
vn 0.0032 0.9998 0.0177
vn -0.0095 0.9964 0.0848
vn -0.0255 0.9796 0.1993
vn -0.0345 0.9439 0.3283
vn 0.0000 0.8266 0.5628
vn 0.0000 0.7635 0.6458
vn 0.0000 0.7251 0.6886
vn 0.0000 0.6987 0.7154
vn 0.0000 0.6438 0.7652
vn 0.0000 0.5956 0.8033
vn 0.0000 0.5580 0.8298
vn 0.0000 0.5353 0.8447
vn -0.0000 0.5319 0.8468
vn 0.0000 0.5525 0.8335
vn -0.0042 0.8266 0.5627
vn -0.0032 0.7636 0.6457
vn -0.0013 0.7255 0.6883
vn -0.0124 0.8268 0.5624
vn -0.0095 0.7641 0.6450
vn -0.0038 0.7268 0.6868
vn -0.0202 0.8271 0.5616
vn -0.0153 0.7652 0.6436
vn -0.0060 0.7294 0.6840
vn -0.0273 0.8277 0.5605
vn -0.0204 0.7669 0.6414
vn -0.0079 0.7331 0.6800
vn -0.0334 0.8285 0.5591
vn -0.0245 0.7692 0.6385
vn -0.0093 0.7377 0.6750
vn 0.0000 0.7841 0.6207
vn -0.0081 0.7834 0.6215
vn 0.0081 0.7834 0.6215
vn -0.0745 0.9972 0.0097
vn 0.0000 0.9995 -0.0310
vn 0.0745 0.9972 0.0097
vn -0.1187 0.9927 -0.0202
vn 0.1187 0.9927 -0.0202
vn 0.0681 0.9977 0.0054
vn 0.1713 0.9852 0.0054
vn -0.0681 0.9977 0.0054
vn -0.1713 0.9852 0.0054
vn 0.0589 0.9980 -0.0219
vn 0.1488 0.9886 -0.0217
vn 0.0000 0.9998 0.0200
vn -0.0589 0.9980 -0.0219
vn -0.1488 0.9886 -0.0217
vn -1.0000 0.0038 -0.0031
vn -1.0000 0.0065 -0.0002
vn -1.0000 0.0065 -0.0003
vn -1.0000 0.0067 -0.0006
vn -1.0000 0.0071 -0.0006
vn -1.0000 0.0072 -0.0003
vn -1.0000 0.0069 0.0004
vn -1.0000 0.0064 0.0010
vn -1.0000 0.0060 0.0013
vn -1.0000 0.0064 0.0012
vn -1.0000 0.0064 0.0011
vn 0.0016 0.7834 0.6215
vn 0.0049 0.7834 0.6215
vn -0.0016 0.7834 0.6215
vn -0.0049 0.7834 0.6215
vn -0.9971 0.0538 0.0544
vn -0.9980 0.0311 0.0552
vn -0.9982 0.0162 0.0579
vn -0.9855 -0.1597 -0.0568
vn -0.9548 -0.2062 -0.2142
vn -0.9666 0.0473 -0.2520
vn -0.8621 0.5003 -0.0801
vn -0.6895 0.7217 0.0617
vn -0.6460 0.7582 0.0878
vn -0.6452 0.7583 0.0935
vn -0.7944 0.5749 0.1959
vn -0.9554 0.1580 0.2495
vn 0.0369 0.8909 0.4527
vn 0.0045 0.8918 0.4523
vn 0.0134 0.8917 0.4524
vn 0.0220 0.8915 0.4525
vn 0.0299 0.8912 0.4526
vn -0.0034 1.0000 -0.0093
vn -0.0050 0.9999 -0.0151
vn -0.0017 1.0000 -0.0022
vn 0.0011 0.9978 0.0664
vn 0.0031 0.9823 0.1875
vn 0.0042 0.9464 0.3228
vn -0.0096 0.9998 -0.0149
vn -0.0143 0.9998 -0.0122
vn -0.0049 1.0000 0.0003
vn 0.0033 0.9977 0.0684
vn 0.0092 0.9820 0.1888
vn 0.0125 0.9462 0.3234
vn -0.0051 0.9998 -0.0212
vn -0.0126 0.9999 -0.0110
vn -0.0077 1.0000 0.0053
vn 0.0054 0.9974 0.0722
vn 0.0150 0.9814 0.1912
vn 0.0205 0.9457 0.3245
vn -0.0099 0.9998 -0.0163
vn -0.0100 0.9999 0.0125
vn 0.0075 0.9969 0.0777
vn 0.0205 0.9806 0.1947
vn 0.0279 0.9449 0.3262
vn -0.0030 0.9998 -0.0219
vn -0.0032 0.9998 0.0177
vn 0.0095 0.9964 0.0848
vn 0.0255 0.9796 0.1993
vn 0.0345 0.9439 0.3283
vn 0.0042 0.8266 0.5627
vn 0.0032 0.7636 0.6457
vn 0.0013 0.7255 0.6883
vn 0.0124 0.8268 0.5624
vn 0.0095 0.7641 0.6450
vn 0.0038 0.7268 0.6868
vn 0.0202 0.8271 0.5616
vn 0.0153 0.7652 0.6436
vn 0.0060 0.7294 0.6840
vn 0.0273 0.8277 0.5605
vn 0.0204 0.7669 0.6414
vn 0.0079 0.7331 0.6800
vn 0.0335 0.8285 0.5591
vn 0.0245 0.7692 0.6385
vn 0.0093 0.7377 0.6750
vn 1.0000 0.0038 -0.0031
vn 1.0000 0.0065 -0.0002
vn 1.0000 0.0065 -0.0003
vn 1.0000 0.0067 -0.0006
vn 1.0000 0.0071 -0.0006
vn 1.0000 0.0072 -0.0003
vn 1.0000 0.0069 0.0004
vn 1.0000 0.0064 0.0010
vn 1.0000 0.0060 0.0013
vn 1.0000 0.0064 0.0012
vn 1.0000 0.0064 0.0011
vn 0.9971 0.0538 0.0544
vn 0.9980 0.0311 0.0552
vn 0.9982 0.0162 0.0579
vn 0.9855 -0.1597 -0.0568
vn 0.9548 -0.2062 -0.2142
vn 0.9666 0.0473 -0.2520
vn 0.8621 0.5003 -0.0801
vn 0.6895 0.7217 0.0617
vn 0.6460 0.7582 0.0878
vn 0.6452 0.7583 0.0935
vn 0.7944 0.5749 0.1959
vn 0.9554 0.1580 0.2495
vn 0.0000 -0.6017 -0.7987
vn 0.0371 -0.8909 -0.4527
vn -0.0000 -0.8918 -0.4524
vn 0.0045 -0.8918 -0.4525
vn 0.0134 -0.8917 -0.4525
vn 0.0219 -0.8915 -0.4526
vn 0.0298 -0.8912 -0.4527
vn 0.0000 -1.0000 0.0079
vn -0.0000 -0.9999 0.0158
vn -0.0000 -1.0000 0.0028
vn -0.0000 -0.9978 -0.0664
vn -0.0000 -0.9822 -0.1877
vn 0.0000 -0.9463 -0.3232
vn 0.0000 -0.9463 -0.3231
vn -0.0034 -1.0000 0.0093
vn -0.0050 -0.9999 0.0151
vn -0.0017 -1.0000 0.0021
vn 0.0011 -0.9978 -0.0669
vn 0.0031 -0.9822 -0.1881
vn 0.0042 -0.9463 -0.3233
vn -0.0096 -0.9998 0.0149
vn -0.0143 -0.9998 0.0122
vn -0.0048 -1.0000 -0.0005
vn 0.0033 -0.9976 -0.0688
vn 0.0092 -0.9819 -0.1893
vn 0.0125 -0.9460 -0.3239
vn -0.0052 -0.9998 0.0213
vn -0.0126 -0.9999 0.0110
vn -0.0076 -1.0000 -0.0054
vn 0.0055 -0.9973 -0.0726
vn 0.0150 -0.9813 -0.1917
vn 0.0204 -0.9455 -0.3250
vn -0.0000 -0.9997 0.0235
vn -0.0099 -0.9998 0.0163
vn -0.0099 -0.9999 -0.0126
vn 0.0076 -0.9969 -0.0781
vn 0.0205 -0.9805 -0.1952
vn 0.0278 -0.9448 -0.3266
vn -0.0030 -0.9998 0.0219
vn -0.0031 -0.9998 -0.0178
vn 0.0096 -0.9963 -0.0852
vn 0.0255 -0.9795 -0.1997
vn 0.0346 -0.9438 -0.3287
vn 0.0000 -0.5973 -0.8020
vn -0.0037 -0.5986 -0.8011
vn -0.0028 -0.6008 -0.7994
vn 0.0000 -0.8268 -0.5625
vn 0.0000 -0.7639 -0.6454
vn -0.0000 -0.7252 -0.6885
vn 0.0000 -0.6985 -0.7156
vn -0.0000 -0.6439 -0.7651
vn 0.0000 -0.5957 -0.8032
vn 0.0000 -0.5581 -0.8298
vn -0.0000 -0.5353 -0.8446
vn -0.0000 -0.5318 -0.8468
vn 0.0000 -0.5523 -0.8336
vn 0.0042 -0.8268 -0.5624
vn 0.0032 -0.7640 -0.6452
vn 0.0013 -0.7256 -0.6881
vn 0.0123 -0.8270 -0.5621
vn 0.0095 -0.7646 -0.6445
vn 0.0038 -0.7269 -0.6867
vn 0.0201 -0.8273 -0.5613
vn 0.0153 -0.7657 -0.6431
vn 0.0061 -0.7295 -0.6840
vn 0.0000 -0.6986 -0.7156
vn 0.0272 -0.8279 -0.5602
vn 0.0204 -0.7673 -0.6409
vn 0.0080 -0.7332 -0.6800
vn 0.0001 -0.6986 -0.7155
vn 0.0336 -0.8286 -0.5588
vn 0.0246 -0.7696 -0.6381
vn 0.0093 -0.7377 -0.6751
vn 0.0000 -0.6986 -0.7155
vn 0.0000 -0.7841 -0.6207
vn 0.0231 -0.7906 -0.6119
vn -0.0081 -0.7834 -0.6215
vn 0.0934 -0.9955 -0.0136
vn -0.0000 -0.9995 0.0309
vn -0.0742 -0.9972 -0.0097
vn 0.1183 -0.9928 0.0203
vn -0.1183 -0.9928 0.0203
vn -0.0681 -0.9977 -0.0054
vn -0.1705 -0.9853 -0.0054
vn 0.0681 -0.9977 -0.0054
vn 0.1705 -0.9853 -0.0054
vn -0.0589 -0.9980 0.0220
vn -0.1489 -0.9886 0.0217
vn -0.0000 -0.9998 -0.0200
vn -0.0000 -0.9998 -0.0199
vn 0.0914 -0.9954 0.0288
vn 0.1892 -0.9818 0.0187
vn 1.0000 -0.0005 0.0040
vn 0.9983 -0.0576 0.0058
vn 1.0000 -0.0065 0.0002
vn 1.0000 -0.0065 0.0003
vn 1.0000 -0.0067 0.0006
vn 1.0000 -0.0071 0.0006
vn 1.0000 -0.0072 0.0003
vn 1.0000 -0.0069 -0.0004
vn 1.0000 -0.0064 -0.0010
vn 1.0000 -0.0060 -0.0013
vn 1.0000 -0.0064 -0.0012
vn 1.0000 -0.0064 -0.0011
vn -0.0013 -0.7888 -0.6147
vn -0.0049 -0.7834 -0.6215
vn 0.0212 -0.7832 -0.6214
vn 0.0356 -0.7820 -0.6223
vn 0.0000 -0.7894 -0.6139
vn 0.9928 -0.0907 -0.0787
vn 0.9980 -0.0311 -0.0553
vn 0.9982 -0.0156 -0.0575
vn 0.9855 0.1601 0.0570
vn 0.9541 0.2077 0.2156
vn 0.9665 -0.0458 0.2524
vn 0.8607 -0.5032 0.0776
vn 0.6883 -0.7227 -0.0627
vn 0.6460 -0.7583 -0.0879
vn 0.6460 -0.7579 -0.0912
vn 0.7972 -0.5728 -0.1908
vn 0.9539 -0.1607 -0.2533
vn -0.0371 -0.8909 -0.4527
vn -0.0045 -0.8918 -0.4525
vn -0.0134 -0.8917 -0.4525
vn -0.0219 -0.8915 -0.4526
vn -0.0298 -0.8912 -0.4527
vn 0.0034 -1.0000 0.0093
vn 0.0050 -0.9999 0.0151
vn 0.0017 -1.0000 0.0021
vn -0.0011 -0.9978 -0.0669
vn -0.0031 -0.9822 -0.1881
vn -0.0042 -0.9463 -0.3233
vn 0.0096 -0.9998 0.0149
vn 0.0143 -0.9998 0.0122
vn 0.0048 -1.0000 -0.0005
vn -0.0033 -0.9976 -0.0688
vn -0.0092 -0.9819 -0.1893
vn -0.0125 -0.9460 -0.3239
vn 0.0052 -0.9998 0.0213
vn 0.0126 -0.9999 0.0110
vn 0.0076 -1.0000 -0.0054
vn -0.0055 -0.9973 -0.0726
vn -0.0150 -0.9813 -0.1917
vn -0.0204 -0.9455 -0.3250
vn 0.0099 -0.9998 0.0163
vn 0.0099 -0.9999 -0.0126
vn -0.0076 -0.9969 -0.0781
vn -0.0205 -0.9805 -0.1952
vn -0.0278 -0.9448 -0.3266
vn 0.0030 -0.9998 0.0219
vn 0.0031 -0.9998 -0.0178
vn -0.0096 -0.9963 -0.0852
vn -0.0255 -0.9795 -0.1997
vn -0.0346 -0.9438 -0.3287
vn 0.0037 -0.5986 -0.8011
vn 0.0028 -0.6008 -0.7994
vn -0.0042 -0.8268 -0.5624
vn -0.0032 -0.7640 -0.6452
vn -0.0013 -0.7256 -0.6881
vn -0.0123 -0.8270 -0.5621
vn -0.0095 -0.7646 -0.6445
vn -0.0038 -0.7269 -0.6867
vn -0.0201 -0.8273 -0.5613
vn -0.0153 -0.7657 -0.6431
vn -0.0061 -0.7295 -0.6840
vn -0.0272 -0.8279 -0.5602
vn -0.0204 -0.7673 -0.6409
vn -0.0080 -0.7332 -0.6800
vn -0.0001 -0.6986 -0.7155
vn -0.0336 -0.8286 -0.5588
vn -0.0246 -0.7696 -0.6381
vn -0.0093 -0.7377 -0.6751
vn -0.0231 -0.7906 -0.6119
vn 0.0081 -0.7834 -0.6215
vn -0.0934 -0.9955 -0.0136
vn 0.0742 -0.9972 -0.0097
vn 0.0589 -0.9980 0.0220
vn 0.1489 -0.9886 0.0217
vn -0.0914 -0.9954 0.0288
vn -0.1892 -0.9818 0.0187
vn -1.0000 -0.0005 0.0040
vn -0.9983 -0.0576 0.0058
vn -1.0000 -0.0065 0.0002
vn -1.0000 -0.0065 0.0003
vn -1.0000 -0.0067 0.0006
vn -1.0000 -0.0071 0.0006
vn -1.0000 -0.0072 0.0003
vn -1.0000 -0.0069 -0.0004
vn -1.0000 -0.0064 -0.0010
vn -1.0000 -0.0060 -0.0013
vn -1.0000 -0.0064 -0.0012
vn -1.0000 -0.0064 -0.0011
vn 0.0013 -0.7888 -0.6147
vn 0.0049 -0.7834 -0.6215
vn -0.0212 -0.7832 -0.6214
vn -0.0356 -0.7820 -0.6223
vn -0.9928 -0.0907 -0.0787
vn -0.9980 -0.0311 -0.0553
vn -0.9982 -0.0156 -0.0575
vn -0.9855 0.1601 0.0570
vn -0.9541 0.2077 0.2156
vn -0.9665 -0.0458 0.2524
vn -0.8607 -0.5032 0.0776
vn -0.6883 -0.7227 -0.0627
vn -0.6460 -0.7583 -0.0879
vn -0.6460 -0.7579 -0.0912
vn -0.7972 -0.5728 -0.1908
vn -0.9539 -0.1607 -0.2533
vn -1.0000 0.0045 -0.0013
vn -1.0000 0.0000 0.0000
vn 0.0000 0.6206 0.7841
vn 0.0000 0.9994 0.0341
vn -0.0459 0.9975 -0.0545
vn -1.0000 0.0001 0.0003
vn 0.0009 0.6216 0.7834
vn -0.2227 0.7182 -0.6592
vn 0.2227 0.7182 -0.6592
vn 0.0000 0.7350 -0.6781
vn 0.9715 0.2142 0.1013
vn -1.0000 0.0012 0.0013
vn -0.8173 0.3735 0.4388
vn -0.8510 0.3425 0.3981
vn 0.0000 0.6289 0.7775
vn 0.8510 0.3425 0.3981
vn 0.8173 0.3735 0.4388
vn 0.9875 0.1556 -0.0249
vn -0.9993 0.0367 0.0019
vn 0.9836 0.1791 0.0206
vn -0.9997 0.0234 -0.0025
vn -0.9992 0.0395 -0.0016
vn -0.0938 -0.6837 -0.7237
vn 0.1650 0.5715 0.8038
vn -0.0951 -0.4046 -0.9095
vn 0.0018 -0.5321 -0.8467
vn -0.0003 -0.5322 -0.8466
vn -0.0005 -0.5322 -0.8466
vn 0.0013 -0.4341 -0.9009
vn 0.0036 -0.3645 -0.9312
vn 0.0047 -0.4069 -0.9135
vn 0.0042 -0.4893 -0.8721
vn 0.0023 -0.5763 -0.8172
vn -0.0000 -0.6482 -0.7615
vn -0.0014 -0.6853 -0.7283
vn -0.0018 -0.6935 -0.7205
vn -0.0019 -0.6935 -0.7205
vn 0.1098 0.6814 0.7237
vn 0.0019 0.6935 0.7205
vn 0.0018 0.6935 0.7205
vn 0.0017 0.6935 0.7205
vn 0.0010 0.6767 0.7363
vn -0.0009 0.6191 0.7853
vn -0.0027 0.5362 0.8441
vn -0.0036 0.4425 0.8968
vn -0.0034 0.3670 0.9302
vn -0.0026 0.3606 0.9327
vn -0.0002 0.4965 0.8681
vn 0.0003 0.5322 0.8466
vn -0.0018 0.5321 0.8467
vn 0.9819 0.1079 0.1559
vn -1.0000 0.0049 0.0041
vn -1.0000 0.0031 0.0029
vn 0.3043 0.8887 0.3428
vn 0.1266 -0.6843 0.7181
vn -0.1766 0.6237 -0.7615
vn -0.1491 0.4123 -0.8988
vn -0.1855 0.2450 -0.9516
vn -0.0213 0.1512 -0.9883
vn 0.4131 0.1845 -0.8918
vn 0.7374 0.0768 -0.6711
vn 0.7368 -0.1521 -0.6588
vn 0.8116 -0.0852 -0.5780
vn 0.9546 0.1972 -0.2232
vn 0.8891 0.4429 0.1158
vn 0.6824 0.6807 0.2663
vn -0.2977 -0.8899 -0.3456
vn -0.7105 -0.6785 -0.1866
vn -0.8607 -0.4784 -0.1743
vn -0.9567 -0.2562 0.1384
vn -0.8846 -0.0316 0.4652
vn -0.8173 0.0212 0.5758
vn -0.7771 -0.2275 0.5868
vn -0.4181 -0.3429 0.8412
vn 0.0427 -0.2343 0.9712
vn 0.1916 -0.3299 0.9244
vn 0.1452 -0.4914 0.8587
vn 1.0000 0.0045 -0.0013
vn 1.0000 0.0000 0.0000
vn 0.0459 0.9975 -0.0545
vn 1.0000 0.0001 0.0003
vn -0.0009 0.6216 0.7834
vn -0.9715 0.2142 0.1013
vn 1.0000 0.0012 0.0013
vn -0.9875 0.1556 -0.0249
vn 0.9993 0.0367 0.0019
vn -0.9836 0.1791 0.0206
vn 0.9997 0.0234 -0.0025
vn 0.9992 0.0395 -0.0016
vn 0.0938 -0.6837 -0.7237
vn -0.1650 0.5715 0.8038
vn 0.0951 -0.4046 -0.9095
vn -0.0018 -0.5321 -0.8467
vn 0.0003 -0.5322 -0.8466
vn 0.0005 -0.5322 -0.8466
vn -0.0013 -0.4341 -0.9009
vn -0.0036 -0.3645 -0.9312
vn -0.0047 -0.4069 -0.9135
vn -0.0042 -0.4893 -0.8721
vn -0.0023 -0.5763 -0.8172
vn 0.0000 -0.6481 -0.7615
vn 0.0014 -0.6853 -0.7283
vn 0.0018 -0.6935 -0.7205
vn 0.0019 -0.6935 -0.7205
vn -0.1098 0.6814 0.7237
vn -0.0019 0.6935 0.7205
vn -0.0018 0.6935 0.7205
vn -0.0017 0.6935 0.7205
vn -0.0010 0.6767 0.7363
vn 0.0009 0.6191 0.7853
vn 0.0027 0.5362 0.8441
vn 0.0036 0.4425 0.8968
vn 0.0034 0.3670 0.9302
vn 0.0026 0.3606 0.9327
vn 0.0002 0.4965 0.8681
vn -0.0003 0.5322 0.8466
vn 0.0018 0.5321 0.8467
vn -0.9819 0.1079 0.1559
vn 1.0000 0.0049 0.0041
vn 1.0000 0.0031 0.0029
vn -0.3043 0.8887 0.3428
vn -0.1266 -0.6843 0.7181
vn 0.1766 0.6237 -0.7615
vn 0.1491 0.4123 -0.8988
vn 0.1855 0.2450 -0.9516
vn 0.0213 0.1512 -0.9883
vn -0.4131 0.1845 -0.8918
vn -0.7374 0.0768 -0.6711
vn -0.7368 -0.1521 -0.6588
vn -0.8116 -0.0852 -0.5780
vn -0.9546 0.1972 -0.2232
vn -0.8891 0.4429 0.1158
vn -0.6824 0.6807 0.2663
vn 0.2977 -0.8899 -0.3456
vn 0.7105 -0.6785 -0.1866
vn 0.8607 -0.4784 -0.1743
vn 0.9567 -0.2562 0.1384
vn 0.8846 -0.0316 0.4652
vn 0.8173 0.0212 0.5758
vn 0.7771 -0.2275 0.5868
vn 0.4181 -0.3429 0.8412
vn -0.0427 -0.2343 0.9712
vn -0.1916 -0.3299 0.9244
vn -0.1452 -0.4914 0.8587
usemtl Gulv_Lift_Sele_Material
s off
f 5289/5366/4571 5066/5367/4571 5018/5368/4571 5030/5369/4571
f 5189/5370/4572 5084/5371/4572 5019/5372/4572 5068/5373/4572
f 5020/5374/4573 5099/5375/4573 5077/5376/4573 5016/5377/4573
f 5099/5375/4573 5109/5378/4573 5076/5379/4573 5077/5376/4573
f 5109/5378/4573 5119/5380/4573 5075/5381/4573 5076/5379/4573
f 5119/5380/4573 5129/5382/4573 5074/5383/4573 5075/5381/4573
f 5129/5382/4573 5139/5384/4573 5073/5385/4573 5074/5383/4573
f 5139/5384/4573 5149/5386/4573 5072/5387/4573 5073/5385/4573
f 5149/5386/4574 5159/5388/4574 5071/5389/4574 5072/5387/4574
f 5159/5388/4575 5169/5390/4575 5070/5391/4575 5071/5389/4575
f 5169/5390/4576 5179/5392/4576 5069/5393/4576 5070/5391/4576
f 5179/5392/4577 5189/5370/4577 5068/5373/4577 5069/5393/4577
f 5014/5394/4578 5050/5395/4578 5090/5396/4578 5029/5397/4578
f 5029/5397/4578 5090/5396/4578 5091/5398/4578 5028/5399/4578
f 5028/5399/4578 5091/5398/4578 5092/5400/4578 5027/5401/4578
f 5027/5401/4578 5092/5400/4578 5093/5402/4578 5026/5403/4578
f 5026/5403/4578 5093/5402/4578 5094/5404/4578 5025/5405/4578
f 5025/5405/4579 5094/5404/4579 5095/5406/4579 5024/5407/4579
f 5024/5407/4580 5095/5406/4580 5096/5408/4580 5023/5409/4580
f 5023/5409/4581 5096/5408/4581 5097/5410/4581 5022/5411/4581
f 5022/5411/4582 5097/5410/4582 5098/5412/4582 5021/5413/4582
f 5021/5413/4583 5098/5412/4583 5099/5375/4583 5020/5374/4583
f 5050/5395/4578 5051/5414/4578 5100/5415/4578 5090/5396/4578
f 5090/5396/4578 5100/5415/4578 5101/5416/4578 5091/5398/4578
f 5091/5398/4578 5101/5416/4578 5102/5417/4578 5092/5400/4578
f 5092/5400/4578 5102/5417/4578 5103/5418/4578 5093/5402/4578
f 5093/5402/4578 5103/5418/4578 5104/5419/4578 5094/5404/4578
f 5094/5404/4579 5104/5419/4579 5105/5420/4579 5095/5406/4579
f 5095/5406/4580 5105/5420/4580 5106/5421/4580 5096/5408/4580
f 5096/5408/4581 5106/5421/4581 5107/5422/4581 5097/5410/4581
f 5097/5410/4582 5107/5422/4582 5108/5423/4582 5098/5412/4582
f 5098/5412/4583 5108/5423/4583 5109/5378/4583 5099/5375/4583
f 5051/5414/4578 5052/5424/4578 5110/5425/4578 5100/5415/4578
f 5100/5415/4578 5110/5425/4578 5111/5426/4578 5101/5416/4578
f 5101/5416/4578 5111/5426/4578 5112/5427/4578 5102/5417/4578
f 5102/5417/4578 5112/5427/4578 5113/5428/4578 5103/5418/4578
f 5103/5418/4578 5113/5428/4578 5114/5429/4578 5104/5419/4578
f 5104/5419/4579 5114/5429/4579 5115/5430/4579 5105/5420/4579
f 5105/5420/4580 5115/5430/4580 5116/5431/4580 5106/5421/4580
f 5106/5421/4581 5116/5431/4581 5117/5432/4581 5107/5422/4581
f 5107/5422/4582 5117/5432/4582 5118/5433/4582 5108/5423/4582
f 5108/5423/4583 5118/5433/4583 5119/5380/4583 5109/5378/4583
f 5052/5424/4578 5053/5434/4578 5120/5435/4578 5110/5425/4578
f 5110/5425/4578 5120/5435/4578 5121/5436/4578 5111/5426/4578
f 5111/5426/4578 5121/5436/4578 5122/5437/4578 5112/5427/4578
f 5112/5427/4578 5122/5437/4578 5123/5438/4578 5113/5428/4578
f 5113/5428/4578 5123/5438/4578 5124/5439/4578 5114/5429/4578
f 5114/5429/4579 5124/5439/4579 5125/5440/4579 5115/5430/4579
f 5115/5430/4580 5125/5440/4580 5126/5441/4580 5116/5431/4580
f 5116/5431/4581 5126/5441/4581 5127/5442/4581 5117/5432/4581
f 5117/5432/4582 5127/5442/4582 5128/5443/4582 5118/5433/4582
f 5118/5433/4583 5128/5443/4583 5129/5382/4583 5119/5380/4583
f 5053/5434/4578 5054/5444/4578 5130/5445/4578 5120/5435/4578
f 5120/5435/4578 5130/5445/4578 5131/5446/4578 5121/5436/4578
f 5121/5436/4578 5131/5446/4578 5132/5447/4578 5122/5437/4578
f 5122/5437/4578 5132/5447/4578 5133/5448/4578 5123/5438/4578
f 5123/5438/4578 5133/5448/4578 5134/5449/4578 5124/5439/4578
f 5124/5439/4579 5134/5449/4579 5135/5450/4579 5125/5440/4579
f 5125/5440/4580 5135/5450/4580 5136/5451/4580 5126/5441/4580
f 5126/5441/4581 5136/5451/4581 5137/5452/4581 5127/5442/4581
f 5127/5442/4582 5137/5452/4582 5138/5453/4582 5128/5443/4582
f 5128/5443/4583 5138/5453/4583 5139/5384/4583 5129/5382/4583
f 5054/5444/4578 5055/5454/4578 5140/5455/4578 5130/5445/4578
f 5130/5445/4578 5140/5455/4578 5141/5456/4578 5131/5446/4578
f 5131/5446/4578 5141/5456/4578 5142/5457/4578 5132/5447/4578
f 5132/5447/4578 5142/5457/4578 5143/5458/4578 5133/5448/4578
f 5133/5448/4578 5143/5458/4578 5144/5459/4578 5134/5449/4578
f 5134/5449/4579 5144/5459/4579 5145/5460/4579 5135/5450/4579
f 5135/5450/4580 5145/5460/4580 5146/5461/4580 5136/5451/4580
f 5136/5451/4581 5146/5461/4581 5147/5462/4581 5137/5452/4581
f 5137/5452/4582 5147/5462/4582 5148/5463/4582 5138/5453/4582
f 5138/5453/4583 5148/5463/4583 5149/5386/4583 5139/5384/4583
f 5055/5454/4578 5056/5464/4578 5150/5465/4578 5140/5455/4578
f 5140/5455/4578 5150/5465/4578 5151/5466/4578 5141/5456/4578
f 5141/5456/4578 5151/5466/4578 5152/5467/4578 5142/5457/4578
f 5142/5457/4578 5152/5467/4578 5153/5468/4578 5143/5458/4578
f 5143/5458/4584 5153/5468/4584 5154/5469/4584 5144/5459/4584
f 5144/5459/4585 5154/5469/4585 5155/5470/4585 5145/5460/4585
f 5145/5460/4586 5155/5470/4586 5156/5471/4586 5146/5461/4586
f 5146/5461/4587 5156/5471/4587 5157/5472/4587 5147/5462/4587
f 5147/5462/4588 5157/5472/4588 5158/5473/4588 5148/5463/4588
f 5148/5463/4589 5158/5473/4589 5159/5388/4589 5149/5386/4589
f 5056/5464/4578 5057/5474/4578 5160/5475/4578 5150/5465/4578
f 5150/5465/4578 5160/5475/4578 5161/5476/4578 5151/5466/4578
f 5151/5466/4578 5161/5476/4578 5162/5477/4578 5152/5467/4578
f 5152/5467/4578 5162/5477/4578 5163/5478/4578 5153/5468/4578
f 5153/5468/4590 5163/5478/4590 5164/5479/4590 5154/5469/4590
f 5154/5469/4591 5164/5479/4591 5165/5480/4591 5155/5470/4591
f 5155/5470/4592 5165/5480/4592 5166/5481/4592 5156/5471/4592
f 5156/5471/4593 5166/5481/4593 5167/5482/4593 5157/5472/4593
f 5157/5472/4594 5167/5482/4594 5168/5483/4594 5158/5473/4594
f 5158/5473/4595 5168/5483/4595 5169/5390/4595 5159/5388/4595
f 5057/5474/4578 5058/5484/4578 5170/5485/4578 5160/5475/4578
f 5160/5475/4578 5170/5485/4578 5171/5486/4578 5161/5476/4578
f 5161/5476/4578 5171/5486/4578 5172/5487/4578 5162/5477/4578
f 5162/5477/4578 5172/5487/4578 5173/5488/4578 5163/5478/4578
f 5163/5478/4596 5173/5488/4596 5174/5489/4596 5164/5479/4596
f 5164/5479/4597 5174/5489/4597 5175/5490/4597 5165/5480/4597
f 5165/5480/4598 5175/5490/4598 5176/5491/4598 5166/5481/4598
f 5166/5481/4599 5176/5491/4599 5177/5492/4599 5167/5482/4599
f 5167/5482/4600 5177/5492/4600 5178/5493/4600 5168/5483/4600
f 5168/5483/4601 5178/5493/4601 5179/5392/4601 5169/5390/4601
f 5058/5484/4578 5059/5494/4578 5180/5495/4578 5170/5485/4578
f 5170/5485/4578 5180/5495/4578 5181/5496/4578 5171/5486/4578
f 5171/5486/4578 5181/5496/4578 5182/5497/4578 5172/5487/4578
f 5172/5487/4578 5182/5497/4578 5183/5498/4578 5173/5488/4578
f 5173/5488/4602 5183/5498/4602 5184/5499/4602 5174/5489/4602
f 5174/5489/4603 5184/5499/4603 5185/5500/4603 5175/5490/4603
f 5175/5490/4604 5185/5500/4604 5186/5501/4604 5176/5491/4604
f 5176/5491/4605 5186/5501/4605 5187/5502/4605 5177/5492/4605
f 5177/5492/4606 5187/5502/4606 5188/5503/4606 5178/5493/4606
f 5178/5493/4607 5188/5503/4607 5189/5370/4607 5179/5392/4607
f 5059/5494/4578 5017/5504/4578 5067/5505/4578 5180/5495/4578
f 5180/5495/4578 5067/5505/4578 5060/5506/4578 5181/5496/4578
f 5181/5496/4578 5060/5506/4578 5086/5507/4578 5182/5497/4578
f 5182/5497/4578 5086/5507/4578 5061/5508/4578 5183/5498/4578
f 5183/5498/4602 5061/5508/4602 5080/5509/4602 5184/5499/4602
f 5184/5499/4608 5080/5509/4608 5083/5510/4608 5185/5500/4608
f 5185/5500/4609 5083/5510/4609 5087/5511/4609 5186/5501/4609
f 5186/5501/4610 5087/5511/4610 5062/5512/4610 5187/5502/4610
f 5187/5502/4611 5062/5512/4611 5081/5513/4611 5188/5503/4611
f 5188/5503/4612 5081/5513/4612 5084/5371/4612 5189/5370/4612
f 5040/5514/4571 5199/5515/4571 5039/5516/4571 5015/5517/4571
f 5199/5515/4571 5209/5518/4571 5038/5519/4571 5039/5516/4571
f 5209/5518/4571 5219/5520/4571 5037/5521/4571 5038/5519/4571
f 5219/5520/4571 5229/5522/4571 5036/5523/4571 5037/5521/4571
f 5229/5522/4571 5239/5524/4571 5035/5525/4571 5036/5523/4571
f 5239/5524/4571 5249/5526/4571 5034/5527/4571 5035/5525/4571
f 5249/5526/4571 5259/5528/4571 5033/5529/4571 5034/5527/4571
f 5259/5528/4571 5269/5530/4571 5032/5531/4571 5033/5529/4571
f 5269/5530/4571 5279/5532/4571 5031/5533/4571 5032/5531/4571
f 5279/5532/4571 5289/5366/4571 5030/5369/4571 5031/5533/4571
f 5016/5377/4613 5077/5376/4613 5190/5534/4613 5049/5535/4613
f 5049/5535/4614 5190/5534/4614 5191/5536/4614 5048/5537/4614
f 5048/5537/4615 5191/5536/4615 5192/5538/4615 5047/5539/4615
f 5047/5539/4616 5192/5538/4616 5193/5540/4616 5046/5541/4616
f 5046/5541/4617 5193/5540/4617 5194/5542/4617 5045/5543/4617
f 5045/5543/4618 5194/5542/4618 5195/5544/4618 5044/5545/4618
f 5044/5545/4619 5195/5544/4619 5196/5546/4619 5043/5547/4619
f 5043/5547/4620 5196/5546/4620 5197/5548/4620 5042/5549/4620
f 5042/5549/4621 5197/5548/4621 5198/5550/4621 5041/5551/4621
f 5041/5551/4622 5198/5550/4622 5199/5515/4622 5040/5514/4622
f 5077/5376/4613 5076/5379/4613 5200/5552/4613 5190/5534/4613
f 5190/5534/4614 5200/5552/4614 5201/5553/4614 5191/5536/4614
f 5191/5536/4615 5201/5553/4615 5202/5554/4615 5192/5538/4615
f 5192/5538/4616 5202/5554/4616 5203/5555/4616 5193/5540/4616
f 5193/5540/4617 5203/5555/4617 5204/5556/4617 5194/5542/4617
f 5194/5542/4618 5204/5556/4618 5205/5557/4618 5195/5544/4618
f 5195/5544/4619 5205/5557/4619 5206/5558/4619 5196/5546/4619
f 5196/5546/4620 5206/5558/4620 5207/5559/4620 5197/5548/4620
f 5197/5548/4621 5207/5559/4621 5208/5560/4621 5198/5550/4621
f 5198/5550/4622 5208/5560/4622 5209/5518/4622 5199/5515/4622
f 5076/5379/4613 5075/5381/4613 5210/5561/4613 5200/5552/4613
f 5200/5552/4614 5210/5561/4614 5211/5562/4614 5201/5553/4614
f 5201/5553/4615 5211/5562/4615 5212/5563/4615 5202/5554/4615
f 5202/5554/4616 5212/5563/4616 5213/5564/4616 5203/5555/4616
f 5203/5555/4617 5213/5564/4617 5214/5565/4617 5204/5556/4617
f 5204/5556/4618 5214/5565/4618 5215/5566/4618 5205/5557/4618
f 5205/5557/4619 5215/5566/4619 5216/5567/4619 5206/5558/4619
f 5206/5558/4620 5216/5567/4620 5217/5568/4620 5207/5559/4620
f 5207/5559/4621 5217/5568/4621 5218/5569/4621 5208/5560/4621
f 5208/5560/4622 5218/5569/4622 5219/5520/4622 5209/5518/4622
f 5075/5381/4613 5074/5383/4613 5220/5570/4613 5210/5561/4613
f 5210/5561/4614 5220/5570/4614 5221/5571/4614 5211/5562/4614
f 5211/5562/4615 5221/5571/4615 5222/5572/4615 5212/5563/4615
f 5212/5563/4616 5222/5572/4616 5223/5573/4616 5213/5564/4616
f 5213/5564/4617 5223/5573/4617 5224/5574/4617 5214/5565/4617
f 5214/5565/4618 5224/5574/4618 5225/5575/4618 5215/5566/4618
f 5215/5566/4619 5225/5575/4619 5226/5576/4619 5216/5567/4619
f 5216/5567/4620 5226/5576/4620 5227/5577/4620 5217/5568/4620
f 5217/5568/4621 5227/5577/4621 5228/5578/4621 5218/5569/4621
f 5218/5569/4622 5228/5578/4622 5229/5522/4622 5219/5520/4622
f 5074/5383/4613 5073/5385/4613 5230/5579/4613 5220/5570/4613
f 5220/5570/4614 5230/5579/4614 5231/5580/4614 5221/5571/4614
f 5221/5571/4615 5231/5580/4615 5232/5581/4615 5222/5572/4615
f 5222/5572/4616 5232/5581/4616 5233/5582/4616 5223/5573/4616
f 5223/5573/4617 5233/5582/4617 5234/5583/4617 5224/5574/4617
f 5224/5574/4618 5234/5583/4618 5235/5584/4618 5225/5575/4618
f 5225/5575/4619 5235/5584/4619 5236/5585/4619 5226/5576/4619
f 5226/5576/4620 5236/5585/4620 5237/5586/4620 5227/5577/4620
f 5227/5577/4621 5237/5586/4621 5238/5587/4621 5228/5578/4621
f 5228/5578/4622 5238/5587/4622 5239/5524/4622 5229/5522/4622
f 5073/5385/4613 5072/5387/4613 5240/5588/4613 5230/5579/4613
f 5230/5579/4614 5240/5588/4614 5241/5589/4614 5231/5580/4614
f 5231/5580/4615 5241/5589/4615 5242/5590/4615 5232/5581/4615
f 5232/5581/4616 5242/5590/4616 5243/5591/4616 5233/5582/4616
f 5233/5582/4617 5243/5591/4617 5244/5592/4617 5234/5583/4617
f 5234/5583/4618 5244/5592/4618 5245/5593/4618 5235/5584/4618
f 5235/5584/4619 5245/5593/4619 5246/5594/4619 5236/5585/4619
f 5236/5585/4620 5246/5594/4620 5247/5595/4620 5237/5586/4620
f 5237/5586/4621 5247/5595/4621 5248/5596/4621 5238/5587/4621
f 5238/5587/4622 5248/5596/4622 5249/5526/4622 5239/5524/4622
f 5072/5387/4623 5071/5389/4623 5250/5597/4623 5240/5588/4623
f 5240/5588/4624 5250/5597/4624 5251/5598/4624 5241/5589/4624
f 5241/5589/4625 5251/5598/4625 5252/5599/4625 5242/5590/4625
f 5242/5590/4616 5252/5599/4616 5253/5600/4616 5243/5591/4616
f 5243/5591/4617 5253/5600/4617 5254/5601/4617 5244/5592/4617
f 5244/5592/4618 5254/5601/4618 5255/5602/4618 5245/5593/4618
f 5245/5593/4619 5255/5602/4619 5256/5603/4619 5246/5594/4619
f 5246/5594/4620 5256/5603/4620 5257/5604/4620 5247/5595/4620
f 5247/5595/4621 5257/5604/4621 5258/5605/4621 5248/5596/4621
f 5248/5596/4622 5258/5605/4622 5259/5528/4622 5249/5526/4622
f 5071/5389/4626 5070/5391/4626 5260/5606/4626 5250/5597/4626
f 5250/5597/4627 5260/5606/4627 5261/5607/4627 5251/5598/4627
f 5251/5598/4628 5261/5607/4628 5262/5608/4628 5252/5599/4628
f 5252/5599/4616 5262/5608/4616 5263/5609/4616 5253/5600/4616
f 5253/5600/4617 5263/5609/4617 5264/5610/4617 5254/5601/4617
f 5254/5601/4618 5264/5610/4618 5265/5611/4618 5255/5602/4618
f 5255/5602/4619 5265/5611/4619 5266/5612/4619 5256/5603/4619
f 5256/5603/4620 5266/5612/4620 5267/5613/4620 5257/5604/4620
f 5257/5604/4621 5267/5613/4621 5268/5614/4621 5258/5605/4621
f 5258/5605/4622 5268/5614/4622 5269/5530/4622 5259/5528/4622
f 5070/5391/4629 5069/5393/4629 5270/5615/4629 5260/5606/4629
f 5260/5606/4630 5270/5615/4630 5271/5616/4630 5261/5607/4630
f 5261/5607/4631 5271/5616/4631 5272/5617/4631 5262/5608/4631
f 5262/5608/4616 5272/5617/4616 5273/5618/4616 5263/5609/4616
f 5263/5609/4617 5273/5618/4617 5274/5619/4617 5264/5610/4617
f 5264/5610/4618 5274/5619/4618 5275/5620/4618 5265/5611/4618
f 5265/5611/4619 5275/5620/4619 5276/5621/4619 5266/5612/4619
f 5266/5612/4620 5276/5621/4620 5277/5622/4620 5267/5613/4620
f 5267/5613/4621 5277/5622/4621 5278/5623/4621 5268/5614/4621
f 5268/5614/4622 5278/5623/4622 5279/5532/4622 5269/5530/4622
f 5069/5393/4632 5068/5373/4632 5280/5624/4632 5270/5615/4632
f 5270/5615/4633 5280/5624/4633 5281/5625/4633 5271/5616/4633
f 5271/5616/4634 5281/5625/4634 5282/5626/4634 5272/5617/4634
f 5272/5617/4616 5282/5626/4616 5283/5627/4616 5273/5618/4616
f 5273/5618/4617 5283/5627/4617 5284/5628/4617 5274/5619/4617
f 5274/5619/4618 5284/5628/4618 5285/5629/4618 5275/5620/4618
f 5275/5620/4619 5285/5629/4619 5286/5630/4619 5276/5621/4619
f 5276/5621/4620 5286/5630/4620 5287/5631/4620 5277/5622/4620
f 5277/5622/4621 5287/5631/4621 5288/5632/4621 5278/5623/4621
f 5278/5623/4622 5288/5632/4622 5289/5366/4622 5279/5532/4622
f 5068/5373/4635 5019/5372/4635 5079/5633/4635 5280/5624/4635
f 5280/5624/4636 5079/5633/4636 5078/5634/4636 5281/5625/4636
f 5281/5625/4637 5078/5634/4637 5063/5635/4637 5282/5626/4637
f 5282/5626/4616 5063/5635/4616 5088/5636/4616 5283/5627/4616
f 5283/5627/4617 5088/5636/4617 5064/5637/4617 5284/5628/4617
f 5284/5628/4618 5064/5637/4618 5082/5638/4618 5285/5629/4618
f 5285/5629/4619 5082/5638/4619 5085/5639/4619 5286/5630/4619
f 5286/5630/4620 5085/5639/4620 5089/5640/4620 5287/5631/4620
f 5287/5631/4621 5089/5640/4621 5065/5641/4621 5288/5632/4621
f 5288/5632/4622 5065/5641/4622 5066/5367/4622 5289/5366/4622
f 5344/5642/4638 5343/5643/4638 5292/5644/4638 5293/5645/4638
f 5343/5643/4639 5347/5646/4639 5291/5647/4639 5292/5644/4639
f 5348/5648/4640 5344/5642/4640 5293/5645/4640 5290/5649/4640
f 5302/5650/4641 5301/5651/4641 5298/5652/4641 5299/5653/4641
f 5306/5654/4642 5305/5655/4642 5296/5656/4642 5297/5657/4642
f 5310/5658/4643 5309/5659/4643 5294/5660/4643 5295/5661/4643
f 5301/5651/4644 5306/5654/4644 5297/5657/4644 5298/5652/4644
f 5305/5655/4645 5310/5658/4645 5295/5661/4645 5296/5656/4645
f 5051/5414/4646 5050/5395/4646 5311/5662/4646 5304/5663/4646
f 5304/5663/4647 5311/5662/4647 5310/5658/4647 5305/5655/4647
f 5053/5434/4648 5052/5424/4648 5307/5664/4648 5300/5665/4648
f 5300/5665/4649 5307/5664/4649 5306/5654/4649 5301/5651/4649
f 5050/5395/4650 5014/5394/4650 5308/5666/4650 5311/5662/4650
f 5311/5662/4651 5308/5666/4651 5309/5659/4651 5310/5658/4651
f 5052/5424/4652 5051/5414/4652 5304/5663/4652 5307/5664/4652
f 5307/5664/4652 5304/5663/4652 5305/5655/4652 5306/5654/4652
f 5054/5444/4653 5053/5434/4653 5300/5665/4653 5303/5667/4653
f 5303/5667/4654 5300/5665/4654 5301/5651/4654 5302/5650/4654
f 5314/5668/4655 5341/5669/4655 5312/5670/4655 5313/5671/4655
f 5303/5667/4656 5302/5650/4656 5328/5672/4656 5327/5673/4656
f 5327/5673/4656 5328/5672/4656 5329/5674/4656 5326/5675/4656
f 5326/5675/4656 5329/5674/4656 5330/5676/4656 5325/5677/4656
f 5325/5677/4656 5330/5676/4656 5331/5678/4656 5324/5679/4656
f 5324/5679/4657 5331/5678/4657 5332/5680/4657 5323/5681/4657
f 5323/5681/4658 5332/5680/4658 5333/5682/4658 5322/5683/4658
f 5322/5683/4659 5333/5682/4659 5334/5684/4659 5321/5685/4659
f 5321/5685/4660 5334/5684/4660 5335/5686/4660 5320/5687/4660
f 5320/5687/4661 5335/5686/4661 5336/5688/4661 5319/5689/4661
f 5319/5689/4662 5336/5688/4662 5337/5690/4662 5318/5691/4662
f 5318/5691/4663 5337/5690/4663 5338/5692/4663 5317/5693/4663
f 5317/5693/4664 5338/5692/4664 5339/5694/4664 5316/5695/4664
f 5316/5695/4665 5339/5694/4665 5340/5696/4665 5315/5697/4665
f 5315/5697/4665 5340/5696/4665 5341/5669/4665 5314/5668/4665
f 5015/5517/4666 5039/5516/4666 5345/5698/4666 5349/5699/4666
f 5349/5699/4667 5345/5698/4667 5344/5642/4667 5348/5648/4667
f 5038/5519/4668 5037/5521/4668 5346/5700/4668 5342/5701/4668
f 5342/5701/4669 5346/5700/4669 5347/5646/4669 5343/5643/4669
f 5039/5516/4638 5038/5519/4638 5342/5701/4638 5345/5698/4638
f 5345/5698/4638 5342/5701/4638 5343/5643/4638 5344/5642/4638
f 5347/5646/4670 5346/5700/4670 5371/5702/4670 5350/5703/4670
f 5350/5703/4671 5371/5702/4671 5370/5704/4671 5351/5705/4671
f 5351/5705/4672 5370/5704/4672 5369/5706/4672 5352/5707/4672
f 5352/5707/4673 5369/5706/4673 5368/5708/4673 5353/5709/4673
f 5353/5709/4674 5368/5708/4674 5367/5710/4674 5354/5711/4674
f 5354/5711/4675 5367/5710/4675 5366/5712/4675 5355/5713/4675
f 5355/5713/4676 5366/5712/4676 5365/5714/4676 5356/5715/4676
f 5356/5715/4677 5365/5714/4677 5364/5716/4677 5357/5717/4677
f 5357/5717/4678 5364/5716/4678 5363/5718/4678 5358/5719/4678
f 5358/5719/4679 5363/5718/4679 5362/5720/4679 5359/5721/4679
f 5359/5721/4680 5362/5720/4680 5361/5722/4680 5360/5723/4680
f 5360/5723/4681 5361/5722/4681 5313/5671/4681 5312/5670/4681
f 5624/5724/4571 5385/5725/4571 5018/5368/4571 5066/5367/4571
f 5524/5726/4682 5415/5727/4682 5019/5372/4682 5084/5371/4682
f 5375/5728/4573 5374/5729/4573 5424/5730/4573 5434/5731/4573
f 5434/5731/4573 5424/5730/4573 5423/5732/4573 5444/5733/4573
f 5444/5733/4573 5423/5732/4573 5422/5734/4573 5454/5735/4573
f 5454/5735/4573 5422/5734/4573 5421/5736/4573 5464/5737/4573
f 5464/5737/4573 5421/5736/4573 5420/5738/4573 5474/5739/4573
f 5474/5739/4573 5420/5738/4573 5419/5740/4573 5484/5741/4573
f 5484/5741/4683 5419/5740/4683 5418/5742/4683 5494/5743/4683
f 5494/5743/4684 5418/5742/4684 5417/5744/4684 5504/5745/4684
f 5504/5745/4685 5417/5744/4685 5416/5746/4685 5514/5747/4685
f 5514/5747/4686 5416/5746/4686 5415/5727/4686 5524/5726/4686
f 5372/5748/4578 5384/5749/4578 5425/5750/4578 5405/5751/4578
f 5384/5749/4578 5383/5752/4578 5426/5753/4578 5425/5750/4578
f 5383/5752/4578 5382/5754/4578 5427/5755/4578 5426/5753/4578
f 5382/5754/4578 5381/5756/4578 5428/5757/4578 5427/5755/4578
f 5381/5756/4578 5380/5758/4578 5429/5759/4578 5428/5757/4578
f 5380/5758/4579 5379/5760/4579 5430/5761/4579 5429/5759/4579
f 5379/5760/4580 5378/5762/4580 5431/5763/4580 5430/5761/4580
f 5378/5762/4581 5377/5764/4581 5432/5765/4581 5431/5763/4581
f 5377/5764/4582 5376/5766/4582 5433/5767/4582 5432/5765/4582
f 5376/5766/4583 5375/5728/4583 5434/5731/4583 5433/5767/4583
f 5405/5751/4578 5425/5750/4578 5435/5768/4578 5406/5769/4578
f 5425/5750/4578 5426/5753/4578 5436/5770/4578 5435/5768/4578
f 5426/5753/4578 5427/5755/4578 5437/5771/4578 5436/5770/4578
f 5427/5755/4578 5428/5757/4578 5438/5772/4578 5437/5771/4578
f 5428/5757/4578 5429/5759/4578 5439/5773/4578 5438/5772/4578
f 5429/5759/4579 5430/5761/4579 5440/5774/4579 5439/5773/4579
f 5430/5761/4580 5431/5763/4580 5441/5775/4580 5440/5774/4580
f 5431/5763/4581 5432/5765/4581 5442/5776/4581 5441/5775/4581
f 5432/5765/4582 5433/5767/4582 5443/5777/4582 5442/5776/4582
f 5433/5767/4583 5434/5731/4583 5444/5733/4583 5443/5777/4583
f 5406/5769/4578 5435/5768/4578 5445/5778/4578 5407/5779/4578
f 5435/5768/4578 5436/5770/4578 5446/5780/4578 5445/5778/4578
f 5436/5770/4578 5437/5771/4578 5447/5781/4578 5446/5780/4578
f 5437/5771/4578 5438/5772/4578 5448/5782/4578 5447/5781/4578
f 5438/5772/4578 5439/5773/4578 5449/5783/4578 5448/5782/4578
f 5439/5773/4579 5440/5774/4579 5450/5784/4579 5449/5783/4579
f 5440/5774/4580 5441/5775/4580 5451/5785/4580 5450/5784/4580
f 5441/5775/4581 5442/5776/4581 5452/5786/4581 5451/5785/4581
f 5442/5776/4582 5443/5777/4582 5453/5787/4582 5452/5786/4582
f 5443/5777/4583 5444/5733/4583 5454/5735/4583 5453/5787/4583
f 5407/5779/4578 5445/5778/4578 5455/5788/4578 5408/5789/4578
f 5445/5778/4578 5446/5780/4578 5456/5790/4578 5455/5788/4578
f 5446/5780/4578 5447/5781/4578 5457/5791/4578 5456/5790/4578
f 5447/5781/4578 5448/5782/4578 5458/5792/4578 5457/5791/4578
f 5448/5782/4578 5449/5783/4578 5459/5793/4578 5458/5792/4578
f 5449/5783/4579 5450/5784/4579 5460/5794/4579 5459/5793/4579
f 5450/5784/4580 5451/5785/4580 5461/5795/4580 5460/5794/4580
f 5451/5785/4581 5452/5786/4581 5462/5796/4581 5461/5795/4581
f 5452/5786/4582 5453/5787/4582 5463/5797/4582 5462/5796/4582
f 5453/5787/4583 5454/5735/4583 5464/5737/4583 5463/5797/4583
f 5408/5789/4578 5455/5788/4578 5465/5798/4578 5409/5799/4578
f 5455/5788/4578 5456/5790/4578 5466/5800/4578 5465/5798/4578
f 5456/5790/4578 5457/5791/4578 5467/5801/4578 5466/5800/4578
f 5457/5791/4578 5458/5792/4578 5468/5802/4578 5467/5801/4578
f 5458/5792/4578 5459/5793/4578 5469/5803/4578 5468/5802/4578
f 5459/5793/4579 5460/5794/4579 5470/5804/4579 5469/5803/4579
f 5460/5794/4580 5461/5795/4580 5471/5805/4580 5470/5804/4580
f 5461/5795/4581 5462/5796/4581 5472/5806/4581 5471/5805/4581
f 5462/5796/4582 5463/5797/4582 5473/5807/4582 5472/5806/4582
f 5463/5797/4583 5464/5737/4583 5474/5739/4583 5473/5807/4583
f 5409/5799/4578 5465/5798/4578 5475/5808/4578 5410/5809/4578
f 5465/5798/4578 5466/5800/4578 5476/5810/4578 5475/5808/4578
f 5466/5800/4578 5467/5801/4578 5477/5811/4578 5476/5810/4578
f 5467/5801/4578 5468/5802/4578 5478/5812/4578 5477/5811/4578
f 5468/5802/4578 5469/5803/4578 5479/5813/4578 5478/5812/4578
f 5469/5803/4579 5470/5804/4579 5480/5814/4579 5479/5813/4579
f 5470/5804/4580 5471/5805/4580 5481/5815/4580 5480/5814/4580
f 5471/5805/4581 5472/5806/4581 5482/5816/4581 5481/5815/4581
f 5472/5806/4582 5473/5807/4582 5483/5817/4582 5482/5816/4582
f 5473/5807/4583 5474/5739/4583 5484/5741/4583 5483/5817/4583
f 5410/5809/4578 5475/5808/4578 5485/5818/4578 5411/5819/4578
f 5475/5808/4578 5476/5810/4578 5486/5820/4578 5485/5818/4578
f 5476/5810/4578 5477/5811/4578 5487/5821/4578 5486/5820/4578
f 5477/5811/4578 5478/5812/4578 5488/5822/4578 5487/5821/4578
f 5478/5812/4687 5479/5813/4687 5489/5823/4687 5488/5822/4687
f 5479/5813/4688 5480/5814/4688 5490/5824/4688 5489/5823/4688
f 5480/5814/4689 5481/5815/4689 5491/5825/4689 5490/5824/4689
f 5481/5815/4690 5482/5816/4690 5492/5826/4690 5491/5825/4690
f 5482/5816/4691 5483/5817/4691 5493/5827/4691 5492/5826/4691
f 5483/5817/4692 5484/5741/4692 5494/5743/4692 5493/5827/4692
f 5411/5819/4578 5485/5818/4578 5495/5828/4578 5412/5829/4578
f 5485/5818/4578 5486/5820/4578 5496/5830/4578 5495/5828/4578
f 5486/5820/4578 5487/5821/4578 5497/5831/4578 5496/5830/4578
f 5487/5821/4578 5488/5822/4578 5498/5832/4578 5497/5831/4578
f 5488/5822/4693 5489/5823/4693 5499/5833/4693 5498/5832/4693
f 5489/5823/4694 5490/5824/4694 5500/5834/4694 5499/5833/4694
f 5490/5824/4695 5491/5825/4695 5501/5835/4695 5500/5834/4695
f 5491/5825/4696 5492/5826/4696 5502/5836/4696 5501/5835/4696
f 5492/5826/4697 5493/5827/4697 5503/5837/4697 5502/5836/4697
f 5493/5827/4698 5494/5743/4698 5504/5745/4698 5503/5837/4698
f 5412/5829/4578 5495/5828/4578 5505/5838/4578 5413/5839/4578
f 5495/5828/4578 5496/5830/4578 5506/5840/4578 5505/5838/4578
f 5496/5830/4578 5497/5831/4578 5507/5841/4578 5506/5840/4578
f 5497/5831/4578 5498/5832/4578 5508/5842/4578 5507/5841/4578
f 5498/5832/4699 5499/5833/4699 5509/5843/4699 5508/5842/4699
f 5499/5833/4700 5500/5834/4700 5510/5844/4700 5509/5843/4700
f 5500/5834/4701 5501/5835/4701 5511/5845/4701 5510/5844/4701
f 5501/5835/4702 5502/5836/4702 5512/5846/4702 5511/5845/4702
f 5502/5836/4703 5503/5837/4703 5513/5847/4703 5512/5846/4703
f 5503/5837/4704 5504/5745/4704 5514/5747/4704 5513/5847/4704
f 5413/5839/4578 5505/5838/4578 5515/5848/4578 5414/5849/4578
f 5505/5838/4578 5506/5840/4578 5516/5850/4578 5515/5848/4578
f 5506/5840/4578 5507/5841/4578 5517/5851/4578 5516/5850/4578
f 5507/5841/4578 5508/5842/4578 5518/5852/4578 5517/5851/4578
f 5508/5842/4602 5509/5843/4602 5519/5853/4602 5518/5852/4602
f 5509/5843/4705 5510/5844/4705 5520/5854/4705 5519/5853/4705
f 5510/5844/4706 5511/5845/4706 5521/5855/4706 5520/5854/4706
f 5511/5845/4707 5512/5846/4707 5522/5856/4707 5521/5855/4707
f 5512/5846/4708 5513/5847/4708 5523/5857/4708 5522/5856/4708
f 5513/5847/4709 5514/5747/4709 5524/5726/4709 5523/5857/4709
f 5414/5849/4578 5515/5848/4578 5067/5505/4578 5017/5504/4578
f 5515/5848/4578 5516/5850/4578 5060/5506/4578 5067/5505/4578
f 5516/5850/4578 5517/5851/4578 5086/5507/4578 5060/5506/4578
f 5517/5851/4578 5518/5852/4578 5061/5508/4578 5086/5507/4578
f 5518/5852/4602 5519/5853/4602 5080/5509/4602 5061/5508/4602
f 5519/5853/4710 5520/5854/4710 5083/5510/4710 5080/5509/4710
f 5520/5854/4711 5521/5855/4711 5087/5511/4711 5083/5510/4711
f 5521/5855/4712 5522/5856/4712 5062/5512/4712 5087/5511/4712
f 5522/5856/4713 5523/5857/4713 5081/5513/4713 5062/5512/4713
f 5523/5857/4714 5524/5726/4714 5084/5371/4714 5081/5513/4714
f 5395/5858/4571 5373/5859/4571 5394/5860/4571 5534/5861/4571
f 5534/5861/4571 5394/5860/4571 5393/5862/4571 5544/5863/4571
f 5544/5863/4571 5393/5862/4571 5392/5864/4571 5554/5865/4571
f 5554/5865/4571 5392/5864/4571 5391/5866/4571 5564/5867/4571
f 5564/5867/4571 5391/5866/4571 5390/5868/4571 5574/5869/4571
f 5574/5869/4571 5390/5868/4571 5389/5870/4571 5584/5871/4571
f 5584/5871/4571 5389/5870/4571 5388/5872/4571 5594/5873/4571
f 5594/5873/4571 5388/5872/4571 5387/5874/4571 5604/5875/4571
f 5604/5875/4571 5387/5874/4571 5386/5876/4571 5614/5877/4571
f 5614/5877/4571 5386/5876/4571 5385/5725/4571 5624/5724/4571
f 5374/5729/4613 5404/5878/4613 5525/5879/4613 5424/5730/4613
f 5404/5878/4614 5403/5880/4614 5526/5881/4614 5525/5879/4614
f 5403/5880/4615 5402/5882/4615 5527/5883/4615 5526/5881/4615
f 5402/5882/4616 5401/5884/4616 5528/5885/4616 5527/5883/4616
f 5401/5884/4617 5400/5886/4617 5529/5887/4617 5528/5885/4617
f 5400/5886/4618 5399/5888/4618 5530/5889/4618 5529/5887/4618
f 5399/5888/4619 5398/5890/4619 5531/5891/4619 5530/5889/4619
f 5398/5890/4620 5397/5892/4620 5532/5893/4620 5531/5891/4620
f 5397/5892/4621 5396/5894/4621 5533/5895/4621 5532/5893/4621
f 5396/5894/4622 5395/5858/4622 5534/5861/4622 5533/5895/4622
f 5424/5730/4613 5525/5879/4613 5535/5896/4613 5423/5732/4613
f 5525/5879/4614 5526/5881/4614 5536/5897/4614 5535/5896/4614
f 5526/5881/4615 5527/5883/4615 5537/5898/4615 5536/5897/4615
f 5527/5883/4616 5528/5885/4616 5538/5899/4616 5537/5898/4616
f 5528/5885/4617 5529/5887/4617 5539/5900/4617 5538/5899/4617
f 5529/5887/4618 5530/5889/4618 5540/5901/4618 5539/5900/4618
f 5530/5889/4619 5531/5891/4619 5541/5902/4619 5540/5901/4619
f 5531/5891/4620 5532/5893/4620 5542/5903/4620 5541/5902/4620
f 5532/5893/4621 5533/5895/4621 5543/5904/4621 5542/5903/4621
f 5533/5895/4622 5534/5861/4622 5544/5863/4622 5543/5904/4622
f 5423/5732/4613 5535/5896/4613 5545/5905/4613 5422/5734/4613
f 5535/5896/4614 5536/5897/4614 5546/5906/4614 5545/5905/4614
f 5536/5897/4615 5537/5898/4615 5547/5907/4615 5546/5906/4615
f 5537/5898/4616 5538/5899/4616 5548/5908/4616 5547/5907/4616
f 5538/5899/4617 5539/5900/4617 5549/5909/4617 5548/5908/4617
f 5539/5900/4618 5540/5901/4618 5550/5910/4618 5549/5909/4618
f 5540/5901/4619 5541/5902/4619 5551/5911/4619 5550/5910/4619
f 5541/5902/4620 5542/5903/4620 5552/5912/4620 5551/5911/4620
f 5542/5903/4621 5543/5904/4621 5553/5913/4621 5552/5912/4621
f 5543/5904/4622 5544/5863/4622 5554/5865/4622 5553/5913/4622
f 5422/5734/4613 5545/5905/4613 5555/5914/4613 5421/5736/4613
f 5545/5905/4614 5546/5906/4614 5556/5915/4614 5555/5914/4614
f 5546/5906/4615 5547/5907/4615 5557/5916/4615 5556/5915/4615
f 5547/5907/4616 5548/5908/4616 5558/5917/4616 5557/5916/4616
f 5548/5908/4617 5549/5909/4617 5559/5918/4617 5558/5917/4617
f 5549/5909/4618 5550/5910/4618 5560/5919/4618 5559/5918/4618
f 5550/5910/4619 5551/5911/4619 5561/5920/4619 5560/5919/4619
f 5551/5911/4620 5552/5912/4620 5562/5921/4620 5561/5920/4620
f 5552/5912/4621 5553/5913/4621 5563/5922/4621 5562/5921/4621
f 5553/5913/4622 5554/5865/4622 5564/5867/4622 5563/5922/4622
f 5421/5736/4613 5555/5914/4613 5565/5923/4613 5420/5738/4613
f 5555/5914/4614 5556/5915/4614 5566/5924/4614 5565/5923/4614
f 5556/5915/4615 5557/5916/4615 5567/5925/4615 5566/5924/4615
f 5557/5916/4616 5558/5917/4616 5568/5926/4616 5567/5925/4616
f 5558/5917/4617 5559/5918/4617 5569/5927/4617 5568/5926/4617
f 5559/5918/4618 5560/5919/4618 5570/5928/4618 5569/5927/4618
f 5560/5919/4619 5561/5920/4619 5571/5929/4619 5570/5928/4619
f 5561/5920/4620 5562/5921/4620 5572/5930/4620 5571/5929/4620
f 5562/5921/4621 5563/5922/4621 5573/5931/4621 5572/5930/4621
f 5563/5922/4622 5564/5867/4622 5574/5869/4622 5573/5931/4622
f 5420/5738/4613 5565/5923/4613 5575/5932/4613 5419/5740/4613
f 5565/5923/4614 5566/5924/4614 5576/5933/4614 5575/5932/4614
f 5566/5924/4615 5567/5925/4615 5577/5934/4615 5576/5933/4615
f 5567/5925/4616 5568/5926/4616 5578/5935/4616 5577/5934/4616
f 5568/5926/4617 5569/5927/4617 5579/5936/4617 5578/5935/4617
f 5569/5927/4618 5570/5928/4618 5580/5937/4618 5579/5936/4618
f 5570/5928/4619 5571/5929/4619 5581/5938/4619 5580/5937/4619
f 5571/5929/4620 5572/5930/4620 5582/5939/4620 5581/5938/4620
f 5572/5930/4621 5573/5931/4621 5583/5940/4621 5582/5939/4621
f 5573/5931/4622 5574/5869/4622 5584/5871/4622 5583/5940/4622
f 5419/5740/4715 5575/5932/4715 5585/5941/4715 5418/5742/4715
f 5575/5932/4716 5576/5933/4716 5586/5942/4716 5585/5941/4716
f 5576/5933/4717 5577/5934/4717 5587/5943/4717 5586/5942/4717
f 5577/5934/4616 5578/5935/4616 5588/5944/4616 5587/5943/4616
f 5578/5935/4617 5579/5936/4617 5589/5945/4617 5588/5944/4617
f 5579/5936/4618 5580/5937/4618 5590/5946/4618 5589/5945/4618
f 5580/5937/4619 5581/5938/4619 5591/5947/4619 5590/5946/4619
f 5581/5938/4620 5582/5939/4620 5592/5948/4620 5591/5947/4620
f 5582/5939/4621 5583/5940/4621 5593/5949/4621 5592/5948/4621
f 5583/5940/4622 5584/5871/4622 5594/5873/4622 5593/5949/4622
f 5418/5742/4718 5585/5941/4718 5595/5950/4718 5417/5744/4718
f 5585/5941/4719 5586/5942/4719 5596/5951/4719 5595/5950/4719
f 5586/5942/4720 5587/5943/4720 5597/5952/4720 5596/5951/4720
f 5587/5943/4616 5588/5944/4616 5598/5953/4616 5597/5952/4616
f 5588/5944/4617 5589/5945/4617 5599/5954/4617 5598/5953/4617
f 5589/5945/4618 5590/5946/4618 5600/5955/4618 5599/5954/4618
f 5590/5946/4619 5591/5947/4619 5601/5956/4619 5600/5955/4619
f 5591/5947/4620 5592/5948/4620 5602/5957/4620 5601/5956/4620
f 5592/5948/4621 5593/5949/4621 5603/5958/4621 5602/5957/4621
f 5593/5949/4622 5594/5873/4622 5604/5875/4622 5603/5958/4622
f 5417/5744/4721 5595/5950/4721 5605/5959/4721 5416/5746/4721
f 5595/5950/4722 5596/5951/4722 5606/5960/4722 5605/5959/4722
f 5596/5951/4723 5597/5952/4723 5607/5961/4723 5606/5960/4723
f 5597/5952/4616 5598/5953/4616 5608/5962/4616 5607/5961/4616
f 5598/5953/4617 5599/5954/4617 5609/5963/4617 5608/5962/4617
f 5599/5954/4618 5600/5955/4618 5610/5964/4618 5609/5963/4618
f 5600/5955/4619 5601/5956/4619 5611/5965/4619 5610/5964/4619
f 5601/5956/4620 5602/5957/4620 5612/5966/4620 5611/5965/4620
f 5602/5957/4621 5603/5958/4621 5613/5967/4621 5612/5966/4621
f 5603/5958/4622 5604/5875/4622 5614/5877/4622 5613/5967/4622
f 5416/5746/4724 5605/5959/4724 5615/5968/4724 5415/5727/4724
f 5605/5959/4725 5606/5960/4725 5616/5969/4725 5615/5968/4725
f 5606/5960/4726 5607/5961/4726 5617/5970/4726 5616/5969/4726
f 5607/5961/4616 5608/5962/4616 5618/5971/4616 5617/5970/4616
f 5608/5962/4617 5609/5963/4617 5619/5972/4617 5618/5971/4617
f 5609/5963/4618 5610/5964/4618 5620/5973/4618 5619/5972/4618
f 5610/5964/4619 5611/5965/4619 5621/5974/4619 5620/5973/4619
f 5611/5965/4620 5612/5966/4620 5622/5975/4620 5621/5974/4620
f 5612/5966/4621 5613/5967/4621 5623/5976/4621 5622/5975/4621
f 5613/5967/4622 5614/5877/4622 5624/5724/4622 5623/5976/4622
f 5415/5727/4727 5615/5968/4727 5079/5633/4727 5019/5372/4727
f 5615/5968/4728 5616/5969/4728 5078/5634/4728 5079/5633/4728
f 5616/5969/4729 5617/5970/4729 5063/5635/4729 5078/5634/4729
f 5617/5970/4616 5618/5971/4616 5088/5636/4616 5063/5635/4616
f 5618/5971/4617 5619/5972/4617 5064/5637/4617 5088/5636/4617
f 5619/5972/4618 5620/5973/4618 5082/5638/4618 5064/5637/4618
f 5620/5973/4619 5621/5974/4619 5085/5639/4619 5082/5638/4619
f 5621/5974/4620 5622/5975/4620 5089/5640/4620 5085/5639/4620
f 5622/5975/4621 5623/5976/4621 5065/5641/4621 5089/5640/4621
f 5623/5976/4622 5624/5724/4622 5066/5367/4622 5065/5641/4622
f 5679/5977/4638 5628/5978/4638 5627/5979/4638 5678/5980/4638
f 5678/5980/4640 5627/5979/4640 5626/5981/4640 5682/5982/4640
f 5683/5983/4639 5625/5984/4639 5628/5978/4639 5679/5977/4639
f 5637/5985/4643 5634/5986/4643 5633/5987/4643 5636/5988/4643
f 5641/5989/4642 5632/5990/4642 5631/5991/4642 5640/5992/4642
f 5645/5993/4641 5630/5994/4641 5629/5995/4641 5644/5996/4641
f 5636/5988/4645 5633/5987/4645 5632/5990/4645 5641/5989/4645
f 5640/5992/4644 5631/5991/4644 5630/5994/4644 5645/5993/4644
f 5406/5769/4648 5639/5997/4648 5646/5998/4648 5405/5751/4648
f 5639/5997/4649 5640/5992/4649 5645/5993/4649 5646/5998/4649
f 5408/5789/4646 5635/5999/4646 5642/6000/4646 5407/5779/4646
f 5635/5999/4647 5636/5988/4647 5641/5989/4647 5642/6000/4647
f 5405/5751/4653 5646/5998/4653 5643/6001/4653 5372/5748/4653
f 5646/5998/4654 5645/5993/4654 5644/5996/4654 5643/6001/4654
f 5407/5779/4652 5642/6000/4652 5639/5997/4652 5406/5769/4652
f 5642/6000/4652 5641/5989/4652 5640/5992/4652 5639/5997/4652
f 5409/5799/4650 5638/6002/4650 5635/5999/4650 5408/5789/4650
f 5638/6002/4651 5637/5985/4651 5636/5988/4651 5635/5999/4651
f 5649/6003/4730 5648/6004/4730 5647/6005/4730 5676/6006/4730
f 5638/6002/4731 5662/6007/4731 5663/6008/4731 5637/5985/4731
f 5662/6007/4731 5661/6009/4731 5664/6010/4731 5663/6008/4731
f 5661/6009/4731 5660/6011/4731 5665/6012/4731 5664/6010/4731
f 5660/6011/4731 5659/6013/4731 5666/6014/4731 5665/6012/4731
f 5659/6013/4732 5658/6015/4732 5667/6016/4732 5666/6014/4732
f 5658/6015/4733 5657/6017/4733 5668/6018/4733 5667/6016/4733
f 5657/6017/4734 5656/6019/4734 5669/6020/4734 5668/6018/4734
f 5656/6019/4735 5655/6021/4735 5670/6022/4735 5669/6020/4735
f 5655/6021/4736 5654/6023/4736 5671/6024/4736 5670/6022/4736
f 5654/6023/4737 5653/6025/4737 5672/6026/4737 5671/6024/4737
f 5653/6025/4738 5652/6027/4738 5673/6028/4738 5672/6026/4738
f 5652/6027/4739 5651/6029/4739 5674/6030/4739 5673/6028/4739
f 5651/6029/4740 5650/6031/4740 5675/6032/4740 5674/6030/4740
f 5650/6031/4740 5649/6003/4740 5676/6006/4740 5675/6032/4740
f 5373/5859/4668 5684/6033/4668 5680/6034/4668 5394/5860/4668
f 5684/6033/4669 5683/5983/4669 5679/5977/4669 5680/6034/4669
f 5393/5862/4666 5677/6035/4666 5681/6036/4666 5392/5864/4666
f 5677/6035/4667 5678/5980/4667 5682/5982/4667 5681/6036/4667
f 5394/5860/4638 5680/6034/4638 5677/6035/4638 5393/5862/4638
f 5680/6034/4638 5679/5977/4638 5678/5980/4638 5677/6035/4638
f 5682/5982/4741 5685/6037/4741 5706/6038/4741 5681/6036/4741
f 5685/6037/4742 5686/6039/4742 5705/6040/4742 5706/6038/4742
f 5686/6039/4743 5687/6041/4743 5704/6042/4743 5705/6040/4743
f 5687/6041/4744 5688/6043/4744 5703/6044/4744 5704/6042/4744
f 5688/6043/4745 5689/6045/4745 5702/6046/4745 5703/6044/4745
f 5689/6045/4746 5690/6047/4746 5701/6048/4746 5702/6046/4746
f 5690/6047/4747 5691/6049/4747 5700/6050/4747 5701/6048/4747
f 5691/6049/4748 5692/6051/4748 5699/6052/4748 5700/6050/4748
f 5692/6051/4749 5693/6053/4749 5698/6054/4749 5699/6052/4749
f 5693/6053/4750 5694/6055/4750 5697/6056/4750 5698/6054/4750
f 5694/6055/4751 5695/6057/4751 5696/6058/4751 5697/6056/4751
f 5695/6057/4752 5647/6005/4752 5648/6004/4752 5696/6058/4752
f 5982/6059/4753 5723/6060/4753 5711/6061/4753 5759/6062/4753
f 5882/6063/4754 5761/6064/4754 5712/6065/4754 5777/6066/4754
f 5713/6067/4755 5709/6068/4755 5770/6069/4755 5792/6070/4755
f 5792/6070/4755 5770/6069/4755 5769/6071/4755 5802/6072/4755
f 5802/6072/4755 5769/6071/4755 5768/6073/4755 5812/6074/4755
f 5812/6074/4755 5768/6073/4755 5767/6075/4755 5822/6076/4755
f 5822/6076/4755 5767/6075/4755 5766/6077/4755 5832/6078/4755
f 5832/6078/4755 5766/6077/4755 5765/6079/4755 5842/6080/4755
f 5842/6080/4756 5765/6079/4756 5764/6081/4756 5852/6082/4756
f 5852/6082/4757 5764/6081/4757 5763/6083/4757 5862/6084/4757
f 5862/6084/4758 5763/6083/4758 5762/6085/4758 5872/6086/4758
f 5872/6086/4759 5762/6085/4759 5761/6064/4759 5882/6063/4759
f 5707/6087/4760 5722/6088/4760 5783/6089/4760 5743/6090/4760
f 5722/6088/4760 5721/6091/4760 5784/6092/4760 5783/6089/4760
f 5721/6091/4760 5720/6093/4760 5785/6094/4760 5784/6092/4760
f 5720/6093/4760 5719/6095/4760 5786/6096/4760 5785/6094/4760
f 5719/6095/4760 5718/6097/4760 5787/6098/4760 5786/6096/4760
f 5718/6097/4761 5717/6099/4761 5788/6100/4761 5787/6098/4761
f 5717/6099/4762 5716/6101/4762 5789/6102/4762 5788/6100/4762
f 5716/6101/4763 5715/6103/4763 5790/6104/4763 5789/6102/4763
f 5715/6103/4764 5714/6105/4764 5791/6106/4764 5790/6104/4764
f 5714/6105/4765 5713/6067/4765 5792/6070/4765 5791/6106/4765
f 5743/6090/4760 5783/6089/4760 5793/6107/4760 5744/6108/4760
f 5783/6089/4760 5784/6092/4760 5794/6109/4760 5793/6107/4760
f 5784/6092/4760 5785/6094/4760 5795/6110/4760 5794/6109/4760
f 5785/6094/4760 5786/6096/4760 5796/6111/4760 5795/6110/4760
f 5786/6096/4760 5787/6098/4760 5797/6112/4760 5796/6111/4760
f 5787/6098/4761 5788/6100/4761 5798/6113/4761 5797/6112/4761
f 5788/6100/4762 5789/6102/4762 5799/6114/4762 5798/6113/4762
f 5789/6102/4763 5790/6104/4763 5800/6115/4763 5799/6114/4763
f 5790/6104/4764 5791/6106/4764 5801/6116/4764 5800/6115/4764
f 5791/6106/4765 5792/6070/4765 5802/6072/4765 5801/6116/4765
f 5744/6108/4760 5793/6107/4760 5803/6117/4760 5745/6118/4760
f 5793/6107/4760 5794/6109/4760 5804/6119/4760 5803/6117/4760
f 5794/6109/4760 5795/6110/4760 5805/6120/4760 5804/6119/4760
f 5795/6110/4760 5796/6111/4760 5806/6121/4760 5805/6120/4760
f 5796/6111/4760 5797/6112/4760 5807/6122/4760 5806/6121/4760
f 5797/6112/4761 5798/6113/4761 5808/6123/4761 5807/6122/4761
f 5798/6113/4762 5799/6114/4762 5809/6124/4762 5808/6123/4762
f 5799/6114/4763 5800/6115/4763 5810/6125/4763 5809/6124/4763
f 5800/6115/4764 5801/6116/4764 5811/6126/4764 5810/6125/4764
f 5801/6116/4766 5802/6072/4766 5812/6074/4766 5811/6126/4766
f 5745/6118/4760 5803/6117/4760 5813/6127/4760 5746/6128/4760
f 5803/6117/4760 5804/6119/4760 5814/6129/4760 5813/6127/4760
f 5804/6119/4760 5805/6120/4760 5815/6130/4760 5814/6129/4760
f 5805/6120/4760 5806/6121/4760 5816/6131/4760 5815/6130/4760
f 5806/6121/4760 5807/6122/4760 5817/6132/4760 5816/6131/4760
f 5807/6122/4761 5808/6123/4761 5818/6133/4761 5817/6132/4761
f 5808/6123/4762 5809/6124/4762 5819/6134/4762 5818/6133/4762
f 5809/6124/4763 5810/6125/4763 5820/6135/4763 5819/6134/4763
f 5810/6125/4764 5811/6126/4764 5821/6136/4764 5820/6135/4764
f 5811/6126/4766 5812/6074/4766 5822/6076/4766 5821/6136/4766
f 5746/6128/4760 5813/6127/4760 5823/6137/4760 5747/6138/4760
f 5813/6127/4760 5814/6129/4760 5824/6139/4760 5823/6137/4760
f 5814/6129/4760 5815/6130/4760 5825/6140/4760 5824/6139/4760
f 5815/6130/4760 5816/6131/4760 5826/6141/4760 5825/6140/4760
f 5816/6131/4760 5817/6132/4760 5827/6142/4760 5826/6141/4760
f 5817/6132/4761 5818/6133/4761 5828/6143/4761 5827/6142/4761
f 5818/6133/4762 5819/6134/4762 5829/6144/4762 5828/6143/4762
f 5819/6134/4763 5820/6135/4763 5830/6145/4763 5829/6144/4763
f 5820/6135/4764 5821/6136/4764 5831/6146/4764 5830/6145/4764
f 5821/6136/4766 5822/6076/4766 5832/6078/4766 5831/6146/4766
f 5747/6138/4760 5823/6137/4760 5833/6147/4760 5748/6148/4760
f 5823/6137/4760 5824/6139/4760 5834/6149/4760 5833/6147/4760
f 5824/6139/4760 5825/6140/4760 5835/6150/4760 5834/6149/4760
f 5825/6140/4760 5826/6141/4760 5836/6151/4760 5835/6150/4760
f 5826/6141/4760 5827/6142/4760 5837/6152/4760 5836/6151/4760
f 5827/6142/4761 5828/6143/4761 5838/6153/4761 5837/6152/4761
f 5828/6143/4762 5829/6144/4762 5839/6154/4762 5838/6153/4762
f 5829/6144/4763 5830/6145/4763 5840/6155/4763 5839/6154/4763
f 5830/6145/4764 5831/6146/4764 5841/6156/4764 5840/6155/4764
f 5831/6146/4765 5832/6078/4765 5842/6080/4765 5841/6156/4765
f 5748/6148/4760 5833/6147/4760 5843/6157/4760 5749/6158/4760
f 5833/6147/4760 5834/6149/4760 5844/6159/4760 5843/6157/4760
f 5834/6149/4760 5835/6150/4760 5845/6160/4760 5844/6159/4760
f 5835/6150/4760 5836/6151/4760 5846/6161/4760 5845/6160/4760
f 5836/6151/4767 5837/6152/4767 5847/6162/4767 5846/6161/4767
f 5837/6152/4768 5838/6153/4768 5848/6163/4768 5847/6162/4768
f 5838/6153/4769 5839/6154/4769 5849/6164/4769 5848/6163/4769
f 5839/6154/4770 5840/6155/4770 5850/6165/4770 5849/6164/4770
f 5840/6155/4771 5841/6156/4771 5851/6166/4771 5850/6165/4771
f 5841/6156/4772 5842/6080/4772 5852/6082/4772 5851/6166/4772
f 5749/6158/4760 5843/6157/4760 5853/6167/4760 5750/6168/4760
f 5843/6157/4760 5844/6159/4760 5854/6169/4760 5853/6167/4760
f 5844/6159/4760 5845/6160/4760 5855/6170/4760 5854/6169/4760
f 5845/6160/4760 5846/6161/4760 5856/6171/4760 5855/6170/4760
f 5846/6161/4773 5847/6162/4773 5857/6172/4773 5856/6171/4773
f 5847/6162/4774 5848/6163/4774 5858/6173/4774 5857/6172/4774
f 5848/6163/4775 5849/6164/4775 5859/6174/4775 5858/6173/4775
f 5849/6164/4776 5850/6165/4776 5860/6175/4776 5859/6174/4776
f 5850/6165/4777 5851/6166/4777 5861/6176/4777 5860/6175/4777
f 5851/6166/4778 5852/6082/4778 5862/6084/4778 5861/6176/4778
f 5750/6168/4760 5853/6167/4760 5863/6177/4760 5751/6178/4760
f 5853/6167/4760 5854/6169/4760 5864/6179/4760 5863/6177/4760
f 5854/6169/4760 5855/6170/4760 5865/6180/4760 5864/6179/4760
f 5855/6170/4760 5856/6171/4760 5866/6181/4760 5865/6180/4760
f 5856/6171/4779 5857/6172/4779 5867/6182/4779 5866/6181/4779
f 5857/6172/4780 5858/6173/4780 5868/6183/4780 5867/6182/4780
f 5858/6173/4781 5859/6174/4781 5869/6184/4781 5868/6183/4781
f 5859/6174/4782 5860/6175/4782 5870/6185/4782 5869/6184/4782
f 5860/6175/4783 5861/6176/4783 5871/6186/4783 5870/6185/4783
f 5861/6176/4784 5862/6084/4784 5872/6086/4784 5871/6186/4784
f 5751/6178/4760 5863/6177/4760 5873/6187/4760 5752/6188/4760
f 5863/6177/4760 5864/6179/4760 5874/6189/4760 5873/6187/4760
f 5864/6179/4760 5865/6180/4760 5875/6190/4760 5874/6189/4760
f 5865/6180/4760 5866/6181/4760 5876/6191/4760 5875/6190/4760
f 5866/6181/4785 5867/6182/4785 5877/6192/4785 5876/6191/4785
f 5867/6182/4786 5868/6183/4786 5878/6193/4786 5877/6192/4786
f 5868/6183/4787 5869/6184/4787 5879/6194/4787 5878/6193/4787
f 5869/6184/4788 5870/6185/4788 5880/6195/4788 5879/6194/4788
f 5870/6185/4789 5871/6186/4789 5881/6196/4789 5880/6195/4789
f 5871/6186/4790 5872/6086/4790 5882/6063/4790 5881/6196/4790
f 5752/6188/4760 5873/6187/4760 5760/6197/4760 5710/6198/4760
f 5873/6187/4760 5874/6189/4760 5753/6199/4760 5760/6197/4760
f 5874/6189/4760 5875/6190/4760 5779/6200/4760 5753/6199/4760
f 5875/6190/4760 5876/6191/4760 5754/6201/4760 5779/6200/4760
f 5876/6191/4785 5877/6192/4785 5773/6202/4785 5754/6201/4785
f 5877/6192/4791 5878/6193/4791 5776/6203/4791 5773/6202/4791
f 5878/6193/4792 5879/6194/4792 5780/6204/4792 5776/6203/4792
f 5879/6194/4793 5880/6195/4793 5755/6205/4793 5780/6204/4793
f 5880/6195/4794 5881/6196/4794 5774/6206/4794 5755/6205/4794
f 5881/6196/4795 5882/6063/4795 5777/6066/4795 5774/6206/4795
f 5733/6207/4796 5708/6208/4796 5732/6209/4796 5892/6210/4796
f 5892/6210/4796 5732/6209/4796 5731/6211/4796 5902/6212/4796
f 5902/6212/4797 5731/6211/4797 5730/6213/4797 5912/6214/4797
f 5912/6214/4798 5730/6213/4798 5729/6215/4798 5922/6216/4798
f 5922/6216/4753 5729/6215/4753 5728/6217/4753 5932/6218/4753
f 5932/6218/4753 5728/6217/4753 5727/6219/4753 5942/6220/4753
f 5942/6220/4753 5727/6219/4753 5726/6221/4753 5952/6222/4753
f 5952/6222/4753 5726/6221/4753 5725/6223/4753 5962/6224/4753
f 5962/6224/4753 5725/6223/4753 5724/6225/4753 5972/6226/4753
f 5972/6226/4753 5724/6225/4753 5723/6060/4753 5982/6059/4753
f 5709/6068/4799 5742/6227/4799 5883/6228/4799 5770/6069/4799
f 5742/6227/4800 5741/6229/4800 5884/6230/4800 5883/6228/4800
f 5741/6229/4801 5740/6231/4801 5885/6232/4801 5884/6230/4801
f 5740/6231/4802 5739/6233/4802 5886/6234/4802 5885/6232/4802
f 5739/6233/4803 5738/6235/4803 5887/6236/4803 5886/6234/4803
f 5738/6235/4804 5737/6237/4804 5888/6238/4804 5887/6236/4804
f 5737/6237/4805 5736/6239/4805 5889/6240/4805 5888/6238/4805
f 5736/6239/4806 5735/6241/4806 5890/6242/4806 5889/6240/4806
f 5735/6241/4807 5734/6243/4807 5891/6244/4807 5890/6242/4807
f 5734/6243/4808 5733/6207/4808 5892/6210/4808 5891/6244/4808
f 5770/6069/4799 5883/6228/4799 5893/6245/4799 5769/6071/4799
f 5883/6228/4800 5884/6230/4800 5894/6246/4800 5893/6245/4800
f 5884/6230/4801 5885/6232/4801 5895/6247/4801 5894/6246/4801
f 5885/6232/4802 5886/6234/4802 5896/6248/4802 5895/6247/4802
f 5886/6234/4803 5887/6236/4803 5897/6249/4803 5896/6248/4803
f 5887/6236/4804 5888/6238/4804 5898/6250/4804 5897/6249/4804
f 5888/6238/4805 5889/6240/4805 5899/6251/4805 5898/6250/4805
f 5889/6240/4806 5890/6242/4806 5900/6252/4806 5899/6251/4806
f 5890/6242/4807 5891/6244/4807 5901/6253/4807 5900/6252/4807
f 5891/6244/4808 5892/6210/4808 5902/6212/4808 5901/6253/4808
f 5769/6071/4799 5893/6245/4799 5903/6254/4799 5768/6073/4799
f 5893/6245/4800 5894/6246/4800 5904/6255/4800 5903/6254/4800
f 5894/6246/4801 5895/6247/4801 5905/6256/4801 5904/6255/4801
f 5895/6247/4802 5896/6248/4802 5906/6257/4802 5905/6256/4802
f 5896/6248/4803 5897/6249/4803 5907/6258/4803 5906/6257/4803
f 5897/6249/4804 5898/6250/4804 5908/6259/4804 5907/6258/4804
f 5898/6250/4805 5899/6251/4805 5909/6260/4805 5908/6259/4805
f 5899/6251/4806 5900/6252/4806 5910/6261/4806 5909/6260/4806
f 5900/6252/4807 5901/6253/4807 5911/6262/4807 5910/6261/4807
f 5901/6253/4808 5902/6212/4808 5912/6214/4808 5911/6262/4808
f 5768/6073/4799 5903/6254/4799 5913/6263/4799 5767/6075/4799
f 5903/6254/4800 5904/6255/4800 5914/6264/4800 5913/6263/4800
f 5904/6255/4801 5905/6256/4801 5915/6265/4801 5914/6264/4801
f 5905/6256/4802 5906/6257/4802 5916/6266/4802 5915/6265/4802
f 5906/6257/4803 5907/6258/4803 5917/6267/4803 5916/6266/4803
f 5907/6258/4804 5908/6259/4804 5918/6268/4804 5917/6267/4804
f 5908/6259/4805 5909/6260/4805 5919/6269/4805 5918/6268/4805
f 5909/6260/4806 5910/6261/4806 5920/6270/4806 5919/6269/4806
f 5910/6261/4807 5911/6262/4807 5921/6271/4807 5920/6270/4807
f 5911/6262/4808 5912/6214/4808 5922/6216/4808 5921/6271/4808
f 5767/6075/4799 5913/6263/4799 5923/6272/4799 5766/6077/4799
f 5913/6263/4800 5914/6264/4800 5924/6273/4800 5923/6272/4800
f 5914/6264/4801 5915/6265/4801 5925/6274/4801 5924/6273/4801
f 5915/6265/4802 5916/6266/4802 5926/6275/4802 5925/6274/4802
f 5916/6266/4803 5917/6267/4803 5927/6276/4803 5926/6275/4803
f 5917/6267/4804 5918/6268/4804 5928/6277/4804 5927/6276/4804
f 5918/6268/4805 5919/6269/4805 5929/6278/4805 5928/6277/4805
f 5919/6269/4806 5920/6270/4806 5930/6279/4806 5929/6278/4806
f 5920/6270/4807 5921/6271/4807 5931/6280/4807 5930/6279/4807
f 5921/6271/4808 5922/6216/4808 5932/6218/4808 5931/6280/4808
f 5766/6077/4799 5923/6272/4799 5933/6281/4799 5765/6079/4799
f 5923/6272/4800 5924/6273/4800 5934/6282/4800 5933/6281/4800
f 5924/6273/4801 5925/6274/4801 5935/6283/4801 5934/6282/4801
f 5925/6274/4802 5926/6275/4802 5936/6284/4802 5935/6283/4802
f 5926/6275/4803 5927/6276/4803 5937/6285/4803 5936/6284/4803
f 5927/6276/4804 5928/6277/4804 5938/6286/4804 5937/6285/4804
f 5928/6277/4805 5929/6278/4805 5939/6287/4805 5938/6286/4805
f 5929/6278/4806 5930/6279/4806 5940/6288/4806 5939/6287/4806
f 5930/6279/4807 5931/6280/4807 5941/6289/4807 5940/6288/4807
f 5931/6280/4808 5932/6218/4808 5942/6220/4808 5941/6289/4808
f 5765/6079/4809 5933/6281/4809 5943/6290/4809 5764/6081/4809
f 5933/6281/4810 5934/6282/4810 5944/6291/4810 5943/6290/4810
f 5934/6282/4811 5935/6283/4811 5945/6292/4811 5944/6291/4811
f 5935/6283/4802 5936/6284/4802 5946/6293/4802 5945/6292/4802
f 5936/6284/4803 5937/6285/4803 5947/6294/4803 5946/6293/4803
f 5937/6285/4804 5938/6286/4804 5948/6295/4804 5947/6294/4804
f 5938/6286/4805 5939/6287/4805 5949/6296/4805 5948/6295/4805
f 5939/6287/4806 5940/6288/4806 5950/6297/4806 5949/6296/4806
f 5940/6288/4807 5941/6289/4807 5951/6298/4807 5950/6297/4807
f 5941/6289/4808 5942/6220/4808 5952/6222/4808 5951/6298/4808
f 5764/6081/4812 5943/6290/4812 5953/6299/4812 5763/6083/4812
f 5943/6290/4813 5944/6291/4813 5954/6300/4813 5953/6299/4813
f 5944/6291/4814 5945/6292/4814 5955/6301/4814 5954/6300/4814
f 5945/6292/4802 5946/6293/4802 5956/6302/4802 5955/6301/4802
f 5946/6293/4803 5947/6294/4803 5957/6303/4803 5956/6302/4803
f 5947/6294/4804 5948/6295/4804 5958/6304/4804 5957/6303/4804
f 5948/6295/4805 5949/6296/4805 5959/6305/4805 5958/6304/4805
f 5949/6296/4806 5950/6297/4806 5960/6306/4806 5959/6305/4806
f 5950/6297/4807 5951/6298/4807 5961/6307/4807 5960/6306/4807
f 5951/6298/4808 5952/6222/4808 5962/6224/4808 5961/6307/4808
f 5763/6083/4815 5953/6299/4815 5963/6308/4815 5762/6085/4815
f 5953/6299/4816 5954/6300/4816 5964/6309/4816 5963/6308/4816
f 5954/6300/4817 5955/6301/4817 5965/6310/4817 5964/6309/4817
f 5955/6301/4818 5956/6302/4818 5966/6311/4818 5965/6310/4818
f 5956/6302/4803 5957/6303/4803 5967/6312/4803 5966/6311/4803
f 5957/6303/4804 5958/6304/4804 5968/6313/4804 5967/6312/4804
f 5958/6304/4805 5959/6305/4805 5969/6314/4805 5968/6313/4805
f 5959/6305/4806 5960/6306/4806 5970/6315/4806 5969/6314/4806
f 5960/6306/4807 5961/6307/4807 5971/6316/4807 5970/6315/4807
f 5961/6307/4808 5962/6224/4808 5972/6226/4808 5971/6316/4808
f 5762/6085/4819 5963/6308/4819 5973/6317/4819 5761/6064/4819
f 5963/6308/4820 5964/6309/4820 5974/6318/4820 5973/6317/4820
f 5964/6309/4821 5965/6310/4821 5975/6319/4821 5974/6318/4821
f 5965/6310/4822 5966/6311/4822 5976/6320/4822 5975/6319/4822
f 5966/6311/4803 5967/6312/4803 5977/6321/4803 5976/6320/4803
f 5967/6312/4804 5968/6313/4804 5978/6322/4804 5977/6321/4804
f 5968/6313/4805 5969/6314/4805 5979/6323/4805 5978/6322/4805
f 5969/6314/4806 5970/6315/4806 5980/6324/4806 5979/6323/4806
f 5970/6315/4807 5971/6316/4807 5981/6325/4807 5980/6324/4807
f 5971/6316/4808 5972/6226/4808 5982/6059/4808 5981/6325/4808
f 5761/6064/4823 5973/6317/4823 5772/6326/4823 5712/6065/4823
f 5973/6317/4824 5974/6318/4824 5771/6327/4824 5772/6326/4824
f 5974/6318/4825 5975/6319/4825 5756/6328/4825 5771/6327/4825
f 5975/6319/4826 5976/6320/4826 5781/6329/4826 5756/6328/4826
f 5976/6320/4803 5977/6321/4803 5757/6330/4803 5781/6329/4803
f 5977/6321/4804 5978/6322/4804 5775/6331/4804 5757/6330/4804
f 5978/6322/4805 5979/6323/4805 5778/6332/4805 5775/6331/4805
f 5979/6323/4806 5980/6324/4806 5782/6333/4806 5778/6332/4806
f 5980/6324/4807 5981/6325/4807 5758/6334/4807 5782/6333/4807
f 5981/6325/4808 5982/6059/4808 5759/6062/4808 5758/6334/4808
f 6037/6335/4827 5986/6336/4827 5985/6337/4827 6036/6338/4827
f 6036/6338/4828 5985/6337/4828 5984/6339/4828 6040/6340/4828
f 6041/6341/4829 5983/6342/4829 5986/6336/4829 6037/6335/4829
f 5995/6343/4830 5992/6344/4830 5991/6345/4830 5994/6346/4830
f 5999/6347/4831 5990/6348/4831 5989/6349/4831 5998/6350/4831
f 6003/6351/4832 5988/6352/4832 5987/6353/4832 6002/6354/4832
f 5994/6346/4833 5991/6345/4833 5990/6348/4833 5999/6347/4833
f 5998/6350/4834 5989/6349/4834 5988/6352/4834 6003/6351/4834
f 5744/6108/4835 5997/6355/4835 6004/6356/4835 5743/6090/4835
f 5997/6355/4836 5998/6350/4836 6003/6351/4836 6004/6356/4836
f 5746/6128/4837 5993/6357/4837 6000/6358/4837 5745/6118/4837
f 5993/6357/4838 5994/6346/4838 5999/6347/4838 6000/6358/4838
f 5743/6090/4839 6004/6356/4839 6001/6359/4839 5707/6087/4839
f 6004/6356/4840 6003/6351/4840 6002/6354/4840 6001/6359/4840
f 5745/6118/4841 6000/6358/4841 5997/6355/4841 5744/6108/4841
f 6000/6358/4842 5999/6347/4842 5998/6350/4842 5997/6355/4842
f 5747/6138/4843 5996/6360/4843 5993/6357/4843 5746/6128/4843
f 5996/6360/4844 5995/6343/4844 5994/6346/4844 5993/6357/4844
f 6007/6361/4845 6006/6362/4845 6005/6363/4845 6034/6364/4845
f 5996/6360/4846 6020/6365/4846 6021/6366/4846 5995/6343/4846
f 6020/6365/4847 6019/6367/4847 6022/6368/4847 6021/6366/4847
f 6019/6367/4847 6018/6369/4847 6023/6370/4847 6022/6368/4847
f 6018/6369/4847 6017/6371/4847 6024/6372/4847 6023/6370/4847
f 6017/6371/4848 6016/6373/4848 6025/6374/4848 6024/6372/4848
f 6016/6373/4849 6015/6375/4849 6026/6376/4849 6025/6374/4849
f 6015/6375/4850 6014/6377/4850 6027/6378/4850 6026/6376/4850
f 6014/6377/4851 6013/6379/4851 6028/6380/4851 6027/6378/4851
f 6013/6379/4852 6012/6381/4852 6029/6382/4852 6028/6380/4852
f 6012/6381/4853 6011/6383/4853 6030/6384/4853 6029/6382/4853
f 6011/6383/4854 6010/6385/4854 6031/6386/4854 6030/6384/4854
f 6010/6385/4855 6009/6387/4855 6032/6388/4855 6031/6386/4855
f 6009/6387/4856 6008/6389/4856 6033/6390/4856 6032/6388/4856
f 6008/6389/4856 6007/6361/4856 6034/6364/4856 6033/6390/4856
f 5708/6208/4857 6042/6391/4857 6038/6392/4857 5732/6209/4857
f 6042/6391/4858 6041/6341/4858 6037/6335/4858 6038/6392/4858
f 5731/6211/4859 6035/6393/4859 6039/6394/4859 5730/6213/4859
f 6035/6393/4860 6036/6338/4860 6040/6340/4860 6039/6394/4860
f 5732/6209/4861 6038/6392/4861 6035/6393/4861 5731/6211/4861
f 6038/6392/4827 6037/6335/4827 6036/6338/4827 6035/6393/4827
f 6040/6340/4862 6043/6395/4862 6064/6396/4862 6039/6394/4862
f 6043/6395/4863 6044/6397/4863 6063/6398/4863 6064/6396/4863
f 6044/6397/4864 6045/6399/4864 6062/6400/4864 6063/6398/4864
f 6045/6399/4865 6046/6401/4865 6061/6402/4865 6062/6400/4865
f 6046/6401/4866 6047/6403/4866 6060/6404/4866 6061/6402/4866
f 6047/6403/4867 6048/6405/4867 6059/6406/4867 6060/6404/4867
f 6048/6405/4868 6049/6407/4868 6058/6408/4868 6059/6406/4868
f 6049/6407/4869 6050/6409/4869 6057/6410/4869 6058/6408/4869
f 6050/6409/4870 6051/6411/4870 6056/6412/4870 6057/6410/4870
f 6051/6411/4871 6052/6413/4871 6055/6414/4871 6056/6412/4871
f 6052/6413/4872 6053/6415/4872 6054/6416/4872 6055/6414/4872
f 6053/6415/4873 6005/6363/4873 6006/6362/4873 6054/6416/4873
f 6317/6417/4753 5759/6062/4753 5711/6061/4753 6078/6418/4753
f 6217/6419/4874 5777/6066/4874 5712/6065/4874 6108/6420/4874
f 6068/6421/4755 6127/6422/4755 6117/6423/4755 6067/6424/4755
f 6127/6422/4755 6137/6425/4755 6116/6426/4755 6117/6423/4755
f 6137/6425/4755 6147/6427/4755 6115/6428/4755 6116/6426/4755
f 6147/6427/4755 6157/6429/4755 6114/6430/4755 6115/6428/4755
f 6157/6429/4755 6167/6431/4755 6113/6432/4755 6114/6430/4755
f 6167/6431/4755 6177/6433/4755 6112/6434/4755 6113/6432/4755
f 6177/6433/4875 6187/6435/4875 6111/6436/4875 6112/6434/4875
f 6187/6435/4876 6197/6437/4876 6110/6438/4876 6111/6436/4876
f 6197/6437/4877 6207/6439/4877 6109/6440/4877 6110/6438/4877
f 6207/6439/4878 6217/6419/4878 6108/6420/4878 6109/6440/4878
f 6065/6441/4760 6098/6442/4760 6118/6443/4760 6077/6444/4760
f 6077/6444/4760 6118/6443/4760 6119/6445/4760 6076/6446/4760
f 6076/6446/4760 6119/6445/4760 6120/6447/4760 6075/6448/4760
f 6075/6448/4760 6120/6447/4760 6121/6449/4760 6074/6450/4760
f 6074/6450/4760 6121/6449/4760 6122/6451/4760 6073/6452/4760
f 6073/6452/4761 6122/6451/4761 6123/6453/4761 6072/6454/4761
f 6072/6454/4762 6123/6453/4762 6124/6455/4762 6071/6456/4762
f 6071/6456/4763 6124/6455/4763 6125/6457/4763 6070/6458/4763
f 6070/6458/4764 6125/6457/4764 6126/6459/4764 6069/6460/4764
f 6069/6460/4765 6126/6459/4765 6127/6422/4765 6068/6421/4765
f 6098/6442/4760 6099/6461/4760 6128/6462/4760 6118/6443/4760
f 6118/6443/4760 6128/6462/4760 6129/6463/4760 6119/6445/4760
f 6119/6445/4760 6129/6463/4760 6130/6464/4760 6120/6447/4760
f 6120/6447/4760 6130/6464/4760 6131/6465/4760 6121/6449/4760
f 6121/6449/4760 6131/6465/4760 6132/6466/4760 6122/6451/4760
f 6122/6451/4761 6132/6466/4761 6133/6467/4761 6123/6453/4761
f 6123/6453/4762 6133/6467/4762 6134/6468/4762 6124/6455/4762
f 6124/6455/4763 6134/6468/4763 6135/6469/4763 6125/6457/4763
f 6125/6457/4764 6135/6469/4764 6136/6470/4764 6126/6459/4764
f 6126/6459/4766 6136/6470/4766 6137/6425/4766 6127/6422/4766
f 6099/6461/4760 6100/6471/4760 6138/6472/4760 6128/6462/4760
f 6128/6462/4760 6138/6472/4760 6139/6473/4760 6129/6463/4760
f 6129/6463/4760 6139/6473/4760 6140/6474/4760 6130/6464/4760
f 6130/6464/4760 6140/6474/4760 6141/6475/4760 6131/6465/4760
f 6131/6465/4760 6141/6475/4760 6142/6476/4760 6132/6466/4760
f 6132/6466/4761 6142/6476/4761 6143/6477/4761 6133/6467/4761
f 6133/6467/4762 6143/6477/4762 6144/6478/4762 6134/6468/4762
f 6134/6468/4763 6144/6478/4763 6145/6479/4763 6135/6469/4763
f 6135/6469/4764 6145/6479/4764 6146/6480/4764 6136/6470/4764
f 6136/6470/4766 6146/6480/4766 6147/6427/4766 6137/6425/4766
f 6100/6471/4760 6101/6481/4760 6148/6482/4760 6138/6472/4760
f 6138/6472/4760 6148/6482/4760 6149/6483/4760 6139/6473/4760
f 6139/6473/4760 6149/6483/4760 6150/6484/4760 6140/6474/4760
f 6140/6474/4760 6150/6484/4760 6151/6485/4760 6141/6475/4760
f 6141/6475/4760 6151/6485/4760 6152/6486/4760 6142/6476/4760
f 6142/6476/4761 6152/6486/4761 6153/6487/4761 6143/6477/4761
f 6143/6477/4762 6153/6487/4762 6154/6488/4762 6144/6478/4762
f 6144/6478/4763 6154/6488/4763 6155/6489/4763 6145/6479/4763
f 6145/6479/4764 6155/6489/4764 6156/6490/4764 6146/6480/4764
f 6146/6480/4766 6156/6490/4766 6157/6429/4766 6147/6427/4766
f 6101/6481/4760 6102/6491/4760 6158/6492/4760 6148/6482/4760
f 6148/6482/4760 6158/6492/4760 6159/6493/4760 6149/6483/4760
f 6149/6483/4760 6159/6493/4760 6160/6494/4760 6150/6484/4760
f 6150/6484/4760 6160/6494/4760 6161/6495/4760 6151/6485/4760
f 6151/6485/4760 6161/6495/4760 6162/6496/4760 6152/6486/4760
f 6152/6486/4761 6162/6496/4761 6163/6497/4761 6153/6487/4761
f 6153/6487/4762 6163/6497/4762 6164/6498/4762 6154/6488/4762
f 6154/6488/4763 6164/6498/4763 6165/6499/4763 6155/6489/4763
f 6155/6489/4764 6165/6499/4764 6166/6500/4764 6156/6490/4764
f 6156/6490/4766 6166/6500/4766 6167/6431/4766 6157/6429/4766
f 6102/6491/4760 6103/6501/4760 6168/6502/4760 6158/6492/4760
f 6158/6492/4760 6168/6502/4760 6169/6503/4760 6159/6493/4760
f 6159/6493/4760 6169/6503/4760 6170/6504/4760 6160/6494/4760
f 6160/6494/4760 6170/6504/4760 6171/6505/4760 6161/6495/4760
f 6161/6495/4760 6171/6505/4760 6172/6506/4760 6162/6496/4760
f 6162/6496/4761 6172/6506/4761 6173/6507/4761 6163/6497/4761
f 6163/6497/4762 6173/6507/4762 6174/6508/4762 6164/6498/4762
f 6164/6498/4763 6174/6508/4763 6175/6509/4763 6165/6499/4763
f 6165/6499/4764 6175/6509/4764 6176/6510/4764 6166/6500/4764
f 6166/6500/4765 6176/6510/4765 6177/6433/4765 6167/6431/4765
f 6103/6501/4760 6104/6511/4760 6178/6512/4760 6168/6502/4760
f 6168/6502/4760 6178/6512/4760 6179/6513/4760 6169/6503/4760
f 6169/6503/4760 6179/6513/4760 6180/6514/4760 6170/6504/4760
f 6170/6504/4760 6180/6514/4760 6181/6515/4760 6171/6505/4760
f 6171/6505/4879 6181/6515/4879 6182/6516/4879 6172/6506/4879
f 6172/6506/4880 6182/6516/4880 6183/6517/4880 6173/6507/4880
f 6173/6507/4881 6183/6517/4881 6184/6518/4881 6174/6508/4881
f 6174/6508/4882 6184/6518/4882 6185/6519/4882 6175/6509/4882
f 6175/6509/4883 6185/6519/4883 6186/6520/4883 6176/6510/4883
f 6176/6510/4884 6186/6520/4884 6187/6435/4884 6177/6433/4884
f 6104/6511/4760 6105/6521/4760 6188/6522/4760 6178/6512/4760
f 6178/6512/4760 6188/6522/4760 6189/6523/4760 6179/6513/4760
f 6179/6513/4760 6189/6523/4760 6190/6524/4760 6180/6514/4760
f 6180/6514/4760 6190/6524/4760 6191/6525/4760 6181/6515/4760
f 6181/6515/4885 6191/6525/4885 6192/6526/4885 6182/6516/4885
f 6182/6516/4886 6192/6526/4886 6193/6527/4886 6183/6517/4886
f 6183/6517/4887 6193/6527/4887 6194/6528/4887 6184/6518/4887
f 6184/6518/4888 6194/6528/4888 6195/6529/4888 6185/6519/4888
f 6185/6519/4889 6195/6529/4889 6196/6530/4889 6186/6520/4889
f 6186/6520/4890 6196/6530/4890 6197/6437/4890 6187/6435/4890
f 6105/6521/4760 6106/6531/4760 6198/6532/4760 6188/6522/4760
f 6188/6522/4760 6198/6532/4760 6199/6533/4760 6189/6523/4760
f 6189/6523/4760 6199/6533/4760 6200/6534/4760 6190/6524/4760
f 6190/6524/4760 6200/6534/4760 6201/6535/4760 6191/6525/4760
f 6191/6525/4891 6201/6535/4891 6202/6536/4891 6192/6526/4891
f 6192/6526/4892 6202/6536/4892 6203/6537/4892 6193/6527/4892
f 6193/6527/4893 6203/6537/4893 6204/6538/4893 6194/6528/4893
f 6194/6528/4894 6204/6538/4894 6205/6539/4894 6195/6529/4894
f 6195/6529/4895 6205/6539/4895 6206/6540/4895 6196/6530/4895
f 6196/6530/4896 6206/6540/4896 6207/6439/4896 6197/6437/4896
f 6106/6531/4760 6107/6541/4760 6208/6542/4760 6198/6532/4760
f 6198/6532/4760 6208/6542/4760 6209/6543/4760 6199/6533/4760
f 6199/6533/4760 6209/6543/4760 6210/6544/4760 6200/6534/4760
f 6200/6534/4760 6210/6544/4760 6211/6545/4760 6201/6535/4760
f 6201/6535/4785 6211/6545/4785 6212/6546/4785 6202/6536/4785
f 6202/6536/4897 6212/6546/4897 6213/6547/4897 6203/6537/4897
f 6203/6537/4898 6213/6547/4898 6214/6548/4898 6204/6538/4898
f 6204/6538/4899 6214/6548/4899 6215/6549/4899 6205/6539/4899
f 6205/6539/4900 6215/6549/4900 6216/6550/4900 6206/6540/4900
f 6206/6540/4901 6216/6550/4901 6217/6419/4901 6207/6439/4901
f 6107/6541/4760 5710/6198/4760 5760/6197/4760 6208/6542/4760
f 6208/6542/4760 5760/6197/4760 5753/6199/4760 6209/6543/4760
f 6209/6543/4760 5753/6199/4760 5779/6200/4760 6210/6544/4760
f 6210/6544/4760 5779/6200/4760 5754/6201/4760 6211/6545/4760
f 6211/6545/4785 5754/6201/4785 5773/6202/4785 6212/6546/4785
f 6212/6546/4902 5773/6202/4902 5776/6203/4902 6213/6547/4902
f 6213/6547/4903 5776/6203/4903 5780/6204/4903 6214/6548/4903
f 6214/6548/4904 5780/6204/4904 5755/6205/4904 6215/6549/4904
f 6215/6549/4905 5755/6205/4905 5774/6206/4905 6216/6550/4905
f 6216/6550/4906 5774/6206/4906 5777/6066/4906 6217/6419/4906
f 6088/6551/4796 6227/6552/4796 6087/6553/4796 6066/6554/4796
f 6227/6552/4796 6237/6555/4796 6086/6556/4796 6087/6553/4796
f 6237/6555/4907 6247/6557/4907 6085/6558/4907 6086/6556/4907
f 6247/6557/4908 6257/6559/4908 6084/6560/4908 6085/6558/4908
f 6257/6559/4753 6267/6561/4753 6083/6562/4753 6084/6560/4753
f 6267/6561/4753 6277/6563/4753 6082/6564/4753 6083/6562/4753
f 6277/6563/4753 6287/6565/4753 6081/6566/4753 6082/6564/4753
f 6287/6565/4753 6297/6567/4753 6080/6568/4753 6081/6566/4753
f 6297/6567/4753 6307/6569/4753 6079/6570/4753 6080/6568/4753
f 6307/6569/4753 6317/6417/4753 6078/6418/4753 6079/6570/4753
f 6067/6424/4799 6117/6423/4799 6218/6571/4799 6097/6572/4799
f 6097/6572/4800 6218/6571/4800 6219/6573/4800 6096/6574/4800
f 6096/6574/4801 6219/6573/4801 6220/6575/4801 6095/6576/4801
f 6095/6576/4802 6220/6575/4802 6221/6577/4802 6094/6578/4802
f 6094/6578/4803 6221/6577/4803 6222/6579/4803 6093/6580/4803
f 6093/6580/4804 6222/6579/4804 6223/6581/4804 6092/6582/4804
f 6092/6582/4805 6223/6581/4805 6224/6583/4805 6091/6584/4805
f 6091/6584/4806 6224/6583/4806 6225/6585/4806 6090/6586/4806
f 6090/6586/4807 6225/6585/4807 6226/6587/4807 6089/6588/4807
f 6089/6588/4808 6226/6587/4808 6227/6552/4808 6088/6551/4808
f 6117/6423/4799 6116/6426/4799 6228/6589/4799 6218/6571/4799
f 6218/6571/4800 6228/6589/4800 6229/6590/4800 6219/6573/4800
f 6219/6573/4801 6229/6590/4801 6230/6591/4801 6220/6575/4801
f 6220/6575/4802 6230/6591/4802 6231/6592/4802 6221/6577/4802
f 6221/6577/4803 6231/6592/4803 6232/6593/4803 6222/6579/4803
f 6222/6579/4804 6232/6593/4804 6233/6594/4804 6223/6581/4804
f 6223/6581/4805 6233/6594/4805 6234/6595/4805 6224/6583/4805
f 6224/6583/4806 6234/6595/4806 6235/6596/4806 6225/6585/4806
f 6225/6585/4807 6235/6596/4807 6236/6597/4807 6226/6587/4807
f 6226/6587/4808 6236/6597/4808 6237/6555/4808 6227/6552/4808
f 6116/6426/4799 6115/6428/4799 6238/6598/4799 6228/6589/4799
f 6228/6589/4800 6238/6598/4800 6239/6599/4800 6229/6590/4800
f 6229/6590/4801 6239/6599/4801 6240/6600/4801 6230/6591/4801
f 6230/6591/4802 6240/6600/4802 6241/6601/4802 6231/6592/4802
f 6231/6592/4803 6241/6601/4803 6242/6602/4803 6232/6593/4803
f 6232/6593/4804 6242/6602/4804 6243/6603/4804 6233/6594/4804
f 6233/6594/4805 6243/6603/4805 6244/6604/4805 6234/6595/4805
f 6234/6595/4806 6244/6604/4806 6245/6605/4806 6235/6596/4806
f 6235/6596/4807 6245/6605/4807 6246/6606/4807 6236/6597/4807
f 6236/6597/4808 6246/6606/4808 6247/6557/4808 6237/6555/4808
f 6115/6428/4799 6114/6430/4799 6248/6607/4799 6238/6598/4799
f 6238/6598/4800 6248/6607/4800 6249/6608/4800 6239/6599/4800
f 6239/6599/4801 6249/6608/4801 6250/6609/4801 6240/6600/4801
f 6240/6600/4802 6250/6609/4802 6251/6610/4802 6241/6601/4802
f 6241/6601/4803 6251/6610/4803 6252/6611/4803 6242/6602/4803
f 6242/6602/4804 6252/6611/4804 6253/6612/4804 6243/6603/4804
f 6243/6603/4805 6253/6612/4805 6254/6613/4805 6244/6604/4805
f 6244/6604/4806 6254/6613/4806 6255/6614/4806 6245/6605/4806
f 6245/6605/4807 6255/6614/4807 6256/6615/4807 6246/6606/4807
f 6246/6606/4808 6256/6615/4808 6257/6559/4808 6247/6557/4808
f 6114/6430/4799 6113/6432/4799 6258/6616/4799 6248/6607/4799
f 6248/6607/4800 6258/6616/4800 6259/6617/4800 6249/6608/4800
f 6249/6608/4801 6259/6617/4801 6260/6618/4801 6250/6609/4801
f 6250/6609/4802 6260/6618/4802 6261/6619/4802 6251/6610/4802
f 6251/6610/4803 6261/6619/4803 6262/6620/4803 6252/6611/4803
f 6252/6611/4804 6262/6620/4804 6263/6621/4804 6253/6612/4804
f 6253/6612/4805 6263/6621/4805 6264/6622/4805 6254/6613/4805
f 6254/6613/4806 6264/6622/4806 6265/6623/4806 6255/6614/4806
f 6255/6614/4807 6265/6623/4807 6266/6624/4807 6256/6615/4807
f 6256/6615/4808 6266/6624/4808 6267/6561/4808 6257/6559/4808
f 6113/6432/4799 6112/6434/4799 6268/6625/4799 6258/6616/4799
f 6258/6616/4800 6268/6625/4800 6269/6626/4800 6259/6617/4800
f 6259/6617/4801 6269/6626/4801 6270/6627/4801 6260/6618/4801
f 6260/6618/4802 6270/6627/4802 6271/6628/4802 6261/6619/4802
f 6261/6619/4803 6271/6628/4803 6272/6629/4803 6262/6620/4803
f 6262/6620/4804 6272/6629/4804 6273/6630/4804 6263/6621/4804
f 6263/6621/4805 6273/6630/4805 6274/6631/4805 6264/6622/4805
f 6264/6622/4806 6274/6631/4806 6275/6632/4806 6265/6623/4806
f 6265/6623/4807 6275/6632/4807 6276/6633/4807 6266/6624/4807
f 6266/6624/4808 6276/6633/4808 6277/6563/4808 6267/6561/4808
f 6112/6434/4909 6111/6436/4909 6278/6634/4909 6268/6625/4909
f 6268/6625/4910 6278/6634/4910 6279/6635/4910 6269/6626/4910
f 6269/6626/4911 6279/6635/4911 6280/6636/4911 6270/6627/4911
f 6270/6627/4802 6280/6636/4802 6281/6637/4802 6271/6628/4802
f 6271/6628/4803 6281/6637/4803 6282/6638/4803 6272/6629/4803
f 6272/6629/4804 6282/6638/4804 6283/6639/4804 6273/6630/4804
f 6273/6630/4805 6283/6639/4805 6284/6640/4805 6274/6631/4805
f 6274/6631/4806 6284/6640/4806 6285/6641/4806 6275/6632/4806
f 6275/6632/4807 6285/6641/4807 6286/6642/4807 6276/6633/4807
f 6276/6633/4808 6286/6642/4808 6287/6565/4808 6277/6563/4808
f 6111/6436/4912 6110/6438/4912 6288/6643/4912 6278/6634/4912
f 6278/6634/4913 6288/6643/4913 6289/6644/4913 6279/6635/4913
f 6279/6635/4914 6289/6644/4914 6290/6645/4914 6280/6636/4914
f 6280/6636/4802 6290/6645/4802 6291/6646/4802 6281/6637/4802
f 6281/6637/4803 6291/6646/4803 6292/6647/4803 6282/6638/4803
f 6282/6638/4804 6292/6647/4804 6293/6648/4804 6283/6639/4804
f 6283/6639/4805 6293/6648/4805 6294/6649/4805 6284/6640/4805
f 6284/6640/4806 6294/6649/4806 6295/6650/4806 6285/6641/4806
f 6285/6641/4807 6295/6650/4807 6296/6651/4807 6286/6642/4807
f 6286/6642/4808 6296/6651/4808 6297/6567/4808 6287/6565/4808
f 6110/6438/4915 6109/6440/4915 6298/6652/4915 6288/6643/4915
f 6288/6643/4916 6298/6652/4916 6299/6653/4916 6289/6644/4916
f 6289/6644/4917 6299/6653/4917 6300/6654/4917 6290/6645/4917
f 6290/6645/4818 6300/6654/4818 6301/6655/4818 6291/6646/4818
f 6291/6646/4803 6301/6655/4803 6302/6656/4803 6292/6647/4803
f 6292/6647/4804 6302/6656/4804 6303/6657/4804 6293/6648/4804
f 6293/6648/4805 6303/6657/4805 6304/6658/4805 6294/6649/4805
f 6294/6649/4806 6304/6658/4806 6305/6659/4806 6295/6650/4806
f 6295/6650/4807 6305/6659/4807 6306/6660/4807 6296/6651/4807
f 6296/6651/4808 6306/6660/4808 6307/6569/4808 6297/6567/4808
f 6109/6440/4918 6108/6420/4918 6308/6661/4918 6298/6652/4918
f 6298/6652/4919 6308/6661/4919 6309/6662/4919 6299/6653/4919
f 6299/6653/4920 6309/6662/4920 6310/6663/4920 6300/6654/4920
f 6300/6654/4921 6310/6663/4921 6311/6664/4921 6301/6655/4921
f 6301/6655/4803 6311/6664/4803 6312/6665/4803 6302/6656/4803
f 6302/6656/4804 6312/6665/4804 6313/6666/4804 6303/6657/4804
f 6303/6657/4805 6313/6666/4805 6314/6667/4805 6304/6658/4805
f 6304/6658/4806 6314/6667/4806 6315/6668/4806 6305/6659/4806
f 6305/6659/4807 6315/6668/4807 6316/6669/4807 6306/6660/4807
f 6306/6660/4808 6316/6669/4808 6317/6417/4808 6307/6569/4808
f 6108/6420/4922 5712/6065/4922 5772/6326/4922 6308/6661/4922
f 6308/6661/4923 5772/6326/4923 5771/6327/4923 6309/6662/4923
f 6309/6662/4924 5771/6327/4924 5756/6328/4924 6310/6663/4924
f 6310/6663/4826 5756/6328/4826 5781/6329/4826 6311/6664/4826
f 6311/6664/4803 5781/6329/4803 5757/6330/4803 6312/6665/4803
f 6312/6665/4804 5757/6330/4804 5775/6331/4804 6313/6666/4804
f 6313/6666/4805 5775/6331/4805 5778/6332/4805 6314/6667/4805
f 6314/6667/4806 5778/6332/4806 5782/6333/4806 6315/6668/4806
f 6315/6668/4807 5782/6333/4807 5758/6334/4807 6316/6669/4807
f 6316/6669/4808 5758/6334/4808 5759/6062/4808 6317/6417/4808
f 6372/6670/4827 6371/6671/4827 6320/6672/4827 6321/6673/4827
f 6371/6671/4925 6375/6674/4925 6319/6675/4925 6320/6672/4925
f 6376/6676/4926 6372/6670/4926 6321/6673/4926 6318/6677/4926
f 6330/6678/4927 6329/6679/4927 6326/6680/4927 6327/6681/4927
f 6334/6682/4831 6333/6683/4831 6324/6684/4831 6325/6685/4831
f 6338/6686/4928 6337/6687/4928 6322/6688/4928 6323/6689/4928
f 6329/6679/4834 6334/6682/4834 6325/6685/4834 6326/6680/4834
f 6333/6683/4833 6338/6686/4833 6323/6689/4833 6324/6684/4833
f 6099/6461/4837 6098/6442/4837 6339/6690/4837 6332/6691/4837
f 6332/6691/4838 6339/6690/4838 6338/6686/4838 6333/6683/4838
f 6101/6481/4835 6100/6471/4835 6335/6692/4835 6328/6693/4835
f 6328/6693/4836 6335/6692/4836 6334/6682/4836 6329/6679/4836
f 6098/6442/4929 6065/6441/4929 6336/6694/4929 6339/6690/4929
f 6339/6690/4930 6336/6694/4930 6337/6687/4930 6338/6686/4930
f 6100/6471/4841 6099/6461/4841 6332/6691/4841 6335/6692/4841
f 6335/6692/4842 6332/6691/4842 6333/6683/4842 6334/6682/4842
f 6102/6491/4931 6101/6481/4931 6328/6693/4931 6331/6695/4931
f 6331/6695/4932 6328/6693/4932 6329/6679/4932 6330/6678/4932
f 6342/6696/4933 6369/6697/4933 6340/6698/4933 6341/6699/4933
f 6331/6695/4934 6330/6678/4934 6356/6700/4934 6355/6701/4934
f 6355/6701/4935 6356/6700/4935 6357/6702/4935 6354/6703/4935
f 6354/6703/4935 6357/6702/4935 6358/6704/4935 6353/6705/4935
f 6353/6705/4935 6358/6704/4935 6359/6706/4935 6352/6707/4935
f 6352/6707/4936 6359/6706/4936 6360/6708/4936 6351/6709/4936
f 6351/6709/4937 6360/6708/4937 6361/6710/4937 6350/6711/4937
f 6350/6711/4938 6361/6710/4938 6362/6712/4938 6349/6713/4938
f 6349/6713/4939 6362/6712/4939 6363/6714/4939 6348/6715/4939
f 6348/6715/4940 6363/6714/4940 6364/6716/4940 6347/6717/4940
f 6347/6717/4941 6364/6716/4941 6365/6718/4941 6346/6719/4941
f 6346/6719/4942 6365/6718/4942 6366/6720/4942 6345/6721/4942
f 6345/6721/4943 6366/6720/4943 6367/6722/4943 6344/6723/4943
f 6344/6723/4944 6367/6722/4944 6368/6724/4944 6343/6725/4944
f 6343/6725/4944 6368/6724/4944 6369/6697/4944 6342/6696/4944
f 6066/6554/4945 6087/6553/4945 6373/6726/4945 6377/6727/4945
f 6377/6727/4946 6373/6726/4946 6372/6670/4946 6376/6676/4946
f 6086/6556/4947 6085/6558/4947 6374/6728/4947 6370/6729/4947
f 6370/6729/4948 6374/6728/4948 6375/6674/4948 6371/6671/4948
f 6087/6553/4861 6086/6556/4861 6370/6729/4861 6373/6726/4861
f 6373/6726/4827 6370/6729/4827 6371/6671/4827 6372/6670/4827
f 6375/6674/4949 6374/6728/4949 6399/6730/4949 6378/6731/4949
f 6378/6731/4950 6399/6730/4950 6398/6732/4950 6379/6733/4950
f 6379/6733/4951 6398/6732/4951 6397/6734/4951 6380/6735/4951
f 6380/6735/4952 6397/6734/4952 6396/6736/4952 6381/6737/4952
f 6381/6737/4953 6396/6736/4953 6395/6738/4953 6382/6739/4953
f 6382/6739/4954 6395/6738/4954 6394/6740/4954 6383/6741/4954
f 6383/6741/4955 6394/6740/4955 6393/6742/4955 6384/6743/4955
f 6384/6743/4956 6393/6742/4956 6392/6744/4956 6385/6745/4956
f 6385/6745/4957 6392/6744/4957 6391/6746/4957 6386/6747/4957
f 6386/6747/4958 6391/6746/4958 6390/6748/4958 6387/6749/4958
f 6387/6749/4959 6390/6748/4959 6389/6750/4959 6388/6751/4959
f 6388/6751/4960 6389/6750/4960 6341/6699/4960 6340/6698/4960
f 5014/5394/4961 5029/5397/4961 5722/6088/4961 5707/6087/4961
f 5016/5377/4962 5049/5535/4962 5742/6227/4962 5709/6068/4962
f 5017/5504/4963 5059/5494/4963 5752/6188/4963 5710/6198/4963
f 5020/5374/4962 5016/5377/4962 5709/6068/4962 5713/6067/4962
f 5021/5413/4962 5020/5374/4962 5713/6067/4962 5714/6105/4962
f 5022/5411/4962 5021/5413/4962 5714/6105/4962 5715/6103/4962
f 5023/5409/4962 5022/5411/4962 5715/6103/4962 5716/6101/4962
f 5024/5407/4962 5023/5409/4962 5716/6101/4962 5717/6099/4962
f 5025/5405/4962 5024/5407/4962 5717/6099/4962 5718/6097/4962
f 5026/5403/4962 5025/5405/4962 5718/6097/4962 5719/6095/4962
f 5027/5401/4962 5026/5403/4962 5719/6095/4962 5720/6093/4962
f 5028/5399/4962 5027/5401/4962 5720/6093/4962 5721/6091/4962
f 5029/5397/4962 5028/5399/4962 5721/6091/4962 5722/6088/4962
f 5030/5369/4964 5018/5368/4964 5711/6061/4964 5723/6060/4964
f 5031/5533/4964 5030/5369/4964 5723/6060/4964 5724/6225/4964
f 5032/5531/4964 5031/5533/4964 5724/6225/4964 5725/6223/4964
f 5033/5529/4964 5032/5531/4964 5725/6223/4964 5726/6221/4964
f 5034/5527/4964 5033/5529/4964 5726/6221/4964 5727/6219/4964
f 5035/5525/4964 5034/5527/4964 5727/6219/4964 5728/6217/4964
f 5036/5523/4964 5035/5525/4964 5728/6217/4964 5729/6215/4964
f 5037/5521/4965 5036/5523/4965 5729/6215/4965 5730/6213/4965
f 5040/5514/4966 5015/5517/4966 5708/6208/4966 5733/6207/4966
f 5041/5551/4962 5040/5514/4962 5733/6207/4962 5734/6243/4962
f 5042/5549/4962 5041/5551/4962 5734/6243/4962 5735/6241/4962
f 5043/5547/4962 5042/5549/4962 5735/6241/4962 5736/6239/4962
f 5044/5545/4962 5043/5547/4962 5736/6239/4962 5737/6237/4962
f 5045/5543/4962 5044/5545/4962 5737/6237/4962 5738/6235/4962
f 5046/5541/4962 5045/5543/4962 5738/6235/4962 5739/6233/4962
f 5047/5539/4962 5046/5541/4962 5739/6233/4962 5740/6231/4962
f 5048/5537/4962 5047/5539/4962 5740/6231/4962 5741/6229/4962
f 5049/5535/4962 5048/5537/4962 5741/6229/4962 5742/6227/4962
f 5055/5454/4967 5054/5444/4967 5747/6138/4967 5748/6148/4967
f 5056/5464/4963 5055/5454/4963 5748/6148/4963 5749/6158/4963
f 5057/5474/4963 5056/5464/4963 5749/6158/4963 5750/6168/4963
f 5058/5484/4963 5057/5474/4963 5750/6168/4963 5751/6178/4963
f 5059/5494/4963 5058/5484/4963 5751/6178/4963 5752/6188/4963
f 5290/5649/4968 5293/5645/4968 5986/6336/4968 5983/6342/4968
f 5292/5644/4969 5291/5647/4969 5984/6339/4969 5985/6337/4969
f 5293/5645/4970 5292/5644/4970 5985/6337/4970 5986/6336/4970
f 5291/5647/4971 5347/5646/4971 6040/6340/4971 5984/6339/4971
f 5015/5517/4972 5349/5699/4972 6042/6391/4972 5708/6208/4972
f 5295/5661/4973 5294/5660/4973 5987/6353/4973 5988/6352/4973
f 5296/5656/4974 5295/5661/4974 5988/6352/4974 5989/6349/4974
f 5297/5657/4975 5296/5656/4975 5989/6349/4975 5990/6348/4975
f 5298/5652/4976 5297/5657/4976 5990/6348/4976 5991/6345/4976
f 5299/5653/4977 5298/5652/4977 5991/6345/4977 5992/6344/4977
f 5054/5444/4978 5303/5667/4978 5996/6360/4978 5747/6138/4978
f 5294/5660/4979 5309/5659/4979 6002/6354/4979 5987/6353/4979
f 5302/5650/4980 5299/5653/4980 5992/6344/4980 5995/6343/4980
f 5308/5666/4981 5014/5394/4981 5707/6087/4981 6001/6359/4981
f 5309/5659/4982 5308/5666/4982 6001/6359/4982 6002/6354/4982
f 5303/5667/4983 5327/5673/4983 6020/6365/4983 5996/6360/4983
f 5312/5670/4984 5341/5669/4984 6034/6364/4984 6005/6363/4984
f 5314/5668/4985 5313/5671/4985 6006/6362/4985 6007/6361/4985
f 5315/5697/4986 5314/5668/4986 6007/6361/4986 6008/6389/4986
f 5316/5695/4987 5315/5697/4987 6008/6389/4987 6009/6387/4987
f 5317/5693/4988 5316/5695/4988 6009/6387/4988 6010/6385/4988
f 5318/5691/4989 5317/5693/4989 6010/6385/4989 6011/6383/4989
f 5319/5689/4990 5318/5691/4990 6011/6383/4990 6012/6381/4990
f 5320/5687/4991 5319/5689/4991 6012/6381/4991 6013/6379/4991
f 5321/5685/4992 5320/5687/4992 6013/6379/4992 6014/6377/4992
f 5322/5683/4993 5321/5685/4993 6014/6377/4993 6015/6375/4993
f 5323/5681/4994 5322/5683/4994 6015/6375/4994 6016/6373/4994
f 5324/5679/4995 5323/5681/4995 6016/6373/4995 6017/6371/4995
f 5325/5677/4996 5324/5679/4996 6017/6371/4996 6018/6369/4996
f 5326/5675/4997 5325/5677/4997 6018/6369/4997 6019/6367/4997
f 5327/5673/4996 5326/5675/4996 6019/6367/4996 6020/6365/4996
f 5328/5672/4998 5302/5650/4998 5995/6343/4998 6021/6366/4998
f 5329/5674/4999 5328/5672/4999 6021/6366/4999 6022/6368/4999
f 5330/5676/5000 5329/5674/5000 6022/6368/5000 6023/6370/5000
f 5331/5678/5000 5330/5676/5000 6023/6370/5000 6024/6372/5000
f 5332/5680/5001 5331/5678/5001 6024/6372/5001 6025/6374/5001
f 5333/5682/5002 5332/5680/5002 6025/6374/5002 6026/6376/5002
f 5334/5684/5003 5333/5682/5003 6026/6376/5003 6027/6378/5003
f 5335/5686/5004 5334/5684/5004 6027/6378/5004 6028/6380/5004
f 5336/5688/5005 5335/5686/5005 6028/6380/5005 6029/6382/5005
f 5337/5690/5006 5336/5688/5006 6029/6382/5006 6030/6384/5006
f 5338/5692/5007 5337/5690/5007 6030/6384/5007 6031/6386/5007
f 5339/5694/5008 5338/5692/5008 6031/6386/5008 6032/6388/5008
f 5340/5696/5009 5339/5694/5009 6032/6388/5009 6033/6390/5009
f 5341/5669/5010 5340/5696/5010 6033/6390/5010 6034/6364/5010
f 5346/5700/5011 5037/5521/5011 5730/6213/5011 6039/6394/5011
f 5348/5648/5012 5290/5649/5012 5983/6342/5012 6041/6341/5012
f 5349/5699/5013 5348/5648/5013 6041/6341/5013 6042/6391/5013
f 5360/5723/5014 5312/5670/5014 6005/6363/5014 6053/6415/5014
f 5371/5702/5015 5346/5700/5015 6039/6394/5015 6064/6396/5015
f 5347/5646/5016 5350/5703/5016 6043/6395/5016 6040/6340/5016
f 5350/5703/5017 5351/5705/5017 6044/6397/5017 6043/6395/5017
f 5351/5705/5018 5352/5707/5018 6045/6399/5018 6044/6397/5018
f 5352/5707/5019 5353/5709/5019 6046/6401/5019 6045/6399/5019
f 5353/5709/5020 5354/5711/5020 6047/6403/5020 6046/6401/5020
f 5354/5711/5021 5355/5713/5021 6048/6405/5021 6047/6403/5021
f 5355/5713/5022 5356/5715/5022 6049/6407/5022 6048/6405/5022
f 5356/5715/5023 5357/5717/5023 6050/6409/5023 6049/6407/5023
f 5357/5717/5024 5358/5719/5024 6051/6411/5024 6050/6409/5024
f 5358/5719/5025 5359/5721/5025 6052/6413/5025 6051/6411/5025
f 5359/5721/5026 5360/5723/5026 6053/6415/5026 6052/6413/5026
f 5313/5671/5027 5361/5722/5027 6054/6416/5027 6006/6362/5027
f 5361/5722/5028 5362/5720/5028 6055/6414/5028 6054/6416/5028
f 5362/5720/5029 5363/5718/5029 6056/6412/5029 6055/6414/5029
f 5363/5718/5030 5364/5716/5030 6057/6410/5030 6056/6412/5030
f 5364/5716/5031 5365/5714/5031 6058/6408/5031 6057/6410/5031
f 5365/5714/5032 5366/5712/5032 6059/6406/5032 6058/6408/5032
f 5366/5712/5033 5367/5710/5033 6060/6404/5033 6059/6406/5033
f 5367/5710/5034 5368/5708/5034 6061/6402/5034 6060/6404/5034
f 5368/5708/5035 5369/5706/5035 6062/6400/5035 6061/6402/5035
f 5369/5706/5036 5370/5704/5036 6063/6398/5036 6062/6400/5036
f 5370/5704/5037 5371/5702/5037 6064/6396/5037 6063/6398/5037
f 5384/5749/5038 5372/5748/5038 6065/6441/5038 6077/6444/5038
f 5404/5878/5039 5374/5729/5039 6067/6424/5039 6097/6572/5039
f 5414/5849/4963 5017/5504/4963 5710/6198/4963 6107/6541/4963
f 5374/5729/5039 5375/5728/5039 6068/6421/5039 6067/6424/5039
f 5375/5728/5039 5376/5766/5039 6069/6460/5039 6068/6421/5039
f 5376/5766/5039 5377/5764/5039 6070/6458/5039 6069/6460/5039
f 5377/5764/5039 5378/5762/5039 6071/6456/5039 6070/6458/5039
f 5378/5762/5039 5379/5760/5039 6072/6454/5039 6071/6456/5039
f 5379/5760/5039 5380/5758/5039 6073/6452/5039 6072/6454/5039
f 5380/5758/5039 5381/5756/5039 6074/6450/5039 6073/6452/5039
f 5381/5756/5039 5382/5754/5039 6075/6448/5039 6074/6450/5039
f 5382/5754/5039 5383/5752/5039 6076/6446/5039 6075/6448/5039
f 5383/5752/5039 5384/5749/5039 6077/6444/5039 6076/6446/5039
f 5018/5368/4964 5385/5725/4964 6078/6418/4964 5711/6061/4964
f 5385/5725/4964 5386/5876/4964 6079/6570/4964 6078/6418/4964
f 5386/5876/4964 5387/5874/4964 6080/6568/4964 6079/6570/4964
f 5387/5874/4964 5388/5872/4964 6081/6566/4964 6080/6568/4964
f 5388/5872/4964 5389/5870/4964 6082/6564/4964 6081/6566/4964
f 5389/5870/4964 5390/5868/4964 6083/6562/4964 6082/6564/4964
f 5390/5868/4964 5391/5866/4964 6084/6560/4964 6083/6562/4964
f 5391/5866/5040 5392/5864/5040 6085/6558/5040 6084/6560/5040
f 5373/5859/5041 5395/5858/5041 6088/6551/5041 6066/6554/5041
f 5395/5858/5039 5396/5894/5039 6089/6588/5039 6088/6551/5039
f 5396/5894/5039 5397/5892/5039 6090/6586/5039 6089/6588/5039
f 5397/5892/5039 5398/5890/5039 6091/6584/5039 6090/6586/5039
f 5398/5890/5039 5399/5888/5039 6092/6582/5039 6091/6584/5039
f 5399/5888/5039 5400/5886/5039 6093/6580/5039 6092/6582/5039
f 5400/5886/5039 5401/5884/5039 6094/6578/5039 6093/6580/5039
f 5401/5884/5039 5402/5882/5039 6095/6576/5039 6094/6578/5039
f 5402/5882/5039 5403/5880/5039 6096/6574/5039 6095/6576/5039
f 5403/5880/5039 5404/5878/5039 6097/6572/5039 6096/6574/5039
f 5409/5799/5042 5410/5809/5042 6103/6501/5042 6102/6491/5042
f 5410/5809/4963 5411/5819/4963 6104/6511/4963 6103/6501/4963
f 5411/5819/4963 5412/5829/4963 6105/6521/4963 6104/6511/4963
f 5412/5829/4963 5413/5839/4963 6106/6531/4963 6105/6521/4963
f 5413/5839/4963 5414/5849/4963 6107/6541/4963 6106/6531/4963
f 5628/5978/4969 5625/5984/4969 6318/6677/4969 6321/6673/4969
f 5626/5981/4968 5627/5979/4968 6320/6672/4968 6319/6675/4968
f 5627/5979/4970 5628/5978/4970 6321/6673/4970 6320/6672/4970
f 5682/5982/5043 5626/5981/5043 6319/6675/5043 6375/6674/5043
f 5684/6033/5044 5373/5859/5044 6066/6554/5044 6377/6727/5044
f 5629/5995/4977 5630/5994/4977 6323/6689/4977 6322/6688/4977
f 5630/5994/4976 5631/5991/4976 6324/6684/4976 6323/6689/4976
f 5631/5991/4975 5632/5990/4975 6325/6685/4975 6324/6684/4975
f 5632/5990/4974 5633/5987/4974 6326/6680/4974 6325/6685/4974
f 5633/5987/4973 5634/5986/4973 6327/6681/4973 6326/6680/4973
f 5638/6002/5045 5409/5799/5045 6102/6491/5045 6331/6695/5045
f 5644/5996/5046 5629/5995/5046 6322/6688/5046 6337/6687/5046
f 5634/5986/5047 5637/5985/5047 6330/6678/5047 6327/6681/5047
f 5372/5748/5048 5643/6001/5048 6336/6694/5048 6065/6441/5048
f 5643/6001/5049 5644/5996/5049 6337/6687/5049 6336/6694/5049
f 5662/6007/5050 5638/6002/5050 6331/6695/5050 6355/6701/5050
f 5676/6006/5051 5647/6005/5051 6340/6698/5051 6369/6697/5051
f 5648/6004/5052 5649/6003/5052 6342/6696/5052 6341/6699/5052
f 5649/6003/5053 5650/6031/5053 6343/6725/5053 6342/6696/5053
f 5650/6031/5054 5651/6029/5054 6344/6723/5054 6343/6725/5054
f 5651/6029/5055 5652/6027/5055 6345/6721/5055 6344/6723/5055
f 5652/6027/5056 5653/6025/5056 6346/6719/5056 6345/6721/5056
f 5653/6025/5057 5654/6023/5057 6347/6717/5057 6346/6719/5057
f 5654/6023/5058 5655/6021/5058 6348/6715/5058 6347/6717/5058
f 5655/6021/5059 5656/6019/5059 6349/6713/5059 6348/6715/5059
f 5656/6019/5060 5657/6017/5060 6350/6711/5060 6349/6713/5060
f 5657/6017/5061 5658/6015/5061 6351/6709/5061 6350/6711/5061
f 5658/6015/5062 5659/6013/5062 6352/6707/5062 6351/6709/5062
f 5659/6013/5063 5660/6011/5063 6353/6705/5063 6352/6707/5063
f 5660/6011/5064 5661/6009/5064 6354/6703/5064 6353/6705/5064
f 5661/6009/5063 5662/6007/5063 6355/6701/5063 6354/6703/5063
f 5637/5985/5065 5663/6008/5065 6356/6700/5065 6330/6678/5065
f 5663/6008/5066 5664/6010/5066 6357/6702/5066 6356/6700/5066
f 5664/6010/5067 5665/6012/5067 6358/6704/5067 6357/6702/5067
f 5665/6012/5067 5666/6014/5067 6359/6706/5067 6358/6704/5067
f 5666/6014/5068 5667/6016/5068 6360/6708/5068 6359/6706/5068
f 5667/6016/5069 5668/6018/5069 6361/6710/5069 6360/6708/5069
f 5668/6018/5070 5669/6020/5070 6362/6712/5070 6361/6710/5070
f 5669/6020/5071 5670/6022/5071 6363/6714/5071 6362/6712/5071
f 5670/6022/5072 5671/6024/5072 6364/6716/5072 6363/6714/5072
f 5671/6024/5073 5672/6026/5073 6365/6718/5073 6364/6716/5073
f 5672/6026/5074 5673/6028/5074 6366/6720/5074 6365/6718/5074
f 5673/6028/5075 5674/6030/5075 6367/6722/5075 6366/6720/5075
f 5674/6030/5076 5675/6032/5076 6368/6724/5076 6367/6722/5076
f 5675/6032/5077 5676/6006/5077 6369/6697/5077 6368/6724/5077
f 5392/5864/5078 5681/6036/5078 6374/6728/5078 6085/6558/5078
f 5625/5984/5079 5683/5983/5079 6376/6676/5079 6318/6677/5079
f 5683/5983/5080 5684/6033/5080 6377/6727/5080 6376/6676/5080
f 5647/6005/5081 5695/6057/5081 6388/6751/5081 6340/6698/5081
f 5681/6036/5082 5706/6038/5082 6399/6730/5082 6374/6728/5082
f 5685/6037/5083 5682/5982/5083 6375/6674/5083 6378/6731/5083
f 5686/6039/5084 5685/6037/5084 6378/6731/5084 6379/6733/5084
f 5687/6041/5085 5686/6039/5085 6379/6733/5085 6380/6735/5085
f 5688/6043/5086 5687/6041/5086 6380/6735/5086 6381/6737/5086
f 5689/6045/5087 5688/6043/5087 6381/6737/5087 6382/6739/5087
f 5690/6047/5088 5689/6045/5088 6382/6739/5088 6383/6741/5088
f 5691/6049/5089 5690/6047/5089 6383/6741/5089 6384/6743/5089
f 5692/6051/5090 5691/6049/5090 6384/6743/5090 6385/6745/5090
f 5693/6053/5091 5692/6051/5091 6385/6745/5091 6386/6747/5091
f 5694/6055/5092 5693/6053/5092 6386/6747/5092 6387/6749/5092
f 5695/6057/5093 5694/6055/5093 6387/6749/5093 6388/6751/5093
f 5696/6058/5094 5648/6004/5094 6341/6699/5094 6389/6750/5094
f 5697/6056/5095 5696/6058/5095 6389/6750/5095 6390/6748/5095
f 5698/6054/5096 5697/6056/5096 6390/6748/5096 6391/6746/5096
f 5699/6052/5097 5698/6054/5097 6391/6746/5097 6392/6744/5097
f 5700/6050/5098 5699/6052/5098 6392/6744/5098 6393/6742/5098
f 5701/6048/5099 5700/6050/5099 6393/6742/5099 6394/6740/5099
f 5702/6046/5100 5701/6048/5100 6394/6740/5100 6395/6738/5100
f 5703/6044/5101 5702/6046/5101 6395/6738/5101 6396/6736/5101
f 5704/6042/5102 5703/6044/5102 6396/6736/5102 6397/6734/5102
f 5705/6040/5103 5704/6042/5103 6397/6734/5103 6398/6732/5103
f 5706/6038/5104 5705/6040/5104 6398/6732/5104 6399/6730/5104
